"RelationshipID","RelationshipCSVRecordOrdinal","FromLoadOrder","FromName","FromPackageID","FromFeatureTraceIDs","FromReviewRecord","RelationshipType","ToLoadOrder","ToName","ToPackageID","TargetInProfile","TargetProfileStatus","ToFeatureTraceIDs","ToReviewRecord","EvidenceRelativePath","EvidenceAboutXmlSHA256","SourceFactClassification","ProjectDispositionBasis","ProjectDisposition","SharedFeatureTagsExcludingRRCompat","InteractionTestCandidate","InteractionTestCandidateBasis","RuntimeTestStatus"
"RIMREL-20260927-0001","1","1","Harmony","brrainz.harmony","RR-MP;RR-COMPAT","docs/research/reviews/mods/2009463077-brrainz.harmony.md","LoadBefore","4","Core","Ludeon.RimWorld","True","In selected 294-mod profile","RR-SCEN;RR-FAC;RR-STA;RR-GATE;RR-EXP;RR-SPACE;RR-EVD;RR-THREAT;RR-MSN;RR-ECO;RR-OUT;RR-DLC;RR-UI;RR-COMPAT","docs/research/reviews/mods/official-4-Ludeon.RimWorld.md","workshop/294100/2009463077/About/About.xml","280984AC4A391C12288D670B7F37DCEBBE8D0BD9FA2F576FC3B2424FED911A0A","Installed relationship-export metadata only; preserve exact declaration/path/hash fields; not publisher/code confirmation or runtime result.","Conservative project rule derived from relationship type and profile presence; not an upstream claim or compatibility finding.","Preserve this order only when both source and target packages are active; infer no code/API integration from the ordering declaration.","","No","No shared non-generic feature tags between in-profile endpoints; RR-COMPAT is excluded by rule.","Pending; not run; no compatibility claim."
"RIMREL-20260927-0002","2","3","Loading Progress","ilyvion.LoadingProgress","RR-COMPAT","docs/research/reviews/mods/3535481557-ilyvion.LoadingProgress.md","Requires","1","Harmony","brrainz.harmony","True","In selected 294-mod profile","RR-MP;RR-COMPAT","docs/research/reviews/mods/2009463077-brrainz.harmony.md","workshop/294100/3535481557/About/About.xml","6730FA6151F1D0A3DB09AD24EE32E92F7C45D2C1B2EC0BB1502BDDED0F2929E3","Installed relationship-export metadata only; preserve exact declaration/path/hash fields; not publisher/code confirmation or runtime result.","Conservative project rule derived from relationship type and profile presence; not an upstream claim or compatibility finding.","Honor the source mod's declared dependency only while that source mod is enabled; do not make an optional source mod or optional dependency a Rimrooms hard dependency.","","No","No shared non-generic feature tags between in-profile endpoints; RR-COMPAT is excluded by rule.","Pending; not run; no compatibility claim."
"RIMREL-20260927-0003","3","3","Loading Progress","ilyvion.LoadingProgress","RR-COMPAT","docs/research/reviews/mods/3535481557-ilyvion.LoadingProgress.md","LoadAfter","1","Harmony","brrainz.harmony","True","In selected 294-mod profile","RR-MP;RR-COMPAT","docs/research/reviews/mods/2009463077-brrainz.harmony.md","workshop/294100/3535481557/About/About.xml","6730FA6151F1D0A3DB09AD24EE32E92F7C45D2C1B2EC0BB1502BDDED0F2929E3","Installed relationship-export metadata only; preserve exact declaration/path/hash fields; not publisher/code confirmation or runtime result.","Conservative project rule derived from relationship type and profile presence; not an upstream claim or compatibility finding.","Preserve this order only when both source and target packages are active; infer no code/API integration from the ordering declaration.","","No","No shared non-generic feature tags between in-profile endpoints; RR-COMPAT is excluded by rule.","Pending; not run; no compatibility claim."
"RIMREL-20260927-0004","4","3","Loading Progress","ilyvion.LoadingProgress","RR-COMPAT","docs/research/reviews/mods/3535481557-ilyvion.LoadingProgress.md","LoadBefore","4","Core","ludeon.rimworld","True","In selected 294-mod profile","RR-SCEN;RR-FAC;RR-STA;RR-GATE;RR-EXP;RR-SPACE;RR-EVD;RR-THREAT;RR-MSN;RR-ECO;RR-OUT;RR-DLC;RR-UI;RR-COMPAT","docs/research/reviews/mods/official-4-Ludeon.RimWorld.md","workshop/294100/3535481557/About/About.xml","6730FA6151F1D0A3DB09AD24EE32E92F7C45D2C1B2EC0BB1502BDDED0F2929E3","Installed relationship-export metadata only; preserve exact declaration/path/hash fields; not publisher/code confirmation or runtime result.","Conservative project rule derived from relationship type and profile presence; not an upstream claim or compatibility finding.","Preserve this order only when both source and target packages are active; infer no code/API integration from the ordering declaration.","","No","No shared non-generic feature tags between in-profile endpoints; RR-COMPAT is excluded by rule.","Pending; not run; no compatibility claim."
"RIMREL-20260927-0005","5","3","Loading Progress","ilyvion.LoadingProgress","RR-COMPAT","docs/research/reviews/mods/3535481557-ilyvion.LoadingProgress.md","IncompatibleWith","","","assassinsbro.startupimpactcontinued","False","Outside selected 294-mod profile","","","workshop/294100/3535481557/About/About.xml","6730FA6151F1D0A3DB09AD24EE32E92F7C45D2C1B2EC0BB1502BDDED0F2929E3","Installed relationship-export metadata only; preserve exact declaration/path/hash fields; not publisher/code confirmation or runtime result.","Conservative project rule derived from relationship type and profile presence; not an upstream claim or compatibility finding.","Keep the declared target outside the Rimrooms profile; do not auto-add it. If a future profile selects both endpoints, block the pair pending owner review and exact-profile testing.","","No","Target is outside the selected 294-row profile; no in-profile endpoint feature comparison is asserted.","Pending; not run; no compatibility claim."
"RIMREL-20260927-0006","6","10","Adaptive Storage Framework","adaptive.storage.framework","RR-FAC;RR-EVD;RR-COMPAT","docs/research/reviews/mods/3033901359-adaptive.storage.framework.md","Requires","1","Harmony","brrainz.harmony","True","In selected 294-mod profile","RR-MP;RR-COMPAT","docs/research/reviews/mods/2009463077-brrainz.harmony.md","workshop/294100/3033901359/About/About.xml","9B91FD2B149B5771A615CCFBBC2F1F09B5B00D2146C4386D988ED2D6E1F196CC","Installed relationship-export metadata only; preserve exact declaration/path/hash fields; not publisher/code confirmation or runtime result.","Conservative project rule derived from relationship type and profile presence; not an upstream claim or compatibility finding.","Honor the source mod's declared dependency only while that source mod is enabled; do not make an optional source mod or optional dependency a Rimrooms hard dependency.","","No","No shared non-generic feature tags between in-profile endpoints; RR-COMPAT is excluded by rule.","Pending; not run; no compatibility claim."
"RIMREL-20260927-0007","7","10","Adaptive Storage Framework","adaptive.storage.framework","RR-FAC;RR-EVD;RR-COMPAT","docs/research/reviews/mods/3033901359-adaptive.storage.framework.md","LoadAfter","1","Harmony","brrainz.harmony","True","In selected 294-mod profile","RR-MP;RR-COMPAT","docs/research/reviews/mods/2009463077-brrainz.harmony.md","workshop/294100/3033901359/About/About.xml","9B91FD2B149B5771A615CCFBBC2F1F09B5B00D2146C4386D988ED2D6E1F196CC","Installed relationship-export metadata only; preserve exact declaration/path/hash fields; not publisher/code confirmation or runtime result.","Conservative project rule derived from relationship type and profile presence; not an upstream claim or compatibility finding.","Preserve this order only when both source and target packages are active; infer no code/API integration from the ordering declaration.","","No","No shared non-generic feature tags between in-profile endpoints; RR-COMPAT is excluded by rule.","Pending; not run; no compatibility claim."
"RIMREL-20260927-0008","8","10","Adaptive Storage Framework","adaptive.storage.framework","RR-FAC;RR-EVD;RR-COMPAT","docs/research/reviews/mods/3033901359-adaptive.storage.framework.md","LoadAfter","4","Core","Ludeon.RimWorld","True","In selected 294-mod profile","RR-SCEN;RR-FAC;RR-STA;RR-GATE;RR-EXP;RR-SPACE;RR-EVD;RR-THREAT;RR-MSN;RR-ECO;RR-OUT;RR-DLC;RR-UI;RR-COMPAT","docs/research/reviews/mods/official-4-Ludeon.RimWorld.md","workshop/294100/3033901359/About/About.xml","9B91FD2B149B5771A615CCFBBC2F1F09B5B00D2146C4386D988ED2D6E1F196CC","Installed relationship-export metadata only; preserve exact declaration/path/hash fields; not publisher/code confirmation or runtime result.","Conservative project rule derived from relationship type and profile presence; not an upstream claim or compatibility finding.","Preserve this order only when both source and target packages are active; infer no code/API integration from the ordering declaration.","RR-EVD;RR-FAC","Yes","In-profile endpoints share non-generic feature tag(s): RR-EVD;RR-FAC. Candidate only; runtime test pending.","Pending; not run; no compatibility claim."
"RIMREL-20260927-0009","9","10","Adaptive Storage Framework","adaptive.storage.framework","RR-FAC;RR-EVD;RR-COMPAT","docs/research/reviews/mods/3033901359-adaptive.storage.framework.md","LoadAfter","","","rwmt.Multiplayer","False","Outside selected 294-mod profile","","","workshop/294100/3033901359/About/About.xml","9B91FD2B149B5771A615CCFBBC2F1F09B5B00D2146C4386D988ED2D6E1F196CC","Installed relationship-export metadata only; preserve exact declaration/path/hash fields; not publisher/code confirmation or runtime result.","Conservative project rule derived from relationship type and profile presence; not an upstream claim or compatibility finding.","No ordering action while the target is outside this profile; do not add it solely for this declaration. If both packages are later active, preserve the declared order; infer no code/API integration.","","No","Target is outside the selected 294-row profile; no in-profile endpoint feature comparison is asserted.","Pending; not run; no compatibility claim."
"RIMREL-20260927-0010","10","10","Adaptive Storage Framework","adaptive.storage.framework","RR-FAC;RR-EVD;RR-COMPAT","docs/research/reviews/mods/3033901359-adaptive.storage.framework.md","LoadBefore","14","Vanilla Expanded Framework","OskarPotocki.VanillaFactionsExpanded.Core","True","In selected 294-mod profile","RR-SPACEFLIGHT;RR-COMPAT","docs/research/reviews/mods/2023507013-OskarPotocki.VanillaFactionsExpanded.Core.md","workshop/294100/3033901359/About/About.xml","9B91FD2B149B5771A615CCFBBC2F1F09B5B00D2146C4386D988ED2D6E1F196CC","Installed relationship-export metadata only; preserve exact declaration/path/hash fields; not publisher/code confirmation or runtime result.","Conservative project rule derived from relationship type and profile presence; not an upstream claim or compatibility finding.","Preserve this order only when both source and target packages are active; infer no code/API integration from the ordering declaration.","","No","No shared non-generic feature tags between in-profile endpoints; RR-COMPAT is excluded by rule.","Pending; not run; no compatibility claim."
"RIMREL-20260927-0011","11","11","Vehicle Framework","SmashPhil.VehicleFramework","RR-OUT;RR-SPACEFLIGHT;RR-COMPAT","docs/research/reviews/mods/3014915404-SmashPhil.VehicleFramework.md","Requires","1","Harmony","brrainz.harmony","True","In selected 294-mod profile","RR-MP;RR-COMPAT","docs/research/reviews/mods/2009463077-brrainz.harmony.md","workshop/294100/3014915404/About/About.xml","FA0E5A37AF805B398005023FBFAEC3362E2C2E3DD5002CA4632E54E18EC68D25","Installed relationship-export metadata only; preserve exact declaration/path/hash fields; not publisher/code confirmation or runtime result.","Conservative project rule derived from relationship type and profile presence; not an upstream claim or compatibility finding.","Honor the source mod's declared dependency only while that source mod is enabled; do not make an optional source mod or optional dependency a Rimrooms hard dependency.","","No","No shared non-generic feature tags between in-profile endpoints; RR-COMPAT is excluded by rule.","Pending; not run; no compatibility claim."
"RIMREL-20260927-0012","12","11","Vehicle Framework","SmashPhil.VehicleFramework","RR-OUT;RR-SPACEFLIGHT;RR-COMPAT","docs/research/reviews/mods/3014915404-SmashPhil.VehicleFramework.md","LoadAfter","1","Harmony","brrainz.harmony","True","In selected 294-mod profile","RR-MP;RR-COMPAT","docs/research/reviews/mods/2009463077-brrainz.harmony.md","workshop/294100/3014915404/About/About.xml","FA0E5A37AF805B398005023FBFAEC3362E2C2E3DD5002CA4632E54E18EC68D25","Installed relationship-export metadata only; preserve exact declaration/path/hash fields; not publisher/code confirmation or runtime result.","Conservative project rule derived from relationship type and profile presence; not an upstream claim or compatibility finding.","Preserve this order only when both source and target packages are active; infer no code/API integration from the ordering declaration.","","No","No shared non-generic feature tags between in-profile endpoints; RR-COMPAT is excluded by rule.","Pending; not run; no compatibility claim."
"RIMREL-20260927-0013","13","11","Vehicle Framework","SmashPhil.VehicleFramework","RR-OUT;RR-SPACEFLIGHT;RR-COMPAT","docs/research/reviews/mods/3014915404-SmashPhil.VehicleFramework.md","IncompatibleWith","","","majorhoff.rimthreaded","False","Outside selected 294-mod profile","","","workshop/294100/3014915404/About/About.xml","FA0E5A37AF805B398005023FBFAEC3362E2C2E3DD5002CA4632E54E18EC68D25","Installed relationship-export metadata only; preserve exact declaration/path/hash fields; not publisher/code confirmation or runtime result.","Conservative project rule derived from relationship type and profile presence; not an upstream claim or compatibility finding.","Keep the declared target outside the Rimrooms profile; do not auto-add it. If a future profile selects both endpoints, block the pair pending owner review and exact-profile testing.","","No","Target is outside the selected 294-row profile; no in-profile endpoint feature comparison is asserted.","Pending; not run; no compatibility claim."
"RIMREL-20260927-0014","14","12","XML Extensions","imranfish.xmlextensions","RR-COMPAT","docs/research/reviews/mods/2574315206-imranfish.xmlextensions.md","Requires","1","Harmony","brrainz.harmony","True","In selected 294-mod profile","RR-MP;RR-COMPAT","docs/research/reviews/mods/2009463077-brrainz.harmony.md","workshop/294100/2574315206/About/About.xml","76EE209F77A413047CB872CED25FBDE3734011B31CAC46F8AE7DD2D849E8EDE2","Installed relationship-export metadata only; preserve exact declaration/path/hash fields; not publisher/code confirmation or runtime result.","Conservative project rule derived from relationship type and profile presence; not an upstream claim or compatibility finding.","Honor the source mod's declared dependency only while that source mod is enabled; do not make an optional source mod or optional dependency a Rimrooms hard dependency.","","No","No shared non-generic feature tags between in-profile endpoints; RR-COMPAT is excluded by rule.","Pending; not run; no compatibility claim."
"RIMREL-20260927-0015","15","12","XML Extensions","imranfish.xmlextensions","RR-COMPAT","docs/research/reviews/mods/2574315206-imranfish.xmlextensions.md","LoadAfter","4","Core","ludeon.rimworld","True","In selected 294-mod profile","RR-SCEN;RR-FAC;RR-STA;RR-GATE;RR-EXP;RR-SPACE;RR-EVD;RR-THREAT;RR-MSN;RR-ECO;RR-OUT;RR-DLC;RR-UI;RR-COMPAT","docs/research/reviews/mods/official-4-Ludeon.RimWorld.md","workshop/294100/2574315206/About/About.xml","76EE209F77A413047CB872CED25FBDE3734011B31CAC46F8AE7DD2D849E8EDE2","Installed relationship-export metadata only; preserve exact declaration/path/hash fields; not publisher/code confirmation or runtime result.","Conservative project rule derived from relationship type and profile presence; not an upstream claim or compatibility finding.","Preserve this order only when both source and target packages are active; infer no code/API integration from the ordering declaration.","","No","No shared non-generic feature tags between in-profile endpoints; RR-COMPAT is excluded by rule.","Pending; not run; no compatibility claim."
"RIMREL-20260927-0016","16","13","HugsLib","UnlimitedHugs.HugsLib","RR-COMPAT","docs/research/reviews/mods/818773962-UnlimitedHugs.HugsLib.md","Requires","1","Harmony","brrainz.harmony","True","In selected 294-mod profile","RR-MP;RR-COMPAT","docs/research/reviews/mods/2009463077-brrainz.harmony.md","workshop/294100/818773962/About/About.xml","AE88A805065C164A612844D4164BCA56A8BCDD3EA8D45AEE5D55BDEB88C4AF8E","Installed relationship-export metadata only; preserve exact declaration/path/hash fields; not publisher/code confirmation or runtime result.","Conservative project rule derived from relationship type and profile presence; not an upstream claim or compatibility finding.","Honor the source mod's declared dependency only while that source mod is enabled; do not make an optional source mod or optional dependency a Rimrooms hard dependency.","","No","No shared non-generic feature tags between in-profile endpoints; RR-COMPAT is excluded by rule.","Pending; not run; no compatibility claim."
"RIMREL-20260927-0017","17","13","HugsLib","UnlimitedHugs.HugsLib","RR-COMPAT","docs/research/reviews/mods/818773962-UnlimitedHugs.HugsLib.md","LoadAfter","4","Core","Ludeon.RimWorld","True","In selected 294-mod profile","RR-SCEN;RR-FAC;RR-STA;RR-GATE;RR-EXP;RR-SPACE;RR-EVD;RR-THREAT;RR-MSN;RR-ECO;RR-OUT;RR-DLC;RR-UI;RR-COMPAT","docs/research/reviews/mods/official-4-Ludeon.RimWorld.md","workshop/294100/818773962/About/About.xml","AE88A805065C164A612844D4164BCA56A8BCDD3EA8D45AEE5D55BDEB88C4AF8E","Installed relationship-export metadata only; preserve exact declaration/path/hash fields; not publisher/code confirmation or runtime result.","Conservative project rule derived from relationship type and profile presence; not an upstream claim or compatibility finding.","Preserve this order only when both source and target packages are active; infer no code/API integration from the ordering declaration.","","No","No shared non-generic feature tags between in-profile endpoints; RR-COMPAT is excluded by rule.","Pending; not run; no compatibility claim."
"RIMREL-20260927-0018","18","13","HugsLib","UnlimitedHugs.HugsLib","RR-COMPAT","docs/research/reviews/mods/818773962-UnlimitedHugs.HugsLib.md","LoadAfter","5","Royalty","Ludeon.RimWorld.Royalty","True","In selected 294-mod profile","RR-STA;RR-MSN;RR-DLC;RR-COMPAT","docs/research/reviews/mods/official-5-Ludeon.RimWorld.Royalty.md","workshop/294100/818773962/About/About.xml","AE88A805065C164A612844D4164BCA56A8BCDD3EA8D45AEE5D55BDEB88C4AF8E","Installed relationship-export metadata only; preserve exact declaration/path/hash fields; not publisher/code confirmation or runtime result.","Conservative project rule derived from relationship type and profile presence; not an upstream claim or compatibility finding.","Preserve this order only when both source and target packages are active; infer no code/API integration from the ordering declaration.","","No","No shared non-generic feature tags between in-profile endpoints; RR-COMPAT is excluded by rule.","Pending; not run; no compatibility claim."
"RIMREL-20260927-0019","19","13","HugsLib","UnlimitedHugs.HugsLib","RR-COMPAT","docs/research/reviews/mods/818773962-UnlimitedHugs.HugsLib.md","LoadAfter","6","Ideology","Ludeon.RimWorld.Ideology","True","In selected 294-mod profile","RR-STA;RR-DLC;RR-COMPAT","docs/research/reviews/mods/official-6-Ludeon.RimWorld.Ideology.md","workshop/294100/818773962/About/About.xml","AE88A805065C164A612844D4164BCA56A8BCDD3EA8D45AEE5D55BDEB88C4AF8E","Installed relationship-export metadata only; preserve exact declaration/path/hash fields; not publisher/code confirmation or runtime result.","Conservative project rule derived from relationship type and profile presence; not an upstream claim or compatibility finding.","Preserve this order only when both source and target packages are active; infer no code/API integration from the ordering declaration.","","No","No shared non-generic feature tags between in-profile endpoints; RR-COMPAT is excluded by rule.","Pending; not run; no compatibility claim."
"RIMREL-20260927-0020","20","13","HugsLib","UnlimitedHugs.HugsLib","RR-COMPAT","docs/research/reviews/mods/818773962-UnlimitedHugs.HugsLib.md","LoadAfter","7","Biotech","Ludeon.RimWorld.Biotech","True","In selected 294-mod profile","RR-STA;RR-FAC;RR-DLC;RR-COMPAT","docs/research/reviews/mods/official-7-Ludeon.RimWorld.Biotech.md","workshop/294100/818773962/About/About.xml","AE88A805065C164A612844D4164BCA56A8BCDD3EA8D45AEE5D55BDEB88C4AF8E","Installed relationship-export metadata only; preserve exact declaration/path/hash fields; not publisher/code confirmation or runtime result.","Conservative project rule derived from relationship type and profile presence; not an upstream claim or compatibility finding.","Preserve this order only when both source and target packages are active; infer no code/API integration from the ordering declaration.","","No","No shared non-generic feature tags between in-profile endpoints; RR-COMPAT is excluded by rule.","Pending; not run; no compatibility claim."
"RIMREL-20260927-0021","21","13","HugsLib","UnlimitedHugs.HugsLib","RR-COMPAT","docs/research/reviews/mods/818773962-UnlimitedHugs.HugsLib.md","LoadAfter","8","Anomaly","Ludeon.RimWorld.Anomaly","True","In selected 294-mod profile","RR-THREAT;RR-EVD;RR-EXP;RR-MSN;RR-DLC;RR-COMPAT","docs/research/reviews/mods/official-8-Ludeon.RimWorld.Anomaly.md","workshop/294100/818773962/About/About.xml","AE88A805065C164A612844D4164BCA56A8BCDD3EA8D45AEE5D55BDEB88C4AF8E","Installed relationship-export metadata only; preserve exact declaration/path/hash fields; not publisher/code confirmation or runtime result.","Conservative project rule derived from relationship type and profile presence; not an upstream claim or compatibility finding.","Preserve this order only when both source and target packages are active; infer no code/API integration from the ordering declaration.","","No","No shared non-generic feature tags between in-profile endpoints; RR-COMPAT is excluded by rule.","Pending; not run; no compatibility claim."
"RIMREL-20260927-0022","22","13","HugsLib","UnlimitedHugs.HugsLib","RR-COMPAT","docs/research/reviews/mods/818773962-UnlimitedHugs.HugsLib.md","LoadAfter","1","Harmony","brrainz.harmony","True","In selected 294-mod profile","RR-MP;RR-COMPAT","docs/research/reviews/mods/2009463077-brrainz.harmony.md","workshop/294100/818773962/About/About.xml","AE88A805065C164A612844D4164BCA56A8BCDD3EA8D45AEE5D55BDEB88C4AF8E","Installed relationship-export metadata only; preserve exact declaration/path/hash fields; not publisher/code confirmation or runtime result.","Conservative project rule derived from relationship type and profile presence; not an upstream claim or compatibility finding.","Preserve this order only when both source and target packages are active; infer no code/API integration from the ordering declaration.","","No","No shared non-generic feature tags between in-profile endpoints; RR-COMPAT is excluded by rule.","Pending; not run; no compatibility claim."
"RIMREL-20260927-0023","23","14","Vanilla Expanded Framework","OskarPotocki.VanillaFactionsExpanded.Core","RR-SPACEFLIGHT;RR-COMPAT","docs/research/reviews/mods/2023507013-OskarPotocki.VanillaFactionsExpanded.Core.md","Requires","1","Harmony","brrainz.harmony","True","In selected 294-mod profile","RR-MP;RR-COMPAT","docs/research/reviews/mods/2009463077-brrainz.harmony.md","workshop/294100/2023507013/About/About.xml","11F49A892573F407C51380A5287A4DF0B31D120B4259AB300B5DBD25C881B630","Installed relationship-export metadata only; preserve exact declaration/path/hash fields; not publisher/code confirmation or runtime result.","Conservative project rule derived from relationship type and profile presence; not an upstream claim or compatibility finding.","Honor the source mod's declared dependency only while that source mod is enabled; do not make an optional source mod or optional dependency a Rimrooms hard dependency.","","No","No shared non-generic feature tags between in-profile endpoints; RR-COMPAT is excluded by rule.","Pending; not run; no compatibility claim."
"RIMREL-20260927-0024","24","14","Vanilla Expanded Framework","OskarPotocki.VanillaFactionsExpanded.Core","RR-SPACEFLIGHT;RR-COMPAT","docs/research/reviews/mods/2023507013-OskarPotocki.VanillaFactionsExpanded.Core.md","LoadAfter","4","Core","Ludeon.RimWorld","True","In selected 294-mod profile","RR-SCEN;RR-FAC;RR-STA;RR-GATE;RR-EXP;RR-SPACE;RR-EVD;RR-THREAT;RR-MSN;RR-ECO;RR-OUT;RR-DLC;RR-UI;RR-COMPAT","docs/research/reviews/mods/official-4-Ludeon.RimWorld.md","workshop/294100/2023507013/About/About.xml","11F49A892573F407C51380A5287A4DF0B31D120B4259AB300B5DBD25C881B630","Installed relationship-export metadata only; preserve exact declaration/path/hash fields; not publisher/code confirmation or runtime result.","Conservative project rule derived from relationship type and profile presence; not an upstream claim or compatibility finding.","Preserve this order only when both source and target packages are active; infer no code/API integration from the ordering declaration.","","No","No shared non-generic feature tags between in-profile endpoints; RR-COMPAT is excluded by rule.","Pending; not run; no compatibility claim."
"RIMREL-20260927-0025","25","14","Vanilla Expanded Framework","OskarPotocki.VanillaFactionsExpanded.Core","RR-SPACEFLIGHT;RR-COMPAT","docs/research/reviews/mods/2023507013-OskarPotocki.VanillaFactionsExpanded.Core.md","LoadAfter","5","Royalty","Ludeon.RimWorld.Royalty","True","In selected 294-mod profile","RR-STA;RR-MSN;RR-DLC;RR-COMPAT","docs/research/reviews/mods/official-5-Ludeon.RimWorld.Royalty.md","workshop/294100/2023507013/About/About.xml","11F49A892573F407C51380A5287A4DF0B31D120B4259AB300B5DBD25C881B630","Installed relationship-export metadata only; preserve exact declaration/path/hash fields; not publisher/code confirmation or runtime result.","Conservative project rule derived from relationship type and profile presence; not an upstream claim or compatibility finding.","Preserve this order only when both source and target packages are active; infer no code/API integration from the ordering declaration.","","No","No shared non-generic feature tags between in-profile endpoints; RR-COMPAT is excluded by rule.","Pending; not run; no compatibility claim."
"RIMREL-20260927-0026","26","14","Vanilla Expanded Framework","OskarPotocki.VanillaFactionsExpanded.Core","RR-SPACEFLIGHT;RR-COMPAT","docs/research/reviews/mods/2023507013-OskarPotocki.VanillaFactionsExpanded.Core.md","LoadAfter","6","Ideology","Ludeon.RimWorld.Ideology","True","In selected 294-mod profile","RR-STA;RR-DLC;RR-COMPAT","docs/research/reviews/mods/official-6-Ludeon.RimWorld.Ideology.md","workshop/294100/2023507013/About/About.xml","11F49A892573F407C51380A5287A4DF0B31D120B4259AB300B5DBD25C881B630","Installed relationship-export metadata only; preserve exact declaration/path/hash fields; not publisher/code confirmation or runtime result.","Conservative project rule derived from relationship type and profile presence; not an upstream claim or compatibility finding.","Preserve this order only when both source and target packages are active; infer no code/API integration from the ordering declaration.","","No","No shared non-generic feature tags between in-profile endpoints; RR-COMPAT is excluded by rule.","Pending; not run; no compatibility claim."
"RIMREL-20260927-0027","27","14","Vanilla Expanded Framework","OskarPotocki.VanillaFactionsExpanded.Core","RR-SPACEFLIGHT;RR-COMPAT","docs/research/reviews/mods/2023507013-OskarPotocki.VanillaFactionsExpanded.Core.md","LoadAfter","9","Odyssey","Ludeon.RimWorld.Odyssey","True","In selected 294-mod profile","RR-SPACEFLIGHT;RR-OUT;RR-EXP;RR-MSN;RR-ECO;RR-DLC;RR-COMPAT","docs/research/reviews/mods/official-9-Ludeon.RimWorld.Odyssey.md","workshop/294100/2023507013/About/About.xml","11F49A892573F407C51380A5287A4DF0B31D120B4259AB300B5DBD25C881B630","Installed relationship-export metadata only; preserve exact declaration/path/hash fields; not publisher/code confirmation or runtime result.","Conservative project rule derived from relationship type and profile presence; not an upstream claim or compatibility finding.","Preserve this order only when both source and target packages are active; infer no code/API integration from the ordering declaration.","RR-SPACEFLIGHT","Yes","In-profile endpoints share non-generic feature tag(s): RR-SPACEFLIGHT. Candidate only; runtime test pending.","Pending; not run; no compatibility claim."
"RIMREL-20260927-0028","28","14","Vanilla Expanded Framework","OskarPotocki.VanillaFactionsExpanded.Core","RR-SPACEFLIGHT;RR-COMPAT","docs/research/reviews/mods/2023507013-OskarPotocki.VanillaFactionsExpanded.Core.md","LoadAfter","7","Biotech","Ludeon.RimWorld.Biotech","True","In selected 294-mod profile","RR-STA;RR-FAC;RR-DLC;RR-COMPAT","docs/research/reviews/mods/official-7-Ludeon.RimWorld.Biotech.md","workshop/294100/2023507013/About/About.xml","11F49A892573F407C51380A5287A4DF0B31D120B4259AB300B5DBD25C881B630","Installed relationship-export metadata only; preserve exact declaration/path/hash fields; not publisher/code confirmation or runtime result.","Conservative project rule derived from relationship type and profile presence; not an upstream claim or compatibility finding.","Preserve this order only when both source and target packages are active; infer no code/API integration from the ordering declaration.","","No","No shared non-generic feature tags between in-profile endpoints; RR-COMPAT is excluded by rule.","Pending; not run; no compatibility claim."
"RIMREL-20260927-0029","29","14","Vanilla Expanded Framework","OskarPotocki.VanillaFactionsExpanded.Core","RR-SPACEFLIGHT;RR-COMPAT","docs/research/reviews/mods/2023507013-OskarPotocki.VanillaFactionsExpanded.Core.md","LoadAfter","8","Anomaly","Ludeon.RimWorld.Anomaly","True","In selected 294-mod profile","RR-THREAT;RR-EVD;RR-EXP;RR-MSN;RR-DLC;RR-COMPAT","docs/research/reviews/mods/official-8-Ludeon.RimWorld.Anomaly.md","workshop/294100/2023507013/About/About.xml","11F49A892573F407C51380A5287A4DF0B31D120B4259AB300B5DBD25C881B630","Installed relationship-export metadata only; preserve exact declaration/path/hash fields; not publisher/code confirmation or runtime result.","Conservative project rule derived from relationship type and profile presence; not an upstream claim or compatibility finding.","Preserve this order only when both source and target packages are active; infer no code/API integration from the ordering declaration.","","No","No shared non-generic feature tags between in-profile endpoints; RR-COMPAT is excluded by rule.","Pending; not run; no compatibility claim."
"RIMREL-20260927-0030","30","14","Vanilla Expanded Framework","OskarPotocki.VanillaFactionsExpanded.Core","RR-SPACEFLIGHT;RR-COMPAT","docs/research/reviews/mods/2023507013-OskarPotocki.VanillaFactionsExpanded.Core.md","LoadAfter","1","Harmony","brrainz.harmony","True","In selected 294-mod profile","RR-MP;RR-COMPAT","docs/research/reviews/mods/2009463077-brrainz.harmony.md","workshop/294100/2023507013/About/About.xml","11F49A892573F407C51380A5287A4DF0B31D120B4259AB300B5DBD25C881B630","Installed relationship-export metadata only; preserve exact declaration/path/hash fields; not publisher/code confirmation or runtime result.","Conservative project rule derived from relationship type and profile presence; not an upstream claim or compatibility finding.","Preserve this order only when both source and target packages are active; infer no code/API integration from the ordering declaration.","","No","No shared non-generic feature tags between in-profile endpoints; RR-COMPAT is excluded by rule.","Pending; not run; no compatibility claim."
"RIMREL-20260927-0031","31","14","Vanilla Expanded Framework","OskarPotocki.VanillaFactionsExpanded.Core","RR-SPACEFLIGHT;RR-COMPAT","docs/research/reviews/mods/2023507013-OskarPotocki.VanillaFactionsExpanded.Core.md","IncompatibleWith","","","hatena.RangeAnimalFramework","False","Outside selected 294-mod profile","","","workshop/294100/2023507013/About/About.xml","11F49A892573F407C51380A5287A4DF0B31D120B4259AB300B5DBD25C881B630","Installed relationship-export metadata only; preserve exact declaration/path/hash fields; not publisher/code confirmation or runtime result.","Conservative project rule derived from relationship type and profile presence; not an upstream claim or compatibility finding.","Keep the declared target outside the Rimrooms profile; do not auto-add it. If a future profile selects both endpoints, block the pair pending owner review and exact-profile testing.","","No","Target is outside the selected 294-row profile; no in-profile endpoint feature comparison is asserted.","Pending; not run; no compatibility claim."
"RIMREL-20260927-0032","32","15","[ARY] Automatic Stump Chopping [1.5 - 1.6]","Arylice.Rimworld.AutomaticStumpChopping","RR-FAC;RR-OUT;RR-COMPAT","docs/research/reviews/mods/3357749890-Arylice.Rimworld.AutomaticStumpChopping.md","Requires","1","Harmony","brrainz.harmony","True","In selected 294-mod profile","RR-MP;RR-COMPAT","docs/research/reviews/mods/2009463077-brrainz.harmony.md","workshop/294100/3357749890/About/About.xml","BE721B5257D4575785EBBEC5B0D6B77CC407958591F1A959454131246775751B","Installed relationship-export metadata only; preserve exact declaration/path/hash fields; not publisher/code confirmation or runtime result.","Conservative project rule derived from relationship type and profile presence; not an upstream claim or compatibility finding.","Honor the source mod's declared dependency only while that source mod is enabled; do not make an optional source mod or optional dependency a Rimrooms hard dependency.","","No","No shared non-generic feature tags between in-profile endpoints; RR-COMPAT is excluded by rule.","Pending; not run; no compatibility claim."
"RIMREL-20260927-0033","33","15","[ARY] Automatic Stump Chopping [1.5 - 1.6]","Arylice.Rimworld.AutomaticStumpChopping","RR-FAC;RR-OUT;RR-COMPAT","docs/research/reviews/mods/3357749890-Arylice.Rimworld.AutomaticStumpChopping.md","LoadAfter","1","Harmony","brrainz.harmony","True","In selected 294-mod profile","RR-MP;RR-COMPAT","docs/research/reviews/mods/2009463077-brrainz.harmony.md","workshop/294100/3357749890/About/About.xml","BE721B5257D4575785EBBEC5B0D6B77CC407958591F1A959454131246775751B","Installed relationship-export metadata only; preserve exact declaration/path/hash fields; not publisher/code confirmation or runtime result.","Conservative project rule derived from relationship type and profile presence; not an upstream claim or compatibility finding.","Preserve this order only when both source and target packages are active; infer no code/API integration from the ordering declaration.","","No","No shared non-generic feature tags between in-profile endpoints; RR-COMPAT is excluded by rule.","Pending; not run; no compatibility claim."
"RIMREL-20260927-0034","34","15","[ARY] Automatic Stump Chopping [1.5 - 1.6]","Arylice.Rimworld.AutomaticStumpChopping","RR-FAC;RR-OUT;RR-COMPAT","docs/research/reviews/mods/3357749890-Arylice.Rimworld.AutomaticStumpChopping.md","LoadAfter","4","Core","Ludeon.RimWorld","True","In selected 294-mod profile","RR-SCEN;RR-FAC;RR-STA;RR-GATE;RR-EXP;RR-SPACE;RR-EVD;RR-THREAT;RR-MSN;RR-ECO;RR-OUT;RR-DLC;RR-UI;RR-COMPAT","docs/research/reviews/mods/official-4-Ludeon.RimWorld.md","workshop/294100/3357749890/About/About.xml","BE721B5257D4575785EBBEC5B0D6B77CC407958591F1A959454131246775751B","Installed relationship-export metadata only; preserve exact declaration/path/hash fields; not publisher/code confirmation or runtime result.","Conservative project rule derived from relationship type and profile presence; not an upstream claim or compatibility finding.","Preserve this order only when both source and target packages are active; infer no code/API integration from the ordering declaration.","RR-FAC;RR-OUT","Yes","In-profile endpoints share non-generic feature tag(s): RR-FAC;RR-OUT. Candidate only; runtime test pending.","Pending; not run; no compatibility claim."
"RIMREL-20260927-0035","35","15","[ARY] Automatic Stump Chopping [1.5 - 1.6]","Arylice.Rimworld.AutomaticStumpChopping","RR-FAC;RR-OUT;RR-COMPAT","docs/research/reviews/mods/3357749890-Arylice.Rimworld.AutomaticStumpChopping.md","LoadAfter","5","Royalty","Ludeon.RimWorld.Royalty","True","In selected 294-mod profile","RR-STA;RR-MSN;RR-DLC;RR-COMPAT","docs/research/reviews/mods/official-5-Ludeon.RimWorld.Royalty.md","workshop/294100/3357749890/About/About.xml","BE721B5257D4575785EBBEC5B0D6B77CC407958591F1A959454131246775751B","Installed relationship-export metadata only; preserve exact declaration/path/hash fields; not publisher/code confirmation or runtime result.","Conservative project rule derived from relationship type and profile presence; not an upstream claim or compatibility finding.","Preserve this order only when both source and target packages are active; infer no code/API integration from the ordering declaration.","","No","No shared non-generic feature tags between in-profile endpoints; RR-COMPAT is excluded by rule.","Pending; not run; no compatibility claim."
"RIMREL-20260927-0036","36","15","[ARY] Automatic Stump Chopping [1.5 - 1.6]","Arylice.Rimworld.AutomaticStumpChopping","RR-FAC;RR-OUT;RR-COMPAT","docs/research/reviews/mods/3357749890-Arylice.Rimworld.AutomaticStumpChopping.md","LoadAfter","6","Ideology","Ludeon.RimWorld.Ideology","True","In selected 294-mod profile","RR-STA;RR-DLC;RR-COMPAT","docs/research/reviews/mods/official-6-Ludeon.RimWorld.Ideology.md","workshop/294100/3357749890/About/About.xml","BE721B5257D4575785EBBEC5B0D6B77CC407958591F1A959454131246775751B","Installed relationship-export metadata only; preserve exact declaration/path/hash fields; not publisher/code confirmation or runtime result.","Conservative project rule derived from relationship type and profile presence; not an upstream claim or compatibility finding.","Preserve this order only when both source and target packages are active; infer no code/API integration from the ordering declaration.","","No","No shared non-generic feature tags between in-profile endpoints; RR-COMPAT is excluded by rule.","Pending; not run; no compatibility claim."
"RIMREL-20260927-0037","37","15","[ARY] Automatic Stump Chopping [1.5 - 1.6]","Arylice.Rimworld.AutomaticStumpChopping","RR-FAC;RR-OUT;RR-COMPAT","docs/research/reviews/mods/3357749890-Arylice.Rimworld.AutomaticStumpChopping.md","LoadAfter","7","Biotech","Ludeon.RimWorld.Biotech","True","In selected 294-mod profile","RR-STA;RR-FAC;RR-DLC;RR-COMPAT","docs/research/reviews/mods/official-7-Ludeon.RimWorld.Biotech.md","workshop/294100/3357749890/About/About.xml","BE721B5257D4575785EBBEC5B0D6B77CC407958591F1A959454131246775751B","Installed relationship-export metadata only; preserve exact declaration/path/hash fields; not publisher/code confirmation or runtime result.","Conservative project rule derived from relationship type and profile presence; not an upstream claim or compatibility finding.","Preserve this order only when both source and target packages are active; infer no code/API integration from the ordering declaration.","RR-FAC","Yes","In-profile endpoints share non-generic feature tag(s): RR-FAC. Candidate only; runtime test pending.","Pending; not run; no compatibility claim."
"RIMREL-20260927-0038","38","15","[ARY] Automatic Stump Chopping [1.5 - 1.6]","Arylice.Rimworld.AutomaticStumpChopping","RR-FAC;RR-OUT;RR-COMPAT","docs/research/reviews/mods/3357749890-Arylice.Rimworld.AutomaticStumpChopping.md","LoadAfter","8","Anomaly","Ludeon.RimWorld.Anomaly","True","In selected 294-mod profile","RR-THREAT;RR-EVD;RR-EXP;RR-MSN;RR-DLC;RR-COMPAT","docs/research/reviews/mods/official-8-Ludeon.RimWorld.Anomaly.md","workshop/294100/3357749890/About/About.xml","BE721B5257D4575785EBBEC5B0D6B77CC407958591F1A959454131246775751B","Installed relationship-export metadata only; preserve exact declaration/path/hash fields; not publisher/code confirmation or runtime result.","Conservative project rule derived from relationship type and profile presence; not an upstream claim or compatibility finding.","Preserve this order only when both source and target packages are active; infer no code/API integration from the ordering declaration.","","No","No shared non-generic feature tags between in-profile endpoints; RR-COMPAT is excluded by rule.","Pending; not run; no compatibility claim."
"RIMREL-20260927-0039","39","15","[ARY] Automatic Stump Chopping [1.5 - 1.6]","Arylice.Rimworld.AutomaticStumpChopping","RR-FAC;RR-OUT;RR-COMPAT","docs/research/reviews/mods/3357749890-Arylice.Rimworld.AutomaticStumpChopping.md","LoadAfter","9","Odyssey","Ludeon.RimWorld.Odyssey","True","In selected 294-mod profile","RR-SPACEFLIGHT;RR-OUT;RR-EXP;RR-MSN;RR-ECO;RR-DLC;RR-COMPAT","docs/research/reviews/mods/official-9-Ludeon.RimWorld.Odyssey.md","workshop/294100/3357749890/About/About.xml","BE721B5257D4575785EBBEC5B0D6B77CC407958591F1A959454131246775751B","Installed relationship-export metadata only; preserve exact declaration/path/hash fields; not publisher/code confirmation or runtime result.","Conservative project rule derived from relationship type and profile presence; not an upstream claim or compatibility finding.","Preserve this order only when both source and target packages are active; infer no code/API integration from the ordering declaration.","RR-OUT","Yes","In-profile endpoints share non-generic feature tag(s): RR-OUT. Candidate only; runtime test pending.","Pending; not run; no compatibility claim."
"RIMREL-20260927-0040","40","16","[Kit] Graze up","kittahkhan.grazeup","RR-OUT;RR-FAC;RR-COMPAT","docs/research/reviews/mods/2302739121-kittahkhan.grazeup.md","Requires","1","Harmony","brrainz.harmony","True","In selected 294-mod profile","RR-MP;RR-COMPAT","docs/research/reviews/mods/2009463077-brrainz.harmony.md","workshop/294100/2302739121/About/About.xml","81EAEBA8E60DDE089CC1A75F0E9EE5CC9AD640A03B305D021D94B83D82A8669D","Installed relationship-export metadata only; preserve exact declaration/path/hash fields; not publisher/code confirmation or runtime result.","Conservative project rule derived from relationship type and profile presence; not an upstream claim or compatibility finding.","Honor the source mod's declared dependency only while that source mod is enabled; do not make an optional source mod or optional dependency a Rimrooms hard dependency.","","No","No shared non-generic feature tags between in-profile endpoints; RR-COMPAT is excluded by rule.","Pending; not run; no compatibility claim."
"RIMREL-20260927-0041","41","17","[KV] Call Trade Ships (Continued)","zal.calltradeships","RR-ECO;RR-COMPAT","docs/research/reviews/mods/3722921543-zal.calltradeships.md","Requires","1","Harmony","brrainz.harmony","True","In selected 294-mod profile","RR-MP;RR-COMPAT","docs/research/reviews/mods/2009463077-brrainz.harmony.md","workshop/294100/3722921543/About/About.xml","F10825618AB8B31D4F7EBC2A1192AC4DAE754BDB596DEB9F76B5E229CC743C10","Installed relationship-export metadata only; preserve exact declaration/path/hash fields; not publisher/code confirmation or runtime result.","Conservative project rule derived from relationship type and profile presence; not an upstream claim or compatibility finding.","Honor the source mod's declared dependency only while that source mod is enabled; do not make an optional source mod or optional dependency a Rimrooms hard dependency.","","No","No shared non-generic feature tags between in-profile endpoints; RR-COMPAT is excluded by rule.","Pending; not run; no compatibility claim."
"RIMREL-20260927-0042","42","20","[SR]Factional War (fork)","SR.ModRimworld.FactionalWarContinued","RR-MSN;RR-THREAT;RR-COMPAT","docs/research/reviews/mods/3423264477-SR.ModRimworld.FactionalWarContinued.md","LoadAfter","4","Core","Ludeon.RimWorld","True","In selected 294-mod profile","RR-SCEN;RR-FAC;RR-STA;RR-GATE;RR-EXP;RR-SPACE;RR-EVD;RR-THREAT;RR-MSN;RR-ECO;RR-OUT;RR-DLC;RR-UI;RR-COMPAT","docs/research/reviews/mods/official-4-Ludeon.RimWorld.md","workshop/294100/3423264477/About/About.xml","813B576389A3182BE8680F43F100C98FF8280DF43B345FD4399E68D99EA513D0","Installed relationship-export metadata only; preserve exact declaration/path/hash fields; not publisher/code confirmation or runtime result.","Conservative project rule derived from relationship type and profile presence; not an upstream claim or compatibility finding.","Preserve this order only when both source and target packages are active; infer no code/API integration from the ordering declaration.","RR-MSN;RR-THREAT","Yes","In-profile endpoints share non-generic feature tag(s): RR-MSN;RR-THREAT. Candidate only; runtime test pending.","Pending; not run; no compatibility claim."
"RIMREL-20260927-0043","43","21","[XND] Profitable Weapons (Continued)","Mlie.XNDProfitableWeapons","RR-ECO;RR-EVD;RR-COMPAT","docs/research/reviews/mods/2269697598-Mlie.XNDProfitableWeapons.md","Requires","1","Harmony","brrainz.harmony","True","In selected 294-mod profile","RR-MP;RR-COMPAT","docs/research/reviews/mods/2009463077-brrainz.harmony.md","workshop/294100/2269697598/About/About.xml","016426080BE1FEDF25DD3F4E08BC1F7280D61DC2611AC65956D9CCB43E35FC28","Installed relationship-export metadata only; preserve exact declaration/path/hash fields; not publisher/code confirmation or runtime result.","Conservative project rule derived from relationship type and profile presence; not an upstream claim or compatibility finding.","Honor the source mod's declared dependency only while that source mod is enabled; do not make an optional source mod or optional dependency a Rimrooms hard dependency.","","No","No shared non-generic feature tags between in-profile endpoints; RR-COMPAT is excluded by rule.","Pending; not run; no compatibility claim."
"RIMREL-20260927-0044","44","21","[XND] Profitable Weapons (Continued)","Mlie.XNDProfitableWeapons","RR-ECO;RR-EVD;RR-COMPAT","docs/research/reviews/mods/2269697598-Mlie.XNDProfitableWeapons.md","LoadAfter","1","Harmony","brrainz.harmony","True","In selected 294-mod profile","RR-MP;RR-COMPAT","docs/research/reviews/mods/2009463077-brrainz.harmony.md","workshop/294100/2269697598/About/About.xml","016426080BE1FEDF25DD3F4E08BC1F7280D61DC2611AC65956D9CCB43E35FC28","Installed relationship-export metadata only; preserve exact declaration/path/hash fields; not publisher/code confirmation or runtime result.","Conservative project rule derived from relationship type and profile presence; not an upstream claim or compatibility finding.","Preserve this order only when both source and target packages are active; infer no code/API integration from the ordering declaration.","","No","No shared non-generic feature tags between in-profile endpoints; RR-COMPAT is excluded by rule.","Pending; not run; no compatibility claim."
"RIMREL-20260927-0045","45","22","[XND] Visible Pants","XeoNovaDan.VisiblePants","RR-STYLE;RR-STA;RR-COMPAT","docs/research/reviews/mods/2264108215-XeoNovaDan.VisiblePants.md","Requires","1","Harmony","brrainz.harmony","True","In selected 294-mod profile","RR-MP;RR-COMPAT","docs/research/reviews/mods/2009463077-brrainz.harmony.md","workshop/294100/2264108215/About/About.xml","641C1BE551727D8ED7523ADF72B216E9592BEFC16C69043CDD809D6C13FCD53F","Installed relationship-export metadata only; preserve exact declaration/path/hash fields; not publisher/code confirmation or runtime result.","Conservative project rule derived from relationship type and profile presence; not an upstream claim or compatibility finding.","Honor the source mod's declared dependency only while that source mod is enabled; do not make an optional source mod or optional dependency a Rimrooms hard dependency.","","No","No shared non-generic feature tags between in-profile endpoints; RR-COMPAT is excluded by rule.","Pending; not run; no compatibility claim."
"RIMREL-20260927-0046","46","22","[XND] Visible Pants","XeoNovaDan.VisiblePants","RR-STYLE;RR-STA;RR-COMPAT","docs/research/reviews/mods/2264108215-XeoNovaDan.VisiblePants.md","LoadAfter","4","Core","Ludeon.RimWorld","True","In selected 294-mod profile","RR-SCEN;RR-FAC;RR-STA;RR-GATE;RR-EXP;RR-SPACE;RR-EVD;RR-THREAT;RR-MSN;RR-ECO;RR-OUT;RR-DLC;RR-UI;RR-COMPAT","docs/research/reviews/mods/official-4-Ludeon.RimWorld.md","workshop/294100/2264108215/About/About.xml","641C1BE551727D8ED7523ADF72B216E9592BEFC16C69043CDD809D6C13FCD53F","Installed relationship-export metadata only; preserve exact declaration/path/hash fields; not publisher/code confirmation or runtime result.","Conservative project rule derived from relationship type and profile presence; not an upstream claim or compatibility finding.","Preserve this order only when both source and target packages are active; infer no code/API integration from the ordering declaration.","RR-STA","Yes","In-profile endpoints share non-generic feature tag(s): RR-STA. Candidate only; runtime test pending.","Pending; not run; no compatibility claim."
"RIMREL-20260927-0047","47","22","[XND] Visible Pants","XeoNovaDan.VisiblePants","RR-STYLE;RR-STA;RR-COMPAT","docs/research/reviews/mods/2264108215-XeoNovaDan.VisiblePants.md","LoadAfter","5","Royalty","Ludeon.RimWorld.Royalty","True","In selected 294-mod profile","RR-STA;RR-MSN;RR-DLC;RR-COMPAT","docs/research/reviews/mods/official-5-Ludeon.RimWorld.Royalty.md","workshop/294100/2264108215/About/About.xml","641C1BE551727D8ED7523ADF72B216E9592BEFC16C69043CDD809D6C13FCD53F","Installed relationship-export metadata only; preserve exact declaration/path/hash fields; not publisher/code confirmation or runtime result.","Conservative project rule derived from relationship type and profile presence; not an upstream claim or compatibility finding.","Preserve this order only when both source and target packages are active; infer no code/API integration from the ordering declaration.","RR-STA","Yes","In-profile endpoints share non-generic feature tag(s): RR-STA. Candidate only; runtime test pending.","Pending; not run; no compatibility claim."
"RIMREL-20260927-0048","48","22","[XND] Visible Pants","XeoNovaDan.VisiblePants","RR-STYLE;RR-STA;RR-COMPAT","docs/research/reviews/mods/2264108215-XeoNovaDan.VisiblePants.md","LoadAfter","1","Harmony","brrainz.harmony","True","In selected 294-mod profile","RR-MP;RR-COMPAT","docs/research/reviews/mods/2009463077-brrainz.harmony.md","workshop/294100/2264108215/About/About.xml","641C1BE551727D8ED7523ADF72B216E9592BEFC16C69043CDD809D6C13FCD53F","Installed relationship-export metadata only; preserve exact declaration/path/hash fields; not publisher/code confirmation or runtime result.","Conservative project rule derived from relationship type and profile presence; not an upstream claim or compatibility finding.","Preserve this order only when both source and target packages are active; infer no code/API integration from the ordering declaration.","","No","No shared non-generic feature tags between in-profile endpoints; RR-COMPAT is excluded by rule.","Pending; not run; no compatibility claim."
"RIMREL-20260927-0049","49","23","A Dog Said... Animal Prosthetics 2","SamBucher.ADogSaidAnimalProsthetics2","RR-STA;RR-EXP;RR-COMPAT","docs/research/reviews/mods/3238353862-SamBucher.ADogSaidAnimalProsthetics2.md","LoadAfter","12","XML Extensions","imranfish.xmlextensions","True","In selected 294-mod profile","RR-COMPAT","docs/research/reviews/mods/2574315206-imranfish.xmlextensions.md","workshop/294100/3238353862/About/About.xml","1961D14413EA36E86E6FF63147D995358F6B20607961BF13DF0B4CD5A2B7534E","Installed relationship-export metadata only; preserve exact declaration/path/hash fields; not publisher/code confirmation or runtime result.","Conservative project rule derived from relationship type and profile presence; not an upstream claim or compatibility finding.","Preserve this order only when both source and target packages are active; infer no code/API integration from the ordering declaration.","","No","No shared non-generic feature tags between in-profile endpoints; RR-COMPAT is excluded by rule.","Pending; not run; no compatibility claim."
"RIMREL-20260927-0050","50","23","A Dog Said... Animal Prosthetics 2","SamBucher.ADogSaidAnimalProsthetics2","RR-STA;RR-EXP;RR-COMPAT","docs/research/reviews/mods/3238353862-SamBucher.ADogSaidAnimalProsthetics2.md","LoadAfter","","","vat.epoeforked","False","Outside selected 294-mod profile","","","workshop/294100/3238353862/About/About.xml","1961D14413EA36E86E6FF63147D995358F6B20607961BF13DF0B4CD5A2B7534E","Installed relationship-export metadata only; preserve exact declaration/path/hash fields; not publisher/code confirmation or runtime result.","Conservative project rule derived from relationship type and profile presence; not an upstream claim or compatibility finding.","No ordering action while the target is outside this profile; do not add it solely for this declaration. If both packages are later active, preserve the declared order; infer no code/API integration.","","No","Target is outside the selected 294-row profile; no in-profile endpoint feature comparison is asserted.","Pending; not run; no compatibility claim."
"RIMREL-20260927-0051","51","23","A Dog Said... Animal Prosthetics 2","SamBucher.ADogSaidAnimalProsthetics2","RR-STA;RR-EXP;RR-COMPAT","docs/research/reviews/mods/3238353862-SamBucher.ADogSaidAnimalProsthetics2.md","LoadAfter","","","mse2.core","False","Outside selected 294-mod profile","","","workshop/294100/3238353862/About/About.xml","1961D14413EA36E86E6FF63147D995358F6B20607961BF13DF0B4CD5A2B7534E","Installed relationship-export metadata only; preserve exact declaration/path/hash fields; not publisher/code confirmation or runtime result.","Conservative project rule derived from relationship type and profile presence; not an upstream claim or compatibility finding.","No ordering action while the target is outside this profile; do not add it solely for this declaration. If both packages are later active, preserve the declared order; infer no code/API integration.","","No","Target is outside the selected 294-row profile; no in-profile endpoint feature comparison is asserted.","Pending; not run; no compatibility claim."
"RIMREL-20260927-0052","52","23","A Dog Said... Animal Prosthetics 2","SamBucher.ADogSaidAnimalProsthetics2","RR-STA;RR-EXP;RR-COMPAT","docs/research/reviews/mods/3238353862-SamBucher.ADogSaidAnimalProsthetics2.md","LoadAfter","","","v1024.ebframework","False","Outside selected 294-mod profile","","","workshop/294100/3238353862/About/About.xml","1961D14413EA36E86E6FF63147D995358F6B20607961BF13DF0B4CD5A2B7534E","Installed relationship-export metadata only; preserve exact declaration/path/hash fields; not publisher/code confirmation or runtime result.","Conservative project rule derived from relationship type and profile presence; not an upstream claim or compatibility finding.","No ordering action while the target is outside this profile; do not add it solely for this declaration. If both packages are later active, preserve the declared order; infer no code/API integration.","","No","Target is outside the selected 294-row profile; no in-profile endpoint feature comparison is asserted.","Pending; not run; no compatibility claim."
"RIMREL-20260927-0053","53","23","A Dog Said... Animal Prosthetics 2","SamBucher.ADogSaidAnimalProsthetics2","RR-STA;RR-EXP;RR-COMPAT","docs/research/reviews/mods/3238353862-SamBucher.ADogSaidAnimalProsthetics2.md","LoadAfter","","","regrowth.botr.core","False","Outside selected 294-mod profile","","","workshop/294100/3238353862/About/About.xml","1961D14413EA36E86E6FF63147D995358F6B20607961BF13DF0B4CD5A2B7534E","Installed relationship-export metadata only; preserve exact declaration/path/hash fields; not publisher/code confirmation or runtime result.","Conservative project rule derived from relationship type and profile presence; not an upstream claim or compatibility finding.","No ordering action while the target is outside this profile; do not add it solely for this declaration. If both packages are later active, preserve the declared order; infer no code/API integration.","","No","Target is outside the selected 294-row profile; no in-profile endpoint feature comparison is asserted.","Pending; not run; no compatibility claim."
"RIMREL-20260927-0054","54","23","A Dog Said... Animal Prosthetics 2","SamBucher.ADogSaidAnimalProsthetics2","RR-STA;RR-EXP;RR-COMPAT","docs/research/reviews/mods/3238353862-SamBucher.ADogSaidAnimalProsthetics2.md","LoadAfter","","","regrowth.botr.boilingforest","False","Outside selected 294-mod profile","","","workshop/294100/3238353862/About/About.xml","1961D14413EA36E86E6FF63147D995358F6B20607961BF13DF0B4CD5A2B7534E","Installed relationship-export metadata only; preserve exact declaration/path/hash fields; not publisher/code confirmation or runtime result.","Conservative project rule derived from relationship type and profile presence; not an upstream claim or compatibility finding.","No ordering action while the target is outside this profile; do not add it solely for this declaration. If both packages are later active, preserve the declared order; infer no code/API integration.","","No","Target is outside the selected 294-row profile; no in-profile endpoint feature comparison is asserted.","Pending; not run; no compatibility claim."
"RIMREL-20260927-0055","55","23","A Dog Said... Animal Prosthetics 2","SamBucher.ADogSaidAnimalProsthetics2","RR-STA;RR-EXP;RR-COMPAT","docs/research/reviews/mods/3238353862-SamBucher.ADogSaidAnimalProsthetics2.md","LoadAfter","","","regrowth.botr.extinctanimalspack","False","Outside selected 294-mod profile","","","workshop/294100/3238353862/About/About.xml","1961D14413EA36E86E6FF63147D995358F6B20607961BF13DF0B4CD5A2B7534E","Installed relationship-export metadata only; preserve exact declaration/path/hash fields; not publisher/code confirmation or runtime result.","Conservative project rule derived from relationship type and profile presence; not an upstream claim or compatibility finding.","No ordering action while the target is outside this profile; do not add it solely for this declaration. If both packages are later active, preserve the declared order; infer no code/API integration.","","No","Target is outside the selected 294-row profile; no in-profile endpoint feature comparison is asserted.","Pending; not run; no compatibility claim."
"RIMREL-20260927-0056","56","23","A Dog Said... Animal Prosthetics 2","SamBucher.ADogSaidAnimalProsthetics2","RR-STA;RR-EXP;RR-COMPAT","docs/research/reviews/mods/3238353862-SamBucher.ADogSaidAnimalProsthetics2.md","LoadAfter","","","regrowth.botr.wastelands","False","Outside selected 294-mod profile","","","workshop/294100/3238353862/About/About.xml","1961D14413EA36E86E6FF63147D995358F6B20607961BF13DF0B4CD5A2B7534E","Installed relationship-export metadata only; preserve exact declaration/path/hash fields; not publisher/code confirmation or runtime result.","Conservative project rule derived from relationship type and profile presence; not an upstream claim or compatibility finding.","No ordering action while the target is outside this profile; do not add it solely for this declaration. If both packages are later active, preserve the declared order; infer no code/API integration.","","No","Target is outside the selected 294-row profile; no in-profile endpoint feature comparison is asserted.","Pending; not run; no compatibility claim."
"RIMREL-20260927-0057","57","23","A Dog Said... Animal Prosthetics 2","SamBucher.ADogSaidAnimalProsthetics2","RR-STA;RR-EXP;RR-COMPAT","docs/research/reviews/mods/3238353862-SamBucher.ADogSaidAnimalProsthetics2.md","LoadAfter","","","vanillaexpanded.vanillaanimalsexpanded","False","Outside selected 294-mod profile","","","workshop/294100/3238353862/About/About.xml","1961D14413EA36E86E6FF63147D995358F6B20607961BF13DF0B4CD5A2B7534E","Installed relationship-export metadata only; preserve exact declaration/path/hash fields; not publisher/code confirmation or runtime result.","Conservative project rule derived from relationship type and profile presence; not an upstream claim or compatibility finding.","No ordering action while the target is outside this profile; do not add it solely for this declaration. If both packages are later active, preserve the declared order; infer no code/API integration.","","No","Target is outside the selected 294-row profile; no in-profile endpoint feature comparison is asserted.","Pending; not run; no compatibility claim."
"RIMREL-20260927-0058","58","23","A Dog Said... Animal Prosthetics 2","SamBucher.ADogSaidAnimalProsthetics2","RR-STA;RR-EXP;RR-COMPAT","docs/research/reviews/mods/3238353862-SamBucher.ADogSaidAnimalProsthetics2.md","LoadAfter","","","vanillaexpanded.vaeendandext","False","Outside selected 294-mod profile","","","workshop/294100/3238353862/About/About.xml","1961D14413EA36E86E6FF63147D995358F6B20607961BF13DF0B4CD5A2B7534E","Installed relationship-export metadata only; preserve exact declaration/path/hash fields; not publisher/code confirmation or runtime result.","Conservative project rule derived from relationship type and profile presence; not an upstream claim or compatibility finding.","No ordering action while the target is outside this profile; do not add it solely for this declaration. If both packages are later active, preserve the declared order; infer no code/API integration.","","No","Target is outside the selected 294-row profile; no in-profile endpoint feature comparison is asserted.","Pending; not run; no compatibility claim."
"RIMREL-20260927-0059","59","23","A Dog Said... Animal Prosthetics 2","SamBucher.ADogSaidAnimalProsthetics2","RR-STA;RR-EXP;RR-COMPAT","docs/research/reviews/mods/3238353862-SamBucher.ADogSaidAnimalProsthetics2.md","LoadAfter","","","vanillaexpanded.vaeroy","False","Outside selected 294-mod profile","","","workshop/294100/3238353862/About/About.xml","1961D14413EA36E86E6FF63147D995358F6B20607961BF13DF0B4CD5A2B7534E","Installed relationship-export metadata only; preserve exact declaration/path/hash fields; not publisher/code confirmation or runtime result.","Conservative project rule derived from relationship type and profile presence; not an upstream claim or compatibility finding.","No ordering action while the target is outside this profile; do not add it solely for this declaration. If both packages are later active, preserve the declared order; infer no code/API integration.","","No","Target is outside the selected 294-row profile; no in-profile endpoint feature comparison is asserted.","Pending; not run; no compatibility claim."
"RIMREL-20260927-0060","60","23","A Dog Said... Animal Prosthetics 2","SamBucher.ADogSaidAnimalProsthetics2","RR-STA;RR-EXP;RR-COMPAT","docs/research/reviews/mods/3238353862-SamBucher.ADogSaidAnimalProsthetics2.md","LoadAfter","","","vanillaexpanded.vaewaste","False","Outside selected 294-mod profile","","","workshop/294100/3238353862/About/About.xml","1961D14413EA36E86E6FF63147D995358F6B20607961BF13DF0B4CD5A2B7534E","Installed relationship-export metadata only; preserve exact declaration/path/hash fields; not publisher/code confirmation or runtime result.","Conservative project rule derived from relationship type and profile presence; not an upstream claim or compatibility finding.","No ordering action while the target is outside this profile; do not add it solely for this declaration. If both packages are later active, preserve the declared order; infer no code/API integration.","","No","Target is outside the selected 294-row profile; no in-profile endpoint feature comparison is asserted.","Pending; not run; no compatibility claim."
"RIMREL-20260927-0061","61","23","A Dog Said... Animal Prosthetics 2","SamBucher.ADogSaidAnimalProsthetics2","RR-STA;RR-EXP;RR-COMPAT","docs/research/reviews/mods/3238353862-SamBucher.ADogSaidAnimalProsthetics2.md","LoadAfter","","","ACPteam.ACPVanillaStyle","False","Outside selected 294-mod profile","","","workshop/294100/3238353862/About/About.xml","1961D14413EA36E86E6FF63147D995358F6B20607961BF13DF0B4CD5A2B7534E","Installed relationship-export metadata only; preserve exact declaration/path/hash fields; not publisher/code confirmation or runtime result.","Conservative project rule derived from relationship type and profile presence; not an upstream claim or compatibility finding.","No ordering action while the target is outside this profile; do not add it solely for this declaration. If both packages are later active, preserve the declared order; infer no code/API integration.","","No","Target is outside the selected 294-row profile; no in-profile endpoint feature comparison is asserted.","Pending; not run; no compatibility claim."
"RIMREL-20260927-0062","62","23","A Dog Said... Animal Prosthetics 2","SamBucher.ADogSaidAnimalProsthetics2","RR-STA;RR-EXP;RR-COMPAT","docs/research/reviews/mods/3238353862-SamBucher.ADogSaidAnimalProsthetics2.md","LoadAfter","","","Scurvyez.StevesLoons","False","Outside selected 294-mod profile","","","workshop/294100/3238353862/About/About.xml","1961D14413EA36E86E6FF63147D995358F6B20607961BF13DF0B4CD5A2B7534E","Installed relationship-export metadata only; preserve exact declaration/path/hash fields; not publisher/code confirmation or runtime result.","Conservative project rule derived from relationship type and profile presence; not an upstream claim or compatibility finding.","No ordering action while the target is outside this profile; do not add it solely for this declaration. If both packages are later active, preserve the declared order; infer no code/API integration.","","No","Target is outside the selected 294-row profile; no in-profile endpoint feature comparison is asserted.","Pending; not run; no compatibility claim."
"RIMREL-20260927-0063","63","23","A Dog Said... Animal Prosthetics 2","SamBucher.ADogSaidAnimalProsthetics2","RR-STA;RR-EXP;RR-COMPAT","docs/research/reviews/mods/3238353862-SamBucher.ADogSaidAnimalProsthetics2.md","LoadAfter","","","Erin.FFAnimals","False","Outside selected 294-mod profile","","","workshop/294100/3238353862/About/About.xml","1961D14413EA36E86E6FF63147D995358F6B20607961BF13DF0B4CD5A2B7534E","Installed relationship-export metadata only; preserve exact declaration/path/hash fields; not publisher/code confirmation or runtime result.","Conservative project rule derived from relationship type and profile presence; not an upstream claim or compatibility finding.","No ordering action while the target is outside this profile; do not add it solely for this declaration. If both packages are later active, preserve the declared order; infer no code/API integration.","","No","Target is outside the selected 294-row profile; no in-profile endpoint feature comparison is asserted.","Pending; not run; no compatibility claim."
"RIMREL-20260927-0064","64","23","A Dog Said... Animal Prosthetics 2","SamBucher.ADogSaidAnimalProsthetics2","RR-STA;RR-EXP;RR-COMPAT","docs/research/reviews/mods/3238353862-SamBucher.ADogSaidAnimalProsthetics2.md","LoadAfter","","","Erin.AzaphraeBiotech","False","Outside selected 294-mod profile","","","workshop/294100/3238353862/About/About.xml","1961D14413EA36E86E6FF63147D995358F6B20607961BF13DF0B4CD5A2B7534E","Installed relationship-export metadata only; preserve exact declaration/path/hash fields; not publisher/code confirmation or runtime result.","Conservative project rule derived from relationship type and profile presence; not an upstream claim or compatibility finding.","No ordering action while the target is outside this profile; do not add it solely for this declaration. If both packages are later active, preserve the declared order; infer no code/API integration.","","No","Target is outside the selected 294-row profile; no in-profile endpoint feature comparison is asserted.","Pending; not run; no compatibility claim."
"RIMREL-20260927-0065","65","23","A Dog Said... Animal Prosthetics 2","SamBucher.ADogSaidAnimalProsthetics2","RR-STA;RR-EXP;RR-COMPAT","docs/research/reviews/mods/3238353862-SamBucher.ADogSaidAnimalProsthetics2.md","LoadAfter","","","Erin.LizzardDoggo","False","Outside selected 294-mod profile","","","workshop/294100/3238353862/About/About.xml","1961D14413EA36E86E6FF63147D995358F6B20607961BF13DF0B4CD5A2B7534E","Installed relationship-export metadata only; preserve exact declaration/path/hash fields; not publisher/code confirmation or runtime result.","Conservative project rule derived from relationship type and profile presence; not an upstream claim or compatibility finding.","No ordering action while the target is outside this profile; do not add it solely for this declaration. If both packages are later active, preserve the declared order; infer no code/API integration.","","No","Target is outside the selected 294-row profile; no in-profile endpoint feature comparison is asserted.","Pending; not run; no compatibility claim."
"RIMREL-20260927-0066","66","23","A Dog Said... Animal Prosthetics 2","SamBucher.ADogSaidAnimalProsthetics2","RR-STA;RR-EXP;RR-COMPAT","docs/research/reviews/mods/3238353862-SamBucher.ADogSaidAnimalProsthetics2.md","LoadAfter","","","Erin.Ferret","False","Outside selected 294-mod profile","","","workshop/294100/3238353862/About/About.xml","1961D14413EA36E86E6FF63147D995358F6B20607961BF13DF0B4CD5A2B7534E","Installed relationship-export metadata only; preserve exact declaration/path/hash fields; not publisher/code confirmation or runtime result.","Conservative project rule derived from relationship type and profile presence; not an upstream claim or compatibility finding.","No ordering action while the target is outside this profile; do not add it solely for this declaration. If both packages are later active, preserve the declared order; infer no code/API integration.","","No","Target is outside the selected 294-row profile; no in-profile endpoint feature comparison is asserted.","Pending; not run; no compatibility claim."
"RIMREL-20260927-0067","67","23","A Dog Said... Animal Prosthetics 2","SamBucher.ADogSaidAnimalProsthetics2","RR-STA;RR-EXP;RR-COMPAT","docs/research/reviews/mods/3238353862-SamBucher.ADogSaidAnimalProsthetics2.md","LoadAfter","","","Erin.Mountain","False","Outside selected 294-mod profile","","","workshop/294100/3238353862/About/About.xml","1961D14413EA36E86E6FF63147D995358F6B20607961BF13DF0B4CD5A2B7534E","Installed relationship-export metadata only; preserve exact declaration/path/hash fields; not publisher/code confirmation or runtime result.","Conservative project rule derived from relationship type and profile presence; not an upstream claim or compatibility finding.","No ordering action while the target is outside this profile; do not add it solely for this declaration. If both packages are later active, preserve the declared order; infer no code/API integration.","","No","Target is outside the selected 294-row profile; no in-profile endpoint feature comparison is asserted.","Pending; not run; no compatibility claim."
"RIMREL-20260927-0068","68","23","A Dog Said... Animal Prosthetics 2","SamBucher.ADogSaidAnimalProsthetics2","RR-STA;RR-EXP;RR-COMPAT","docs/research/reviews/mods/3238353862-SamBucher.ADogSaidAnimalProsthetics2.md","LoadAfter","","","Erin.Palamutes","False","Outside selected 294-mod profile","","","workshop/294100/3238353862/About/About.xml","1961D14413EA36E86E6FF63147D995358F6B20607961BF13DF0B4CD5A2B7534E","Installed relationship-export metadata only; preserve exact declaration/path/hash fields; not publisher/code confirmation or runtime result.","Conservative project rule derived from relationship type and profile presence; not an upstream claim or compatibility finding.","No ordering action while the target is outside this profile; do not add it solely for this declaration. If both packages are later active, preserve the declared order; infer no code/API integration.","","No","Target is outside the selected 294-row profile; no in-profile endpoint feature comparison is asserted.","Pending; not run; no compatibility claim."
"RIMREL-20260927-0069","69","23","A Dog Said... Animal Prosthetics 2","SamBucher.ADogSaidAnimalProsthetics2","RR-STA;RR-EXP;RR-COMPAT","docs/research/reviews/mods/3238353862-SamBucher.ADogSaidAnimalProsthetics2.md","LoadAfter","","","Erin.Valheim.Creatures","False","Outside selected 294-mod profile","","","workshop/294100/3238353862/About/About.xml","1961D14413EA36E86E6FF63147D995358F6B20607961BF13DF0B4CD5A2B7534E","Installed relationship-export metadata only; preserve exact declaration/path/hash fields; not publisher/code confirmation or runtime result.","Conservative project rule derived from relationship type and profile presence; not an upstream claim or compatibility finding.","No ordering action while the target is outside this profile; do not add it solely for this declaration. If both packages are later active, preserve the declared order; infer no code/API integration.","","No","Target is outside the selected 294-row profile; no in-profile endpoint feature comparison is asserted.","Pending; not run; no compatibility claim."
"RIMREL-20260927-0070","70","23","A Dog Said... Animal Prosthetics 2","SamBucher.ADogSaidAnimalProsthetics2","RR-STA;RR-EXP;RR-COMPAT","docs/research/reviews/mods/3238353862-SamBucher.ADogSaidAnimalProsthetics2.md","LoadAfter","","","Erin.Wildlife","False","Outside selected 294-mod profile","","","workshop/294100/3238353862/About/About.xml","1961D14413EA36E86E6FF63147D995358F6B20607961BF13DF0B4CD5A2B7534E","Installed relationship-export metadata only; preserve exact declaration/path/hash fields; not publisher/code confirmation or runtime result.","Conservative project rule derived from relationship type and profile presence; not an upstream claim or compatibility finding.","No ordering action while the target is outside this profile; do not add it solely for this declaration. If both packages are later active, preserve the declared order; infer no code/API integration.","","No","Target is outside the selected 294-row profile; no in-profile endpoint feature comparison is asserted.","Pending; not run; no compatibility claim."
"RIMREL-20260927-0071","71","23","A Dog Said... Animal Prosthetics 2","SamBucher.ADogSaidAnimalProsthetics2","RR-STA;RR-EXP;RR-COMPAT","docs/research/reviews/mods/3238353862-SamBucher.ADogSaidAnimalProsthetics2.md","LoadAfter","","","oblitus.housekeeperassistancecat","False","Outside selected 294-mod profile","","","workshop/294100/3238353862/About/About.xml","1961D14413EA36E86E6FF63147D995358F6B20607961BF13DF0B4CD5A2B7534E","Installed relationship-export metadata only; preserve exact declaration/path/hash fields; not publisher/code confirmation or runtime result.","Conservative project rule derived from relationship type and profile presence; not an upstream claim or compatibility finding.","No ordering action while the target is outside this profile; do not add it solely for this declaration. If both packages are later active, preserve the declared order; infer no code/API integration.","","No","Target is outside the selected 294-row profile; no in-profile endpoint feature comparison is asserted.","Pending; not run; no compatibility claim."
"RIMREL-20260927-0072","72","23","A Dog Said... Animal Prosthetics 2","SamBucher.ADogSaidAnimalProsthetics2","RR-STA;RR-EXP;RR-COMPAT","docs/research/reviews/mods/3238353862-SamBucher.ADogSaidAnimalProsthetics2.md","LoadAfter","","","onyxae.dragonsdescent","False","Outside selected 294-mod profile","","","workshop/294100/3238353862/About/About.xml","1961D14413EA36E86E6FF63147D995358F6B20607961BF13DF0B4CD5A2B7534E","Installed relationship-export metadata only; preserve exact declaration/path/hash fields; not publisher/code confirmation or runtime result.","Conservative project rule derived from relationship type and profile presence; not an upstream claim or compatibility finding.","No ordering action while the target is outside this profile; do not add it solely for this declaration. If both packages are later active, preserve the declared order; infer no code/API integration.","","No","Target is outside the selected 294-row profile; no in-profile endpoint feature comparison is asserted.","Pending; not run; no compatibility claim."
"RIMREL-20260927-0073","73","23","A Dog Said... Animal Prosthetics 2","SamBucher.ADogSaidAnimalProsthetics2","RR-STA;RR-EXP;RR-COMPAT","docs/research/reviews/mods/3238353862-SamBucher.ADogSaidAnimalProsthetics2.md","LoadAfter","","","Mlie.MoreThrumbos","False","Outside selected 294-mod profile","","","workshop/294100/3238353862/About/About.xml","1961D14413EA36E86E6FF63147D995358F6B20607961BF13DF0B4CD5A2B7534E","Installed relationship-export metadata only; preserve exact declaration/path/hash fields; not publisher/code confirmation or runtime result.","Conservative project rule derived from relationship type and profile presence; not an upstream claim or compatibility finding.","No ordering action while the target is outside this profile; do not add it solely for this declaration. If both packages are later active, preserve the declared order; infer no code/API integration.","","No","Target is outside the selected 294-row profile; no in-profile endpoint feature comparison is asserted.","Pending; not run; no compatibility claim."
"RIMREL-20260927-0074","74","23","A Dog Said... Animal Prosthetics 2","SamBucher.ADogSaidAnimalProsthetics2","RR-STA;RR-EXP;RR-COMPAT","docs/research/reviews/mods/3238353862-SamBucher.ADogSaidAnimalProsthetics2.md","LoadAfter","","","Maximilian.MoreThrumbos","False","Outside selected 294-mod profile","","","workshop/294100/3238353862/About/About.xml","1961D14413EA36E86E6FF63147D995358F6B20607961BF13DF0B4CD5A2B7534E","Installed relationship-export metadata only; preserve exact declaration/path/hash fields; not publisher/code confirmation or runtime result.","Conservative project rule derived from relationship type and profile presence; not an upstream claim or compatibility finding.","No ordering action while the target is outside this profile; do not add it solely for this declaration. If both packages are later active, preserve the declared order; infer no code/API integration.","","No","Target is outside the selected 294-row profile; no in-profile endpoint feature comparison is asserted.","Pending; not run; no compatibility claim."
"RIMREL-20260927-0075","75","23","A Dog Said... Animal Prosthetics 2","SamBucher.ADogSaidAnimalProsthetics2","RR-STA;RR-EXP;RR-COMPAT","docs/research/reviews/mods/3238353862-SamBucher.ADogSaidAnimalProsthetics2.md","LoadAfter","","","spincrus.dinosauria","False","Outside selected 294-mod profile","","","workshop/294100/3238353862/About/About.xml","1961D14413EA36E86E6FF63147D995358F6B20607961BF13DF0B4CD5A2B7534E","Installed relationship-export metadata only; preserve exact declaration/path/hash fields; not publisher/code confirmation or runtime result.","Conservative project rule derived from relationship type and profile presence; not an upstream claim or compatibility finding.","No ordering action while the target is outside this profile; do not add it solely for this declaration. If both packages are later active, preserve the declared order; infer no code/API integration.","","No","Target is outside the selected 294-row profile; no in-profile endpoint feature comparison is asserted.","Pending; not run; no compatibility claim."
"RIMREL-20260927-0076","76","23","A Dog Said... Animal Prosthetics 2","SamBucher.ADogSaidAnimalProsthetics2","RR-STA;RR-EXP;RR-COMPAT","docs/research/reviews/mods/3238353862-SamBucher.ADogSaidAnimalProsthetics2.md","LoadAfter","","","el.kenshifauna","False","Outside selected 294-mod profile","","","workshop/294100/3238353862/About/About.xml","1961D14413EA36E86E6FF63147D995358F6B20607961BF13DF0B4CD5A2B7534E","Installed relationship-export metadata only; preserve exact declaration/path/hash fields; not publisher/code confirmation or runtime result.","Conservative project rule derived from relationship type and profile presence; not an upstream claim or compatibility finding.","No ordering action while the target is outside this profile; do not add it solely for this declaration. If both packages are later active, preserve the declared order; infer no code/API integration.","","No","Target is outside the selected 294-row profile; no in-profile endpoint feature comparison is asserted.","Pending; not run; no compatibility claim."
"RIMREL-20260927-0077","77","23","A Dog Said... Animal Prosthetics 2","SamBucher.ADogSaidAnimalProsthetics2","RR-STA;RR-EXP;RR-COMPAT","docs/research/reviews/mods/3238353862-SamBucher.ADogSaidAnimalProsthetics2.md","LoadAfter","","","tachyonite.pawnmorpherpublic","False","Outside selected 294-mod profile","","","workshop/294100/3238353862/About/About.xml","1961D14413EA36E86E6FF63147D995358F6B20607961BF13DF0B4CD5A2B7534E","Installed relationship-export metadata only; preserve exact declaration/path/hash fields; not publisher/code confirmation or runtime result.","Conservative project rule derived from relationship type and profile presence; not an upstream claim or compatibility finding.","No ordering action while the target is outside this profile; do not add it solely for this declaration. If both packages are later active, preserve the declared order; infer no code/API integration.","","No","Target is outside the selected 294-row profile; no in-profile endpoint feature comparison is asserted.","Pending; not run; no compatibility claim."
"RIMREL-20260927-0078","78","23","A Dog Said... Animal Prosthetics 2","SamBucher.ADogSaidAnimalProsthetics2","RR-STA;RR-EXP;RR-COMPAT","docs/research/reviews/mods/3238353862-SamBucher.ADogSaidAnimalProsthetics2.md","LoadAfter","","","Rihlsul.AlbinoFluffy","False","Outside selected 294-mod profile","","","workshop/294100/3238353862/About/About.xml","1961D14413EA36E86E6FF63147D995358F6B20607961BF13DF0B4CD5A2B7534E","Installed relationship-export metadata only; preserve exact declaration/path/hash fields; not publisher/code confirmation or runtime result.","Conservative project rule derived from relationship type and profile presence; not an upstream claim or compatibility finding.","No ordering action while the target is outside this profile; do not add it solely for this declaration. If both packages are later active, preserve the declared order; infer no code/API integration.","","No","Target is outside the selected 294-row profile; no in-profile endpoint feature comparison is asserted.","Pending; not run; no compatibility claim."
"RIMREL-20260927-0079","79","23","A Dog Said... Animal Prosthetics 2","SamBucher.ADogSaidAnimalProsthetics2","RR-STA;RR-EXP;RR-COMPAT","docs/research/reviews/mods/3238353862-SamBucher.ADogSaidAnimalProsthetics2.md","LoadAfter","","","Rihlsul.BigFluffy","False","Outside selected 294-mod profile","","","workshop/294100/3238353862/About/About.xml","1961D14413EA36E86E6FF63147D995358F6B20607961BF13DF0B4CD5A2B7534E","Installed relationship-export metadata only; preserve exact declaration/path/hash fields; not publisher/code confirmation or runtime result.","Conservative project rule derived from relationship type and profile presence; not an upstream claim or compatibility finding.","No ordering action while the target is outside this profile; do not add it solely for this declaration. If both packages are later active, preserve the declared order; infer no code/API integration.","","No","Target is outside the selected 294-row profile; no in-profile endpoint feature comparison is asserted.","Pending; not run; no compatibility claim."
"RIMREL-20260927-0080","80","23","A Dog Said... Animal Prosthetics 2","SamBucher.ADogSaidAnimalProsthetics2","RR-STA;RR-EXP;RR-COMPAT","docs/research/reviews/mods/3238353862-SamBucher.ADogSaidAnimalProsthetics2.md","IncompatibleWith","","","spoonshortage.adogsaidanimalprosthetics","False","Outside selected 294-mod profile","","","workshop/294100/3238353862/About/About.xml","1961D14413EA36E86E6FF63147D995358F6B20607961BF13DF0B4CD5A2B7534E","Installed relationship-export metadata only; preserve exact declaration/path/hash fields; not publisher/code confirmation or runtime result.","Conservative project rule derived from relationship type and profile presence; not an upstream claim or compatibility finding.","Keep the declared target outside the Rimrooms profile; do not auto-add it. If a future profile selects both endpoints, block the pair pending owner review and exact-profile testing.","","No","Target is outside the selected 294-row profile; no in-profile endpoint feature comparison is asserted.","Pending; not run; no compatibility claim."
"RIMREL-20260927-0081","81","24","Adaptive Ideology Storage","Adaptive.Ideology.Storage","RR-FAC;RR-EVD;RR-DLC;RR-COMPAT","docs/research/reviews/mods/3301337278-Adaptive.Ideology.Storage.md","Requires","6","Ideology","Ludeon.RimWorld.Ideology","True","In selected 294-mod profile","RR-STA;RR-DLC;RR-COMPAT","docs/research/reviews/mods/official-6-Ludeon.RimWorld.Ideology.md","workshop/294100/3301337278/About/About.xml","D429127B303862C4014EB83CD45A9CD8FB18394FB0A2D6034E5233E1CEA26190","Installed relationship-export metadata only; preserve exact declaration/path/hash fields; not publisher/code confirmation or runtime result.","Conservative project rule derived from relationship type and profile presence; not an upstream claim or compatibility finding.","Honor the source mod's declared dependency only while that source mod is enabled; do not make an optional source mod or optional dependency a Rimrooms hard dependency.","RR-DLC","Yes","In-profile endpoints share non-generic feature tag(s): RR-DLC. Candidate only; runtime test pending.","Pending; not run; no compatibility claim."
"RIMREL-20260927-0082","82","24","Adaptive Ideology Storage","Adaptive.Ideology.Storage","RR-FAC;RR-EVD;RR-DLC;RR-COMPAT","docs/research/reviews/mods/3301337278-Adaptive.Ideology.Storage.md","Requires","10","Adaptive Storage Framework","adaptive.storage.framework","True","In selected 294-mod profile","RR-FAC;RR-EVD;RR-COMPAT","docs/research/reviews/mods/3033901359-adaptive.storage.framework.md","workshop/294100/3301337278/About/About.xml","D429127B303862C4014EB83CD45A9CD8FB18394FB0A2D6034E5233E1CEA26190","Installed relationship-export metadata only; preserve exact declaration/path/hash fields; not publisher/code confirmation or runtime result.","Conservative project rule derived from relationship type and profile presence; not an upstream claim or compatibility finding.","Honor the source mod's declared dependency only while that source mod is enabled; do not make an optional source mod or optional dependency a Rimrooms hard dependency.","RR-EVD;RR-FAC","Yes","In-profile endpoints share non-generic feature tag(s): RR-EVD;RR-FAC. Candidate only; runtime test pending.","Pending; not run; no compatibility claim."
"RIMREL-20260927-0083","83","24","Adaptive Ideology Storage","Adaptive.Ideology.Storage","RR-FAC;RR-EVD;RR-DLC;RR-COMPAT","docs/research/reviews/mods/3301337278-Adaptive.Ideology.Storage.md","LoadAfter","4","Core","Ludeon.RimWorld","True","In selected 294-mod profile","RR-SCEN;RR-FAC;RR-STA;RR-GATE;RR-EXP;RR-SPACE;RR-EVD;RR-THREAT;RR-MSN;RR-ECO;RR-OUT;RR-DLC;RR-UI;RR-COMPAT","docs/research/reviews/mods/official-4-Ludeon.RimWorld.md","workshop/294100/3301337278/About/About.xml","D429127B303862C4014EB83CD45A9CD8FB18394FB0A2D6034E5233E1CEA26190","Installed relationship-export metadata only; preserve exact declaration/path/hash fields; not publisher/code confirmation or runtime result.","Conservative project rule derived from relationship type and profile presence; not an upstream claim or compatibility finding.","Preserve this order only when both source and target packages are active; infer no code/API integration from the ordering declaration.","RR-DLC;RR-EVD;RR-FAC","Yes","In-profile endpoints share non-generic feature tag(s): RR-DLC;RR-EVD;RR-FAC. Candidate only; runtime test pending.","Pending; not run; no compatibility claim."
"RIMREL-20260927-0084","84","24","Adaptive Ideology Storage","Adaptive.Ideology.Storage","RR-FAC;RR-EVD;RR-DLC;RR-COMPAT","docs/research/reviews/mods/3301337278-Adaptive.Ideology.Storage.md","LoadAfter","6","Ideology","Ludeon.RimWorld.Ideology","True","In selected 294-mod profile","RR-STA;RR-DLC;RR-COMPAT","docs/research/reviews/mods/official-6-Ludeon.RimWorld.Ideology.md","workshop/294100/3301337278/About/About.xml","D429127B303862C4014EB83CD45A9CD8FB18394FB0A2D6034E5233E1CEA26190","Installed relationship-export metadata only; preserve exact declaration/path/hash fields; not publisher/code confirmation or runtime result.","Conservative project rule derived from relationship type and profile presence; not an upstream claim or compatibility finding.","Preserve this order only when both source and target packages are active; infer no code/API integration from the ordering declaration.","RR-DLC","Yes","In-profile endpoints share non-generic feature tag(s): RR-DLC. Candidate only; runtime test pending.","Pending; not run; no compatibility claim."
"RIMREL-20260927-0085","85","24","Adaptive Ideology Storage","Adaptive.Ideology.Storage","RR-FAC;RR-EVD;RR-DLC;RR-COMPAT","docs/research/reviews/mods/3301337278-Adaptive.Ideology.Storage.md","LoadAfter","10","Adaptive Storage Framework","adaptive.storage.framework","True","In selected 294-mod profile","RR-FAC;RR-EVD;RR-COMPAT","docs/research/reviews/mods/3033901359-adaptive.storage.framework.md","workshop/294100/3301337278/About/About.xml","D429127B303862C4014EB83CD45A9CD8FB18394FB0A2D6034E5233E1CEA26190","Installed relationship-export metadata only; preserve exact declaration/path/hash fields; not publisher/code confirmation or runtime result.","Conservative project rule derived from relationship type and profile presence; not an upstream claim or compatibility finding.","Preserve this order only when both source and target packages are active; infer no code/API integration from the ordering declaration.","RR-EVD;RR-FAC","Yes","In-profile endpoints share non-generic feature tag(s): RR-EVD;RR-FAC. Candidate only; runtime test pending.","Pending; not run; no compatibility claim."
"RIMREL-20260927-0086","86","25","Adaptive Primitive Storage","Adaptive.PrimitiveStorage","RR-FAC;RR-EVD;RR-OUT;RR-COMPAT","docs/research/reviews/mods/3400037215-Adaptive.PrimitiveStorage.md","Requires","1","Harmony","brrainz.harmony","True","In selected 294-mod profile","RR-MP;RR-COMPAT","docs/research/reviews/mods/2009463077-brrainz.harmony.md","workshop/294100/3400037215/About/About.xml","2FF5B6029C6B57991D8CDE1194811810D383A68BBDA86A9EF8EE10A06F4BAABC","Installed relationship-export metadata only; preserve exact declaration/path/hash fields; not publisher/code confirmation or runtime result.","Conservative project rule derived from relationship type and profile presence; not an upstream claim or compatibility finding.","Honor the source mod's declared dependency only while that source mod is enabled; do not make an optional source mod or optional dependency a Rimrooms hard dependency.","","No","No shared non-generic feature tags between in-profile endpoints; RR-COMPAT is excluded by rule.","Pending; not run; no compatibility claim."
"RIMREL-20260927-0087","87","25","Adaptive Primitive Storage","Adaptive.PrimitiveStorage","RR-FAC;RR-EVD;RR-OUT;RR-COMPAT","docs/research/reviews/mods/3400037215-Adaptive.PrimitiveStorage.md","Requires","10","Adaptive Storage Framework","adaptive.storage.framework","True","In selected 294-mod profile","RR-FAC;RR-EVD;RR-COMPAT","docs/research/reviews/mods/3033901359-adaptive.storage.framework.md","workshop/294100/3400037215/About/About.xml","2FF5B6029C6B57991D8CDE1194811810D383A68BBDA86A9EF8EE10A06F4BAABC","Installed relationship-export metadata only; preserve exact declaration/path/hash fields; not publisher/code confirmation or runtime result.","Conservative project rule derived from relationship type and profile presence; not an upstream claim or compatibility finding.","Honor the source mod's declared dependency only while that source mod is enabled; do not make an optional source mod or optional dependency a Rimrooms hard dependency.","RR-EVD;RR-FAC","Yes","In-profile endpoints share non-generic feature tag(s): RR-EVD;RR-FAC. Candidate only; runtime test pending.","Pending; not run; no compatibility claim."
"RIMREL-20260927-0088","88","25","Adaptive Primitive Storage","Adaptive.PrimitiveStorage","RR-FAC;RR-EVD;RR-OUT;RR-COMPAT","docs/research/reviews/mods/3400037215-Adaptive.PrimitiveStorage.md","LoadAfter","4","Core","Ludeon.RimWorld","True","In selected 294-mod profile","RR-SCEN;RR-FAC;RR-STA;RR-GATE;RR-EXP;RR-SPACE;RR-EVD;RR-THREAT;RR-MSN;RR-ECO;RR-OUT;RR-DLC;RR-UI;RR-COMPAT","docs/research/reviews/mods/official-4-Ludeon.RimWorld.md","workshop/294100/3400037215/About/About.xml","2FF5B6029C6B57991D8CDE1194811810D383A68BBDA86A9EF8EE10A06F4BAABC","Installed relationship-export metadata only; preserve exact declaration/path/hash fields; not publisher/code confirmation or runtime result.","Conservative project rule derived from relationship type and profile presence; not an upstream claim or compatibility finding.","Preserve this order only when both source and target packages are active; infer no code/API integration from the ordering declaration.","RR-EVD;RR-FAC;RR-OUT","Yes","In-profile endpoints share non-generic feature tag(s): RR-EVD;RR-FAC;RR-OUT. Candidate only; runtime test pending.","Pending; not run; no compatibility claim."
"RIMREL-20260927-0089","89","25","Adaptive Primitive Storage","Adaptive.PrimitiveStorage","RR-FAC;RR-EVD;RR-OUT;RR-COMPAT","docs/research/reviews/mods/3400037215-Adaptive.PrimitiveStorage.md","LoadAfter","6","Ideology","Ludeon.RimWorld.Ideology","True","In selected 294-mod profile","RR-STA;RR-DLC;RR-COMPAT","docs/research/reviews/mods/official-6-Ludeon.RimWorld.Ideology.md","workshop/294100/3400037215/About/About.xml","2FF5B6029C6B57991D8CDE1194811810D383A68BBDA86A9EF8EE10A06F4BAABC","Installed relationship-export metadata only; preserve exact declaration/path/hash fields; not publisher/code confirmation or runtime result.","Conservative project rule derived from relationship type and profile presence; not an upstream claim or compatibility finding.","Preserve this order only when both source and target packages are active; infer no code/API integration from the ordering declaration.","","No","No shared non-generic feature tags between in-profile endpoints; RR-COMPAT is excluded by rule.","Pending; not run; no compatibility claim."
"RIMREL-20260927-0090","90","25","Adaptive Primitive Storage","Adaptive.PrimitiveStorage","RR-FAC;RR-EVD;RR-OUT;RR-COMPAT","docs/research/reviews/mods/3400037215-Adaptive.PrimitiveStorage.md","LoadAfter","10","Adaptive Storage Framework","adaptive.storage.framework","True","In selected 294-mod profile","RR-FAC;RR-EVD;RR-COMPAT","docs/research/reviews/mods/3033901359-adaptive.storage.framework.md","workshop/294100/3400037215/About/About.xml","2FF5B6029C6B57991D8CDE1194811810D383A68BBDA86A9EF8EE10A06F4BAABC","Installed relationship-export metadata only; preserve exact declaration/path/hash fields; not publisher/code confirmation or runtime result.","Conservative project rule derived from relationship type and profile presence; not an upstream claim or compatibility finding.","Preserve this order only when both source and target packages are active; infer no code/API integration from the ordering declaration.","RR-EVD;RR-FAC","Yes","In-profile endpoints share non-generic feature tag(s): RR-EVD;RR-FAC. Candidate only; runtime test pending.","Pending; not run; no compatibility claim."
"RIMREL-20260927-0091","91","25","Adaptive Primitive Storage","Adaptive.PrimitiveStorage","RR-FAC;RR-EVD;RR-OUT;RR-COMPAT","docs/research/reviews/mods/3400037215-Adaptive.PrimitiveStorage.md","LoadAfter","","","lat.rimstro","False","Outside selected 294-mod profile","","","workshop/294100/3400037215/About/About.xml","2FF5B6029C6B57991D8CDE1194811810D383A68BBDA86A9EF8EE10A06F4BAABC","Installed relationship-export metadata only; preserve exact declaration/path/hash fields; not publisher/code confirmation or runtime result.","Conservative project rule derived from relationship type and profile presence; not an upstream claim or compatibility finding.","No ordering action while the target is outside this profile; do not add it solely for this declaration. If both packages are later active, preserve the declared order; infer no code/API integration.","","No","Target is outside the selected 294-row profile; no in-profile endpoint feature comparison is asserted.","Pending; not run; no compatibility claim."
"RIMREL-20260927-0092","92","25","Adaptive Primitive Storage","Adaptive.PrimitiveStorage","RR-FAC;RR-EVD;RR-OUT;RR-COMPAT","docs/research/reviews/mods/3400037215-Adaptive.PrimitiveStorage.md","LoadBefore","","","vanillaexpanded.vpsycastse","False","Outside selected 294-mod profile","","","workshop/294100/3400037215/About/About.xml","2FF5B6029C6B57991D8CDE1194811810D383A68BBDA86A9EF8EE10A06F4BAABC","Installed relationship-export metadata only; preserve exact declaration/path/hash fields; not publisher/code confirmation or runtime result.","Conservative project rule derived from relationship type and profile presence; not an upstream claim or compatibility finding.","No ordering action while the target is outside this profile; do not add it solely for this declaration. If both packages are later active, preserve the declared order; infer no code/API integration.","","No","Target is outside the selected 294-row profile; no in-profile endpoint feature comparison is asserted.","Pending; not run; no compatibility claim."
"RIMREL-20260927-0093","93","26","Adaptive Simple Storage","Adaptive.SimpleStorage","RR-FAC;RR-EVD;RR-COMPAT","docs/research/reviews/mods/3297307747-Adaptive.SimpleStorage.md","Requires","10","Adaptive Storage Framework","adaptive.storage.framework","True","In selected 294-mod profile","RR-FAC;RR-EVD;RR-COMPAT","docs/research/reviews/mods/3033901359-adaptive.storage.framework.md","workshop/294100/3297307747/About/About.xml","5915021A21B0439458995571346C9F777C3984AFF96F33C253506A950D4FBE75","Installed relationship-export metadata only; preserve exact declaration/path/hash fields; not publisher/code confirmation or runtime result.","Conservative project rule derived from relationship type and profile presence; not an upstream claim or compatibility finding.","Honor the source mod's declared dependency only while that source mod is enabled; do not make an optional source mod or optional dependency a Rimrooms hard dependency.","RR-EVD;RR-FAC","Yes","In-profile endpoints share non-generic feature tag(s): RR-EVD;RR-FAC. Candidate only; runtime test pending.","Pending; not run; no compatibility claim."
"RIMREL-20260927-0094","94","26","Adaptive Simple Storage","Adaptive.SimpleStorage","RR-FAC;RR-EVD;RR-COMPAT","docs/research/reviews/mods/3297307747-Adaptive.SimpleStorage.md","LoadAfter","4","Core","Ludeon.RimWorld","True","In selected 294-mod profile","RR-SCEN;RR-FAC;RR-STA;RR-GATE;RR-EXP;RR-SPACE;RR-EVD;RR-THREAT;RR-MSN;RR-ECO;RR-OUT;RR-DLC;RR-UI;RR-COMPAT","docs/research/reviews/mods/official-4-Ludeon.RimWorld.md","workshop/294100/3297307747/About/About.xml","5915021A21B0439458995571346C9F777C3984AFF96F33C253506A950D4FBE75","Installed relationship-export metadata only; preserve exact declaration/path/hash fields; not publisher/code confirmation or runtime result.","Conservative project rule derived from relationship type and profile presence; not an upstream claim or compatibility finding.","Preserve this order only when both source and target packages are active; infer no code/API integration from the ordering declaration.","RR-EVD;RR-FAC","Yes","In-profile endpoints share non-generic feature tag(s): RR-EVD;RR-FAC. Candidate only; runtime test pending.","Pending; not run; no compatibility claim."
"RIMREL-20260927-0095","95","26","Adaptive Simple Storage","Adaptive.SimpleStorage","RR-FAC;RR-EVD;RR-COMPAT","docs/research/reviews/mods/3297307747-Adaptive.SimpleStorage.md","LoadAfter","10","Adaptive Storage Framework","adaptive.storage.framework","True","In selected 294-mod profile","RR-FAC;RR-EVD;RR-COMPAT","docs/research/reviews/mods/3033901359-adaptive.storage.framework.md","workshop/294100/3297307747/About/About.xml","5915021A21B0439458995571346C9F777C3984AFF96F33C253506A950D4FBE75","Installed relationship-export metadata only; preserve exact declaration/path/hash fields; not publisher/code confirmation or runtime result.","Conservative project rule derived from relationship type and profile presence; not an upstream claim or compatibility finding.","Preserve this order only when both source and target packages are active; infer no code/API integration from the ordering declaration.","RR-EVD;RR-FAC","Yes","In-profile endpoints share non-generic feature tag(s): RR-EVD;RR-FAC. Candidate only; runtime test pending.","Pending; not run; no compatibility claim."
"RIMREL-20260927-0096","96","29","All Turrets Can Set Forced Target (Continued)","Mlie.AllTurretsCanSetForcedTarget","RR-GATE;RR-THREAT;RR-COMPAT","docs/research/reviews/mods/3256513109-Mlie.AllTurretsCanSetForcedTarget.md","Requires","1","Harmony","brrainz.harmony","True","In selected 294-mod profile","RR-MP;RR-COMPAT","docs/research/reviews/mods/2009463077-brrainz.harmony.md","workshop/294100/3256513109/About/About.xml","1C1D1C415C5409481ABDA3BFF5F10B6F9BC85F55A770F166F51E392B29FBB88B","Installed relationship-export metadata only; preserve exact declaration/path/hash fields; not publisher/code confirmation or runtime result.","Conservative project rule derived from relationship type and profile presence; not an upstream claim or compatibility finding.","Honor the source mod's declared dependency only while that source mod is enabled; do not make an optional source mod or optional dependency a Rimrooms hard dependency.","","No","No shared non-generic feature tags between in-profile endpoints; RR-COMPAT is excluded by rule.","Pending; not run; no compatibility claim."
"RIMREL-20260927-0097","97","29","All Turrets Can Set Forced Target (Continued)","Mlie.AllTurretsCanSetForcedTarget","RR-GATE;RR-THREAT;RR-COMPAT","docs/research/reviews/mods/3256513109-Mlie.AllTurretsCanSetForcedTarget.md","LoadAfter","1","Harmony","brrainz.harmony","True","In selected 294-mod profile","RR-MP;RR-COMPAT","docs/research/reviews/mods/2009463077-brrainz.harmony.md","workshop/294100/3256513109/About/About.xml","1C1D1C415C5409481ABDA3BFF5F10B6F9BC85F55A770F166F51E392B29FBB88B","Installed relationship-export metadata only; preserve exact declaration/path/hash fields; not publisher/code confirmation or runtime result.","Conservative project rule derived from relationship type and profile presence; not an upstream claim or compatibility finding.","Preserve this order only when both source and target packages are active; infer no code/API integration from the ordering declaration.","","No","No shared non-generic feature tags between in-profile endpoints; RR-COMPAT is excluded by rule.","Pending; not run; no compatibility claim."
"RIMREL-20260927-0098","98","30","Allow Tool","UnlimitedHugs.AllowTool","RR-FAC;RR-EXP;RR-OUT;RR-COMPAT","docs/research/reviews/mods/761421485-UnlimitedHugs.AllowTool.md","Requires","13","HugsLib","UnlimitedHugs.HugsLib","True","In selected 294-mod profile","RR-COMPAT","docs/research/reviews/mods/818773962-UnlimitedHugs.HugsLib.md","workshop/294100/761421485/About/About.xml","0054DAF3B8466D87D2D6C3EE02F0345B240E92F2CC8656FC4DEB7665F984357B","Installed relationship-export metadata only; preserve exact declaration/path/hash fields; not publisher/code confirmation or runtime result.","Conservative project rule derived from relationship type and profile presence; not an upstream claim or compatibility finding.","Honor the source mod's declared dependency only while that source mod is enabled; do not make an optional source mod or optional dependency a Rimrooms hard dependency.","","No","No shared non-generic feature tags between in-profile endpoints; RR-COMPAT is excluded by rule.","Pending; not run; no compatibility claim."
"RIMREL-20260927-0099","99","30","Allow Tool","UnlimitedHugs.AllowTool","RR-FAC;RR-EXP;RR-OUT;RR-COMPAT","docs/research/reviews/mods/761421485-UnlimitedHugs.AllowTool.md","LoadAfter","13","HugsLib","UnlimitedHugs.HugsLib","True","In selected 294-mod profile","RR-COMPAT","docs/research/reviews/mods/818773962-UnlimitedHugs.HugsLib.md","workshop/294100/761421485/About/About.xml","0054DAF3B8466D87D2D6C3EE02F0345B240E92F2CC8656FC4DEB7665F984357B","Installed relationship-export metadata only; preserve exact declaration/path/hash fields; not publisher/code confirmation or runtime result.","Conservative project rule derived from relationship type and profile presence; not an upstream claim or compatibility finding.","Preserve this order only when both source and target packages are active; infer no code/API integration from the ordering declaration.","","No","No shared non-generic feature tags between in-profile endpoints; RR-COMPAT is excluded by rule.","Pending; not run; no compatibility claim."
"RIMREL-20260927-0100","100","31","Animal Apparel: Framework","Ingendum.AnimalApparelFramework","RR-STA;RR-EXP;RR-OUT;RR-COMPAT","docs/research/reviews/mods/3513825850-Ingendum.AnimalApparelFramework.md","Requires","1","Harmony","brrainz.harmony","True","In selected 294-mod profile","RR-MP;RR-COMPAT","docs/research/reviews/mods/2009463077-brrainz.harmony.md","workshop/294100/3513825850/About/About.xml","52C01BD5DDAB9710C95935373CABBAD20A6655635DF14F1C0B98DAF9718A36FD","Installed relationship-export metadata only; preserve exact declaration/path/hash fields; not publisher/code confirmation or runtime result.","Conservative project rule derived from relationship type and profile presence; not an upstream claim or compatibility finding.","Honor the source mod's declared dependency only while that source mod is enabled; do not make an optional source mod or optional dependency a Rimrooms hard dependency.","","No","No shared non-generic feature tags between in-profile endpoints; RR-COMPAT is excluded by rule.","Pending; not run; no compatibility claim."
"RIMREL-20260927-0101","101","31","Animal Apparel: Framework","Ingendum.AnimalApparelFramework","RR-STA;RR-EXP;RR-OUT;RR-COMPAT","docs/research/reviews/mods/3513825850-Ingendum.AnimalApparelFramework.md","LoadAfter","","","Sandy.RPGStyleInventory.avilmask.Revamped","False","Outside selected 294-mod profile","","","workshop/294100/3513825850/About/About.xml","52C01BD5DDAB9710C95935373CABBAD20A6655635DF14F1C0B98DAF9718A36FD","Installed relationship-export metadata only; preserve exact declaration/path/hash fields; not publisher/code confirmation or runtime result.","Conservative project rule derived from relationship type and profile presence; not an upstream claim or compatibility finding.","No ordering action while the target is outside this profile; do not add it solely for this declaration. If both packages are later active, preserve the declared order; infer no code/API integration.","","No","Target is outside the selected 294-row profile; no in-profile endpoint feature comparison is asserted.","Pending; not run; no compatibility claim."
"RIMREL-20260927-0102","102","31","Animal Apparel: Framework","Ingendum.AnimalApparelFramework","RR-STA;RR-EXP;RR-OUT;RR-COMPAT","docs/research/reviews/mods/3513825850-Ingendum.AnimalApparelFramework.md","LoadAfter","","","Donald.VCR","False","Outside selected 294-mod profile","","","workshop/294100/3513825850/About/About.xml","52C01BD5DDAB9710C95935373CABBAD20A6655635DF14F1C0B98DAF9718A36FD","Installed relationship-export metadata only; preserve exact declaration/path/hash fields; not publisher/code confirmation or runtime result.","Conservative project rule derived from relationship type and profile presence; not an upstream claim or compatibility finding.","No ordering action while the target is outside this profile; do not add it solely for this declaration. If both packages are later active, preserve the declared order; infer no code/API integration.","","No","Target is outside the selected 294-row profile; no in-profile endpoint feature comparison is asserted.","Pending; not run; no compatibility claim."
"RIMREL-20260927-0103","103","31","Animal Apparel: Framework","Ingendum.AnimalApparelFramework","RR-STA;RR-EXP;RR-OUT;RR-COMPAT","docs/research/reviews/mods/3513825850-Ingendum.AnimalApparelFramework.md","LoadAfter","","","owlchemist.giddyup","False","Outside selected 294-mod profile","","","workshop/294100/3513825850/About/About.xml","52C01BD5DDAB9710C95935373CABBAD20A6655635DF14F1C0B98DAF9718A36FD","Installed relationship-export metadata only; preserve exact declaration/path/hash fields; not publisher/code confirmation or runtime result.","Conservative project rule derived from relationship type and profile presence; not an upstream claim or compatibility finding.","No ordering action while the target is outside this profile; do not add it solely for this declaration. If both packages are later active, preserve the declared order; infer no code/API integration.","","No","Target is outside the selected 294-row profile; no in-profile endpoint feature comparison is asserted.","Pending; not run; no compatibility claim."
"RIMREL-20260927-0104","104","31","Animal Apparel: Framework","Ingendum.AnimalApparelFramework","RR-STA;RR-EXP;RR-OUT;RR-COMPAT","docs/research/reviews/mods/3513825850-Ingendum.AnimalApparelFramework.md","IncompatibleWith","","","Dylan.AnimalGear","False","Outside selected 294-mod profile","","","workshop/294100/3513825850/About/About.xml","52C01BD5DDAB9710C95935373CABBAD20A6655635DF14F1C0B98DAF9718A36FD","Installed relationship-export metadata only; preserve exact declaration/path/hash fields; not publisher/code confirmation or runtime result.","Conservative project rule derived from relationship type and profile presence; not an upstream claim or compatibility finding.","Keep the declared target outside the Rimrooms profile; do not auto-add it. If a future profile selects both endpoints, block the pair pending owner review and exact-profile testing.","","No","Target is outside the selected 294-row profile; no in-profile endpoint feature comparison is asserted.","Pending; not run; no compatibility claim."
"RIMREL-20260927-0105","105","32","Animal Apparel: Vac Belt","Ingendum.AnimalArmorVacBelt","RR-DLC;RR-SPACEFLIGHT;RR-EXP;RR-COMPAT","docs/research/reviews/mods/3525740284-Ingendum.AnimalArmorVacBelt.md","Requires","31","Animal Apparel: Framework","Ingendum.AnimalApparelFramework","True","In selected 294-mod profile","RR-STA;RR-EXP;RR-OUT;RR-COMPAT","docs/research/reviews/mods/3513825850-Ingendum.AnimalApparelFramework.md","workshop/294100/3525740284/About/About.xml","A95F844E764D66085C4AE72E56C6CF14D9643CD7A66F7ECF7F8ED284A0AA3BCE","Installed relationship-export metadata only; preserve exact declaration/path/hash fields; not publisher/code confirmation or runtime result.","Conservative project rule derived from relationship type and profile presence; not an upstream claim or compatibility finding.","Honor the source mod's declared dependency only while that source mod is enabled; do not make an optional source mod or optional dependency a Rimrooms hard dependency.","RR-EXP","Yes","In-profile endpoints share non-generic feature tag(s): RR-EXP. Candidate only; runtime test pending.","Pending; not run; no compatibility claim."
"RIMREL-20260927-0106","106","33","Animal Controls","avilmask.AnimalControls","RR-FAC;RR-OUT;RR-EXP;RR-STA;RR-COMPAT","docs/research/reviews/mods/2426119067-avilmask.AnimalControls.md","Requires","1","Harmony","brrainz.harmony","True","In selected 294-mod profile","RR-MP;RR-COMPAT","docs/research/reviews/mods/2009463077-brrainz.harmony.md","workshop/294100/2426119067/About/About.xml","3898DFF7CAE17FE2B2C652482F899587CA0E07293F7D1915BFA01DB03A8D78FF","Installed relationship-export metadata only; preserve exact declaration/path/hash fields; not publisher/code confirmation or runtime result.","Conservative project rule derived from relationship type and profile presence; not an upstream claim or compatibility finding.","Honor the source mod's declared dependency only while that source mod is enabled; do not make an optional source mod or optional dependency a Rimrooms hard dependency.","","No","No shared non-generic feature tags between in-profile endpoints; RR-COMPAT is excluded by rule.","Pending; not run; no compatibility claim."
"RIMREL-20260927-0107","107","36","Animal Tab (Continued 1.6)","Fluffy.AnimalTab","RR-UI;RR-FAC;RR-STA;RR-COMPAT","docs/research/reviews/mods/3575480305-Fluffy.AnimalTab.md","Requires","1","Harmony","brrainz.harmony","True","In selected 294-mod profile","RR-MP;RR-COMPAT","docs/research/reviews/mods/2009463077-brrainz.harmony.md","workshop/294100/3575480305/About/About.xml","3670C6AB3A7EF6046EC320F5B0464F02B530B1A71C66ACE7B3393805A6B15BF6","Installed relationship-export metadata only; preserve exact declaration/path/hash fields; not publisher/code confirmation or runtime result.","Conservative project rule derived from relationship type and profile presence; not an upstream claim or compatibility finding.","Honor the source mod's declared dependency only while that source mod is enabled; do not make an optional source mod or optional dependency a Rimrooms hard dependency.","","No","No shared non-generic feature tags between in-profile endpoints; RR-COMPAT is excluded by rule.","Pending; not run; no compatibility claim."
"RIMREL-20260927-0108","108","36","Animal Tab (Continued 1.6)","Fluffy.AnimalTab","RR-UI;RR-FAC;RR-STA;RR-COMPAT","docs/research/reviews/mods/3575480305-Fluffy.AnimalTab.md","LoadAfter","1","Harmony","brrainz.harmony","True","In selected 294-mod profile","RR-MP;RR-COMPAT","docs/research/reviews/mods/2009463077-brrainz.harmony.md","workshop/294100/3575480305/About/About.xml","3670C6AB3A7EF6046EC320F5B0464F02B530B1A71C66ACE7B3393805A6B15BF6","Installed relationship-export metadata only; preserve exact declaration/path/hash fields; not publisher/code confirmation or runtime result.","Conservative project rule derived from relationship type and profile presence; not an upstream claim or compatibility finding.","Preserve this order only when both source and target packages are active; infer no code/API integration from the ordering declaration.","","No","No shared non-generic feature tags between in-profile endpoints; RR-COMPAT is excluded by rule.","Pending; not run; no compatibility claim."
"RIMREL-20260927-0109","109","37","Animals are fun! (Continued)","ColossalFossil.AnimalsAreFunContinued","RR-STA;RR-FAC;RR-COMPAT","docs/research/reviews/mods/3245454244-ColossalFossil.AnimalsAreFunContinued.md","LoadAfter","4","Core","Ludeon.RimWorld","True","In selected 294-mod profile","RR-SCEN;RR-FAC;RR-STA;RR-GATE;RR-EXP;RR-SPACE;RR-EVD;RR-THREAT;RR-MSN;RR-ECO;RR-OUT;RR-DLC;RR-UI;RR-COMPAT","docs/research/reviews/mods/official-4-Ludeon.RimWorld.md","workshop/294100/3245454244/About/About.xml","933EBFC31972E6703985A21B284F0824AE66755692C7CC990E477257BBC064AF","Installed relationship-export metadata only; preserve exact declaration/path/hash fields; not publisher/code confirmation or runtime result.","Conservative project rule derived from relationship type and profile presence; not an upstream claim or compatibility finding.","Preserve this order only when both source and target packages are active; infer no code/API integration from the ordering declaration.","RR-FAC;RR-STA","Yes","In-profile endpoints share non-generic feature tag(s): RR-FAC;RR-STA. Candidate only; runtime test pending.","Pending; not run; no compatibility claim."
"RIMREL-20260927-0110","110","38","Animals Logic","Oblitus.AnimalsLogic","RR-THREAT;RR-COMPAT","docs/research/reviews/mods/1098354593-Oblitus.AnimalsLogic.md","IncompatibleWith","","","Daniledman.HardworkingAnimals","False","Outside selected 294-mod profile","","","workshop/294100/1098354593/About/About.xml","76874C400ABFC37E9CD68F68E27B830DB769956564EB705978AA1EE0A4B02C80","Installed relationship-export metadata only; preserve exact declaration/path/hash fields; not publisher/code confirmation or runtime result.","Conservative project rule derived from relationship type and profile presence; not an upstream claim or compatibility finding.","Keep the declared target outside the Rimrooms profile; do not auto-add it. If a future profile selects both endpoints, block the pair pending owner review and exact-profile testing.","","No","Target is outside the selected 294-row profile; no in-profile endpoint feature comparison is asserted.","Pending; not run; no compatibility claim."
"RIMREL-20260927-0111","111","39","Anomaly Research Asteroid","zoarak.anomalyplat","RR-EXP;RR-SPACEFLIGHT;RR-THREAT;RR-DLC;RR-COMPAT","docs/research/reviews/mods/3527726648-zoarak.anomalyplat.md","Requires","8","Anomaly","Ludeon.RimWorld.Anomaly","True","In selected 294-mod profile","RR-THREAT;RR-EVD;RR-EXP;RR-MSN;RR-DLC;RR-COMPAT","docs/research/reviews/mods/official-8-Ludeon.RimWorld.Anomaly.md","workshop/294100/3527726648/About/About.xml","3B75B6CD10B178E2221842E8C98052AA0E2FB91C4C43CDD1AB61328A585A483E","Installed relationship-export metadata only; preserve exact declaration/path/hash fields; not publisher/code confirmation or runtime result.","Conservative project rule derived from relationship type and profile presence; not an upstream claim or compatibility finding.","Honor the source mod's declared dependency only while that source mod is enabled; do not make an optional source mod or optional dependency a Rimrooms hard dependency.","RR-DLC;RR-EXP;RR-THREAT","Yes","In-profile endpoints share non-generic feature tag(s): RR-DLC;RR-EXP;RR-THREAT. Candidate only; runtime test pending.","Pending; not run; no compatibility claim."
"RIMREL-20260927-0112","112","39","Anomaly Research Asteroid","zoarak.anomalyplat","RR-EXP;RR-SPACEFLIGHT;RR-THREAT;RR-DLC;RR-COMPAT","docs/research/reviews/mods/3527726648-zoarak.anomalyplat.md","Requires","9","Odyssey","Ludeon.RimWorld.Odyssey","True","In selected 294-mod profile","RR-SPACEFLIGHT;RR-OUT;RR-EXP;RR-MSN;RR-ECO;RR-DLC;RR-COMPAT","docs/research/reviews/mods/official-9-Ludeon.RimWorld.Odyssey.md","workshop/294100/3527726648/About/About.xml","3B75B6CD10B178E2221842E8C98052AA0E2FB91C4C43CDD1AB61328A585A483E","Installed relationship-export metadata only; preserve exact declaration/path/hash fields; not publisher/code confirmation or runtime result.","Conservative project rule derived from relationship type and profile presence; not an upstream claim or compatibility finding.","Honor the source mod's declared dependency only while that source mod is enabled; do not make an optional source mod or optional dependency a Rimrooms hard dependency.","RR-DLC;RR-EXP;RR-SPACEFLIGHT","Yes","In-profile endpoints share non-generic feature tag(s): RR-DLC;RR-EXP;RR-SPACEFLIGHT. Candidate only; runtime test pending.","Pending; not run; no compatibility claim."
"RIMREL-20260927-0113","113","39","Anomaly Research Asteroid","zoarak.anomalyplat","RR-EXP;RR-SPACEFLIGHT;RR-THREAT;RR-DLC;RR-COMPAT","docs/research/reviews/mods/3527726648-zoarak.anomalyplat.md","LoadAfter","4","Core","Ludeon.RimWorld","True","In selected 294-mod profile","RR-SCEN;RR-FAC;RR-STA;RR-GATE;RR-EXP;RR-SPACE;RR-EVD;RR-THREAT;RR-MSN;RR-ECO;RR-OUT;RR-DLC;RR-UI;RR-COMPAT","docs/research/reviews/mods/official-4-Ludeon.RimWorld.md","workshop/294100/3527726648/About/About.xml","3B75B6CD10B178E2221842E8C98052AA0E2FB91C4C43CDD1AB61328A585A483E","Installed relationship-export metadata only; preserve exact declaration/path/hash fields; not publisher/code confirmation or runtime result.","Conservative project rule derived from relationship type and profile presence; not an upstream claim or compatibility finding.","Preserve this order only when both source and target packages are active; infer no code/API integration from the ordering declaration.","RR-DLC;RR-EXP;RR-THREAT","Yes","In-profile endpoints share non-generic feature tag(s): RR-DLC;RR-EXP;RR-THREAT. Candidate only; runtime test pending.","Pending; not run; no compatibility claim."
"RIMREL-20260927-0114","114","39","Anomaly Research Asteroid","zoarak.anomalyplat","RR-EXP;RR-SPACEFLIGHT;RR-THREAT;RR-DLC;RR-COMPAT","docs/research/reviews/mods/3527726648-zoarak.anomalyplat.md","LoadAfter","5","Royalty","Ludeon.RimWorld.Royalty","True","In selected 294-mod profile","RR-STA;RR-MSN;RR-DLC;RR-COMPAT","docs/research/reviews/mods/official-5-Ludeon.RimWorld.Royalty.md","workshop/294100/3527726648/About/About.xml","3B75B6CD10B178E2221842E8C98052AA0E2FB91C4C43CDD1AB61328A585A483E","Installed relationship-export metadata only; preserve exact declaration/path/hash fields; not publisher/code confirmation or runtime result.","Conservative project rule derived from relationship type and profile presence; not an upstream claim or compatibility finding.","Preserve this order only when both source and target packages are active; infer no code/API integration from the ordering declaration.","RR-DLC","Yes","In-profile endpoints share non-generic feature tag(s): RR-DLC. Candidate only; runtime test pending.","Pending; not run; no compatibility claim."
"RIMREL-20260927-0115","115","39","Anomaly Research Asteroid","zoarak.anomalyplat","RR-EXP;RR-SPACEFLIGHT;RR-THREAT;RR-DLC;RR-COMPAT","docs/research/reviews/mods/3527726648-zoarak.anomalyplat.md","LoadAfter","6","Ideology","Ludeon.RimWorld.Ideology","True","In selected 294-mod profile","RR-STA;RR-DLC;RR-COMPAT","docs/research/reviews/mods/official-6-Ludeon.RimWorld.Ideology.md","workshop/294100/3527726648/About/About.xml","3B75B6CD10B178E2221842E8C98052AA0E2FB91C4C43CDD1AB61328A585A483E","Installed relationship-export metadata only; preserve exact declaration/path/hash fields; not publisher/code confirmation or runtime result.","Conservative project rule derived from relationship type and profile presence; not an upstream claim or compatibility finding.","Preserve this order only when both source and target packages are active; infer no code/API integration from the ordering declaration.","RR-DLC","Yes","In-profile endpoints share non-generic feature tag(s): RR-DLC. Candidate only; runtime test pending.","Pending; not run; no compatibility claim."
"RIMREL-20260927-0116","116","39","Anomaly Research Asteroid","zoarak.anomalyplat","RR-EXP;RR-SPACEFLIGHT;RR-THREAT;RR-DLC;RR-COMPAT","docs/research/reviews/mods/3527726648-zoarak.anomalyplat.md","LoadAfter","7","Biotech","Ludeon.RimWorld.Biotech","True","In selected 294-mod profile","RR-STA;RR-FAC;RR-DLC;RR-COMPAT","docs/research/reviews/mods/official-7-Ludeon.RimWorld.Biotech.md","workshop/294100/3527726648/About/About.xml","3B75B6CD10B178E2221842E8C98052AA0E2FB91C4C43CDD1AB61328A585A483E","Installed relationship-export metadata only; preserve exact declaration/path/hash fields; not publisher/code confirmation or runtime result.","Conservative project rule derived from relationship type and profile presence; not an upstream claim or compatibility finding.","Preserve this order only when both source and target packages are active; infer no code/API integration from the ordering declaration.","RR-DLC","Yes","In-profile endpoints share non-generic feature tag(s): RR-DLC. Candidate only; runtime test pending.","Pending; not run; no compatibility claim."
"RIMREL-20260927-0117","117","39","Anomaly Research Asteroid","zoarak.anomalyplat","RR-EXP;RR-SPACEFLIGHT;RR-THREAT;RR-DLC;RR-COMPAT","docs/research/reviews/mods/3527726648-zoarak.anomalyplat.md","LoadAfter","8","Anomaly","Ludeon.RimWorld.Anomaly","True","In selected 294-mod profile","RR-THREAT;RR-EVD;RR-EXP;RR-MSN;RR-DLC;RR-COMPAT","docs/research/reviews/mods/official-8-Ludeon.RimWorld.Anomaly.md","workshop/294100/3527726648/About/About.xml","3B75B6CD10B178E2221842E8C98052AA0E2FB91C4C43CDD1AB61328A585A483E","Installed relationship-export metadata only; preserve exact declaration/path/hash fields; not publisher/code confirmation or runtime result.","Conservative project rule derived from relationship type and profile presence; not an upstream claim or compatibility finding.","Preserve this order only when both source and target packages are active; infer no code/API integration from the ordering declaration.","RR-DLC;RR-EXP;RR-THREAT","Yes","In-profile endpoints share non-generic feature tag(s): RR-DLC;RR-EXP;RR-THREAT. Candidate only; runtime test pending.","Pending; not run; no compatibility claim."
"RIMREL-20260927-0118","118","39","Anomaly Research Asteroid","zoarak.anomalyplat","RR-EXP;RR-SPACEFLIGHT;RR-THREAT;RR-DLC;RR-COMPAT","docs/research/reviews/mods/3527726648-zoarak.anomalyplat.md","LoadAfter","9","Odyssey","Ludeon.RimWorld.Odyssey","True","In selected 294-mod profile","RR-SPACEFLIGHT;RR-OUT;RR-EXP;RR-MSN;RR-ECO;RR-DLC;RR-COMPAT","docs/research/reviews/mods/official-9-Ludeon.RimWorld.Odyssey.md","workshop/294100/3527726648/About/About.xml","3B75B6CD10B178E2221842E8C98052AA0E2FB91C4C43CDD1AB61328A585A483E","Installed relationship-export metadata only; preserve exact declaration/path/hash fields; not publisher/code confirmation or runtime result.","Conservative project rule derived from relationship type and profile presence; not an upstream claim or compatibility finding.","Preserve this order only when both source and target packages are active; infer no code/API integration from the ordering declaration.","RR-DLC;RR-EXP;RR-SPACEFLIGHT","Yes","In-profile endpoints share non-generic feature tag(s): RR-DLC;RR-EXP;RR-SPACEFLIGHT. Candidate only; runtime test pending.","Pending; not run; no compatibility claim."
"RIMREL-20260927-0119","119","40","Architect Icons","com.bymarcin.ArchitectIcons","RR-UI;RR-STYLE;RR-COMPAT","docs/research/reviews/mods/1195427067-com.bymarcin.ArchitectIcons.md","Requires","1","Harmony","brrainz.harmony","True","In selected 294-mod profile","RR-MP;RR-COMPAT","docs/research/reviews/mods/2009463077-brrainz.harmony.md","workshop/294100/1195427067/About/About.xml","D8C77467117FBECFCDE91CFF31780334BEA3A7A5B70A72907DD9E2D226B55E5A","Installed relationship-export metadata only; preserve exact declaration/path/hash fields; not publisher/code confirmation or runtime result.","Conservative project rule derived from relationship type and profile presence; not an upstream claim or compatibility finding.","Honor the source mod's declared dependency only while that source mod is enabled; do not make an optional source mod or optional dependency a Rimrooms hard dependency.","","No","No shared non-generic feature tags between in-profile endpoints; RR-COMPAT is excluded by rule.","Pending; not run; no compatibility claim."
"RIMREL-20260927-0120","120","40","Architect Icons","com.bymarcin.ArchitectIcons","RR-UI;RR-STYLE;RR-COMPAT","docs/research/reviews/mods/1195427067-com.bymarcin.ArchitectIcons.md","LoadAfter","1","Harmony","brrainz.harmony","True","In selected 294-mod profile","RR-MP;RR-COMPAT","docs/research/reviews/mods/2009463077-brrainz.harmony.md","workshop/294100/1195427067/About/About.xml","D8C77467117FBECFCDE91CFF31780334BEA3A7A5B70A72907DD9E2D226B55E5A","Installed relationship-export metadata only; preserve exact declaration/path/hash fields; not publisher/code confirmation or runtime result.","Conservative project rule derived from relationship type and profile presence; not an upstream claim or compatibility finding.","Preserve this order only when both source and target packages are active; infer no code/API integration from the ordering declaration.","","No","No shared non-generic feature tags between in-profile endpoints; RR-COMPAT is excluded by rule.","Pending; not run; no compatibility claim."
"RIMREL-20260927-0121","121","41","Area Unlocker (Continued)","Mlie.AreaUnlocker","RR-FAC;RR-OUT;RR-UI;RR-COMPAT","docs/research/reviews/mods/3550817577-Mlie.AreaUnlocker.md","Requires","1","Harmony","brrainz.harmony","True","In selected 294-mod profile","RR-MP;RR-COMPAT","docs/research/reviews/mods/2009463077-brrainz.harmony.md","workshop/294100/3550817577/About/About.xml","B17A72CDC3037D2AA28F86D294594347F64C092640CDF5C67C08B1445FE4D7DF","Installed relationship-export metadata only; preserve exact declaration/path/hash fields; not publisher/code confirmation or runtime result.","Conservative project rule derived from relationship type and profile presence; not an upstream claim or compatibility finding.","Honor the source mod's declared dependency only while that source mod is enabled; do not make an optional source mod or optional dependency a Rimrooms hard dependency.","","No","No shared non-generic feature tags between in-profile endpoints; RR-COMPAT is excluded by rule.","Pending; not run; no compatibility claim."
"RIMREL-20260927-0122","122","41","Area Unlocker (Continued)","Mlie.AreaUnlocker","RR-FAC;RR-OUT;RR-UI;RR-COMPAT","docs/research/reviews/mods/3550817577-Mlie.AreaUnlocker.md","LoadAfter","1","Harmony","brrainz.harmony","True","In selected 294-mod profile","RR-MP;RR-COMPAT","docs/research/reviews/mods/2009463077-brrainz.harmony.md","workshop/294100/3550817577/About/About.xml","B17A72CDC3037D2AA28F86D294594347F64C092640CDF5C67C08B1445FE4D7DF","Installed relationship-export metadata only; preserve exact declaration/path/hash fields; not publisher/code confirmation or runtime result.","Conservative project rule derived from relationship type and profile presence; not an upstream claim or compatibility finding.","Preserve this order only when both source and target packages are active; infer no code/API integration from the ordering declaration.","","No","No shared non-generic feature tags between in-profile endpoints; RR-COMPAT is excluded by rule.","Pending; not run; no compatibility claim."
"RIMREL-20260927-0123","123","42","Asteroid Mineral Scanner","Broms.AsteroidMineralScanner","RR-SPACEFLIGHT;RR-EXP;RR-ECO;RR-COMPAT","docs/research/reviews/mods/3536585361-Broms.AsteroidMineralScanner.md","Requires","9","Odyssey","Ludeon.RimWorld.Odyssey","True","In selected 294-mod profile","RR-SPACEFLIGHT;RR-OUT;RR-EXP;RR-MSN;RR-ECO;RR-DLC;RR-COMPAT","docs/research/reviews/mods/official-9-Ludeon.RimWorld.Odyssey.md","workshop/294100/3536585361/About/About.xml","058B95A9EC69A06086B71E3CEE5705CA34103BF48A13271D05DC73F5AF352861","Installed relationship-export metadata only; preserve exact declaration/path/hash fields; not publisher/code confirmation or runtime result.","Conservative project rule derived from relationship type and profile presence; not an upstream claim or compatibility finding.","Honor the source mod's declared dependency only while that source mod is enabled; do not make an optional source mod or optional dependency a Rimrooms hard dependency.","RR-ECO;RR-EXP;RR-SPACEFLIGHT","Yes","In-profile endpoints share non-generic feature tag(s): RR-ECO;RR-EXP;RR-SPACEFLIGHT. Candidate only; runtime test pending.","Pending; not run; no compatibility claim."
"RIMREL-20260927-0124","124","42","Asteroid Mineral Scanner","Broms.AsteroidMineralScanner","RR-SPACEFLIGHT;RR-EXP;RR-ECO;RR-COMPAT","docs/research/reviews/mods/3536585361-Broms.AsteroidMineralScanner.md","LoadAfter","9","Odyssey","Ludeon.RimWorld.Odyssey","True","In selected 294-mod profile","RR-SPACEFLIGHT;RR-OUT;RR-EXP;RR-MSN;RR-ECO;RR-DLC;RR-COMPAT","docs/research/reviews/mods/official-9-Ludeon.RimWorld.Odyssey.md","workshop/294100/3536585361/About/About.xml","058B95A9EC69A06086B71E3CEE5705CA34103BF48A13271D05DC73F5AF352861","Installed relationship-export metadata only; preserve exact declaration/path/hash fields; not publisher/code confirmation or runtime result.","Conservative project rule derived from relationship type and profile presence; not an upstream claim or compatibility finding.","Preserve this order only when both source and target packages are active; infer no code/API integration from the ordering declaration.","RR-ECO;RR-EXP;RR-SPACEFLIGHT","Yes","In-profile endpoints share non-generic feature tag(s): RR-ECO;RR-EXP;RR-SPACEFLIGHT. Candidate only; runtime test pending.","Pending; not run; no compatibility claim."
"RIMREL-20260927-0125","125","42","Asteroid Mineral Scanner","Broms.AsteroidMineralScanner","RR-SPACEFLIGHT;RR-EXP;RR-ECO;RR-COMPAT","docs/research/reviews/mods/3536585361-Broms.AsteroidMineralScanner.md","LoadAfter","","","guy762.mm.kotorcore","False","Outside selected 294-mod profile","","","workshop/294100/3536585361/About/About.xml","058B95A9EC69A06086B71E3CEE5705CA34103BF48A13271D05DC73F5AF352861","Installed relationship-export metadata only; preserve exact declaration/path/hash fields; not publisher/code confirmation or runtime result.","Conservative project rule derived from relationship type and profile presence; not an upstream claim or compatibility finding.","No ordering action while the target is outside this profile; do not add it solely for this declaration. If both packages are later active, preserve the declared order; infer no code/API integration.","","No","Target is outside the selected 294-row profile; no in-profile endpoint feature comparison is asserted.","Pending; not run; no compatibility claim."
"RIMREL-20260927-0126","126","44","Auto-Cut Blight - 1.6","Defi.AutoCutBlight","RR-FAC;RR-STA;RR-COMPAT","docs/research/reviews/mods/3520167264-Defi.AutoCutBlight.md","Requires","1","Harmony","brrainz.harmony","True","In selected 294-mod profile","RR-MP;RR-COMPAT","docs/research/reviews/mods/2009463077-brrainz.harmony.md","workshop/294100/3520167264/About/About.xml","0DC74FABB0292047D30EF1D60590087A29D81B1B1D9DE5A70FEB24C107376632","Installed relationship-export metadata only; preserve exact declaration/path/hash fields; not publisher/code confirmation or runtime result.","Conservative project rule derived from relationship type and profile presence; not an upstream claim or compatibility finding.","Honor the source mod's declared dependency only while that source mod is enabled; do not make an optional source mod or optional dependency a Rimrooms hard dependency.","","No","No shared non-generic feature tags between in-profile endpoints; RR-COMPAT is excluded by rule.","Pending; not run; no compatibility claim."
"RIMREL-20260927-0127","127","48","Bed Rest For Food Poisoning","bedrestforfoodpoisoning.1trickPonyta","RR-STA;RR-EXP;RR-FAC;RR-COMPAT","docs/research/reviews/mods/2567901366-bedrestforfoodpoisoning.1trickPonyta.md","Requires","1","Harmony","brrainz.harmony","True","In selected 294-mod profile","RR-MP;RR-COMPAT","docs/research/reviews/mods/2009463077-brrainz.harmony.md","workshop/294100/2567901366/About/About.xml","BD8B7AD8B3A37A7C15257A975502197ECEDE51A0E99A651E69637EBEE391A45D","Installed relationship-export metadata only; preserve exact declaration/path/hash fields; not publisher/code confirmation or runtime result.","Conservative project rule derived from relationship type and profile presence; not an upstream claim or compatibility finding.","Honor the source mod's declared dependency only while that source mod is enabled; do not make an optional source mod or optional dependency a Rimrooms hard dependency.","","No","No shared non-generic feature tags between in-profile endpoints; RR-COMPAT is excluded by rule.","Pending; not run; no compatibility claim."
"RIMREL-20260927-0128","128","49","Better Electronics","AdamBucior.BetterElectronics","RR-FAC;RR-GATE;RR-COMPAT","docs/research/reviews/mods/1555743957-AdamBucior.BetterElectronics.md","Requires","13","HugsLib","UnlimitedHugs.HugsLib","True","In selected 294-mod profile","RR-COMPAT","docs/research/reviews/mods/818773962-UnlimitedHugs.HugsLib.md","workshop/294100/1555743957/About/About.xml","D7979912C1B03C667BA9D322E8C546441305AFC5419EFD0AD9F3DAD6C34D8ED5","Installed relationship-export metadata only; preserve exact declaration/path/hash fields; not publisher/code confirmation or runtime result.","Conservative project rule derived from relationship type and profile presence; not an upstream claim or compatibility finding.","Honor the source mod's declared dependency only while that source mod is enabled; do not make an optional source mod or optional dependency a Rimrooms hard dependency.","","No","No shared non-generic feature tags between in-profile endpoints; RR-COMPAT is excluded by rule.","Pending; not run; no compatibility claim."
"RIMREL-20260927-0129","129","49","Better Electronics","AdamBucior.BetterElectronics","RR-FAC;RR-GATE;RR-COMPAT","docs/research/reviews/mods/1555743957-AdamBucior.BetterElectronics.md","LoadAfter","13","HugsLib","UnlimitedHugs.HugsLib","True","In selected 294-mod profile","RR-COMPAT","docs/research/reviews/mods/818773962-UnlimitedHugs.HugsLib.md","workshop/294100/1555743957/About/About.xml","D7979912C1B03C667BA9D322E8C546441305AFC5419EFD0AD9F3DAD6C34D8ED5","Installed relationship-export metadata only; preserve exact declaration/path/hash fields; not publisher/code confirmation or runtime result.","Conservative project rule derived from relationship type and profile presence; not an upstream claim or compatibility finding.","Preserve this order only when both source and target packages are active; infer no code/API integration from the ordering declaration.","","No","No shared non-generic feature tags between in-profile endpoints; RR-COMPAT is excluded by rule.","Pending; not run; no compatibility claim."
"RIMREL-20260927-0130","130","51","Better Gene Inheritance","RedMattis.BetterGeneInheritance","RR-STA;RR-DLC;RR-COMPAT","docs/research/reviews/mods/3046776238-RedMattis.BetterGeneInheritance.md","Requires","7","Biotech","Ludeon.RimWorld.Biotech","True","In selected 294-mod profile","RR-STA;RR-FAC;RR-DLC;RR-COMPAT","docs/research/reviews/mods/official-7-Ludeon.RimWorld.Biotech.md","workshop/294100/3046776238/About/About.xml","65E479A7FF43485CAF5EA41809DEE8F1FE5860DD523A4289E24FDF722C7614DD","Installed relationship-export metadata only; preserve exact declaration/path/hash fields; not publisher/code confirmation or runtime result.","Conservative project rule derived from relationship type and profile presence; not an upstream claim or compatibility finding.","Honor the source mod's declared dependency only while that source mod is enabled; do not make an optional source mod or optional dependency a Rimrooms hard dependency.","RR-DLC;RR-STA","Yes","In-profile endpoints share non-generic feature tag(s): RR-DLC;RR-STA. Candidate only; runtime test pending.","Pending; not run; no compatibility claim."
"RIMREL-20260927-0131","131","51","Better Gene Inheritance","RedMattis.BetterGeneInheritance","RR-STA;RR-DLC;RR-COMPAT","docs/research/reviews/mods/3046776238-RedMattis.BetterGeneInheritance.md","Requires","1","Harmony","brrainz.harmony","True","In selected 294-mod profile","RR-MP;RR-COMPAT","docs/research/reviews/mods/2009463077-brrainz.harmony.md","workshop/294100/3046776238/About/About.xml","65E479A7FF43485CAF5EA41809DEE8F1FE5860DD523A4289E24FDF722C7614DD","Installed relationship-export metadata only; preserve exact declaration/path/hash fields; not publisher/code confirmation or runtime result.","Conservative project rule derived from relationship type and profile presence; not an upstream claim or compatibility finding.","Honor the source mod's declared dependency only while that source mod is enabled; do not make an optional source mod or optional dependency a Rimrooms hard dependency.","","No","No shared non-generic feature tags between in-profile endpoints; RR-COMPAT is excluded by rule.","Pending; not run; no compatibility claim."
"RIMREL-20260927-0132","132","51","Better Gene Inheritance","RedMattis.BetterGeneInheritance","RR-STA;RR-DLC;RR-COMPAT","docs/research/reviews/mods/3046776238-RedMattis.BetterGeneInheritance.md","LoadAfter","4","Core","Ludeon.RimWorld","True","In selected 294-mod profile","RR-SCEN;RR-FAC;RR-STA;RR-GATE;RR-EXP;RR-SPACE;RR-EVD;RR-THREAT;RR-MSN;RR-ECO;RR-OUT;RR-DLC;RR-UI;RR-COMPAT","docs/research/reviews/mods/official-4-Ludeon.RimWorld.md","workshop/294100/3046776238/About/About.xml","65E479A7FF43485CAF5EA41809DEE8F1FE5860DD523A4289E24FDF722C7614DD","Installed relationship-export metadata only; preserve exact declaration/path/hash fields; not publisher/code confirmation or runtime result.","Conservative project rule derived from relationship type and profile presence; not an upstream claim or compatibility finding.","Preserve this order only when both source and target packages are active; infer no code/API integration from the ordering declaration.","RR-DLC;RR-STA","Yes","In-profile endpoints share non-generic feature tag(s): RR-DLC;RR-STA. Candidate only; runtime test pending.","Pending; not run; no compatibility claim."
"RIMREL-20260927-0133","133","51","Better Gene Inheritance","RedMattis.BetterGeneInheritance","RR-STA;RR-DLC;RR-COMPAT","docs/research/reviews/mods/3046776238-RedMattis.BetterGeneInheritance.md","LoadAfter","5","Royalty","Ludeon.RimWorld.Royalty","True","In selected 294-mod profile","RR-STA;RR-MSN;RR-DLC;RR-COMPAT","docs/research/reviews/mods/official-5-Ludeon.RimWorld.Royalty.md","workshop/294100/3046776238/About/About.xml","65E479A7FF43485CAF5EA41809DEE8F1FE5860DD523A4289E24FDF722C7614DD","Installed relationship-export metadata only; preserve exact declaration/path/hash fields; not publisher/code confirmation or runtime result.","Conservative project rule derived from relationship type and profile presence; not an upstream claim or compatibility finding.","Preserve this order only when both source and target packages are active; infer no code/API integration from the ordering declaration.","RR-DLC;RR-STA","Yes","In-profile endpoints share non-generic feature tag(s): RR-DLC;RR-STA. Candidate only; runtime test pending.","Pending; not run; no compatibility claim."
"RIMREL-20260927-0134","134","51","Better Gene Inheritance","RedMattis.BetterGeneInheritance","RR-STA;RR-DLC;RR-COMPAT","docs/research/reviews/mods/3046776238-RedMattis.BetterGeneInheritance.md","LoadAfter","6","Ideology","Ludeon.RimWorld.Ideology","True","In selected 294-mod profile","RR-STA;RR-DLC;RR-COMPAT","docs/research/reviews/mods/official-6-Ludeon.RimWorld.Ideology.md","workshop/294100/3046776238/About/About.xml","65E479A7FF43485CAF5EA41809DEE8F1FE5860DD523A4289E24FDF722C7614DD","Installed relationship-export metadata only; preserve exact declaration/path/hash fields; not publisher/code confirmation or runtime result.","Conservative project rule derived from relationship type and profile presence; not an upstream claim or compatibility finding.","Preserve this order only when both source and target packages are active; infer no code/API integration from the ordering declaration.","RR-DLC;RR-STA","Yes","In-profile endpoints share non-generic feature tag(s): RR-DLC;RR-STA. Candidate only; runtime test pending.","Pending; not run; no compatibility claim."
"RIMREL-20260927-0135","135","51","Better Gene Inheritance","RedMattis.BetterGeneInheritance","RR-STA;RR-DLC;RR-COMPAT","docs/research/reviews/mods/3046776238-RedMattis.BetterGeneInheritance.md","LoadAfter","7","Biotech","Ludeon.RimWorld.Biotech","True","In selected 294-mod profile","RR-STA;RR-FAC;RR-DLC;RR-COMPAT","docs/research/reviews/mods/official-7-Ludeon.RimWorld.Biotech.md","workshop/294100/3046776238/About/About.xml","65E479A7FF43485CAF5EA41809DEE8F1FE5860DD523A4289E24FDF722C7614DD","Installed relationship-export metadata only; preserve exact declaration/path/hash fields; not publisher/code confirmation or runtime result.","Conservative project rule derived from relationship type and profile presence; not an upstream claim or compatibility finding.","Preserve this order only when both source and target packages are active; infer no code/API integration from the ordering declaration.","RR-DLC;RR-STA","Yes","In-profile endpoints share non-generic feature tag(s): RR-DLC;RR-STA. Candidate only; runtime test pending.","Pending; not run; no compatibility claim."
"RIMREL-20260927-0136","136","51","Better Gene Inheritance","RedMattis.BetterGeneInheritance","RR-STA;RR-DLC;RR-COMPAT","docs/research/reviews/mods/3046776238-RedMattis.BetterGeneInheritance.md","LoadAfter","1","Harmony","brrainz.harmony","True","In selected 294-mod profile","RR-MP;RR-COMPAT","docs/research/reviews/mods/2009463077-brrainz.harmony.md","workshop/294100/3046776238/About/About.xml","65E479A7FF43485CAF5EA41809DEE8F1FE5860DD523A4289E24FDF722C7614DD","Installed relationship-export metadata only; preserve exact declaration/path/hash fields; not publisher/code confirmation or runtime result.","Conservative project rule derived from relationship type and profile presence; not an upstream claim or compatibility finding.","Preserve this order only when both source and target packages are active; infer no code/API integration from the ordering declaration.","","No","No shared non-generic feature tags between in-profile endpoints; RR-COMPAT is excluded by rule.","Pending; not run; no compatibility claim."
"RIMREL-20260927-0137","137","52","BetterWeight","ArchieV.BetterWeight","RR-EXP;RR-OUT;RR-SPACEFLIGHT;RR-COMPAT","docs/research/reviews/mods/2221387317-ArchieV.BetterWeight.md","Requires","1","Harmony","brrainz.harmony","True","In selected 294-mod profile","RR-MP;RR-COMPAT","docs/research/reviews/mods/2009463077-brrainz.harmony.md","workshop/294100/2221387317/About/About.xml","8AD99586DA146EAAE8573B1A40F6DEC0476FE9791415AFD0710773A2932C38ED","Installed relationship-export metadata only; preserve exact declaration/path/hash fields; not publisher/code confirmation or runtime result.","Conservative project rule derived from relationship type and profile presence; not an upstream claim or compatibility finding.","Honor the source mod's declared dependency only while that source mod is enabled; do not make an optional source mod or optional dependency a Rimrooms hard dependency.","","No","No shared non-generic feature tags between in-profile endpoints; RR-COMPAT is excluded by rule.","Pending; not run; no compatibility claim."
"RIMREL-20260927-0138","138","52","BetterWeight","ArchieV.BetterWeight","RR-EXP;RR-OUT;RR-SPACEFLIGHT;RR-COMPAT","docs/research/reviews/mods/2221387317-ArchieV.BetterWeight.md","LoadAfter","4","Core","Ludeon.RimWorld","True","In selected 294-mod profile","RR-SCEN;RR-FAC;RR-STA;RR-GATE;RR-EXP;RR-SPACE;RR-EVD;RR-THREAT;RR-MSN;RR-ECO;RR-OUT;RR-DLC;RR-UI;RR-COMPAT","docs/research/reviews/mods/official-4-Ludeon.RimWorld.md","workshop/294100/2221387317/About/About.xml","8AD99586DA146EAAE8573B1A40F6DEC0476FE9791415AFD0710773A2932C38ED","Installed relationship-export metadata only; preserve exact declaration/path/hash fields; not publisher/code confirmation or runtime result.","Conservative project rule derived from relationship type and profile presence; not an upstream claim or compatibility finding.","Preserve this order only when both source and target packages are active; infer no code/API integration from the ordering declaration.","RR-EXP;RR-OUT","Yes","In-profile endpoints share non-generic feature tag(s): RR-EXP;RR-OUT. Candidate only; runtime test pending.","Pending; not run; no compatibility claim."
"RIMREL-20260927-0139","139","52","BetterWeight","ArchieV.BetterWeight","RR-EXP;RR-OUT;RR-SPACEFLIGHT;RR-COMPAT","docs/research/reviews/mods/2221387317-ArchieV.BetterWeight.md","LoadAfter","5","Royalty","Ludeon.RimWorld.Royalty","True","In selected 294-mod profile","RR-STA;RR-MSN;RR-DLC;RR-COMPAT","docs/research/reviews/mods/official-5-Ludeon.RimWorld.Royalty.md","workshop/294100/2221387317/About/About.xml","8AD99586DA146EAAE8573B1A40F6DEC0476FE9791415AFD0710773A2932C38ED","Installed relationship-export metadata only; preserve exact declaration/path/hash fields; not publisher/code confirmation or runtime result.","Conservative project rule derived from relationship type and profile presence; not an upstream claim or compatibility finding.","Preserve this order only when both source and target packages are active; infer no code/API integration from the ordering declaration.","","No","No shared non-generic feature tags between in-profile endpoints; RR-COMPAT is excluded by rule.","Pending; not run; no compatibility claim."
"RIMREL-20260927-0140","140","52","BetterWeight","ArchieV.BetterWeight","RR-EXP;RR-OUT;RR-SPACEFLIGHT;RR-COMPAT","docs/research/reviews/mods/2221387317-ArchieV.BetterWeight.md","LoadAfter","6","Ideology","Ludeon.Rimworld.Ideology","True","In selected 294-mod profile","RR-STA;RR-DLC;RR-COMPAT","docs/research/reviews/mods/official-6-Ludeon.RimWorld.Ideology.md","workshop/294100/2221387317/About/About.xml","8AD99586DA146EAAE8573B1A40F6DEC0476FE9791415AFD0710773A2932C38ED","Installed relationship-export metadata only; preserve exact declaration/path/hash fields; not publisher/code confirmation or runtime result.","Conservative project rule derived from relationship type and profile presence; not an upstream claim or compatibility finding.","Preserve this order only when both source and target packages are active; infer no code/API integration from the ordering declaration.","","No","No shared non-generic feature tags between in-profile endpoints; RR-COMPAT is excluded by rule.","Pending; not run; no compatibility claim."
"RIMREL-20260927-0141","141","52","BetterWeight","ArchieV.BetterWeight","RR-EXP;RR-OUT;RR-SPACEFLIGHT;RR-COMPAT","docs/research/reviews/mods/2221387317-ArchieV.BetterWeight.md","LoadAfter","7","Biotech","Ludeon.Rimworld.Biotech","True","In selected 294-mod profile","RR-STA;RR-FAC;RR-DLC;RR-COMPAT","docs/research/reviews/mods/official-7-Ludeon.RimWorld.Biotech.md","workshop/294100/2221387317/About/About.xml","8AD99586DA146EAAE8573B1A40F6DEC0476FE9791415AFD0710773A2932C38ED","Installed relationship-export metadata only; preserve exact declaration/path/hash fields; not publisher/code confirmation or runtime result.","Conservative project rule derived from relationship type and profile presence; not an upstream claim or compatibility finding.","Preserve this order only when both source and target packages are active; infer no code/API integration from the ordering declaration.","","No","No shared non-generic feature tags between in-profile endpoints; RR-COMPAT is excluded by rule.","Pending; not run; no compatibility claim."
"RIMREL-20260927-0142","142","52","BetterWeight","ArchieV.BetterWeight","RR-EXP;RR-OUT;RR-SPACEFLIGHT;RR-COMPAT","docs/research/reviews/mods/2221387317-ArchieV.BetterWeight.md","LoadAfter","8","Anomaly","Ludeon.Rimworld.Anomaly","True","In selected 294-mod profile","RR-THREAT;RR-EVD;RR-EXP;RR-MSN;RR-DLC;RR-COMPAT","docs/research/reviews/mods/official-8-Ludeon.RimWorld.Anomaly.md","workshop/294100/2221387317/About/About.xml","8AD99586DA146EAAE8573B1A40F6DEC0476FE9791415AFD0710773A2932C38ED","Installed relationship-export metadata only; preserve exact declaration/path/hash fields; not publisher/code confirmation or runtime result.","Conservative project rule derived from relationship type and profile presence; not an upstream claim or compatibility finding.","Preserve this order only when both source and target packages are active; infer no code/API integration from the ordering declaration.","RR-EXP","Yes","In-profile endpoints share non-generic feature tag(s): RR-EXP. Candidate only; runtime test pending.","Pending; not run; no compatibility claim."
"RIMREL-20260927-0143","143","52","BetterWeight","ArchieV.BetterWeight","RR-EXP;RR-OUT;RR-SPACEFLIGHT;RR-COMPAT","docs/research/reviews/mods/2221387317-ArchieV.BetterWeight.md","LoadAfter","9","Odyssey","Ludeon.Rimworld.Odyssey","True","In selected 294-mod profile","RR-SPACEFLIGHT;RR-OUT;RR-EXP;RR-MSN;RR-ECO;RR-DLC;RR-COMPAT","docs/research/reviews/mods/official-9-Ludeon.RimWorld.Odyssey.md","workshop/294100/2221387317/About/About.xml","8AD99586DA146EAAE8573B1A40F6DEC0476FE9791415AFD0710773A2932C38ED","Installed relationship-export metadata only; preserve exact declaration/path/hash fields; not publisher/code confirmation or runtime result.","Conservative project rule derived from relationship type and profile presence; not an upstream claim or compatibility finding.","Preserve this order only when both source and target packages are active; infer no code/API integration from the ordering declaration.","RR-EXP;RR-OUT;RR-SPACEFLIGHT","Yes","In-profile endpoints share non-generic feature tag(s): RR-EXP;RR-OUT;RR-SPACEFLIGHT. Candidate only; runtime test pending.","Pending; not run; no compatibility claim."
"RIMREL-20260927-0144","144","52","BetterWeight","ArchieV.BetterWeight","RR-EXP;RR-OUT;RR-SPACEFLIGHT;RR-COMPAT","docs/research/reviews/mods/2221387317-ArchieV.BetterWeight.md","LoadAfter","1","Harmony","brrainz.harmony","True","In selected 294-mod profile","RR-MP;RR-COMPAT","docs/research/reviews/mods/2009463077-brrainz.harmony.md","workshop/294100/2221387317/About/About.xml","8AD99586DA146EAAE8573B1A40F6DEC0476FE9791415AFD0710773A2932C38ED","Installed relationship-export metadata only; preserve exact declaration/path/hash fields; not publisher/code confirmation or runtime result.","Conservative project rule derived from relationship type and profile presence; not an upstream claim or compatibility finding.","Preserve this order only when both source and target packages are active; infer no code/API integration from the ordering declaration.","","No","No shared non-generic feature tags between in-profile endpoints; RR-COMPAT is excluded by rule.","Pending; not run; no compatibility claim."
"RIMREL-20260927-0145","145","53","Big Little Mod Patch","Daria40K.BigLittleModPatch","RR-FAC;RR-UI;RR-COMPAT","docs/research/reviews/mods/2710382569-Daria40K.BigLittleModPatch.md","LoadAfter","","","dankpyon.medieval.overhaul","False","Outside selected 294-mod profile","","","workshop/294100/2710382569/About/About.xml","54E8371DA4FB8C28C235681F4CB9DC7C0F8E1E9981328B498D7B20C6A32589C6","Installed relationship-export metadata only; preserve exact declaration/path/hash fields; not publisher/code confirmation or runtime result.","Conservative project rule derived from relationship type and profile presence; not an upstream claim or compatibility finding.","No ordering action while the target is outside this profile; do not add it solely for this declaration. If both packages are later active, preserve the declared order; infer no code/API integration.","","No","Target is outside the selected 294-row profile; no in-profile endpoint feature comparison is asserted.","Pending; not run; no compatibility claim."
"RIMREL-20260927-0146","146","53","Big Little Mod Patch","Daria40K.BigLittleModPatch","RR-FAC;RR-UI;RR-COMPAT","docs/research/reviews/mods/2710382569-Daria40K.BigLittleModPatch.md","LoadAfter","","","drenzyme.curiouscurios","False","Outside selected 294-mod profile","","","workshop/294100/2710382569/About/About.xml","54E8371DA4FB8C28C235681F4CB9DC7C0F8E1E9981328B498D7B20C6A32589C6","Installed relationship-export metadata only; preserve exact declaration/path/hash fields; not publisher/code confirmation or runtime result.","Conservative project rule derived from relationship type and profile presence; not an upstream claim or compatibility finding.","No ordering action while the target is outside this profile; do not add it solely for this declaration. If both packages are later active, preserve the declared order; infer no code/API integration.","","No","Target is outside the selected 294-row profile; no in-profile endpoint feature comparison is asserted.","Pending; not run; no compatibility claim."
"RIMREL-20260927-0147","147","54","Blood Animations","Fuu.BloodAnimations","RR-STA;RR-EXP;RR-THREAT;RR-COMPAT","docs/research/reviews/mods/3228047321-Fuu.BloodAnimations.md","Requires","1","Harmony","brrainz.harmony","True","In selected 294-mod profile","RR-MP;RR-COMPAT","docs/research/reviews/mods/2009463077-brrainz.harmony.md","workshop/294100/3228047321/About/About.xml","B8A995DB563778767D9ED3AB60136E648A58E14C3CE9199069CB6B7403122469","Installed relationship-export metadata only; preserve exact declaration/path/hash fields; not publisher/code confirmation or runtime result.","Conservative project rule derived from relationship type and profile presence; not an upstream claim or compatibility finding.","Honor the source mod's declared dependency only while that source mod is enabled; do not make an optional source mod or optional dependency a Rimrooms hard dependency.","","No","No shared non-generic feature tags between in-profile endpoints; RR-COMPAT is excluded by rule.","Pending; not run; no compatibility claim."
"RIMREL-20260927-0148","148","54","Blood Animations","Fuu.BloodAnimations","RR-STA;RR-EXP;RR-THREAT;RR-COMPAT","docs/research/reviews/mods/3228047321-Fuu.BloodAnimations.md","LoadAfter","4","Core","Ludeon.RimWorld","True","In selected 294-mod profile","RR-SCEN;RR-FAC;RR-STA;RR-GATE;RR-EXP;RR-SPACE;RR-EVD;RR-THREAT;RR-MSN;RR-ECO;RR-OUT;RR-DLC;RR-UI;RR-COMPAT","docs/research/reviews/mods/official-4-Ludeon.RimWorld.md","workshop/294100/3228047321/About/About.xml","B8A995DB563778767D9ED3AB60136E648A58E14C3CE9199069CB6B7403122469","Installed relationship-export metadata only; preserve exact declaration/path/hash fields; not publisher/code confirmation or runtime result.","Conservative project rule derived from relationship type and profile presence; not an upstream claim or compatibility finding.","Preserve this order only when both source and target packages are active; infer no code/API integration from the ordering declaration.","RR-EXP;RR-STA;RR-THREAT","Yes","In-profile endpoints share non-generic feature tag(s): RR-EXP;RR-STA;RR-THREAT. Candidate only; runtime test pending.","Pending; not run; no compatibility claim."
"RIMREL-20260927-0149","149","54","Blood Animations","Fuu.BloodAnimations","RR-STA;RR-EXP;RR-THREAT;RR-COMPAT","docs/research/reviews/mods/3228047321-Fuu.BloodAnimations.md","LoadAfter","5","Royalty","Ludeon.RimWorld.Royalty","True","In selected 294-mod profile","RR-STA;RR-MSN;RR-DLC;RR-COMPAT","docs/research/reviews/mods/official-5-Ludeon.RimWorld.Royalty.md","workshop/294100/3228047321/About/About.xml","B8A995DB563778767D9ED3AB60136E648A58E14C3CE9199069CB6B7403122469","Installed relationship-export metadata only; preserve exact declaration/path/hash fields; not publisher/code confirmation or runtime result.","Conservative project rule derived from relationship type and profile presence; not an upstream claim or compatibility finding.","Preserve this order only when both source and target packages are active; infer no code/API integration from the ordering declaration.","RR-STA","Yes","In-profile endpoints share non-generic feature tag(s): RR-STA. Candidate only; runtime test pending.","Pending; not run; no compatibility claim."
"RIMREL-20260927-0150","150","54","Blood Animations","Fuu.BloodAnimations","RR-STA;RR-EXP;RR-THREAT;RR-COMPAT","docs/research/reviews/mods/3228047321-Fuu.BloodAnimations.md","LoadAfter","6","Ideology","Ludeon.RimWorld.Ideology","True","In selected 294-mod profile","RR-STA;RR-DLC;RR-COMPAT","docs/research/reviews/mods/official-6-Ludeon.RimWorld.Ideology.md","workshop/294100/3228047321/About/About.xml","B8A995DB563778767D9ED3AB60136E648A58E14C3CE9199069CB6B7403122469","Installed relationship-export metadata only; preserve exact declaration/path/hash fields; not publisher/code confirmation or runtime result.","Conservative project rule derived from relationship type and profile presence; not an upstream claim or compatibility finding.","Preserve this order only when both source and target packages are active; infer no code/API integration from the ordering declaration.","RR-STA","Yes","In-profile endpoints share non-generic feature tag(s): RR-STA. Candidate only; runtime test pending.","Pending; not run; no compatibility claim."
"RIMREL-20260927-0151","151","54","Blood Animations","Fuu.BloodAnimations","RR-STA;RR-EXP;RR-THREAT;RR-COMPAT","docs/research/reviews/mods/3228047321-Fuu.BloodAnimations.md","LoadAfter","7","Biotech","Ludeon.RimWorld.Biotech","True","In selected 294-mod profile","RR-STA;RR-FAC;RR-DLC;RR-COMPAT","docs/research/reviews/mods/official-7-Ludeon.RimWorld.Biotech.md","workshop/294100/3228047321/About/About.xml","B8A995DB563778767D9ED3AB60136E648A58E14C3CE9199069CB6B7403122469","Installed relationship-export metadata only; preserve exact declaration/path/hash fields; not publisher/code confirmation or runtime result.","Conservative project rule derived from relationship type and profile presence; not an upstream claim or compatibility finding.","Preserve this order only when both source and target packages are active; infer no code/API integration from the ordering declaration.","RR-STA","Yes","In-profile endpoints share non-generic feature tag(s): RR-STA. Candidate only; runtime test pending.","Pending; not run; no compatibility claim."
"RIMREL-20260927-0152","152","54","Blood Animations","Fuu.BloodAnimations","RR-STA;RR-EXP;RR-THREAT;RR-COMPAT","docs/research/reviews/mods/3228047321-Fuu.BloodAnimations.md","LoadAfter","8","Anomaly","Ludeon.RimWorld.Anomaly","True","In selected 294-mod profile","RR-THREAT;RR-EVD;RR-EXP;RR-MSN;RR-DLC;RR-COMPAT","docs/research/reviews/mods/official-8-Ludeon.RimWorld.Anomaly.md","workshop/294100/3228047321/About/About.xml","B8A995DB563778767D9ED3AB60136E648A58E14C3CE9199069CB6B7403122469","Installed relationship-export metadata only; preserve exact declaration/path/hash fields; not publisher/code confirmation or runtime result.","Conservative project rule derived from relationship type and profile presence; not an upstream claim or compatibility finding.","Preserve this order only when both source and target packages are active; infer no code/API integration from the ordering declaration.","RR-EXP;RR-THREAT","Yes","In-profile endpoints share non-generic feature tag(s): RR-EXP;RR-THREAT. Candidate only; runtime test pending.","Pending; not run; no compatibility claim."
"RIMREL-20260927-0153","153","54","Blood Animations","Fuu.BloodAnimations","RR-STA;RR-EXP;RR-THREAT;RR-COMPAT","docs/research/reviews/mods/3228047321-Fuu.BloodAnimations.md","LoadAfter","9","Odyssey","Ludeon.RimWorld.Odyssey","True","In selected 294-mod profile","RR-SPACEFLIGHT;RR-OUT;RR-EXP;RR-MSN;RR-ECO;RR-DLC;RR-COMPAT","docs/research/reviews/mods/official-9-Ludeon.RimWorld.Odyssey.md","workshop/294100/3228047321/About/About.xml","B8A995DB563778767D9ED3AB60136E648A58E14C3CE9199069CB6B7403122469","Installed relationship-export metadata only; preserve exact declaration/path/hash fields; not publisher/code confirmation or runtime result.","Conservative project rule derived from relationship type and profile presence; not an upstream claim or compatibility finding.","Preserve this order only when both source and target packages are active; infer no code/API integration from the ordering declaration.","RR-EXP","Yes","In-profile endpoints share non-generic feature tag(s): RR-EXP. Candidate only; runtime test pending.","Pending; not run; no compatibility claim."
"RIMREL-20260927-0154","154","54","Blood Animations","Fuu.BloodAnimations","RR-STA;RR-EXP;RR-THREAT;RR-COMPAT","docs/research/reviews/mods/3228047321-Fuu.BloodAnimations.md","LoadAfter","1","Harmony","brrainz.harmony","True","In selected 294-mod profile","RR-MP;RR-COMPAT","docs/research/reviews/mods/2009463077-brrainz.harmony.md","workshop/294100/3228047321/About/About.xml","B8A995DB563778767D9ED3AB60136E648A58E14C3CE9199069CB6B7403122469","Installed relationship-export metadata only; preserve exact declaration/path/hash fields; not publisher/code confirmation or runtime result.","Conservative project rule derived from relationship type and profile presence; not an upstream claim or compatibility finding.","Preserve this order only when both source and target packages are active; infer no code/API integration from the ordering declaration.","","No","No shared non-generic feature tags between in-profile endpoints; RR-COMPAT is excluded by rule.","Pending; not run; no compatibility claim."
"RIMREL-20260927-0155","155","55","Blueprints Forked - 1.6","Defi.Blueprints.fork","RR-FAC;RR-OUT;RR-UI;RR-MP;RR-COMPAT","docs/research/reviews/mods/3525001145-Defi.Blueprints.fork.md","Requires","1","Harmony","brrainz.harmony","True","In selected 294-mod profile","RR-MP;RR-COMPAT","docs/research/reviews/mods/2009463077-brrainz.harmony.md","workshop/294100/3525001145/About/About.xml","4F6520E72571CE2F87D7228B0B7B07A538907793479713EC9D818307593015B1","Installed relationship-export metadata only; preserve exact declaration/path/hash fields; not publisher/code confirmation or runtime result.","Conservative project rule derived from relationship type and profile presence; not an upstream claim or compatibility finding.","Honor the source mod's declared dependency only while that source mod is enabled; do not make an optional source mod or optional dependency a Rimrooms hard dependency.","RR-MP","Yes","In-profile endpoints share non-generic feature tag(s): RR-MP. Candidate only; runtime test pending.","Pending; not run; no compatibility claim."
"RIMREL-20260927-0156","156","57","Build From Inventory - Continued","Memegoddess.BuildFromInventory","RR-FAC;RR-EXP;RR-OUT;RR-MP;RR-COMPAT","docs/research/reviews/mods/3534185281-Memegoddess.BuildFromInventory.md","Requires","1","Harmony","brrainz.harmony","True","In selected 294-mod profile","RR-MP;RR-COMPAT","docs/research/reviews/mods/2009463077-brrainz.harmony.md","workshop/294100/3534185281/About/About.xml","BAB42E55485ECFC3A9A665580201D9EFEE702A05864BF63AF77BACF41AF702AC","Installed relationship-export metadata only; preserve exact declaration/path/hash fields; not publisher/code confirmation or runtime result.","Conservative project rule derived from relationship type and profile presence; not an upstream claim or compatibility finding.","Honor the source mod's declared dependency only while that source mod is enabled; do not make an optional source mod or optional dependency a Rimrooms hard dependency.","RR-MP","Yes","In-profile endpoints share non-generic feature tag(s): RR-MP. Candidate only; runtime test pending.","Pending; not run; no compatibility claim."
"RIMREL-20260927-0157","157","59","Call A Trader","arakos.callatrader.acat","RR-ECO;RR-COMPAT","docs/research/reviews/mods/2784149999-arakos.callatrader.acat.md","Requires","1","Harmony","brrainz.harmony","True","In selected 294-mod profile","RR-MP;RR-COMPAT","docs/research/reviews/mods/2009463077-brrainz.harmony.md","workshop/294100/2784149999/About/About.xml","7292D7905D43B95A418AFDF01B88CFE215C895A949E393D5D143BF72555F940B","Installed relationship-export metadata only; preserve exact declaration/path/hash fields; not publisher/code confirmation or runtime result.","Conservative project rule derived from relationship type and profile presence; not an upstream claim or compatibility finding.","Honor the source mod's declared dependency only while that source mod is enabled; do not make an optional source mod or optional dependency a Rimrooms hard dependency.","","No","No shared non-generic feature tags between in-profile endpoints; RR-COMPAT is excluded by rule.","Pending; not run; no compatibility claim."
"RIMREL-20260927-0158","158","59","Call A Trader","arakos.callatrader.acat","RR-ECO;RR-COMPAT","docs/research/reviews/mods/2784149999-arakos.callatrader.acat.md","LoadAfter","4","Core","Ludeon.RimWorld","True","In selected 294-mod profile","RR-SCEN;RR-FAC;RR-STA;RR-GATE;RR-EXP;RR-SPACE;RR-EVD;RR-THREAT;RR-MSN;RR-ECO;RR-OUT;RR-DLC;RR-UI;RR-COMPAT","docs/research/reviews/mods/official-4-Ludeon.RimWorld.md","workshop/294100/2784149999/About/About.xml","7292D7905D43B95A418AFDF01B88CFE215C895A949E393D5D143BF72555F940B","Installed relationship-export metadata only; preserve exact declaration/path/hash fields; not publisher/code confirmation or runtime result.","Conservative project rule derived from relationship type and profile presence; not an upstream claim or compatibility finding.","Preserve this order only when both source and target packages are active; infer no code/API integration from the ordering declaration.","RR-ECO","Yes","In-profile endpoints share non-generic feature tag(s): RR-ECO. Candidate only; runtime test pending.","Pending; not run; no compatibility claim."
"RIMREL-20260927-0159","159","59","Call A Trader","arakos.callatrader.acat","RR-ECO;RR-COMPAT","docs/research/reviews/mods/2784149999-arakos.callatrader.acat.md","LoadAfter","5","Royalty","Ludeon.RimWorld.Royalty","True","In selected 294-mod profile","RR-STA;RR-MSN;RR-DLC;RR-COMPAT","docs/research/reviews/mods/official-5-Ludeon.RimWorld.Royalty.md","workshop/294100/2784149999/About/About.xml","7292D7905D43B95A418AFDF01B88CFE215C895A949E393D5D143BF72555F940B","Installed relationship-export metadata only; preserve exact declaration/path/hash fields; not publisher/code confirmation or runtime result.","Conservative project rule derived from relationship type and profile presence; not an upstream claim or compatibility finding.","Preserve this order only when both source and target packages are active; infer no code/API integration from the ordering declaration.","","No","No shared non-generic feature tags between in-profile endpoints; RR-COMPAT is excluded by rule.","Pending; not run; no compatibility claim."
"RIMREL-20260927-0160","160","59","Call A Trader","arakos.callatrader.acat","RR-ECO;RR-COMPAT","docs/research/reviews/mods/2784149999-arakos.callatrader.acat.md","LoadAfter","6","Ideology","Ludeon.RimWorld.Ideology","True","In selected 294-mod profile","RR-STA;RR-DLC;RR-COMPAT","docs/research/reviews/mods/official-6-Ludeon.RimWorld.Ideology.md","workshop/294100/2784149999/About/About.xml","7292D7905D43B95A418AFDF01B88CFE215C895A949E393D5D143BF72555F940B","Installed relationship-export metadata only; preserve exact declaration/path/hash fields; not publisher/code confirmation or runtime result.","Conservative project rule derived from relationship type and profile presence; not an upstream claim or compatibility finding.","Preserve this order only when both source and target packages are active; infer no code/API integration from the ordering declaration.","","No","No shared non-generic feature tags between in-profile endpoints; RR-COMPAT is excluded by rule.","Pending; not run; no compatibility claim."
"RIMREL-20260927-0161","161","59","Call A Trader","arakos.callatrader.acat","RR-ECO;RR-COMPAT","docs/research/reviews/mods/2784149999-arakos.callatrader.acat.md","LoadAfter","1","Harmony","brrainz.harmony","True","In selected 294-mod profile","RR-MP;RR-COMPAT","docs/research/reviews/mods/2009463077-brrainz.harmony.md","workshop/294100/2784149999/About/About.xml","7292D7905D43B95A418AFDF01B88CFE215C895A949E393D5D143BF72555F940B","Installed relationship-export metadata only; preserve exact declaration/path/hash fields; not publisher/code confirmation or runtime result.","Conservative project rule derived from relationship type and profile presence; not an upstream claim or compatibility finding.","Preserve this order only when both source and target packages are active; infer no code/API integration from the ordering declaration.","","No","No shared non-generic feature tags between in-profile endpoints; RR-COMPAT is excluded by rule.","Pending; not run; no compatibility claim."
"RIMREL-20260927-0162","162","60","Capture Them (Continued)","Mlie.CaptureThem","RR-STA;RR-THREAT;RR-COMPAT","docs/research/reviews/mods/3255137581-Mlie.CaptureThem.md","Requires","1","Harmony","brrainz.harmony","True","In selected 294-mod profile","RR-MP;RR-COMPAT","docs/research/reviews/mods/2009463077-brrainz.harmony.md","workshop/294100/3255137581/About/About.xml","E7084CC1805CB3F0E31AE64F99B210A237B4C2FA4FD474C17AFB6D9B6EA6D076","Installed relationship-export metadata only; preserve exact declaration/path/hash fields; not publisher/code confirmation or runtime result.","Conservative project rule derived from relationship type and profile presence; not an upstream claim or compatibility finding.","Honor the source mod's declared dependency only while that source mod is enabled; do not make an optional source mod or optional dependency a Rimrooms hard dependency.","","No","No shared non-generic feature tags between in-profile endpoints; RR-COMPAT is excluded by rule.","Pending; not run; no compatibility claim."
"RIMREL-20260927-0163","163","60","Capture Them (Continued)","Mlie.CaptureThem","RR-STA;RR-THREAT;RR-COMPAT","docs/research/reviews/mods/3255137581-Mlie.CaptureThem.md","LoadAfter","1","Harmony","brrainz.harmony","True","In selected 294-mod profile","RR-MP;RR-COMPAT","docs/research/reviews/mods/2009463077-brrainz.harmony.md","workshop/294100/3255137581/About/About.xml","E7084CC1805CB3F0E31AE64F99B210A237B4C2FA4FD474C17AFB6D9B6EA6D076","Installed relationship-export metadata only; preserve exact declaration/path/hash fields; not publisher/code confirmation or runtime result.","Conservative project rule derived from relationship type and profile presence; not an upstream claim or compatibility finding.","Preserve this order only when both source and target packages are active; infer no code/API integration from the ordering declaration.","","No","No shared non-generic feature tags between in-profile endpoints; RR-COMPAT is excluded by rule.","Pending; not run; no compatibility claim."
"RIMREL-20260927-0164","164","61","Carryalls | Intercontinental Transport (Continued)","Mlie.CarryallsIntercontinentalTransport","RR-EXP;RR-OUT;RR-SPACEFLIGHT;RR-COMPAT","docs/research/reviews/mods/3642349335-Mlie.CarryallsIntercontinentalTransport.md","Requires","1","Harmony","brrainz.harmony","True","In selected 294-mod profile","RR-MP;RR-COMPAT","docs/research/reviews/mods/2009463077-brrainz.harmony.md","workshop/294100/3642349335/About/About.xml","136DE75E56C7B8F5C54D01C762CE2F29746FC99ADF0374F827994E076DD6AF9B","Installed relationship-export metadata only; preserve exact declaration/path/hash fields; not publisher/code confirmation or runtime result.","Conservative project rule derived from relationship type and profile presence; not an upstream claim or compatibility finding.","Honor the source mod's declared dependency only while that source mod is enabled; do not make an optional source mod or optional dependency a Rimrooms hard dependency.","","No","No shared non-generic feature tags between in-profile endpoints; RR-COMPAT is excluded by rule.","Pending; not run; no compatibility claim."
"RIMREL-20260927-0165","165","61","Carryalls | Intercontinental Transport (Continued)","Mlie.CarryallsIntercontinentalTransport","RR-EXP;RR-OUT;RR-SPACEFLIGHT;RR-COMPAT","docs/research/reviews/mods/3642349335-Mlie.CarryallsIntercontinentalTransport.md","LoadAfter","1","Harmony","brrainz.harmony","True","In selected 294-mod profile","RR-MP;RR-COMPAT","docs/research/reviews/mods/2009463077-brrainz.harmony.md","workshop/294100/3642349335/About/About.xml","136DE75E56C7B8F5C54D01C762CE2F29746FC99ADF0374F827994E076DD6AF9B","Installed relationship-export metadata only; preserve exact declaration/path/hash fields; not publisher/code confirmation or runtime result.","Conservative project rule derived from relationship type and profile presence; not an upstream claim or compatibility finding.","Preserve this order only when both source and target packages are active; infer no code/API integration from the ordering declaration.","","No","No shared non-generic feature tags between in-profile endpoints; RR-COMPAT is excluded by rule.","Pending; not run; no compatibility claim."
"RIMREL-20260927-0166","166","61","Carryalls | Intercontinental Transport (Continued)","Mlie.CarryallsIntercontinentalTransport","RR-EXP;RR-OUT;RR-SPACEFLIGHT;RR-COMPAT","docs/research/reviews/mods/3642349335-Mlie.CarryallsIntercontinentalTransport.md","IncompatibleWith","","","Shashlichnik.srtsexpanded","False","Outside selected 294-mod profile","","","workshop/294100/3642349335/About/About.xml","136DE75E56C7B8F5C54D01C762CE2F29746FC99ADF0374F827994E076DD6AF9B","Installed relationship-export metadata only; preserve exact declaration/path/hash fields; not publisher/code confirmation or runtime result.","Conservative project rule derived from relationship type and profile presence; not an upstream claim or compatibility finding.","Keep the declared target outside the Rimrooms profile; do not auto-add it. If a future profile selects both endpoints, block the pair pending owner review and exact-profile testing.","","No","Target is outside the selected 294-row profile; no in-profile endpoint feature comparison is asserted.","Pending; not run; no compatibility claim."
"RIMREL-20260927-0167","167","62","Cash Register (Continued)","Orion.CashRegister","RR-FAC;RR-ECO;RR-COMPAT","docs/research/reviews/mods/3509487668-Orion.CashRegister.md","Requires","1","Harmony","brrainz.harmony","True","In selected 294-mod profile","RR-MP;RR-COMPAT","docs/research/reviews/mods/2009463077-brrainz.harmony.md","workshop/294100/3509487668/About/About.xml","0AC49AD6A323DEC98D430A62E5AB62618BAC79636144D56BED44D36754B3880A","Installed relationship-export metadata only; preserve exact declaration/path/hash fields; not publisher/code confirmation or runtime result.","Conservative project rule derived from relationship type and profile presence; not an upstream claim or compatibility finding.","Honor the source mod's declared dependency only while that source mod is enabled; do not make an optional source mod or optional dependency a Rimrooms hard dependency.","","No","No shared non-generic feature tags between in-profile endpoints; RR-COMPAT is excluded by rule.","Pending; not run; no compatibility claim."
"RIMREL-20260927-0168","168","62","Cash Register (Continued)","Orion.CashRegister","RR-FAC;RR-ECO;RR-COMPAT","docs/research/reviews/mods/3509487668-Orion.CashRegister.md","LoadAfter","1","Harmony","brrainz.harmony","True","In selected 294-mod profile","RR-MP;RR-COMPAT","docs/research/reviews/mods/2009463077-brrainz.harmony.md","workshop/294100/3509487668/About/About.xml","0AC49AD6A323DEC98D430A62E5AB62618BAC79636144D56BED44D36754B3880A","Installed relationship-export metadata only; preserve exact declaration/path/hash fields; not publisher/code confirmation or runtime result.","Conservative project rule derived from relationship type and profile presence; not an upstream claim or compatibility finding.","Preserve this order only when both source and target packages are active; infer no code/API integration from the ordering declaration.","","No","No shared non-generic feature tags between in-profile endpoints; RR-COMPAT is excluded by rule.","Pending; not run; no compatibility claim."
"RIMREL-20260927-0169","169","63","Change map edge limit","kapitanoczywisty.changemapedge","RR-FAC;RR-OUT;RR-COMPAT","docs/research/reviews/mods/1546494565-kapitanoczywisty.changemapedge.md","Requires","1","Harmony","brrainz.harmony","True","In selected 294-mod profile","RR-MP;RR-COMPAT","docs/research/reviews/mods/2009463077-brrainz.harmony.md","workshop/294100/1546494565/About/About.xml","8A7500D57E39F05A3F0832C4C8320E83A6AE9536054E5261560B46A782CE4DC2","Installed relationship-export metadata only; preserve exact declaration/path/hash fields; not publisher/code confirmation or runtime result.","Conservative project rule derived from relationship type and profile presence; not an upstream claim or compatibility finding.","Honor the source mod's declared dependency only while that source mod is enabled; do not make an optional source mod or optional dependency a Rimrooms hard dependency.","","No","No shared non-generic feature tags between in-profile endpoints; RR-COMPAT is excluded by rule.","Pending; not run; no compatibility claim."
"RIMREL-20260927-0170","170","63","Change map edge limit","kapitanoczywisty.changemapedge","RR-FAC;RR-OUT;RR-COMPAT","docs/research/reviews/mods/1546494565-kapitanoczywisty.changemapedge.md","LoadAfter","1","Harmony","brrainz.Harmony","True","In selected 294-mod profile","RR-MP;RR-COMPAT","docs/research/reviews/mods/2009463077-brrainz.harmony.md","workshop/294100/1546494565/About/About.xml","8A7500D57E39F05A3F0832C4C8320E83A6AE9536054E5261560B46A782CE4DC2","Installed relationship-export metadata only; preserve exact declaration/path/hash fields; not publisher/code confirmation or runtime result.","Conservative project rule derived from relationship type and profile presence; not an upstream claim or compatibility finding.","Preserve this order only when both source and target packages are active; infer no code/API integration from the ordering declaration.","","No","No shared non-generic feature tags between in-profile endpoints; RR-COMPAT is excluded by rule.","Pending; not run; no compatibility claim."
"RIMREL-20260927-0171","171","64","Character Editor","void.charactereditor","RR-STA;RR-SCEN;RR-MP;RR-COMPAT","docs/research/reviews/mods/1874644848-void.charactereditor.md","Requires","1","Harmony","brrainz.harmony","True","In selected 294-mod profile","RR-MP;RR-COMPAT","docs/research/reviews/mods/2009463077-brrainz.harmony.md","workshop/294100/1874644848/About/About.xml","24436D3DB24EF85CC7329430ACD5CB4389A735701E51E5002209DEFC77EC0D13","Installed relationship-export metadata only; preserve exact declaration/path/hash fields; not publisher/code confirmation or runtime result.","Conservative project rule derived from relationship type and profile presence; not an upstream claim or compatibility finding.","Honor the source mod's declared dependency only while that source mod is enabled; do not make an optional source mod or optional dependency a Rimrooms hard dependency.","RR-MP","Yes","In-profile endpoints share non-generic feature tag(s): RR-MP. Candidate only; runtime test pending.","Pending; not run; no compatibility claim."
"RIMREL-20260927-0172","172","64","Character Editor","void.charactereditor","RR-STA;RR-SCEN;RR-MP;RR-COMPAT","docs/research/reviews/mods/1874644848-void.charactereditor.md","LoadAfter","1","Harmony","brrainz.harmony","True","In selected 294-mod profile","RR-MP;RR-COMPAT","docs/research/reviews/mods/2009463077-brrainz.harmony.md","workshop/294100/1874644848/About/About.xml","24436D3DB24EF85CC7329430ACD5CB4389A735701E51E5002209DEFC77EC0D13","Installed relationship-export metadata only; preserve exact declaration/path/hash fields; not publisher/code confirmation or runtime result.","Conservative project rule derived from relationship type and profile presence; not an upstream claim or compatibility finding.","Preserve this order only when both source and target packages are active; infer no code/API integration from the ordering declaration.","RR-MP","Yes","In-profile endpoints share non-generic feature tag(s): RR-MP. Candidate only; runtime test pending.","Pending; not run; no compatibility claim."
"RIMREL-20260927-0173","173","64","Character Editor","void.charactereditor","RR-STA;RR-SCEN;RR-MP;RR-COMPAT","docs/research/reviews/mods/1874644848-void.charactereditor.md","LoadAfter","4","Core","Ludeon.RimWorld","True","In selected 294-mod profile","RR-SCEN;RR-FAC;RR-STA;RR-GATE;RR-EXP;RR-SPACE;RR-EVD;RR-THREAT;RR-MSN;RR-ECO;RR-OUT;RR-DLC;RR-UI;RR-COMPAT","docs/research/reviews/mods/official-4-Ludeon.RimWorld.md","workshop/294100/1874644848/About/About.xml","24436D3DB24EF85CC7329430ACD5CB4389A735701E51E5002209DEFC77EC0D13","Installed relationship-export metadata only; preserve exact declaration/path/hash fields; not publisher/code confirmation or runtime result.","Conservative project rule derived from relationship type and profile presence; not an upstream claim or compatibility finding.","Preserve this order only when both source and target packages are active; infer no code/API integration from the ordering declaration.","RR-SCEN;RR-STA","Yes","In-profile endpoints share non-generic feature tag(s): RR-SCEN;RR-STA. Candidate only; runtime test pending.","Pending; not run; no compatibility claim."
"RIMREL-20260927-0174","174","64","Character Editor","void.charactereditor","RR-STA;RR-SCEN;RR-MP;RR-COMPAT","docs/research/reviews/mods/1874644848-void.charactereditor.md","LoadAfter","5","Royalty","Ludeon.RimWorld.Royalty","True","In selected 294-mod profile","RR-STA;RR-MSN;RR-DLC;RR-COMPAT","docs/research/reviews/mods/official-5-Ludeon.RimWorld.Royalty.md","workshop/294100/1874644848/About/About.xml","24436D3DB24EF85CC7329430ACD5CB4389A735701E51E5002209DEFC77EC0D13","Installed relationship-export metadata only; preserve exact declaration/path/hash fields; not publisher/code confirmation or runtime result.","Conservative project rule derived from relationship type and profile presence; not an upstream claim or compatibility finding.","Preserve this order only when both source and target packages are active; infer no code/API integration from the ordering declaration.","RR-STA","Yes","In-profile endpoints share non-generic feature tag(s): RR-STA. Candidate only; runtime test pending.","Pending; not run; no compatibility claim."
"RIMREL-20260927-0175","175","64","Character Editor","void.charactereditor","RR-STA;RR-SCEN;RR-MP;RR-COMPAT","docs/research/reviews/mods/1874644848-void.charactereditor.md","LoadAfter","6","Ideology","Ludeon.RimWorld.Ideology","True","In selected 294-mod profile","RR-STA;RR-DLC;RR-COMPAT","docs/research/reviews/mods/official-6-Ludeon.RimWorld.Ideology.md","workshop/294100/1874644848/About/About.xml","24436D3DB24EF85CC7329430ACD5CB4389A735701E51E5002209DEFC77EC0D13","Installed relationship-export metadata only; preserve exact declaration/path/hash fields; not publisher/code confirmation or runtime result.","Conservative project rule derived from relationship type and profile presence; not an upstream claim or compatibility finding.","Preserve this order only when both source and target packages are active; infer no code/API integration from the ordering declaration.","RR-STA","Yes","In-profile endpoints share non-generic feature tag(s): RR-STA. Candidate only; runtime test pending.","Pending; not run; no compatibility claim."
"RIMREL-20260927-0176","176","64","Character Editor","void.charactereditor","RR-STA;RR-SCEN;RR-MP;RR-COMPAT","docs/research/reviews/mods/1874644848-void.charactereditor.md","LoadAfter","7","Biotech","Ludeon.RimWorld.Biotech","True","In selected 294-mod profile","RR-STA;RR-FAC;RR-DLC;RR-COMPAT","docs/research/reviews/mods/official-7-Ludeon.RimWorld.Biotech.md","workshop/294100/1874644848/About/About.xml","24436D3DB24EF85CC7329430ACD5CB4389A735701E51E5002209DEFC77EC0D13","Installed relationship-export metadata only; preserve exact declaration/path/hash fields; not publisher/code confirmation or runtime result.","Conservative project rule derived from relationship type and profile presence; not an upstream claim or compatibility finding.","Preserve this order only when both source and target packages are active; infer no code/API integration from the ordering declaration.","RR-STA","Yes","In-profile endpoints share non-generic feature tag(s): RR-STA. Candidate only; runtime test pending.","Pending; not run; no compatibility claim."
"RIMREL-20260927-0177","177","64","Character Editor","void.charactereditor","RR-STA;RR-SCEN;RR-MP;RR-COMPAT","docs/research/reviews/mods/1874644848-void.charactereditor.md","LoadAfter","8","Anomaly","Ludeon.RimWorld.Anomaly","True","In selected 294-mod profile","RR-THREAT;RR-EVD;RR-EXP;RR-MSN;RR-DLC;RR-COMPAT","docs/research/reviews/mods/official-8-Ludeon.RimWorld.Anomaly.md","workshop/294100/1874644848/About/About.xml","24436D3DB24EF85CC7329430ACD5CB4389A735701E51E5002209DEFC77EC0D13","Installed relationship-export metadata only; preserve exact declaration/path/hash fields; not publisher/code confirmation or runtime result.","Conservative project rule derived from relationship type and profile presence; not an upstream claim or compatibility finding.","Preserve this order only when both source and target packages are active; infer no code/API integration from the ordering declaration.","","No","No shared non-generic feature tags between in-profile endpoints; RR-COMPAT is excluded by rule.","Pending; not run; no compatibility claim."
"RIMREL-20260927-0178","178","64","Character Editor","void.charactereditor","RR-STA;RR-SCEN;RR-MP;RR-COMPAT","docs/research/reviews/mods/1874644848-void.charactereditor.md","LoadAfter","13","HugsLib","UnlimitedHugs.HugsLib","True","In selected 294-mod profile","RR-COMPAT","docs/research/reviews/mods/818773962-UnlimitedHugs.HugsLib.md","workshop/294100/1874644848/About/About.xml","24436D3DB24EF85CC7329430ACD5CB4389A735701E51E5002209DEFC77EC0D13","Installed relationship-export metadata only; preserve exact declaration/path/hash fields; not publisher/code confirmation or runtime result.","Conservative project rule derived from relationship type and profile presence; not an upstream claim or compatibility finding.","Preserve this order only when both source and target packages are active; infer no code/API integration from the ordering declaration.","","No","No shared non-generic feature tags between in-profile endpoints; RR-COMPAT is excluded by rule.","Pending; not run; no compatibility claim."
"RIMREL-20260927-0179","179","65","CM Color Coded Mood Bar [1.1+]","CrashM.ColorCodedMoodBar.11","RR-STA;RR-UI;RR-COMPAT","docs/research/reviews/mods/2006605356-CrashM.ColorCodedMoodBar.11.md","Requires","1","Harmony","brrainz.harmony","True","In selected 294-mod profile","RR-MP;RR-COMPAT","docs/research/reviews/mods/2009463077-brrainz.harmony.md","workshop/294100/2006605356/About/About.xml","4332D2E11E6D1F7B17EA849541E346AF7CF8EA896C9F9E4E672F8705930F7AF4","Installed relationship-export metadata only; preserve exact declaration/path/hash fields; not publisher/code confirmation or runtime result.","Conservative project rule derived from relationship type and profile presence; not an upstream claim or compatibility finding.","Honor the source mod's declared dependency only while that source mod is enabled; do not make an optional source mod or optional dependency a Rimrooms hard dependency.","","No","No shared non-generic feature tags between in-profile endpoints; RR-COMPAT is excluded by rule.","Pending; not run; no compatibility claim."
"RIMREL-20260927-0180","180","65","CM Color Coded Mood Bar [1.1+]","CrashM.ColorCodedMoodBar.11","RR-STA;RR-UI;RR-COMPAT","docs/research/reviews/mods/2006605356-CrashM.ColorCodedMoodBar.11.md","LoadAfter","","","DerekBickley.LTOColonyGroupsFinal","False","Outside selected 294-mod profile","","","workshop/294100/2006605356/About/About.xml","4332D2E11E6D1F7B17EA849541E346AF7CF8EA896C9F9E4E672F8705930F7AF4","Installed relationship-export metadata only; preserve exact declaration/path/hash fields; not publisher/code confirmation or runtime result.","Conservative project rule derived from relationship type and profile presence; not an upstream claim or compatibility finding.","No ordering action while the target is outside this profile; do not add it solely for this declaration. If both packages are later active, preserve the declared order; infer no code/API integration.","","No","Target is outside the selected 294-row profile; no in-profile endpoint feature comparison is asserted.","Pending; not run; no compatibility claim."
"RIMREL-20260927-0181","181","65","CM Color Coded Mood Bar [1.1+]","CrashM.ColorCodedMoodBar.11","RR-STA;RR-UI;RR-COMPAT","docs/research/reviews/mods/2006605356-CrashM.ColorCodedMoodBar.11.md","LoadAfter","","","SaucyPigeon.PawnBadge","False","Outside selected 294-mod profile","","","workshop/294100/2006605356/About/About.xml","4332D2E11E6D1F7B17EA849541E346AF7CF8EA896C9F9E4E672F8705930F7AF4","Installed relationship-export metadata only; preserve exact declaration/path/hash fields; not publisher/code confirmation or runtime result.","Conservative project rule derived from relationship type and profile presence; not an upstream claim or compatibility finding.","No ordering action while the target is outside this profile; do not add it solely for this declaration. If both packages are later active, preserve the declared order; infer no code/API integration.","","No","Target is outside the selected 294-row profile; no in-profile endpoint feature comparison is asserted.","Pending; not run; no compatibility claim."
"RIMREL-20260927-0182","182","65","CM Color Coded Mood Bar [1.1+]","CrashM.ColorCodedMoodBar.11","RR-STA;RR-UI;RR-COMPAT","docs/research/reviews/mods/2006605356-CrashM.ColorCodedMoodBar.11.md","LoadAfter","","","Dark.JobInBar","False","Outside selected 294-mod profile","","","workshop/294100/2006605356/About/About.xml","4332D2E11E6D1F7B17EA849541E346AF7CF8EA896C9F9E4E672F8705930F7AF4","Installed relationship-export metadata only; preserve exact declaration/path/hash fields; not publisher/code confirmation or runtime result.","Conservative project rule derived from relationship type and profile presence; not an upstream claim or compatibility finding.","No ordering action while the target is outside this profile; do not add it solely for this declaration. If both packages are later active, preserve the declared order; infer no code/API integration.","","No","Target is outside the selected 294-row profile; no in-profile endpoint feature comparison is asserted.","Pending; not run; no compatibility claim."
"RIMREL-20260927-0183","183","66","Common Sense","avilmask.CommonSense","RR-STA;RR-FAC;RR-EXP;RR-OUT;RR-COMPAT","docs/research/reviews/mods/1561769193-avilmask.CommonSense.md","Requires","1","Harmony","brrainz.harmony","True","In selected 294-mod profile","RR-MP;RR-COMPAT","docs/research/reviews/mods/2009463077-brrainz.harmony.md","workshop/294100/1561769193/About/About.xml","7D88D50091E0EBE694EB1C2118CF9B7496942352B1A11D8856B8A080F1D3220C","Installed relationship-export metadata only; preserve exact declaration/path/hash fields; not publisher/code confirmation or runtime result.","Conservative project rule derived from relationship type and profile presence; not an upstream claim or compatibility finding.","Honor the source mod's declared dependency only while that source mod is enabled; do not make an optional source mod or optional dependency a Rimrooms hard dependency.","","No","No shared non-generic feature tags between in-profile endpoints; RR-COMPAT is excluded by rule.","Pending; not run; no compatibility claim."
"RIMREL-20260927-0184","184","66","Common Sense","avilmask.CommonSense","RR-STA;RR-FAC;RR-EXP;RR-OUT;RR-COMPAT","docs/research/reviews/mods/1561769193-avilmask.CommonSense.md","LoadAfter","13","HugsLib","UnlimitedHugs.HugsLib","True","In selected 294-mod profile","RR-COMPAT","docs/research/reviews/mods/818773962-UnlimitedHugs.HugsLib.md","workshop/294100/1561769193/About/About.xml","7D88D50091E0EBE694EB1C2118CF9B7496942352B1A11D8856B8A080F1D3220C","Installed relationship-export metadata only; preserve exact declaration/path/hash fields; not publisher/code confirmation or runtime result.","Conservative project rule derived from relationship type and profile presence; not an upstream claim or compatibility finding.","Preserve this order only when both source and target packages are active; infer no code/API integration from the ordering declaration.","","No","No shared non-generic feature tags between in-profile endpoints; RR-COMPAT is excluded by rule.","Pending; not run; no compatibility claim."
"RIMREL-20260927-0185","185","66","Common Sense","avilmask.CommonSense","RR-STA;RR-FAC;RR-EXP;RR-OUT;RR-COMPAT","docs/research/reviews/mods/1561769193-avilmask.CommonSense.md","LoadAfter","","","sumghaiDubwise.Replimat","False","Outside selected 294-mod profile","","","workshop/294100/1561769193/About/About.xml","7D88D50091E0EBE694EB1C2118CF9B7496942352B1A11D8856B8A080F1D3220C","Installed relationship-export metadata only; preserve exact declaration/path/hash fields; not publisher/code confirmation or runtime result.","Conservative project rule derived from relationship type and profile presence; not an upstream claim or compatibility finding.","No ordering action while the target is outside this profile; do not add it solely for this declaration. If both packages are later active, preserve the declared order; infer no code/API integration.","","No","Target is outside the selected 294-row profile; no in-profile endpoint feature comparison is asserted.","Pending; not run; no compatibility claim."
"RIMREL-20260927-0186","186","66","Common Sense","avilmask.CommonSense","RR-STA;RR-FAC;RR-EXP;RR-OUT;RR-COMPAT","docs/research/reviews/mods/1561769193-avilmask.CommonSense.md","LoadAfter","","","Dubwise.DubsBadHygiene","False","Outside selected 294-mod profile","","","workshop/294100/1561769193/About/About.xml","7D88D50091E0EBE694EB1C2118CF9B7496942352B1A11D8856B8A080F1D3220C","Installed relationship-export metadata only; preserve exact declaration/path/hash fields; not publisher/code confirmation or runtime result.","Conservative project rule derived from relationship type and profile presence; not an upstream claim or compatibility finding.","No ordering action while the target is outside this profile; do not add it solely for this declaration. If both packages are later active, preserve the declared order; infer no code/API integration.","","No","Target is outside the selected 294-row profile; no in-profile endpoint feature comparison is asserted.","Pending; not run; no compatibility claim."
"RIMREL-20260927-0187","187","66","Common Sense","avilmask.CommonSense","RR-STA;RR-FAC;RR-EXP;RR-OUT;RR-COMPAT","docs/research/reviews/mods/1561769193-avilmask.CommonSense.md","LoadAfter","","","Owlchemist.BadHygieneLite","False","Outside selected 294-mod profile","","","workshop/294100/1561769193/About/About.xml","7D88D50091E0EBE694EB1C2118CF9B7496942352B1A11D8856B8A080F1D3220C","Installed relationship-export metadata only; preserve exact declaration/path/hash fields; not publisher/code confirmation or runtime result.","Conservative project rule derived from relationship type and profile presence; not an upstream claim or compatibility finding.","No ordering action while the target is outside this profile; do not add it solely for this declaration. If both packages are later active, preserve the declared order; infer no code/API integration.","","No","Target is outside the selected 294-row profile; no in-profile endpoint feature comparison is asserted.","Pending; not run; no compatibility claim."
"RIMREL-20260927-0188","188","66","Common Sense","avilmask.CommonSense","RR-STA;RR-FAC;RR-EXP;RR-OUT;RR-COMPAT","docs/research/reviews/mods/1561769193-avilmask.CommonSense.md","LoadAfter","","","Atlas.AndroidTiers","False","Outside selected 294-mod profile","","","workshop/294100/1561769193/About/About.xml","7D88D50091E0EBE694EB1C2118CF9B7496942352B1A11D8856B8A080F1D3220C","Installed relationship-export metadata only; preserve exact declaration/path/hash fields; not publisher/code confirmation or runtime result.","Conservative project rule derived from relationship type and profile presence; not an upstream claim or compatibility finding.","No ordering action while the target is outside this profile; do not add it solely for this declaration. If both packages are later active, preserve the declared order; infer no code/API integration.","","No","Target is outside the selected 294-row profile; no in-profile endpoint feature comparison is asserted.","Pending; not run; no compatibility claim."
"RIMREL-20260927-0189","189","66","Common Sense","avilmask.CommonSense","RR-STA;RR-FAC;RR-EXP;RR-OUT;RR-COMPAT","docs/research/reviews/mods/1561769193-avilmask.CommonSense.md","LoadAfter","","","aRandomKiwi.AndroidTiersTXSerie","False","Outside selected 294-mod profile","","","workshop/294100/1561769193/About/About.xml","7D88D50091E0EBE694EB1C2118CF9B7496942352B1A11D8856B8A080F1D3220C","Installed relationship-export metadata only; preserve exact declaration/path/hash fields; not publisher/code confirmation or runtime result.","Conservative project rule derived from relationship type and profile presence; not an upstream claim or compatibility finding.","No ordering action while the target is outside this profile; do not add it solely for this declaration. If both packages are later active, preserve the declared order; infer no code/API integration.","","No","Target is outside the selected 294-row profile; no in-profile endpoint feature comparison is asserted.","Pending; not run; no compatibility claim."
"RIMREL-20260927-0190","190","67","Compact Work Tab (Continued)","Mlie.CompactWorkTab","RR-STA;RR-COMPAT","docs/research/reviews/mods/3250322299-Mlie.CompactWorkTab.md","Requires","1","Harmony","brrainz.harmony","True","In selected 294-mod profile","RR-MP;RR-COMPAT","docs/research/reviews/mods/2009463077-brrainz.harmony.md","workshop/294100/3250322299/About/About.xml","F54DF1876CD8E6FA25030BC62491A45B0803FB12BA91631EA97D3179E21D01DA","Installed relationship-export metadata only; preserve exact declaration/path/hash fields; not publisher/code confirmation or runtime result.","Conservative project rule derived from relationship type and profile presence; not an upstream claim or compatibility finding.","Honor the source mod's declared dependency only while that source mod is enabled; do not make an optional source mod or optional dependency a Rimrooms hard dependency.","","No","No shared non-generic feature tags between in-profile endpoints; RR-COMPAT is excluded by rule.","Pending; not run; no compatibility claim."
"RIMREL-20260927-0191","191","67","Compact Work Tab (Continued)","Mlie.CompactWorkTab","RR-STA;RR-COMPAT","docs/research/reviews/mods/3250322299-Mlie.CompactWorkTab.md","LoadAfter","1","Harmony","brrainz.harmony","True","In selected 294-mod profile","RR-MP;RR-COMPAT","docs/research/reviews/mods/2009463077-brrainz.harmony.md","workshop/294100/3250322299/About/About.xml","F54DF1876CD8E6FA25030BC62491A45B0803FB12BA91631EA97D3179E21D01DA","Installed relationship-export metadata only; preserve exact declaration/path/hash fields; not publisher/code confirmation or runtime result.","Conservative project rule derived from relationship type and profile presence; not an upstream claim or compatibility finding.","Preserve this order only when both source and target packages are active; infer no code/API integration from the ordering declaration.","","No","No shared non-generic feature tags between in-profile endpoints; RR-COMPAT is excluded by rule.","Pending; not run; no compatibility claim."
"RIMREL-20260927-0192","192","68","Corpse info","arl85.CorpseInfo","RR-STA;RR-EVD;RR-COMPAT","docs/research/reviews/mods/2913588675-arl85.CorpseInfo.md","Requires","1","Harmony","brrainz.harmony","True","In selected 294-mod profile","RR-MP;RR-COMPAT","docs/research/reviews/mods/2009463077-brrainz.harmony.md","workshop/294100/2913588675/About/About.xml","70735DB53B82AC1FA1CE417062D577858D8EA13761A63509A87CF763BCA3AF23","Installed relationship-export metadata only; preserve exact declaration/path/hash fields; not publisher/code confirmation or runtime result.","Conservative project rule derived from relationship type and profile presence; not an upstream claim or compatibility finding.","Honor the source mod's declared dependency only while that source mod is enabled; do not make an optional source mod or optional dependency a Rimrooms hard dependency.","","No","No shared non-generic feature tags between in-profile endpoints; RR-COMPAT is excluded by rule.","Pending; not run; no compatibility claim."
"RIMREL-20260927-0193","193","68","Corpse info","arl85.CorpseInfo","RR-STA;RR-EVD;RR-COMPAT","docs/research/reviews/mods/2913588675-arl85.CorpseInfo.md","LoadAfter","1","Harmony","brrainz.harmony","True","In selected 294-mod profile","RR-MP;RR-COMPAT","docs/research/reviews/mods/2009463077-brrainz.harmony.md","workshop/294100/2913588675/About/About.xml","70735DB53B82AC1FA1CE417062D577858D8EA13761A63509A87CF763BCA3AF23","Installed relationship-export metadata only; preserve exact declaration/path/hash fields; not publisher/code confirmation or runtime result.","Conservative project rule derived from relationship type and profile presence; not an upstream claim or compatibility finding.","Preserve this order only when both source and target packages are active; infer no code/API integration from the ordering declaration.","","No","No shared non-generic feature tags between in-profile endpoints; RR-COMPAT is excluded by rule.","Pending; not run; no compatibility claim."
"RIMREL-20260927-0194","194","70","Damage Indicators [1.6]","CaesarV6.DamageIndicators","RR-THREAT;RR-EXP;RR-STYLE;RR-COMPAT","docs/research/reviews/mods/2016331497-CaesarV6.DamageIndicators.md","Requires","1","Harmony","brrainz.harmony","True","In selected 294-mod profile","RR-MP;RR-COMPAT","docs/research/reviews/mods/2009463077-brrainz.harmony.md","workshop/294100/2016331497/About/About.xml","D653D63E4F66E86489841EC3E7A1F531EB4F623B73C6E1DE112C6AB35D6CBB90","Installed relationship-export metadata only; preserve exact declaration/path/hash fields; not publisher/code confirmation or runtime result.","Conservative project rule derived from relationship type and profile presence; not an upstream claim or compatibility finding.","Honor the source mod's declared dependency only while that source mod is enabled; do not make an optional source mod or optional dependency a Rimrooms hard dependency.","","No","No shared non-generic feature tags between in-profile endpoints; RR-COMPAT is excluded by rule.","Pending; not run; no compatibility claim."
"RIMREL-20260927-0195","195","71","Death Rattle Continued [1.2+]","Troopersmith1.DeathRattle","RR-STA;RR-EXP;RR-THREAT;RR-COMPAT","docs/research/reviews/mods/2896207870-Troopersmith1.DeathRattle.md","Requires","1","Harmony","brrainz.harmony","True","In selected 294-mod profile","RR-MP;RR-COMPAT","docs/research/reviews/mods/2009463077-brrainz.harmony.md","workshop/294100/2896207870/About/About.xml","A22178787D89CBEBCCDA2A164F8E280BDDEC34F2592C3F4D9CE27A7DD49AE379","Installed relationship-export metadata only; preserve exact declaration/path/hash fields; not publisher/code confirmation or runtime result.","Conservative project rule derived from relationship type and profile presence; not an upstream claim or compatibility finding.","Honor the source mod's declared dependency only while that source mod is enabled; do not make an optional source mod or optional dependency a Rimrooms hard dependency.","","No","No shared non-generic feature tags between in-profile endpoints; RR-COMPAT is excluded by rule.","Pending; not run; no compatibility claim."
"RIMREL-20260927-0196","196","71","Death Rattle Continued [1.2+]","Troopersmith1.DeathRattle","RR-STA;RR-EXP;RR-THREAT;RR-COMPAT","docs/research/reviews/mods/2896207870-Troopersmith1.DeathRattle.md","LoadAfter","1","Harmony","brrainz.harmony","True","In selected 294-mod profile","RR-MP;RR-COMPAT","docs/research/reviews/mods/2009463077-brrainz.harmony.md","workshop/294100/2896207870/About/About.xml","A22178787D89CBEBCCDA2A164F8E280BDDEC34F2592C3F4D9CE27A7DD49AE379","Installed relationship-export metadata only; preserve exact declaration/path/hash fields; not publisher/code confirmation or runtime result.","Conservative project rule derived from relationship type and profile presence; not an upstream claim or compatibility finding.","Preserve this order only when both source and target packages are active; infer no code/API integration from the ordering declaration.","","No","No shared non-generic feature tags between in-profile endpoints; RR-COMPAT is excluded by rule.","Pending; not run; no compatibility claim."
"RIMREL-20260927-0197","197","71","Death Rattle Continued [1.2+]","Troopersmith1.DeathRattle","RR-STA;RR-EXP;RR-THREAT;RR-COMPAT","docs/research/reviews/mods/2896207870-Troopersmith1.DeathRattle.md","LoadAfter","","","vat.epoeforked","False","Outside selected 294-mod profile","","","workshop/294100/2896207870/About/About.xml","A22178787D89CBEBCCDA2A164F8E280BDDEC34F2592C3F4D9CE27A7DD49AE379","Installed relationship-export metadata only; preserve exact declaration/path/hash fields; not publisher/code confirmation or runtime result.","Conservative project rule derived from relationship type and profile presence; not an upstream claim or compatibility finding.","No ordering action while the target is outside this profile; do not add it solely for this declaration. If both packages are later active, preserve the declared order; infer no code/API integration.","","No","Target is outside the selected 294-row profile; no in-profile endpoint feature comparison is asserted.","Pending; not run; no compatibility claim."
"RIMREL-20260927-0198","198","72","Dependency Overdose Fix","TheCafFiend.OverdoseDependencyFix","RR-STA;RR-DLC;RR-COMPAT","docs/research/reviews/mods/3421951605-TheCafFiend.OverdoseDependencyFix.md","Requires","1","Harmony","brrainz.harmony","True","In selected 294-mod profile","RR-MP;RR-COMPAT","docs/research/reviews/mods/2009463077-brrainz.harmony.md","workshop/294100/3421951605/About/About.xml","0001C4B431A5D851D2D7915F07B6CB1E97128675D64C264A8376F001F050EC58","Installed relationship-export metadata only; preserve exact declaration/path/hash fields; not publisher/code confirmation or runtime result.","Conservative project rule derived from relationship type and profile presence; not an upstream claim or compatibility finding.","Honor the source mod's declared dependency only while that source mod is enabled; do not make an optional source mod or optional dependency a Rimrooms hard dependency.","","No","No shared non-generic feature tags between in-profile endpoints; RR-COMPAT is excluded by rule.","Pending; not run; no compatibility claim."
"RIMREL-20260927-0199","199","72","Dependency Overdose Fix","TheCafFiend.OverdoseDependencyFix","RR-STA;RR-DLC;RR-COMPAT","docs/research/reviews/mods/3421951605-TheCafFiend.OverdoseDependencyFix.md","LoadAfter","1","Harmony","brrainz.harmony","True","In selected 294-mod profile","RR-MP;RR-COMPAT","docs/research/reviews/mods/2009463077-brrainz.harmony.md","workshop/294100/3421951605/About/About.xml","0001C4B431A5D851D2D7915F07B6CB1E97128675D64C264A8376F001F050EC58","Installed relationship-export metadata only; preserve exact declaration/path/hash fields; not publisher/code confirmation or runtime result.","Conservative project rule derived from relationship type and profile presence; not an upstream claim or compatibility finding.","Preserve this order only when both source and target packages are active; infer no code/API integration from the ordering declaration.","","No","No shared non-generic feature tags between in-profile endpoints; RR-COMPAT is excluded by rule.","Pending; not run; no compatibility claim."
"RIMREL-20260927-0200","200","72","Dependency Overdose Fix","TheCafFiend.OverdoseDependencyFix","RR-STA;RR-DLC;RR-COMPAT","docs/research/reviews/mods/3421951605-TheCafFiend.OverdoseDependencyFix.md","LoadAfter","4","Core","Ludeon.RimWorld","True","In selected 294-mod profile","RR-SCEN;RR-FAC;RR-STA;RR-GATE;RR-EXP;RR-SPACE;RR-EVD;RR-THREAT;RR-MSN;RR-ECO;RR-OUT;RR-DLC;RR-UI;RR-COMPAT","docs/research/reviews/mods/official-4-Ludeon.RimWorld.md","workshop/294100/3421951605/About/About.xml","0001C4B431A5D851D2D7915F07B6CB1E97128675D64C264A8376F001F050EC58","Installed relationship-export metadata only; preserve exact declaration/path/hash fields; not publisher/code confirmation or runtime result.","Conservative project rule derived from relationship type and profile presence; not an upstream claim or compatibility finding.","Preserve this order only when both source and target packages are active; infer no code/API integration from the ordering declaration.","RR-DLC;RR-STA","Yes","In-profile endpoints share non-generic feature tag(s): RR-DLC;RR-STA. Candidate only; runtime test pending.","Pending; not run; no compatibility claim."
"RIMREL-20260927-0201","201","72","Dependency Overdose Fix","TheCafFiend.OverdoseDependencyFix","RR-STA;RR-DLC;RR-COMPAT","docs/research/reviews/mods/3421951605-TheCafFiend.OverdoseDependencyFix.md","LoadAfter","5","Royalty","Ludeon.RimWorld.Royalty","True","In selected 294-mod profile","RR-STA;RR-MSN;RR-DLC;RR-COMPAT","docs/research/reviews/mods/official-5-Ludeon.RimWorld.Royalty.md","workshop/294100/3421951605/About/About.xml","0001C4B431A5D851D2D7915F07B6CB1E97128675D64C264A8376F001F050EC58","Installed relationship-export metadata only; preserve exact declaration/path/hash fields; not publisher/code confirmation or runtime result.","Conservative project rule derived from relationship type and profile presence; not an upstream claim or compatibility finding.","Preserve this order only when both source and target packages are active; infer no code/API integration from the ordering declaration.","RR-DLC;RR-STA","Yes","In-profile endpoints share non-generic feature tag(s): RR-DLC;RR-STA. Candidate only; runtime test pending.","Pending; not run; no compatibility claim."
"RIMREL-20260927-0202","202","72","Dependency Overdose Fix","TheCafFiend.OverdoseDependencyFix","RR-STA;RR-DLC;RR-COMPAT","docs/research/reviews/mods/3421951605-TheCafFiend.OverdoseDependencyFix.md","LoadAfter","6","Ideology","Ludeon.RimWorld.Ideology","True","In selected 294-mod profile","RR-STA;RR-DLC;RR-COMPAT","docs/research/reviews/mods/official-6-Ludeon.RimWorld.Ideology.md","workshop/294100/3421951605/About/About.xml","0001C4B431A5D851D2D7915F07B6CB1E97128675D64C264A8376F001F050EC58","Installed relationship-export metadata only; preserve exact declaration/path/hash fields; not publisher/code confirmation or runtime result.","Conservative project rule derived from relationship type and profile presence; not an upstream claim or compatibility finding.","Preserve this order only when both source and target packages are active; infer no code/API integration from the ordering declaration.","RR-DLC;RR-STA","Yes","In-profile endpoints share non-generic feature tag(s): RR-DLC;RR-STA. Candidate only; runtime test pending.","Pending; not run; no compatibility claim."
"RIMREL-20260927-0203","203","72","Dependency Overdose Fix","TheCafFiend.OverdoseDependencyFix","RR-STA;RR-DLC;RR-COMPAT","docs/research/reviews/mods/3421951605-TheCafFiend.OverdoseDependencyFix.md","LoadAfter","7","Biotech","Ludeon.RimWorld.Biotech","True","In selected 294-mod profile","RR-STA;RR-FAC;RR-DLC;RR-COMPAT","docs/research/reviews/mods/official-7-Ludeon.RimWorld.Biotech.md","workshop/294100/3421951605/About/About.xml","0001C4B431A5D851D2D7915F07B6CB1E97128675D64C264A8376F001F050EC58","Installed relationship-export metadata only; preserve exact declaration/path/hash fields; not publisher/code confirmation or runtime result.","Conservative project rule derived from relationship type and profile presence; not an upstream claim or compatibility finding.","Preserve this order only when both source and target packages are active; infer no code/API integration from the ordering declaration.","RR-DLC;RR-STA","Yes","In-profile endpoints share non-generic feature tag(s): RR-DLC;RR-STA. Candidate only; runtime test pending.","Pending; not run; no compatibility claim."
"RIMREL-20260927-0204","204","73","Destroy Item","Garwel.DestroyItem","RR-ECO;RR-EVD;RR-FAC;RR-STA;RR-COMPAT","docs/research/reviews/mods/2423311270-Garwel.DestroyItem.md","LoadAfter","4","Core","Ludeon.RimWorld","True","In selected 294-mod profile","RR-SCEN;RR-FAC;RR-STA;RR-GATE;RR-EXP;RR-SPACE;RR-EVD;RR-THREAT;RR-MSN;RR-ECO;RR-OUT;RR-DLC;RR-UI;RR-COMPAT","docs/research/reviews/mods/official-4-Ludeon.RimWorld.md","workshop/294100/2423311270/About/About.xml","96DD309BC26FFC9EFEE470D60EB5C831E99DB14A760A59277253FA9FA0F3B8B5","Installed relationship-export metadata only; preserve exact declaration/path/hash fields; not publisher/code confirmation or runtime result.","Conservative project rule derived from relationship type and profile presence; not an upstream claim or compatibility finding.","Preserve this order only when both source and target packages are active; infer no code/API integration from the ordering declaration.","RR-ECO;RR-EVD;RR-FAC;RR-STA","Yes","In-profile endpoints share non-generic feature tag(s): RR-ECO;RR-EVD;RR-FAC;RR-STA. Candidate only; runtime test pending.","Pending; not run; no compatibility claim."
"RIMREL-20260927-0205","205","74","Ding On Game Loaded","Mlie.DingOnGameLoaded","None—verified unrelated","docs/research/reviews/mods/2425530959-Mlie.DingOnGameLoaded.md","Requires","1","Harmony","brrainz.harmony","True","In selected 294-mod profile","RR-MP;RR-COMPAT","docs/research/reviews/mods/2009463077-brrainz.harmony.md","workshop/294100/2425530959/About/About.xml","D75242EE5C61E981901F5C716F1CB45C35EF78A69C4EB7EB2557167D7D93A321","Installed relationship-export metadata only; preserve exact declaration/path/hash fields; not publisher/code confirmation or runtime result.","Conservative project rule derived from relationship type and profile presence; not an upstream claim or compatibility finding.","Honor the source mod's declared dependency only while that source mod is enabled; do not make an optional source mod or optional dependency a Rimrooms hard dependency.","","No","No shared non-generic feature tags between in-profile endpoints; RR-COMPAT is excluded by rule.","Pending; not run; no compatibility claim."
"RIMREL-20260927-0206","206","74","Ding On Game Loaded","Mlie.DingOnGameLoaded","None—verified unrelated","docs/research/reviews/mods/2425530959-Mlie.DingOnGameLoaded.md","LoadAfter","1","Harmony","brrainz.harmony","True","In selected 294-mod profile","RR-MP;RR-COMPAT","docs/research/reviews/mods/2009463077-brrainz.harmony.md","workshop/294100/2425530959/About/About.xml","D75242EE5C61E981901F5C716F1CB45C35EF78A69C4EB7EB2557167D7D93A321","Installed relationship-export metadata only; preserve exact declaration/path/hash fields; not publisher/code confirmation or runtime result.","Conservative project rule derived from relationship type and profile presence; not an upstream claim or compatibility finding.","Preserve this order only when both source and target packages are active; infer no code/API integration from the ordering declaration.","","No","No shared non-generic feature tags between in-profile endpoints; RR-COMPAT is excluded by rule.","Pending; not run; no compatibility claim."
"RIMREL-20260927-0207","207","75","Do Recreation When Idle","Xercaine.DoRecreationWhenIdle","RR-STA;RR-FAC;RR-COMPAT","docs/research/reviews/mods/3368214339-Xercaine.DoRecreationWhenIdle.md","Requires","1","Harmony","brrainz.harmony","True","In selected 294-mod profile","RR-MP;RR-COMPAT","docs/research/reviews/mods/2009463077-brrainz.harmony.md","workshop/294100/3368214339/About/About.xml","A33EC2140DCAB9A5CF21BAF67D0C72E6D4A3779041ACFE572E4E0F5C39BFD2E8","Installed relationship-export metadata only; preserve exact declaration/path/hash fields; not publisher/code confirmation or runtime result.","Conservative project rule derived from relationship type and profile presence; not an upstream claim or compatibility finding.","Honor the source mod's declared dependency only while that source mod is enabled; do not make an optional source mod or optional dependency a Rimrooms hard dependency.","","No","No shared non-generic feature tags between in-profile endpoints; RR-COMPAT is excluded by rule.","Pending; not run; no compatibility claim."
"RIMREL-20260927-0208","208","76","Do Your F****** Research","MD.PrioritizeResearch","RR-FAC;RR-GATE;RR-COMPAT","docs/research/reviews/mods/3523205869-MD.PrioritizeResearch.md","Requires","1","Harmony","brrainz.harmony","True","In selected 294-mod profile","RR-MP;RR-COMPAT","docs/research/reviews/mods/2009463077-brrainz.harmony.md","workshop/294100/3523205869/About/About.xml","2FECF758A032661283E200387D5E08A560B185468942C67593FE43100A034DBB","Installed relationship-export metadata only; preserve exact declaration/path/hash fields; not publisher/code confirmation or runtime result.","Conservative project rule derived from relationship type and profile presence; not an upstream claim or compatibility finding.","Honor the source mod's declared dependency only while that source mod is enabled; do not make an optional source mod or optional dependency a Rimrooms hard dependency.","","No","No shared non-generic feature tags between in-profile endpoints; RR-COMPAT is excluded by rule.","Pending; not run; no compatibility claim."
"RIMREL-20260927-0209","209","76","Do Your F****** Research","MD.PrioritizeResearch","RR-FAC;RR-GATE;RR-COMPAT","docs/research/reviews/mods/3523205869-MD.PrioritizeResearch.md","LoadAfter","4","Core","Ludeon.RimWorld","True","In selected 294-mod profile","RR-SCEN;RR-FAC;RR-STA;RR-GATE;RR-EXP;RR-SPACE;RR-EVD;RR-THREAT;RR-MSN;RR-ECO;RR-OUT;RR-DLC;RR-UI;RR-COMPAT","docs/research/reviews/mods/official-4-Ludeon.RimWorld.md","workshop/294100/3523205869/About/About.xml","2FECF758A032661283E200387D5E08A560B185468942C67593FE43100A034DBB","Installed relationship-export metadata only; preserve exact declaration/path/hash fields; not publisher/code confirmation or runtime result.","Conservative project rule derived from relationship type and profile presence; not an upstream claim or compatibility finding.","Preserve this order only when both source and target packages are active; infer no code/API integration from the ordering declaration.","RR-FAC;RR-GATE","Yes","In-profile endpoints share non-generic feature tag(s): RR-FAC;RR-GATE. Candidate only; runtime test pending.","Pending; not run; no compatibility claim."
"RIMREL-20260927-0210","210","76","Do Your F****** Research","MD.PrioritizeResearch","RR-FAC;RR-GATE;RR-COMPAT","docs/research/reviews/mods/3523205869-MD.PrioritizeResearch.md","LoadAfter","1","Harmony","brrainz.harmony","True","In selected 294-mod profile","RR-MP;RR-COMPAT","docs/research/reviews/mods/2009463077-brrainz.harmony.md","workshop/294100/3523205869/About/About.xml","2FECF758A032661283E200387D5E08A560B185468942C67593FE43100A034DBB","Installed relationship-export metadata only; preserve exact declaration/path/hash fields; not publisher/code confirmation or runtime result.","Conservative project rule derived from relationship type and profile presence; not an upstream claim or compatibility finding.","Preserve this order only when both source and target packages are active; infer no code/API integration from the ordering declaration.","","No","No shared non-generic feature tags between in-profile endpoints; RR-COMPAT is excluded by rule.","Pending; not run; no compatibility claim."
"RIMREL-20260927-0211","211","77","Doors Expanded","jecrell.doorsexpanded","RR-FAC;RR-THREAT;RR-STYLE;RR-COMPAT","docs/research/reviews/mods/3532342422-jecrell.doorsexpanded.md","Requires","1","Harmony","brrainz.harmony","True","In selected 294-mod profile","RR-MP;RR-COMPAT","docs/research/reviews/mods/2009463077-brrainz.harmony.md","workshop/294100/3532342422/About/About.xml","05A074F39F75C154E9DA609EDF84887EDCBD1D3E483E8392A6E8E111A5D67184","Installed relationship-export metadata only; preserve exact declaration/path/hash fields; not publisher/code confirmation or runtime result.","Conservative project rule derived from relationship type and profile presence; not an upstream claim or compatibility finding.","Honor the source mod's declared dependency only while that source mod is enabled; do not make an optional source mod or optional dependency a Rimrooms hard dependency.","","No","No shared non-generic feature tags between in-profile endpoints; RR-COMPAT is excluded by rule.","Pending; not run; no compatibility claim."
"RIMREL-20260927-0212","212","78","Draftable Animals - Releashed","Wolfcub05.DraftableAnimals","RR-STA;RR-THREAT;RR-EXP;RR-COMPAT","docs/research/reviews/mods/3534629428-Wolfcub05.DraftableAnimals.md","Requires","1","Harmony","brrainz.harmony","True","In selected 294-mod profile","RR-MP;RR-COMPAT","docs/research/reviews/mods/2009463077-brrainz.harmony.md","workshop/294100/3534629428/About/About.xml","A5A632BC93DC43478DA9BE4C986C8266F9FE394A0673CE0173E38654FD1C4D52","Installed relationship-export metadata only; preserve exact declaration/path/hash fields; not publisher/code confirmation or runtime result.","Conservative project rule derived from relationship type and profile presence; not an upstream claim or compatibility finding.","Honor the source mod's declared dependency only while that source mod is enabled; do not make an optional source mod or optional dependency a Rimrooms hard dependency.","","No","No shared non-generic feature tags between in-profile endpoints; RR-COMPAT is excluded by rule.","Pending; not run; no compatibility claim."
"RIMREL-20260927-0213","213","79","DragSelect","telardo.DragSelect","RR-UI;RR-ECO;RR-STA;RR-EXP;RR-COMPAT","docs/research/reviews/mods/2599942235-telardo.DragSelect.md","Requires","1","Harmony","brrainz.harmony","True","In selected 294-mod profile","RR-MP;RR-COMPAT","docs/research/reviews/mods/2009463077-brrainz.harmony.md","workshop/294100/2599942235/About/About.xml","028853DFFC09A206159CBB98C7106951FBB2F29D22B4512853E7BD5D55121843","Installed relationship-export metadata only; preserve exact declaration/path/hash fields; not publisher/code confirmation or runtime result.","Conservative project rule derived from relationship type and profile presence; not an upstream claim or compatibility finding.","Honor the source mod's declared dependency only while that source mod is enabled; do not make an optional source mod or optional dependency a Rimrooms hard dependency.","","No","No shared non-generic feature tags between in-profile endpoints; RR-COMPAT is excluded by rule.","Pending; not run; no compatibility claim."
"RIMREL-20260927-0214","214","80","Dual Wield - Continued","MemeGoddess.DualWield","RR-STA;RR-EXP;RR-THREAT;RR-COMPAT","docs/research/reviews/mods/3630049419-MemeGoddess.DualWield.md","Requires","1","Harmony","brrainz.harmony","True","In selected 294-mod profile","RR-MP;RR-COMPAT","docs/research/reviews/mods/2009463077-brrainz.harmony.md","workshop/294100/3630049419/About/About.xml","B6D26EDF546218F9AC026BB8216BEC1E91E45BA94C48F632122C0ACDFB543AA2","Installed relationship-export metadata only; preserve exact declaration/path/hash fields; not publisher/code confirmation or runtime result.","Conservative project rule derived from relationship type and profile presence; not an upstream claim or compatibility finding.","Honor the source mod's declared dependency only while that source mod is enabled; do not make an optional source mod or optional dependency a Rimrooms hard dependency.","","No","No shared non-generic feature tags between in-profile endpoints; RR-COMPAT is excluded by rule.","Pending; not run; no compatibility claim."
"RIMREL-20260927-0215","215","80","Dual Wield - Continued","MemeGoddess.DualWield","RR-STA;RR-EXP;RR-THREAT;RR-COMPAT","docs/research/reviews/mods/3630049419-MemeGoddess.DualWield.md","IncompatibleWith","","","roolo.runandgun","False","Outside selected 294-mod profile","","","workshop/294100/3630049419/About/About.xml","B6D26EDF546218F9AC026BB8216BEC1E91E45BA94C48F632122C0ACDFB543AA2","Installed relationship-export metadata only; preserve exact declaration/path/hash fields; not publisher/code confirmation or runtime result.","Conservative project rule derived from relationship type and profile presence; not an upstream claim or compatibility finding.","Keep the declared target outside the Rimrooms profile; do not auto-add it. If a future profile selects both endpoints, block the pair pending owner review and exact-profile testing.","","No","Target is outside the selected 294-row profile; no in-profile endpoint feature comparison is asserted.","Pending; not run; no compatibility claim."
"RIMREL-20260927-0216","216","80","Dual Wield - Continued","MemeGoddess.DualWield","RR-STA;RR-EXP;RR-THREAT;RR-COMPAT","docs/research/reviews/mods/3630049419-MemeGoddess.DualWield.md","IncompatibleWith","","","roolo.runandgun.kotobike","False","Outside selected 294-mod profile","","","workshop/294100/3630049419/About/About.xml","B6D26EDF546218F9AC026BB8216BEC1E91E45BA94C48F632122C0ACDFB543AA2","Installed relationship-export metadata only; preserve exact declaration/path/hash fields; not publisher/code confirmation or runtime result.","Conservative project rule derived from relationship type and profile presence; not an upstream claim or compatibility finding.","Keep the declared target outside the Rimrooms profile; do not auto-add it. If a future profile selects both endpoints, block the pair pending owner review and exact-profile testing.","","No","Target is outside the selected 294-row profile; no in-profile endpoint feature comparison is asserted.","Pending; not run; no compatibility claim."
"RIMREL-20260927-0217","217","85","EdB Prepare Carefully","EdB.PrepareCarefully","RR-FAC;RR-STA;RR-UI;RR-COMPAT","docs/research/reviews/mods/735106432-EdB.PrepareCarefully.md","LoadAfter","","","net.pardeike.rimworld.mod.harmony","False","Outside selected 294-mod profile","","","workshop/294100/735106432/About/About.xml","C2329763ACE62AEBA5D898445430B89DAB5746EFC7F88186015D16CC7E05CEC0","Installed relationship-export metadata only; preserve exact declaration/path/hash fields; not publisher/code confirmation or runtime result.","Conservative project rule derived from relationship type and profile presence; not an upstream claim or compatibility finding.","No ordering action while the target is outside this profile; do not add it solely for this declaration. If both packages are later active, preserve the declared order; infer no code/API integration.","","No","Target is outside the selected 294-row profile; no in-profile endpoint feature comparison is asserted.","Pending; not run; no compatibility claim."
"RIMREL-20260927-0218","218","87","Egg Incubator","Mlie.EggIncubator","RR-FAC;RR-STA;RR-COMPAT","docs/research/reviews/mods/2505566813-Mlie.EggIncubator.md","Requires","1","Harmony","brrainz.harmony","True","In selected 294-mod profile","RR-MP;RR-COMPAT","docs/research/reviews/mods/2009463077-brrainz.harmony.md","workshop/294100/2505566813/About/About.xml","E4F53337BBDED76E73378582F0248A0D2C2A8CFC26C9E834B02491D6893E3859","Installed relationship-export metadata only; preserve exact declaration/path/hash fields; not publisher/code confirmation or runtime result.","Conservative project rule derived from relationship type and profile presence; not an upstream claim or compatibility finding.","Honor the source mod's declared dependency only while that source mod is enabled; do not make an optional source mod or optional dependency a Rimrooms hard dependency.","","No","No shared non-generic feature tags between in-profile endpoints; RR-COMPAT is excluded by rule.","Pending; not run; no compatibility claim."
"RIMREL-20260927-0219","219","87","Egg Incubator","Mlie.EggIncubator","RR-FAC;RR-STA;RR-COMPAT","docs/research/reviews/mods/2505566813-Mlie.EggIncubator.md","LoadAfter","1","Harmony","brrainz.harmony","True","In selected 294-mod profile","RR-MP;RR-COMPAT","docs/research/reviews/mods/2009463077-brrainz.harmony.md","workshop/294100/2505566813/About/About.xml","E4F53337BBDED76E73378582F0248A0D2C2A8CFC26C9E834B02491D6893E3859","Installed relationship-export metadata only; preserve exact declaration/path/hash fields; not publisher/code confirmation or runtime result.","Conservative project rule derived from relationship type and profile presence; not an upstream claim or compatibility finding.","Preserve this order only when both source and target packages are active; infer no code/API integration from the ordering declaration.","","No","No shared non-generic feature tags between in-profile endpoints; RR-COMPAT is excluded by rule.","Pending; not run; no compatibility claim."
"RIMREL-20260927-0220","220","89","Explosive Implant (Continued)","Mlie.ExplosiveImplant","RR-STA;RR-THREAT;RR-EVD;RR-COMPAT","docs/research/reviews/mods/2162909284-Mlie.ExplosiveImplant.md","Requires","1","Harmony","brrainz.harmony","True","In selected 294-mod profile","RR-MP;RR-COMPAT","docs/research/reviews/mods/2009463077-brrainz.harmony.md","workshop/294100/2162909284/About/About.xml","67A5ECD5F21EA9DD69C3F5C09FF5AF643B949974471875D6A837FA4642CCA548","Installed relationship-export metadata only; preserve exact declaration/path/hash fields; not publisher/code confirmation or runtime result.","Conservative project rule derived from relationship type and profile presence; not an upstream claim or compatibility finding.","Honor the source mod's declared dependency only while that source mod is enabled; do not make an optional source mod or optional dependency a Rimrooms hard dependency.","","No","No shared non-generic feature tags between in-profile endpoints; RR-COMPAT is excluded by rule.","Pending; not run; no compatibility claim."
"RIMREL-20260927-0221","221","89","Explosive Implant (Continued)","Mlie.ExplosiveImplant","RR-STA;RR-THREAT;RR-EVD;RR-COMPAT","docs/research/reviews/mods/2162909284-Mlie.ExplosiveImplant.md","LoadAfter","1","Harmony","brrainz.harmony","True","In selected 294-mod profile","RR-MP;RR-COMPAT","docs/research/reviews/mods/2009463077-brrainz.harmony.md","workshop/294100/2162909284/About/About.xml","67A5ECD5F21EA9DD69C3F5C09FF5AF643B949974471875D6A837FA4642CCA548","Installed relationship-export metadata only; preserve exact declaration/path/hash fields; not publisher/code confirmation or runtime result.","Conservative project rule derived from relationship type and profile presence; not an upstream claim or compatibility finding.","Preserve this order only when both source and target packages are active; infer no code/API integration from the ordering declaration.","","No","No shared non-generic feature tags between in-profile endpoints; RR-COMPAT is excluded by rule.","Pending; not run; no compatibility claim."
"RIMREL-20260927-0222","222","91","Flickable Storage","Mlie.FlickableStorage","RR-FAC;RR-EVD;RR-COMPAT","docs/research/reviews/mods/2497907804-Mlie.FlickableStorage.md","Requires","1","Harmony","brrainz.harmony","True","In selected 294-mod profile","RR-MP;RR-COMPAT","docs/research/reviews/mods/2009463077-brrainz.harmony.md","workshop/294100/2497907804/About/About.xml","D8E29D09E7FA18945A604BC221DDC10B6739A6FCC77A1A3F0E08505823290A37","Installed relationship-export metadata only; preserve exact declaration/path/hash fields; not publisher/code confirmation or runtime result.","Conservative project rule derived from relationship type and profile presence; not an upstream claim or compatibility finding.","Honor the source mod's declared dependency only while that source mod is enabled; do not make an optional source mod or optional dependency a Rimrooms hard dependency.","","No","No shared non-generic feature tags between in-profile endpoints; RR-COMPAT is excluded by rule.","Pending; not run; no compatibility claim."
"RIMREL-20260927-0223","223","91","Flickable Storage","Mlie.FlickableStorage","RR-FAC;RR-EVD;RR-COMPAT","docs/research/reviews/mods/2497907804-Mlie.FlickableStorage.md","LoadAfter","1","Harmony","brrainz.harmony","True","In selected 294-mod profile","RR-MP;RR-COMPAT","docs/research/reviews/mods/2009463077-brrainz.harmony.md","workshop/294100/2497907804/About/About.xml","D8E29D09E7FA18945A604BC221DDC10B6739A6FCC77A1A3F0E08505823290A37","Installed relationship-export metadata only; preserve exact declaration/path/hash fields; not publisher/code confirmation or runtime result.","Conservative project rule derived from relationship type and profile presence; not an upstream claim or compatibility finding.","Preserve this order only when both source and target packages are active; infer no code/API integration from the ordering declaration.","","No","No shared non-generic feature tags between in-profile endpoints; RR-COMPAT is excluded by rule.","Pending; not run; no compatibility claim."
"RIMREL-20260927-0224","224","93","Food Poisoning Stack Fix (Continued)","Mlie.FoodPoisoningStackFix","RR-FAC;RR-STA;RR-EXP;RR-COMPAT","docs/research/reviews/mods/2843483188-Mlie.FoodPoisoningStackFix.md","Requires","1","Harmony","brrainz.harmony","True","In selected 294-mod profile","RR-MP;RR-COMPAT","docs/research/reviews/mods/2009463077-brrainz.harmony.md","workshop/294100/2843483188/About/About.xml","7FFD8E646362451F53380447FCCF1C26FBADBAB5D6598658C620999E648D343A","Installed relationship-export metadata only; preserve exact declaration/path/hash fields; not publisher/code confirmation or runtime result.","Conservative project rule derived from relationship type and profile presence; not an upstream claim or compatibility finding.","Honor the source mod's declared dependency only while that source mod is enabled; do not make an optional source mod or optional dependency a Rimrooms hard dependency.","","No","No shared non-generic feature tags between in-profile endpoints; RR-COMPAT is excluded by rule.","Pending; not run; no compatibility claim."
"RIMREL-20260927-0225","225","93","Food Poisoning Stack Fix (Continued)","Mlie.FoodPoisoningStackFix","RR-FAC;RR-STA;RR-EXP;RR-COMPAT","docs/research/reviews/mods/2843483188-Mlie.FoodPoisoningStackFix.md","LoadAfter","1","Harmony","brrainz.harmony","True","In selected 294-mod profile","RR-MP;RR-COMPAT","docs/research/reviews/mods/2009463077-brrainz.harmony.md","workshop/294100/2843483188/About/About.xml","7FFD8E646362451F53380447FCCF1C26FBADBAB5D6598658C620999E648D343A","Installed relationship-export metadata only; preserve exact declaration/path/hash fields; not publisher/code confirmation or runtime result.","Conservative project rule derived from relationship type and profile presence; not an upstream claim or compatibility finding.","Preserve this order only when both source and target packages are active; infer no code/API integration from the ordering declaration.","","No","No shared non-generic feature tags between in-profile endpoints; RR-COMPAT is excluded by rule.","Pending; not run; no compatibility claim."
"RIMREL-20260927-0226","226","94","Force Xenogerm Implantation","zed.0xff.ForceXenogermImplantation","RR-STA;RR-DLC;RR-COMPAT","docs/research/reviews/mods/2958300354-zed.0xff.ForceXenogermImplantation.md","Requires","7","Biotech","Ludeon.RimWorld.Biotech","True","In selected 294-mod profile","RR-STA;RR-FAC;RR-DLC;RR-COMPAT","docs/research/reviews/mods/official-7-Ludeon.RimWorld.Biotech.md","workshop/294100/2958300354/About/About.xml","29523493E01212BD471FE8B873F826D64C2D641F45044AB30DD5ED7B757F53F1","Installed relationship-export metadata only; preserve exact declaration/path/hash fields; not publisher/code confirmation or runtime result.","Conservative project rule derived from relationship type and profile presence; not an upstream claim or compatibility finding.","Honor the source mod's declared dependency only while that source mod is enabled; do not make an optional source mod or optional dependency a Rimrooms hard dependency.","RR-DLC;RR-STA","Yes","In-profile endpoints share non-generic feature tag(s): RR-DLC;RR-STA. Candidate only; runtime test pending.","Pending; not run; no compatibility claim."
"RIMREL-20260927-0227","227","94","Force Xenogerm Implantation","zed.0xff.ForceXenogermImplantation","RR-STA;RR-DLC;RR-COMPAT","docs/research/reviews/mods/2958300354-zed.0xff.ForceXenogermImplantation.md","Requires","6","Ideology","Ludeon.RimWorld.Ideology","True","In selected 294-mod profile","RR-STA;RR-DLC;RR-COMPAT","docs/research/reviews/mods/official-6-Ludeon.RimWorld.Ideology.md","workshop/294100/2958300354/About/About.xml","29523493E01212BD471FE8B873F826D64C2D641F45044AB30DD5ED7B757F53F1","Installed relationship-export metadata only; preserve exact declaration/path/hash fields; not publisher/code confirmation or runtime result.","Conservative project rule derived from relationship type and profile presence; not an upstream claim or compatibility finding.","Honor the source mod's declared dependency only while that source mod is enabled; do not make an optional source mod or optional dependency a Rimrooms hard dependency.","RR-DLC;RR-STA","Yes","In-profile endpoints share non-generic feature tag(s): RR-DLC;RR-STA. Candidate only; runtime test pending.","Pending; not run; no compatibility claim."
"RIMREL-20260927-0228","228","94","Force Xenogerm Implantation","zed.0xff.ForceXenogermImplantation","RR-STA;RR-DLC;RR-COMPAT","docs/research/reviews/mods/2958300354-zed.0xff.ForceXenogermImplantation.md","Requires","1","Harmony","brrainz.harmony","True","In selected 294-mod profile","RR-MP;RR-COMPAT","docs/research/reviews/mods/2009463077-brrainz.harmony.md","workshop/294100/2958300354/About/About.xml","29523493E01212BD471FE8B873F826D64C2D641F45044AB30DD5ED7B757F53F1","Installed relationship-export metadata only; preserve exact declaration/path/hash fields; not publisher/code confirmation or runtime result.","Conservative project rule derived from relationship type and profile presence; not an upstream claim or compatibility finding.","Honor the source mod's declared dependency only while that source mod is enabled; do not make an optional source mod or optional dependency a Rimrooms hard dependency.","","No","No shared non-generic feature tags between in-profile endpoints; RR-COMPAT is excluded by rule.","Pending; not run; no compatibility claim."
"RIMREL-20260927-0229","229","98","Giddy-Up 2 - Continued","MemeGoddess.GiddyUp","RR-EXP;RR-OUT;RR-STA;RR-MP;RR-COMPAT","docs/research/reviews/mods/3674332861-MemeGoddess.GiddyUp.md","Requires","1","Harmony","brrainz.harmony","True","In selected 294-mod profile","RR-MP;RR-COMPAT","docs/research/reviews/mods/2009463077-brrainz.harmony.md","workshop/294100/3674332861/About/About.xml","8483B32882CB44654CC0AEB985668DF872E1969EEEC7DF6448D9152947FD2848","Installed relationship-export metadata only; preserve exact declaration/path/hash fields; not publisher/code confirmation or runtime result.","Conservative project rule derived from relationship type and profile presence; not an upstream claim or compatibility finding.","Honor the source mod's declared dependency only while that source mod is enabled; do not make an optional source mod or optional dependency a Rimrooms hard dependency.","RR-MP","Yes","In-profile endpoints share non-generic feature tag(s): RR-MP. Candidate only; runtime test pending.","Pending; not run; no compatibility claim."
"RIMREL-20260927-0230","230","98","Giddy-Up 2 - Continued","MemeGoddess.GiddyUp","RR-EXP;RR-OUT;RR-STA;RR-MP;RR-COMPAT","docs/research/reviews/mods/3674332861-MemeGoddess.GiddyUp.md","LoadAfter","","","Owlchemist.ToggleableOverlays","False","Outside selected 294-mod profile","","","workshop/294100/3674332861/About/About.xml","8483B32882CB44654CC0AEB985668DF872E1969EEEC7DF6448D9152947FD2848","Installed relationship-export metadata only; preserve exact declaration/path/hash fields; not publisher/code confirmation or runtime result.","Conservative project rule derived from relationship type and profile presence; not an upstream claim or compatibility finding.","No ordering action while the target is outside this profile; do not add it solely for this declaration. If both packages are later active, preserve the declared order; infer no code/API integration.","","No","Target is outside the selected 294-row profile; no in-profile endpoint feature comparison is asserted.","Pending; not run; no compatibility claim."
"RIMREL-20260927-0231","231","98","Giddy-Up 2 - Continued","MemeGoddess.GiddyUp","RR-EXP;RR-OUT;RR-STA;RR-MP;RR-COMPAT","docs/research/reviews/mods/3674332861-MemeGoddess.GiddyUp.md","LoadBefore","","","dylan.animalgear","False","Outside selected 294-mod profile","","","workshop/294100/3674332861/About/About.xml","8483B32882CB44654CC0AEB985668DF872E1969EEEC7DF6448D9152947FD2848","Installed relationship-export metadata only; preserve exact declaration/path/hash fields; not publisher/code confirmation or runtime result.","Conservative project rule derived from relationship type and profile presence; not an upstream claim or compatibility finding.","No ordering action while the target is outside this profile; do not add it solely for this declaration. If both packages are later active, preserve the declared order; infer no code/API integration.","","No","Target is outside the selected 294-row profile; no in-profile endpoint feature comparison is asserted.","Pending; not run; no compatibility claim."
"RIMREL-20260927-0232","232","98","Giddy-Up 2 - Continued","MemeGoddess.GiddyUp","RR-EXP;RR-OUT;RR-STA;RR-MP;RR-COMPAT","docs/research/reviews/mods/3674332861-MemeGoddess.GiddyUp.md","LoadBefore","","","com.yayo.yayoAni.continued","False","Outside selected 294-mod profile","","","workshop/294100/3674332861/About/About.xml","8483B32882CB44654CC0AEB985668DF872E1969EEEC7DF6448D9152947FD2848","Installed relationship-export metadata only; preserve exact declaration/path/hash fields; not publisher/code confirmation or runtime result.","Conservative project rule derived from relationship type and profile presence; not an upstream claim or compatibility finding.","No ordering action while the target is outside this profile; do not add it solely for this declaration. If both packages are later active, preserve the declared order; infer no code/API integration.","","No","Target is outside the selected 294-row profile; no in-profile endpoint feature comparison is asserted.","Pending; not run; no compatibility claim."
"RIMREL-20260927-0233","233","98","Giddy-Up 2 - Continued","MemeGoddess.GiddyUp","RR-EXP;RR-OUT;RR-STA;RR-MP;RR-COMPAT","docs/research/reviews/mods/3674332861-MemeGoddess.GiddyUp.md","IncompatibleWith","","","roolo.giddyupcore","False","Outside selected 294-mod profile","","","workshop/294100/3674332861/About/About.xml","8483B32882CB44654CC0AEB985668DF872E1969EEEC7DF6448D9152947FD2848","Installed relationship-export metadata only; preserve exact declaration/path/hash fields; not publisher/code confirmation or runtime result.","Conservative project rule derived from relationship type and profile presence; not an upstream claim or compatibility finding.","Keep the declared target outside the Rimrooms profile; do not auto-add it. If a future profile selects both endpoints, block the pair pending owner review and exact-profile testing.","","No","Target is outside the selected 294-row profile; no in-profile endpoint feature comparison is asserted.","Pending; not run; no compatibility claim."
"RIMREL-20260927-0234","234","98","Giddy-Up 2 - Continued","MemeGoddess.GiddyUp","RR-EXP;RR-OUT;RR-STA;RR-MP;RR-COMPAT","docs/research/reviews/mods/3674332861-MemeGoddess.GiddyUp.md","IncompatibleWith","","","roolo.giddyuprideandroll","False","Outside selected 294-mod profile","","","workshop/294100/3674332861/About/About.xml","8483B32882CB44654CC0AEB985668DF872E1969EEEC7DF6448D9152947FD2848","Installed relationship-export metadata only; preserve exact declaration/path/hash fields; not publisher/code confirmation or runtime result.","Conservative project rule derived from relationship type and profile presence; not an upstream claim or compatibility finding.","Keep the declared target outside the Rimrooms profile; do not auto-add it. If a future profile selects both endpoints, block the pair pending owner review and exact-profile testing.","","No","Target is outside the selected 294-row profile; no in-profile endpoint feature comparison is asserted.","Pending; not run; no compatibility claim."
"RIMREL-20260927-0235","235","98","Giddy-Up 2 - Continued","MemeGoddess.GiddyUp","RR-EXP;RR-OUT;RR-STA;RR-MP;RR-COMPAT","docs/research/reviews/mods/3674332861-MemeGoddess.GiddyUp.md","IncompatibleWith","","","roolo.giddyupcaravan","False","Outside selected 294-mod profile","","","workshop/294100/3674332861/About/About.xml","8483B32882CB44654CC0AEB985668DF872E1969EEEC7DF6448D9152947FD2848","Installed relationship-export metadata only; preserve exact declaration/path/hash fields; not publisher/code confirmation or runtime result.","Conservative project rule derived from relationship type and profile presence; not an upstream claim or compatibility finding.","Keep the declared target outside the Rimrooms profile; do not auto-add it. If a future profile selects both endpoints, block the pair pending owner review and exact-profile testing.","","No","Target is outside the selected 294-row profile; no in-profile endpoint feature comparison is asserted.","Pending; not run; no compatibility claim."
"RIMREL-20260927-0236","236","98","Giddy-Up 2 - Continued","MemeGoddess.GiddyUp","RR-EXP;RR-OUT;RR-STA;RR-MP;RR-COMPAT","docs/research/reviews/mods/3674332861-MemeGoddess.GiddyUp.md","IncompatibleWith","","","roolo.giddyupbattlemounts","False","Outside selected 294-mod profile","","","workshop/294100/3674332861/About/About.xml","8483B32882CB44654CC0AEB985668DF872E1969EEEC7DF6448D9152947FD2848","Installed relationship-export metadata only; preserve exact declaration/path/hash fields; not publisher/code confirmation or runtime result.","Conservative project rule derived from relationship type and profile presence; not an upstream claim or compatibility finding.","Keep the declared target outside the Rimrooms profile; do not auto-add it. If a future profile selects both endpoints, block the pair pending owner review and exact-profile testing.","","No","Target is outside the selected 294-row profile; no in-profile endpoint feature comparison is asserted.","Pending; not run; no compatibility claim."
"RIMREL-20260927-0237","237","98","Giddy-Up 2 - Continued","MemeGoddess.GiddyUp","RR-EXP;RR-OUT;RR-STA;RR-MP;RR-COMPAT","docs/research/reviews/mods/3674332861-MemeGoddess.GiddyUp.md","IncompatibleWith","","","Owlchemist.GiddyUp","False","Outside selected 294-mod profile","","","workshop/294100/3674332861/About/About.xml","8483B32882CB44654CC0AEB985668DF872E1969EEEC7DF6448D9152947FD2848","Installed relationship-export metadata only; preserve exact declaration/path/hash fields; not publisher/code confirmation or runtime result.","Conservative project rule derived from relationship type and profile presence; not an upstream claim or compatibility finding.","Keep the declared target outside the Rimrooms profile; do not auto-add it. If a future profile selects both endpoints, block the pair pending owner review and exact-profile testing.","","No","Target is outside the selected 294-row profile; no in-profile endpoint feature comparison is asserted.","Pending; not run; no compatibility claim."
"RIMREL-20260927-0238","238","98","Giddy-Up 2 - Continued","MemeGoddess.GiddyUp","RR-EXP;RR-OUT;RR-STA;RR-MP;RR-COMPAT","docs/research/reviews/mods/3674332861-MemeGoddess.GiddyUp.md","IncompatibleWith","","","PJerri.GiddyUpPatchLoadingSaves","False","Outside selected 294-mod profile","","","workshop/294100/3674332861/About/About.xml","8483B32882CB44654CC0AEB985668DF872E1969EEEC7DF6448D9152947FD2848","Installed relationship-export metadata only; preserve exact declaration/path/hash fields; not publisher/code confirmation or runtime result.","Conservative project rule derived from relationship type and profile presence; not an upstream claim or compatibility finding.","Keep the declared target outside the Rimrooms profile; do not auto-add it. If a future profile selects both endpoints, block the pair pending owner review and exact-profile testing.","","No","Target is outside the selected 294-row profile; no in-profile endpoint feature comparison is asserted.","Pending; not run; no compatibility claim."
"RIMREL-20260927-0239","239","101","Gold & Silver Ingots","kongkim.GSingots","RR-ECO;RR-FAC;RR-COMPAT","docs/research/reviews/mods/2527544142-kongkim.GSingots.md","Requires","5","Royalty","Ludeon.RimWorld.Royalty","True","In selected 294-mod profile","RR-STA;RR-MSN;RR-DLC;RR-COMPAT","docs/research/reviews/mods/official-5-Ludeon.RimWorld.Royalty.md","workshop/294100/2527544142/About/About.xml","D223D77B8D4EAA05270661E1AB8C17CE251FDCAFEC6D054A102F7A7732517E19","Installed relationship-export metadata only; preserve exact declaration/path/hash fields; not publisher/code confirmation or runtime result.","Conservative project rule derived from relationship type and profile presence; not an upstream claim or compatibility finding.","Honor the source mod's declared dependency only while that source mod is enabled; do not make an optional source mod or optional dependency a Rimrooms hard dependency.","","No","No shared non-generic feature tags between in-profile endpoints; RR-COMPAT is excluded by rule.","Pending; not run; no compatibility claim."
"RIMREL-20260927-0240","240","102","Graying Hair","Arkymn.AgingVisuals","RR-STYLE;RR-STA;RR-DLC;RR-COMPAT","docs/research/reviews/mods/2807132773-Arkymn.AgingVisuals.md","Requires","1","Harmony","brrainz.harmony","True","In selected 294-mod profile","RR-MP;RR-COMPAT","docs/research/reviews/mods/2009463077-brrainz.harmony.md","workshop/294100/2807132773/About/About.xml","0B7268F4E5A494F42537347F6261DE4A77BD4F5ABB0339BC856F74F2C514080C","Installed relationship-export metadata only; preserve exact declaration/path/hash fields; not publisher/code confirmation or runtime result.","Conservative project rule derived from relationship type and profile presence; not an upstream claim or compatibility finding.","Honor the source mod's declared dependency only while that source mod is enabled; do not make an optional source mod or optional dependency a Rimrooms hard dependency.","","No","No shared non-generic feature tags between in-profile endpoints; RR-COMPAT is excluded by rule.","Pending; not run; no compatibility claim."
"RIMREL-20260927-0241","241","102","Graying Hair","Arkymn.AgingVisuals","RR-STYLE;RR-STA;RR-DLC;RR-COMPAT","docs/research/reviews/mods/2807132773-Arkymn.AgingVisuals.md","LoadAfter","1","Harmony","brrainz.harmony","True","In selected 294-mod profile","RR-MP;RR-COMPAT","docs/research/reviews/mods/2009463077-brrainz.harmony.md","workshop/294100/2807132773/About/About.xml","0B7268F4E5A494F42537347F6261DE4A77BD4F5ABB0339BC856F74F2C514080C","Installed relationship-export metadata only; preserve exact declaration/path/hash fields; not publisher/code confirmation or runtime result.","Conservative project rule derived from relationship type and profile presence; not an upstream claim or compatibility finding.","Preserve this order only when both source and target packages are active; infer no code/API integration from the ordering declaration.","","No","No shared non-generic feature tags between in-profile endpoints; RR-COMPAT is excluded by rule.","Pending; not run; no compatibility claim."
"RIMREL-20260927-0242","242","102","Graying Hair","Arkymn.AgingVisuals","RR-STYLE;RR-STA;RR-DLC;RR-COMPAT","docs/research/reviews/mods/2807132773-Arkymn.AgingVisuals.md","LoadAfter","4","Core","Ludeon.RimWorld","True","In selected 294-mod profile","RR-SCEN;RR-FAC;RR-STA;RR-GATE;RR-EXP;RR-SPACE;RR-EVD;RR-THREAT;RR-MSN;RR-ECO;RR-OUT;RR-DLC;RR-UI;RR-COMPAT","docs/research/reviews/mods/official-4-Ludeon.RimWorld.md","workshop/294100/2807132773/About/About.xml","0B7268F4E5A494F42537347F6261DE4A77BD4F5ABB0339BC856F74F2C514080C","Installed relationship-export metadata only; preserve exact declaration/path/hash fields; not publisher/code confirmation or runtime result.","Conservative project rule derived from relationship type and profile presence; not an upstream claim or compatibility finding.","Preserve this order only when both source and target packages are active; infer no code/API integration from the ordering declaration.","RR-DLC;RR-STA","Yes","In-profile endpoints share non-generic feature tag(s): RR-DLC;RR-STA. Candidate only; runtime test pending.","Pending; not run; no compatibility claim."
"RIMREL-20260927-0243","243","102","Graying Hair","Arkymn.AgingVisuals","RR-STYLE;RR-STA;RR-DLC;RR-COMPAT","docs/research/reviews/mods/2807132773-Arkymn.AgingVisuals.md","LoadAfter","5","Royalty","Ludeon.RimWorld.Royalty","True","In selected 294-mod profile","RR-STA;RR-MSN;RR-DLC;RR-COMPAT","docs/research/reviews/mods/official-5-Ludeon.RimWorld.Royalty.md","workshop/294100/2807132773/About/About.xml","0B7268F4E5A494F42537347F6261DE4A77BD4F5ABB0339BC856F74F2C514080C","Installed relationship-export metadata only; preserve exact declaration/path/hash fields; not publisher/code confirmation or runtime result.","Conservative project rule derived from relationship type and profile presence; not an upstream claim or compatibility finding.","Preserve this order only when both source and target packages are active; infer no code/API integration from the ordering declaration.","RR-DLC;RR-STA","Yes","In-profile endpoints share non-generic feature tag(s): RR-DLC;RR-STA. Candidate only; runtime test pending.","Pending; not run; no compatibility claim."
"RIMREL-20260927-0244","244","102","Graying Hair","Arkymn.AgingVisuals","RR-STYLE;RR-STA;RR-DLC;RR-COMPAT","docs/research/reviews/mods/2807132773-Arkymn.AgingVisuals.md","LoadAfter","6","Ideology","Ludeon.RimWorld.Ideology","True","In selected 294-mod profile","RR-STA;RR-DLC;RR-COMPAT","docs/research/reviews/mods/official-6-Ludeon.RimWorld.Ideology.md","workshop/294100/2807132773/About/About.xml","0B7268F4E5A494F42537347F6261DE4A77BD4F5ABB0339BC856F74F2C514080C","Installed relationship-export metadata only; preserve exact declaration/path/hash fields; not publisher/code confirmation or runtime result.","Conservative project rule derived from relationship type and profile presence; not an upstream claim or compatibility finding.","Preserve this order only when both source and target packages are active; infer no code/API integration from the ordering declaration.","RR-DLC;RR-STA","Yes","In-profile endpoints share non-generic feature tag(s): RR-DLC;RR-STA. Candidate only; runtime test pending.","Pending; not run; no compatibility claim."
"RIMREL-20260927-0245","245","102","Graying Hair","Arkymn.AgingVisuals","RR-STYLE;RR-STA;RR-DLC;RR-COMPAT","docs/research/reviews/mods/2807132773-Arkymn.AgingVisuals.md","LoadAfter","7","Biotech","Ludeon.RimWorld.Biotech","True","In selected 294-mod profile","RR-STA;RR-FAC;RR-DLC;RR-COMPAT","docs/research/reviews/mods/official-7-Ludeon.RimWorld.Biotech.md","workshop/294100/2807132773/About/About.xml","0B7268F4E5A494F42537347F6261DE4A77BD4F5ABB0339BC856F74F2C514080C","Installed relationship-export metadata only; preserve exact declaration/path/hash fields; not publisher/code confirmation or runtime result.","Conservative project rule derived from relationship type and profile presence; not an upstream claim or compatibility finding.","Preserve this order only when both source and target packages are active; infer no code/API integration from the ordering declaration.","RR-DLC;RR-STA","Yes","In-profile endpoints share non-generic feature tag(s): RR-DLC;RR-STA. Candidate only; runtime test pending.","Pending; not run; no compatibility claim."
"RIMREL-20260927-0246","246","102","Graying Hair","Arkymn.AgingVisuals","RR-STYLE;RR-STA;RR-DLC;RR-COMPAT","docs/research/reviews/mods/2807132773-Arkymn.AgingVisuals.md","LoadAfter","8","Anomaly","Ludeon.RimWorld.Anomaly","True","In selected 294-mod profile","RR-THREAT;RR-EVD;RR-EXP;RR-MSN;RR-DLC;RR-COMPAT","docs/research/reviews/mods/official-8-Ludeon.RimWorld.Anomaly.md","workshop/294100/2807132773/About/About.xml","0B7268F4E5A494F42537347F6261DE4A77BD4F5ABB0339BC856F74F2C514080C","Installed relationship-export metadata only; preserve exact declaration/path/hash fields; not publisher/code confirmation or runtime result.","Conservative project rule derived from relationship type and profile presence; not an upstream claim or compatibility finding.","Preserve this order only when both source and target packages are active; infer no code/API integration from the ordering declaration.","RR-DLC","Yes","In-profile endpoints share non-generic feature tag(s): RR-DLC. Candidate only; runtime test pending.","Pending; not run; no compatibility claim."
"RIMREL-20260927-0247","247","102","Graying Hair","Arkymn.AgingVisuals","RR-STYLE;RR-STA;RR-DLC;RR-COMPAT","docs/research/reviews/mods/2807132773-Arkymn.AgingVisuals.md","LoadAfter","","","vanillaexpanded.vpsycastse","False","Outside selected 294-mod profile","","","workshop/294100/2807132773/About/About.xml","0B7268F4E5A494F42537347F6261DE4A77BD4F5ABB0339BC856F74F2C514080C","Installed relationship-export metadata only; preserve exact declaration/path/hash fields; not publisher/code confirmation or runtime result.","Conservative project rule derived from relationship type and profile presence; not an upstream claim or compatibility finding.","No ordering action while the target is outside this profile; do not add it solely for this declaration. If both packages are later active, preserve the declared order; infer no code/API integration.","","No","Target is outside the selected 294-row profile; no in-profile endpoint feature comparison is asserted.","Pending; not run; no compatibility claim."
"RIMREL-20260927-0248","248","104","Hardened Armor","Sirprook.HardenedArmor","RR-STA;RR-EXP;RR-THREAT;RR-COMPAT","docs/research/reviews/mods/3515052580-Sirprook.HardenedArmor.md","Requires","1","Harmony","brrainz.harmony","True","In selected 294-mod profile","RR-MP;RR-COMPAT","docs/research/reviews/mods/2009463077-brrainz.harmony.md","workshop/294100/3515052580/About/About.xml","B9B963C5F94C4479CF1B95D7C47806420A1DB24ECEFCB45198575911AC4CC19A","Installed relationship-export metadata only; preserve exact declaration/path/hash fields; not publisher/code confirmation or runtime result.","Conservative project rule derived from relationship type and profile presence; not an upstream claim or compatibility finding.","Honor the source mod's declared dependency only while that source mod is enabled; do not make an optional source mod or optional dependency a Rimrooms hard dependency.","","No","No shared non-generic feature tags between in-profile endpoints; RR-COMPAT is excluded by rule.","Pending; not run; no compatibility claim."
"RIMREL-20260927-0249","249","104","Hardened Armor","Sirprook.HardenedArmor","RR-STA;RR-EXP;RR-THREAT;RR-COMPAT","docs/research/reviews/mods/3515052580-Sirprook.HardenedArmor.md","LoadAfter","1","Harmony","brrainz.harmony","True","In selected 294-mod profile","RR-MP;RR-COMPAT","docs/research/reviews/mods/2009463077-brrainz.harmony.md","workshop/294100/3515052580/About/About.xml","B9B963C5F94C4479CF1B95D7C47806420A1DB24ECEFCB45198575911AC4CC19A","Installed relationship-export metadata only; preserve exact declaration/path/hash fields; not publisher/code confirmation or runtime result.","Conservative project rule derived from relationship type and profile presence; not an upstream claim or compatibility finding.","Preserve this order only when both source and target packages are active; infer no code/API integration from the ordering declaration.","","No","No shared non-generic feature tags between in-profile endpoints; RR-COMPAT is excluded by rule.","Pending; not run; no compatibility claim."
"RIMREL-20260927-0250","250","106","Harvest When Butchering","Mlie.HarvestWhenButchering","RR-THREAT;RR-ECO;RR-EXP;RR-STA;RR-COMPAT","docs/research/reviews/mods/2898826891-Mlie.HarvestWhenButchering.md","Requires","1","Harmony","brrainz.harmony","True","In selected 294-mod profile","RR-MP;RR-COMPAT","docs/research/reviews/mods/2009463077-brrainz.harmony.md","workshop/294100/2898826891/About/About.xml","EF948151791131723AA16B31AD334CDC9E4F446F79F176E62D9624650A8E8F0A","Installed relationship-export metadata only; preserve exact declaration/path/hash fields; not publisher/code confirmation or runtime result.","Conservative project rule derived from relationship type and profile presence; not an upstream claim or compatibility finding.","Honor the source mod's declared dependency only while that source mod is enabled; do not make an optional source mod or optional dependency a Rimrooms hard dependency.","","No","No shared non-generic feature tags between in-profile endpoints; RR-COMPAT is excluded by rule.","Pending; not run; no compatibility claim."
"RIMREL-20260927-0251","251","106","Harvest When Butchering","Mlie.HarvestWhenButchering","RR-THREAT;RR-ECO;RR-EXP;RR-STA;RR-COMPAT","docs/research/reviews/mods/2898826891-Mlie.HarvestWhenButchering.md","LoadAfter","1","Harmony","brrainz.harmony","True","In selected 294-mod profile","RR-MP;RR-COMPAT","docs/research/reviews/mods/2009463077-brrainz.harmony.md","workshop/294100/2898826891/About/About.xml","EF948151791131723AA16B31AD334CDC9E4F446F79F176E62D9624650A8E8F0A","Installed relationship-export metadata only; preserve exact declaration/path/hash fields; not publisher/code confirmation or runtime result.","Conservative project rule derived from relationship type and profile presence; not an upstream claim or compatibility finding.","Preserve this order only when both source and target packages are active; infer no code/API integration from the ordering declaration.","","No","No shared non-generic feature tags between in-profile endpoints; RR-COMPAT is excluded by rule.","Pending; not run; no compatibility claim."
"RIMREL-20260927-0252","252","107","Haul to Stack","jkluch.HaulToStack","RR-FAC;RR-EXP;RR-OUT;RR-COMPAT","docs/research/reviews/mods/949498803-jkluch.HaulToStack.md","Requires","1","Harmony","brrainz.harmony","True","In selected 294-mod profile","RR-MP;RR-COMPAT","docs/research/reviews/mods/2009463077-brrainz.harmony.md","workshop/294100/949498803/About/About.xml","287296991AB7C83747DC95AF1CB82B67822B561BF067716A49551E5176134E2D","Installed relationship-export metadata only; preserve exact declaration/path/hash fields; not publisher/code confirmation or runtime result.","Conservative project rule derived from relationship type and profile presence; not an upstream claim or compatibility finding.","Honor the source mod's declared dependency only while that source mod is enabled; do not make an optional source mod or optional dependency a Rimrooms hard dependency.","","No","No shared non-generic feature tags between in-profile endpoints; RR-COMPAT is excluded by rule.","Pending; not run; no compatibility claim."
"RIMREL-20260927-0253","253","107","Haul to Stack","jkluch.HaulToStack","RR-FAC;RR-EXP;RR-OUT;RR-COMPAT","docs/research/reviews/mods/949498803-jkluch.HaulToStack.md","LoadAfter","4","Core","Ludeon.RimWorld","True","In selected 294-mod profile","RR-SCEN;RR-FAC;RR-STA;RR-GATE;RR-EXP;RR-SPACE;RR-EVD;RR-THREAT;RR-MSN;RR-ECO;RR-OUT;RR-DLC;RR-UI;RR-COMPAT","docs/research/reviews/mods/official-4-Ludeon.RimWorld.md","workshop/294100/949498803/About/About.xml","287296991AB7C83747DC95AF1CB82B67822B561BF067716A49551E5176134E2D","Installed relationship-export metadata only; preserve exact declaration/path/hash fields; not publisher/code confirmation or runtime result.","Conservative project rule derived from relationship type and profile presence; not an upstream claim or compatibility finding.","Preserve this order only when both source and target packages are active; infer no code/API integration from the ordering declaration.","RR-EXP;RR-FAC;RR-OUT","Yes","In-profile endpoints share non-generic feature tag(s): RR-EXP;RR-FAC;RR-OUT. Candidate only; runtime test pending.","Pending; not run; no compatibility claim."
"RIMREL-20260927-0254","254","107","Haul to Stack","jkluch.HaulToStack","RR-FAC;RR-EXP;RR-OUT;RR-COMPAT","docs/research/reviews/mods/949498803-jkluch.HaulToStack.md","LoadAfter","5","Royalty","Ludeon.RimWorld.Royalty","True","In selected 294-mod profile","RR-STA;RR-MSN;RR-DLC;RR-COMPAT","docs/research/reviews/mods/official-5-Ludeon.RimWorld.Royalty.md","workshop/294100/949498803/About/About.xml","287296991AB7C83747DC95AF1CB82B67822B561BF067716A49551E5176134E2D","Installed relationship-export metadata only; preserve exact declaration/path/hash fields; not publisher/code confirmation or runtime result.","Conservative project rule derived from relationship type and profile presence; not an upstream claim or compatibility finding.","Preserve this order only when both source and target packages are active; infer no code/API integration from the ordering declaration.","","No","No shared non-generic feature tags between in-profile endpoints; RR-COMPAT is excluded by rule.","Pending; not run; no compatibility claim."
"RIMREL-20260927-0255","255","107","Haul to Stack","jkluch.HaulToStack","RR-FAC;RR-EXP;RR-OUT;RR-COMPAT","docs/research/reviews/mods/949498803-jkluch.HaulToStack.md","LoadAfter","1","Harmony","brrainz.harmony","True","In selected 294-mod profile","RR-MP;RR-COMPAT","docs/research/reviews/mods/2009463077-brrainz.harmony.md","workshop/294100/949498803/About/About.xml","287296991AB7C83747DC95AF1CB82B67822B561BF067716A49551E5176134E2D","Installed relationship-export metadata only; preserve exact declaration/path/hash fields; not publisher/code confirmation or runtime result.","Conservative project rule derived from relationship type and profile presence; not an upstream claim or compatibility finding.","Preserve this order only when both source and target packages are active; infer no code/API integration from the ordering declaration.","","No","No shared non-generic feature tags between in-profile endpoints; RR-COMPAT is excluded by rule.","Pending; not run; no compatibility claim."
"RIMREL-20260927-0256","256","108","Healer Mech Serum Choice","Syrus.HMSChoice","RR-STA;RR-COMPAT","docs/research/reviews/mods/2714095848-Syrus.HMSChoice.md","Requires","1","Harmony","brrainz.harmony","True","In selected 294-mod profile","RR-MP;RR-COMPAT","docs/research/reviews/mods/2009463077-brrainz.harmony.md","workshop/294100/2714095848/About/About.xml","4189F33496658A7D3F6D399964CB7F4D3F5B7A707332AEC5D726510DA2C2DA5A","Installed relationship-export metadata only; preserve exact declaration/path/hash fields; not publisher/code confirmation or runtime result.","Conservative project rule derived from relationship type and profile presence; not an upstream claim or compatibility finding.","Honor the source mod's declared dependency only while that source mod is enabled; do not make an optional source mod or optional dependency a Rimrooms hard dependency.","","No","No shared non-generic feature tags between in-profile endpoints; RR-COMPAT is excluded by rule.","Pending; not run; no compatibility claim."
"RIMREL-20260927-0257","257","108","Healer Mech Serum Choice","Syrus.HMSChoice","RR-STA;RR-COMPAT","docs/research/reviews/mods/2714095848-Syrus.HMSChoice.md","LoadAfter","1","Harmony","brrainz.harmony","True","In selected 294-mod profile","RR-MP;RR-COMPAT","docs/research/reviews/mods/2009463077-brrainz.harmony.md","workshop/294100/2714095848/About/About.xml","4189F33496658A7D3F6D399964CB7F4D3F5B7A707332AEC5D726510DA2C2DA5A","Installed relationship-export metadata only; preserve exact declaration/path/hash fields; not publisher/code confirmation or runtime result.","Conservative project rule derived from relationship type and profile presence; not an upstream claim or compatibility finding.","Preserve this order only when both source and target packages are active; infer no code/API integration from the ordering declaration.","","No","No shared non-generic feature tags between in-profile endpoints; RR-COMPAT is excluded by rule.","Pending; not run; no compatibility claim."
"RIMREL-20260927-0258","258","109","Hospital","Adamas.Hospital","RR-STA;RR-MSN;RR-ECO;RR-COMPAT","docs/research/reviews/mods/2992224079-Adamas.Hospital.md","Requires","1","Harmony","brrainz.harmony","True","In selected 294-mod profile","RR-MP;RR-COMPAT","docs/research/reviews/mods/2009463077-brrainz.harmony.md","workshop/294100/2992224079/About/About.xml","A85F70D3A6D9D8DB57D62059BBFDE3BFBD960BF8BE85D6AD93E6027967D78828","Installed relationship-export metadata only; preserve exact declaration/path/hash fields; not publisher/code confirmation or runtime result.","Conservative project rule derived from relationship type and profile presence; not an upstream claim or compatibility finding.","Honor the source mod's declared dependency only while that source mod is enabled; do not make an optional source mod or optional dependency a Rimrooms hard dependency.","","No","No shared non-generic feature tags between in-profile endpoints; RR-COMPAT is excluded by rule.","Pending; not run; no compatibility claim."
"RIMREL-20260927-0259","259","111","I Clearly Have Enough! (Continued)","Mlie.IClearlyHaveEnough","RR-FAC;RR-EXP;RR-COMPAT","docs/research/reviews/mods/2023661266-Mlie.IClearlyHaveEnough.md","Requires","1","Harmony","brrainz.harmony","True","In selected 294-mod profile","RR-MP;RR-COMPAT","docs/research/reviews/mods/2009463077-brrainz.harmony.md","workshop/294100/2023661266/About/About.xml","97C86776CB0F3530BB30F0160BF9E2960348F9639AB1CFB17291C5625124A6B6","Installed relationship-export metadata only; preserve exact declaration/path/hash fields; not publisher/code confirmation or runtime result.","Conservative project rule derived from relationship type and profile presence; not an upstream claim or compatibility finding.","Honor the source mod's declared dependency only while that source mod is enabled; do not make an optional source mod or optional dependency a Rimrooms hard dependency.","","No","No shared non-generic feature tags between in-profile endpoints; RR-COMPAT is excluded by rule.","Pending; not run; no compatibility claim."
"RIMREL-20260927-0260","260","111","I Clearly Have Enough! (Continued)","Mlie.IClearlyHaveEnough","RR-FAC;RR-EXP;RR-COMPAT","docs/research/reviews/mods/2023661266-Mlie.IClearlyHaveEnough.md","LoadAfter","1","Harmony","brrainz.harmony","True","In selected 294-mod profile","RR-MP;RR-COMPAT","docs/research/reviews/mods/2009463077-brrainz.harmony.md","workshop/294100/2023661266/About/About.xml","97C86776CB0F3530BB30F0160BF9E2960348F9639AB1CFB17291C5625124A6B6","Installed relationship-export metadata only; preserve exact declaration/path/hash fields; not publisher/code confirmation or runtime result.","Conservative project rule derived from relationship type and profile presence; not an upstream claim or compatibility finding.","Preserve this order only when both source and target packages are active; infer no code/API integration from the ordering declaration.","","No","No shared non-generic feature tags between in-profile endpoints; RR-COMPAT is excluded by rule.","Pending; not run; no compatibility claim."
"RIMREL-20260927-0261","261","113","Injured Carry","Haecriver.InjuredCarry","RR-STA;RR-EXP;RR-THREAT;RR-COMPAT","docs/research/reviews/mods/2413690575-Haecriver.InjuredCarry.md","Requires","1","Harmony","brrainz.harmony","True","In selected 294-mod profile","RR-MP;RR-COMPAT","docs/research/reviews/mods/2009463077-brrainz.harmony.md","workshop/294100/2413690575/About/About.xml","3F2908C1F241A27A9AB5BE771AA974E70E82F4DEEA6C0AEFDF9A9693F43FDB90","Installed relationship-export metadata only; preserve exact declaration/path/hash fields; not publisher/code confirmation or runtime result.","Conservative project rule derived from relationship type and profile presence; not an upstream claim or compatibility finding.","Honor the source mod's declared dependency only while that source mod is enabled; do not make an optional source mod or optional dependency a Rimrooms hard dependency.","","No","No shared non-generic feature tags between in-profile endpoints; RR-COMPAT is excluded by rule.","Pending; not run; no compatibility claim."
"RIMREL-20260927-0262","262","113","Injured Carry","Haecriver.InjuredCarry","RR-STA;RR-EXP;RR-THREAT;RR-COMPAT","docs/research/reviews/mods/2413690575-Haecriver.InjuredCarry.md","LoadAfter","1","Harmony","brrainz.harmony","True","In selected 294-mod profile","RR-MP;RR-COMPAT","docs/research/reviews/mods/2009463077-brrainz.harmony.md","workshop/294100/2413690575/About/About.xml","3F2908C1F241A27A9AB5BE771AA974E70E82F4DEEA6C0AEFDF9A9693F43FDB90","Installed relationship-export metadata only; preserve exact declaration/path/hash fields; not publisher/code confirmation or runtime result.","Conservative project rule derived from relationship type and profile presence; not an upstream claim or compatibility finding.","Preserve this order only when both source and target packages are active; infer no code/API integration from the ordering declaration.","","No","No shared non-generic feature tags between in-profile endpoints; RR-COMPAT is excluded by rule.","Pending; not run; no compatibility claim."
"RIMREL-20260927-0263","263","113","Injured Carry","Haecriver.InjuredCarry","RR-STA;RR-EXP;RR-THREAT;RR-COMPAT","docs/research/reviews/mods/2413690575-Haecriver.InjuredCarry.md","LoadAfter","11","Vehicle Framework","SmashPhil.VehicleFramework","True","In selected 294-mod profile","RR-OUT;RR-SPACEFLIGHT;RR-COMPAT","docs/research/reviews/mods/3014915404-SmashPhil.VehicleFramework.md","workshop/294100/2413690575/About/About.xml","3F2908C1F241A27A9AB5BE771AA974E70E82F4DEEA6C0AEFDF9A9693F43FDB90","Installed relationship-export metadata only; preserve exact declaration/path/hash fields; not publisher/code confirmation or runtime result.","Conservative project rule derived from relationship type and profile presence; not an upstream claim or compatibility finding.","Preserve this order only when both source and target packages are active; infer no code/API integration from the ordering declaration.","","No","No shared non-generic feature tags between in-profile endpoints; RR-COMPAT is excluded by rule.","Pending; not run; no compatibility claim."
"RIMREL-20260927-0264","264","114","Integrated Genes","Turnovus.Biotech.IntegratedGenes","RR-STA;RR-DLC;RR-COMPAT","docs/research/reviews/mods/2884115974-Turnovus.Biotech.IntegratedGenes.md","Requires","7","Biotech","Ludeon.RimWorld.Biotech","True","In selected 294-mod profile","RR-STA;RR-FAC;RR-DLC;RR-COMPAT","docs/research/reviews/mods/official-7-Ludeon.RimWorld.Biotech.md","workshop/294100/2884115974/About/About.xml","A13425D23E9FB930B57C94C7249816415E5055822D1744585E2D3DDE8FFFB179","Installed relationship-export metadata only; preserve exact declaration/path/hash fields; not publisher/code confirmation or runtime result.","Conservative project rule derived from relationship type and profile presence; not an upstream claim or compatibility finding.","Honor the source mod's declared dependency only while that source mod is enabled; do not make an optional source mod or optional dependency a Rimrooms hard dependency.","RR-DLC;RR-STA","Yes","In-profile endpoints share non-generic feature tag(s): RR-DLC;RR-STA. Candidate only; runtime test pending.","Pending; not run; no compatibility claim."
"RIMREL-20260927-0265","265","115","InterRim Ballistic Missile","kazepsi.irbm","RR-FAC;RR-THREAT;RR-MP;RR-COMPAT","docs/research/reviews/mods/3682304832-kazepsi.irbm.md","LoadAfter","1","Harmony","brrainz.harmony","True","In selected 294-mod profile","RR-MP;RR-COMPAT","docs/research/reviews/mods/2009463077-brrainz.harmony.md","workshop/294100/3682304832/About/About.xml","AEAC3838D6DF83A1757C1B74A11DDB844683B0162E98D9466495E5FF637CBD7E","Installed relationship-export metadata only; preserve exact declaration/path/hash fields; not publisher/code confirmation or runtime result.","Conservative project rule derived from relationship type and profile presence; not an upstream claim or compatibility finding.","Preserve this order only when both source and target packages are active; infer no code/API integration from the ordering declaration.","RR-MP","Yes","In-profile endpoints share non-generic feature tag(s): RR-MP. Candidate only; runtime test pending.","Pending; not run; no compatibility claim."
"RIMREL-20260927-0266","266","115","InterRim Ballistic Missile","kazepsi.irbm","RR-FAC;RR-THREAT;RR-MP;RR-COMPAT","docs/research/reviews/mods/3682304832-kazepsi.irbm.md","LoadAfter","4","Core","Ludeon.RimWorld","True","In selected 294-mod profile","RR-SCEN;RR-FAC;RR-STA;RR-GATE;RR-EXP;RR-SPACE;RR-EVD;RR-THREAT;RR-MSN;RR-ECO;RR-OUT;RR-DLC;RR-UI;RR-COMPAT","docs/research/reviews/mods/official-4-Ludeon.RimWorld.md","workshop/294100/3682304832/About/About.xml","AEAC3838D6DF83A1757C1B74A11DDB844683B0162E98D9466495E5FF637CBD7E","Installed relationship-export metadata only; preserve exact declaration/path/hash fields; not publisher/code confirmation or runtime result.","Conservative project rule derived from relationship type and profile presence; not an upstream claim or compatibility finding.","Preserve this order only when both source and target packages are active; infer no code/API integration from the ordering declaration.","RR-FAC;RR-THREAT","Yes","In-profile endpoints share non-generic feature tag(s): RR-FAC;RR-THREAT. Candidate only; runtime test pending.","Pending; not run; no compatibility claim."
"RIMREL-20260927-0267","267","116","Just Put It Over There","Mlie.JustPutItOverThere","RR-ECO;RR-FAC;RR-OUT;RR-COMPAT","docs/research/reviews/mods/2856471776-Mlie.JustPutItOverThere.md","Requires","1","Harmony","brrainz.harmony","True","In selected 294-mod profile","RR-MP;RR-COMPAT","docs/research/reviews/mods/2009463077-brrainz.harmony.md","workshop/294100/2856471776/About/About.xml","C9F45B4321DA906E590B8C9E9A7256C470967FC895D9EAC882FA95532BA2336A","Installed relationship-export metadata only; preserve exact declaration/path/hash fields; not publisher/code confirmation or runtime result.","Conservative project rule derived from relationship type and profile presence; not an upstream claim or compatibility finding.","Honor the source mod's declared dependency only while that source mod is enabled; do not make an optional source mod or optional dependency a Rimrooms hard dependency.","","No","No shared non-generic feature tags between in-profile endpoints; RR-COMPAT is excluded by rule.","Pending; not run; no compatibility claim."
"RIMREL-20260927-0268","268","116","Just Put It Over There","Mlie.JustPutItOverThere","RR-ECO;RR-FAC;RR-OUT;RR-COMPAT","docs/research/reviews/mods/2856471776-Mlie.JustPutItOverThere.md","LoadAfter","1","Harmony","brrainz.harmony","True","In selected 294-mod profile","RR-MP;RR-COMPAT","docs/research/reviews/mods/2009463077-brrainz.harmony.md","workshop/294100/2856471776/About/About.xml","C9F45B4321DA906E590B8C9E9A7256C470967FC895D9EAC882FA95532BA2336A","Installed relationship-export metadata only; preserve exact declaration/path/hash fields; not publisher/code confirmation or runtime result.","Conservative project rule derived from relationship type and profile presence; not an upstream claim or compatibility finding.","Preserve this order only when both source and target packages are active; infer no code/API integration from the ordering declaration.","","No","No shared non-generic feature tags between in-profile endpoints; RR-COMPAT is excluded by rule.","Pending; not run; no compatibility claim."
"RIMREL-20260927-0269","269","117","Keep Converting","Linnun.KeepConverting","RR-STA;RR-DLC;RR-COMPAT","docs/research/reviews/mods/3461478214-Linnun.KeepConverting.md","Requires","1","Harmony","brrainz.harmony","True","In selected 294-mod profile","RR-MP;RR-COMPAT","docs/research/reviews/mods/2009463077-brrainz.harmony.md","workshop/294100/3461478214/About/About.xml","EFAF242661154106A44EE370421275A1CE3E4AAFC71F0C994612F0980EE78F9E","Installed relationship-export metadata only; preserve exact declaration/path/hash fields; not publisher/code confirmation or runtime result.","Conservative project rule derived from relationship type and profile presence; not an upstream claim or compatibility finding.","Honor the source mod's declared dependency only while that source mod is enabled; do not make an optional source mod or optional dependency a Rimrooms hard dependency.","","No","No shared non-generic feature tags between in-profile endpoints; RR-COMPAT is excluded by rule.","Pending; not run; no compatibility claim."
"RIMREL-20260927-0270","270","117","Keep Converting","Linnun.KeepConverting","RR-STA;RR-DLC;RR-COMPAT","docs/research/reviews/mods/3461478214-Linnun.KeepConverting.md","Requires","6","Ideology","Ludeon.RimWorld.Ideology","True","In selected 294-mod profile","RR-STA;RR-DLC;RR-COMPAT","docs/research/reviews/mods/official-6-Ludeon.RimWorld.Ideology.md","workshop/294100/3461478214/About/About.xml","EFAF242661154106A44EE370421275A1CE3E4AAFC71F0C994612F0980EE78F9E","Installed relationship-export metadata only; preserve exact declaration/path/hash fields; not publisher/code confirmation or runtime result.","Conservative project rule derived from relationship type and profile presence; not an upstream claim or compatibility finding.","Honor the source mod's declared dependency only while that source mod is enabled; do not make an optional source mod or optional dependency a Rimrooms hard dependency.","RR-DLC;RR-STA","Yes","In-profile endpoints share non-generic feature tag(s): RR-DLC;RR-STA. Candidate only; runtime test pending.","Pending; not run; no compatibility claim."
"RIMREL-20260927-0271","271","117","Keep Converting","Linnun.KeepConverting","RR-STA;RR-DLC;RR-COMPAT","docs/research/reviews/mods/3461478214-Linnun.KeepConverting.md","LoadAfter","4","Core","Ludeon.RimWorld","True","In selected 294-mod profile","RR-SCEN;RR-FAC;RR-STA;RR-GATE;RR-EXP;RR-SPACE;RR-EVD;RR-THREAT;RR-MSN;RR-ECO;RR-OUT;RR-DLC;RR-UI;RR-COMPAT","docs/research/reviews/mods/official-4-Ludeon.RimWorld.md","workshop/294100/3461478214/About/About.xml","EFAF242661154106A44EE370421275A1CE3E4AAFC71F0C994612F0980EE78F9E","Installed relationship-export metadata only; preserve exact declaration/path/hash fields; not publisher/code confirmation or runtime result.","Conservative project rule derived from relationship type and profile presence; not an upstream claim or compatibility finding.","Preserve this order only when both source and target packages are active; infer no code/API integration from the ordering declaration.","RR-DLC;RR-STA","Yes","In-profile endpoints share non-generic feature tag(s): RR-DLC;RR-STA. Candidate only; runtime test pending.","Pending; not run; no compatibility claim."
"RIMREL-20260927-0272","272","117","Keep Converting","Linnun.KeepConverting","RR-STA;RR-DLC;RR-COMPAT","docs/research/reviews/mods/3461478214-Linnun.KeepConverting.md","LoadAfter","5","Royalty","Ludeon.RimWorld.Royalty","True","In selected 294-mod profile","RR-STA;RR-MSN;RR-DLC;RR-COMPAT","docs/research/reviews/mods/official-5-Ludeon.RimWorld.Royalty.md","workshop/294100/3461478214/About/About.xml","EFAF242661154106A44EE370421275A1CE3E4AAFC71F0C994612F0980EE78F9E","Installed relationship-export metadata only; preserve exact declaration/path/hash fields; not publisher/code confirmation or runtime result.","Conservative project rule derived from relationship type and profile presence; not an upstream claim or compatibility finding.","Preserve this order only when both source and target packages are active; infer no code/API integration from the ordering declaration.","RR-DLC;RR-STA","Yes","In-profile endpoints share non-generic feature tag(s): RR-DLC;RR-STA. Candidate only; runtime test pending.","Pending; not run; no compatibility claim."
"RIMREL-20260927-0273","273","117","Keep Converting","Linnun.KeepConverting","RR-STA;RR-DLC;RR-COMPAT","docs/research/reviews/mods/3461478214-Linnun.KeepConverting.md","LoadAfter","6","Ideology","Ludeon.RimWorld.Ideology","True","In selected 294-mod profile","RR-STA;RR-DLC;RR-COMPAT","docs/research/reviews/mods/official-6-Ludeon.RimWorld.Ideology.md","workshop/294100/3461478214/About/About.xml","EFAF242661154106A44EE370421275A1CE3E4AAFC71F0C994612F0980EE78F9E","Installed relationship-export metadata only; preserve exact declaration/path/hash fields; not publisher/code confirmation or runtime result.","Conservative project rule derived from relationship type and profile presence; not an upstream claim or compatibility finding.","Preserve this order only when both source and target packages are active; infer no code/API integration from the ordering declaration.","RR-DLC;RR-STA","Yes","In-profile endpoints share non-generic feature tag(s): RR-DLC;RR-STA. Candidate only; runtime test pending.","Pending; not run; no compatibility claim."
"RIMREL-20260927-0274","274","117","Keep Converting","Linnun.KeepConverting","RR-STA;RR-DLC;RR-COMPAT","docs/research/reviews/mods/3461478214-Linnun.KeepConverting.md","LoadAfter","7","Biotech","Ludeon.RimWorld.Biotech","True","In selected 294-mod profile","RR-STA;RR-FAC;RR-DLC;RR-COMPAT","docs/research/reviews/mods/official-7-Ludeon.RimWorld.Biotech.md","workshop/294100/3461478214/About/About.xml","EFAF242661154106A44EE370421275A1CE3E4AAFC71F0C994612F0980EE78F9E","Installed relationship-export metadata only; preserve exact declaration/path/hash fields; not publisher/code confirmation or runtime result.","Conservative project rule derived from relationship type and profile presence; not an upstream claim or compatibility finding.","Preserve this order only when both source and target packages are active; infer no code/API integration from the ordering declaration.","RR-DLC;RR-STA","Yes","In-profile endpoints share non-generic feature tag(s): RR-DLC;RR-STA. Candidate only; runtime test pending.","Pending; not run; no compatibility claim."
"RIMREL-20260927-0275","275","117","Keep Converting","Linnun.KeepConverting","RR-STA;RR-DLC;RR-COMPAT","docs/research/reviews/mods/3461478214-Linnun.KeepConverting.md","LoadAfter","8","Anomaly","Ludeon.RimWorld.Anomaly","True","In selected 294-mod profile","RR-THREAT;RR-EVD;RR-EXP;RR-MSN;RR-DLC;RR-COMPAT","docs/research/reviews/mods/official-8-Ludeon.RimWorld.Anomaly.md","workshop/294100/3461478214/About/About.xml","EFAF242661154106A44EE370421275A1CE3E4AAFC71F0C994612F0980EE78F9E","Installed relationship-export metadata only; preserve exact declaration/path/hash fields; not publisher/code confirmation or runtime result.","Conservative project rule derived from relationship type and profile presence; not an upstream claim or compatibility finding.","Preserve this order only when both source and target packages are active; infer no code/API integration from the ordering declaration.","RR-DLC","Yes","In-profile endpoints share non-generic feature tag(s): RR-DLC. Candidate only; runtime test pending.","Pending; not run; no compatibility claim."
"RIMREL-20260927-0276","276","117","Keep Converting","Linnun.KeepConverting","RR-STA;RR-DLC;RR-COMPAT","docs/research/reviews/mods/3461478214-Linnun.KeepConverting.md","LoadAfter","9","Odyssey","Ludeon.RimWorld.Odyssey","True","In selected 294-mod profile","RR-SPACEFLIGHT;RR-OUT;RR-EXP;RR-MSN;RR-ECO;RR-DLC;RR-COMPAT","docs/research/reviews/mods/official-9-Ludeon.RimWorld.Odyssey.md","workshop/294100/3461478214/About/About.xml","EFAF242661154106A44EE370421275A1CE3E4AAFC71F0C994612F0980EE78F9E","Installed relationship-export metadata only; preserve exact declaration/path/hash fields; not publisher/code confirmation or runtime result.","Conservative project rule derived from relationship type and profile presence; not an upstream claim or compatibility finding.","Preserve this order only when both source and target packages are active; infer no code/API integration from the ordering declaration.","RR-DLC","Yes","In-profile endpoints share non-generic feature tag(s): RR-DLC. Candidate only; runtime test pending.","Pending; not run; no compatibility claim."
"RIMREL-20260927-0277","277","117","Keep Converting","Linnun.KeepConverting","RR-STA;RR-DLC;RR-COMPAT","docs/research/reviews/mods/3461478214-Linnun.KeepConverting.md","LoadAfter","1","Harmony","brrainz.harmony","True","In selected 294-mod profile","RR-MP;RR-COMPAT","docs/research/reviews/mods/2009463077-brrainz.harmony.md","workshop/294100/3461478214/About/About.xml","EFAF242661154106A44EE370421275A1CE3E4AAFC71F0C994612F0980EE78F9E","Installed relationship-export metadata only; preserve exact declaration/path/hash fields; not publisher/code confirmation or runtime result.","Conservative project rule derived from relationship type and profile presence; not an upstream claim or compatibility finding.","Preserve this order only when both source and target packages are active; infer no code/API integration from the ordering declaration.","","No","No shared non-generic feature tags between in-profile endpoints; RR-COMPAT is excluded by rule.","Pending; not run; no compatibility claim."
"RIMREL-20260927-0278","278","118","Ladies Can Flirt Too! (Continued)","Mlie.LadiesCanFlirtToo","RR-STA;RR-COMPAT","docs/research/reviews/mods/3559816908-Mlie.LadiesCanFlirtToo.md","Requires","1","Harmony","brrainz.harmony","True","In selected 294-mod profile","RR-MP;RR-COMPAT","docs/research/reviews/mods/2009463077-brrainz.harmony.md","workshop/294100/3559816908/About/About.xml","AA40BE23B14B4FA4E57B77ED8371351F747A669F0362962015B1AE785D074DC4","Installed relationship-export metadata only; preserve exact declaration/path/hash fields; not publisher/code confirmation or runtime result.","Conservative project rule derived from relationship type and profile presence; not an upstream claim or compatibility finding.","Honor the source mod's declared dependency only while that source mod is enabled; do not make an optional source mod or optional dependency a Rimrooms hard dependency.","","No","No shared non-generic feature tags between in-profile endpoints; RR-COMPAT is excluded by rule.","Pending; not run; no compatibility claim."
"RIMREL-20260927-0279","279","118","Ladies Can Flirt Too! (Continued)","Mlie.LadiesCanFlirtToo","RR-STA;RR-COMPAT","docs/research/reviews/mods/3559816908-Mlie.LadiesCanFlirtToo.md","LoadAfter","1","Harmony","brrainz.harmony","True","In selected 294-mod profile","RR-MP;RR-COMPAT","docs/research/reviews/mods/2009463077-brrainz.harmony.md","workshop/294100/3559816908/About/About.xml","AA40BE23B14B4FA4E57B77ED8371351F747A669F0362962015B1AE785D074DC4","Installed relationship-export metadata only; preserve exact declaration/path/hash fields; not publisher/code confirmation or runtime result.","Conservative project rule derived from relationship type and profile presence; not an upstream claim or compatibility finding.","Preserve this order only when both source and target packages are active; infer no code/API integration from the ordering declaration.","","No","No shared non-generic feature tags between in-profile endpoints; RR-COMPAT is excluded by rule.","Pending; not run; no compatibility claim."
"RIMREL-20260927-0280","280","118","Ladies Can Flirt Too! (Continued)","Mlie.LadiesCanFlirtToo","RR-STA;RR-COMPAT","docs/research/reviews/mods/3559816908-Mlie.LadiesCanFlirtToo.md","IncompatibleWith","","","Mlie.RationalRomance","False","Outside selected 294-mod profile","","","workshop/294100/3559816908/About/About.xml","AA40BE23B14B4FA4E57B77ED8371351F747A669F0362962015B1AE785D074DC4","Installed relationship-export metadata only; preserve exact declaration/path/hash fields; not publisher/code confirmation or runtime result.","Conservative project rule derived from relationship type and profile presence; not an upstream claim or compatibility finding.","Keep the declared target outside the Rimrooms profile; do not auto-add it. If a future profile selects both endpoints, block the pair pending owner review and exact-profile testing.","","No","Target is outside the selected 294-row profile; no in-profile endpoint feature comparison is asserted.","Pending; not run; no compatibility claim."
"RIMREL-20260927-0281","281","118","Ladies Can Flirt Too! (Continued)","Mlie.LadiesCanFlirtToo","RR-STA;RR-COMPAT","docs/research/reviews/mods/3559816908-Mlie.LadiesCanFlirtToo.md","IncompatibleWith","","","Mlie.RationalRomance2","False","Outside selected 294-mod profile","","","workshop/294100/3559816908/About/About.xml","AA40BE23B14B4FA4E57B77ED8371351F747A669F0362962015B1AE785D074DC4","Installed relationship-export metadata only; preserve exact declaration/path/hash fields; not publisher/code confirmation or runtime result.","Conservative project rule derived from relationship type and profile presence; not an upstream claim or compatibility finding.","Keep the declared target outside the Rimrooms profile; do not auto-add it. If a future profile selects both endpoints, block the pair pending owner review and exact-profile testing.","","No","Target is outside the selected 294-row profile; no in-profile endpoint feature comparison is asserted.","Pending; not run; no compatibility claim."
"RIMREL-20260927-0282","282","118","Ladies Can Flirt Too! (Continued)","Mlie.LadiesCanFlirtToo","RR-STA;RR-COMPAT","docs/research/reviews/mods/3559816908-Mlie.LadiesCanFlirtToo.md","IncompatibleWith","","","Community.Psychology.UnofficialUpdate","False","Outside selected 294-mod profile","","","workshop/294100/3559816908/About/About.xml","AA40BE23B14B4FA4E57B77ED8371351F747A669F0362962015B1AE785D074DC4","Installed relationship-export metadata only; preserve exact declaration/path/hash fields; not publisher/code confirmation or runtime result.","Conservative project rule derived from relationship type and profile presence; not an upstream claim or compatibility finding.","Keep the declared target outside the Rimrooms profile; do not auto-add it. If a future profile selects both endpoints, block the pair pending owner review and exact-profile testing.","","No","Target is outside the selected 294-row profile; no in-profile endpoint feature comparison is asserted.","Pending; not run; no compatibility claim."
"RIMREL-20260927-0283","283","119","Less Stupid Romance Attempt (Continued)","Mlie.LessStupidRomanceAttempt","RR-STA;RR-COMPAT","docs/research/reviews/mods/2014603702-Mlie.LessStupidRomanceAttempt.md","Requires","1","Harmony","brrainz.harmony","True","In selected 294-mod profile","RR-MP;RR-COMPAT","docs/research/reviews/mods/2009463077-brrainz.harmony.md","workshop/294100/2014603702/About/About.xml","A24F5A2DC5B84C5FEDA023A38E4856AAB1CE0A3011386128E03E314B911E3895","Installed relationship-export metadata only; preserve exact declaration/path/hash fields; not publisher/code confirmation or runtime result.","Conservative project rule derived from relationship type and profile presence; not an upstream claim or compatibility finding.","Honor the source mod's declared dependency only while that source mod is enabled; do not make an optional source mod or optional dependency a Rimrooms hard dependency.","","No","No shared non-generic feature tags between in-profile endpoints; RR-COMPAT is excluded by rule.","Pending; not run; no compatibility claim."
"RIMREL-20260927-0284","284","119","Less Stupid Romance Attempt (Continued)","Mlie.LessStupidRomanceAttempt","RR-STA;RR-COMPAT","docs/research/reviews/mods/2014603702-Mlie.LessStupidRomanceAttempt.md","LoadAfter","1","Harmony","brrainz.harmony","True","In selected 294-mod profile","RR-MP;RR-COMPAT","docs/research/reviews/mods/2009463077-brrainz.harmony.md","workshop/294100/2014603702/About/About.xml","A24F5A2DC5B84C5FEDA023A38E4856AAB1CE0A3011386128E03E314B911E3895","Installed relationship-export metadata only; preserve exact declaration/path/hash fields; not publisher/code confirmation or runtime result.","Conservative project rule derived from relationship type and profile presence; not an upstream claim or compatibility finding.","Preserve this order only when both source and target packages are active; infer no code/API integration from the ordering declaration.","","No","No shared non-generic feature tags between in-profile endpoints; RR-COMPAT is excluded by rule.","Pending; not run; no compatibility claim."
"RIMREL-20260927-0285","285","120","Live With The Pain","Mlie.LiveWithThePain","RR-STA;RR-EXP;RR-COMPAT","docs/research/reviews/mods/2659985388-Mlie.LiveWithThePain.md","Requires","1","Harmony","brrainz.harmony","True","In selected 294-mod profile","RR-MP;RR-COMPAT","docs/research/reviews/mods/2009463077-brrainz.harmony.md","workshop/294100/2659985388/About/About.xml","1B1D302BE16DD3FA87B32883730D5F780CB54C012F88A2D842A1ABEDF597D8F2","Installed relationship-export metadata only; preserve exact declaration/path/hash fields; not publisher/code confirmation or runtime result.","Conservative project rule derived from relationship type and profile presence; not an upstream claim or compatibility finding.","Honor the source mod's declared dependency only while that source mod is enabled; do not make an optional source mod or optional dependency a Rimrooms hard dependency.","","No","No shared non-generic feature tags between in-profile endpoints; RR-COMPAT is excluded by rule.","Pending; not run; no compatibility claim."
"RIMREL-20260927-0286","286","120","Live With The Pain","Mlie.LiveWithThePain","RR-STA;RR-EXP;RR-COMPAT","docs/research/reviews/mods/2659985388-Mlie.LiveWithThePain.md","LoadAfter","1","Harmony","brrainz.harmony","True","In selected 294-mod profile","RR-MP;RR-COMPAT","docs/research/reviews/mods/2009463077-brrainz.harmony.md","workshop/294100/2659985388/About/About.xml","1B1D302BE16DD3FA87B32883730D5F780CB54C012F88A2D842A1ABEDF597D8F2","Installed relationship-export metadata only; preserve exact declaration/path/hash fields; not publisher/code confirmation or runtime result.","Conservative project rule derived from relationship type and profile presence; not an upstream claim or compatibility finding.","Preserve this order only when both source and target packages are active; infer no code/API integration from the ordering declaration.","","No","No shared non-generic feature tags between in-profile endpoints; RR-COMPAT is excluded by rule.","Pending; not run; no compatibility claim."
"RIMREL-20260927-0287","287","122","LWM's Adaptive Deep Storage","ASF.DeepStorage","RR-FAC;RR-EVD;RR-ECO;RR-OUT;RR-COMPAT","docs/research/reviews/mods/3373064575-ASF.DeepStorage.md","Requires","10","Adaptive Storage Framework","adaptive.storage.framework","True","In selected 294-mod profile","RR-FAC;RR-EVD;RR-COMPAT","docs/research/reviews/mods/3033901359-adaptive.storage.framework.md","workshop/294100/3373064575/About/About.xml","3F6B3E84997358D345126E4EE3D390FE2CE26277F6C9E9A3D19820D94AEC98F5","Installed relationship-export metadata only; preserve exact declaration/path/hash fields; not publisher/code confirmation or runtime result.","Conservative project rule derived from relationship type and profile presence; not an upstream claim or compatibility finding.","Honor the source mod's declared dependency only while that source mod is enabled; do not make an optional source mod or optional dependency a Rimrooms hard dependency.","RR-EVD;RR-FAC","Yes","In-profile endpoints share non-generic feature tag(s): RR-EVD;RR-FAC. Candidate only; runtime test pending.","Pending; not run; no compatibility claim."
"RIMREL-20260927-0288","288","122","LWM's Adaptive Deep Storage","ASF.DeepStorage","RR-FAC;RR-EVD;RR-ECO;RR-OUT;RR-COMPAT","docs/research/reviews/mods/3373064575-ASF.DeepStorage.md","LoadAfter","4","Core","Ludeon.RimWorld","True","In selected 294-mod profile","RR-SCEN;RR-FAC;RR-STA;RR-GATE;RR-EXP;RR-SPACE;RR-EVD;RR-THREAT;RR-MSN;RR-ECO;RR-OUT;RR-DLC;RR-UI;RR-COMPAT","docs/research/reviews/mods/official-4-Ludeon.RimWorld.md","workshop/294100/3373064575/About/About.xml","3F6B3E84997358D345126E4EE3D390FE2CE26277F6C9E9A3D19820D94AEC98F5","Installed relationship-export metadata only; preserve exact declaration/path/hash fields; not publisher/code confirmation or runtime result.","Conservative project rule derived from relationship type and profile presence; not an upstream claim or compatibility finding.","Preserve this order only when both source and target packages are active; infer no code/API integration from the ordering declaration.","RR-ECO;RR-EVD;RR-FAC;RR-OUT","Yes","In-profile endpoints share non-generic feature tag(s): RR-ECO;RR-EVD;RR-FAC;RR-OUT. Candidate only; runtime test pending.","Pending; not run; no compatibility claim."
"RIMREL-20260927-0289","289","122","LWM's Adaptive Deep Storage","ASF.DeepStorage","RR-FAC;RR-EVD;RR-ECO;RR-OUT;RR-COMPAT","docs/research/reviews/mods/3373064575-ASF.DeepStorage.md","LoadAfter","10","Adaptive Storage Framework","adaptive.storage.framework","True","In selected 294-mod profile","RR-FAC;RR-EVD;RR-COMPAT","docs/research/reviews/mods/3033901359-adaptive.storage.framework.md","workshop/294100/3373064575/About/About.xml","3F6B3E84997358D345126E4EE3D390FE2CE26277F6C9E9A3D19820D94AEC98F5","Installed relationship-export metadata only; preserve exact declaration/path/hash fields; not publisher/code confirmation or runtime result.","Conservative project rule derived from relationship type and profile presence; not an upstream claim or compatibility finding.","Preserve this order only when both source and target packages are active; infer no code/API integration from the ordering declaration.","RR-EVD;RR-FAC","Yes","In-profile endpoints share non-generic feature tag(s): RR-EVD;RR-FAC. Candidate only; runtime test pending.","Pending; not run; no compatibility claim."
"RIMREL-20260927-0290","290","123","Mad Skills","ratys.madskills","RR-STA;RR-EXP;RR-COMPAT","docs/research/reviews/mods/731111514-ratys.madskills.md","Requires","1","Harmony","brrainz.harmony","True","In selected 294-mod profile","RR-MP;RR-COMPAT","docs/research/reviews/mods/2009463077-brrainz.harmony.md","workshop/294100/731111514/About/About.xml","5AE3FBAEC8EEC15BB51CDB8FAF28CB6A7770EAF14900BCDB60A07D1691D78E82","Installed relationship-export metadata only; preserve exact declaration/path/hash fields; not publisher/code confirmation or runtime result.","Conservative project rule derived from relationship type and profile presence; not an upstream claim or compatibility finding.","Honor the source mod's declared dependency only while that source mod is enabled; do not make an optional source mod or optional dependency a Rimrooms hard dependency.","","No","No shared non-generic feature tags between in-profile endpoints; RR-COMPAT is excluded by rule.","Pending; not run; no compatibility claim."
"RIMREL-20260927-0291","291","124","Map Preview","m00nl1ght.MapPreview","RR-OUT;RR-SPACE;RR-UI;RR-MP;RR-COMPAT","docs/research/reviews/mods/2800857642-m00nl1ght.MapPreview.md","LoadAfter","4","Core","Ludeon.RimWorld","True","In selected 294-mod profile","RR-SCEN;RR-FAC;RR-STA;RR-GATE;RR-EXP;RR-SPACE;RR-EVD;RR-THREAT;RR-MSN;RR-ECO;RR-OUT;RR-DLC;RR-UI;RR-COMPAT","docs/research/reviews/mods/official-4-Ludeon.RimWorld.md","workshop/294100/2800857642/About/About.xml","04BC5687850597CCACEBCE213BD04FEB5C867AD040FA0AB7D058E9971E03B90B","Installed relationship-export metadata only; preserve exact declaration/path/hash fields; not publisher/code confirmation or runtime result.","Conservative project rule derived from relationship type and profile presence; not an upstream claim or compatibility finding.","Preserve this order only when both source and target packages are active; infer no code/API integration from the ordering declaration.","RR-OUT;RR-SPACE;RR-UI","Yes","In-profile endpoints share non-generic feature tag(s): RR-OUT;RR-SPACE;RR-UI. Candidate only; runtime test pending.","Pending; not run; no compatibility claim."
"RIMREL-20260927-0292","292","124","Map Preview","m00nl1ght.MapPreview","RR-OUT;RR-SPACE;RR-UI;RR-MP;RR-COMPAT","docs/research/reviews/mods/2800857642-m00nl1ght.MapPreview.md","LoadAfter","5","Royalty","Ludeon.RimWorld.Royalty","True","In selected 294-mod profile","RR-STA;RR-MSN;RR-DLC;RR-COMPAT","docs/research/reviews/mods/official-5-Ludeon.RimWorld.Royalty.md","workshop/294100/2800857642/About/About.xml","04BC5687850597CCACEBCE213BD04FEB5C867AD040FA0AB7D058E9971E03B90B","Installed relationship-export metadata only; preserve exact declaration/path/hash fields; not publisher/code confirmation or runtime result.","Conservative project rule derived from relationship type and profile presence; not an upstream claim or compatibility finding.","Preserve this order only when both source and target packages are active; infer no code/API integration from the ordering declaration.","","No","No shared non-generic feature tags between in-profile endpoints; RR-COMPAT is excluded by rule.","Pending; not run; no compatibility claim."
"RIMREL-20260927-0293","293","124","Map Preview","m00nl1ght.MapPreview","RR-OUT;RR-SPACE;RR-UI;RR-MP;RR-COMPAT","docs/research/reviews/mods/2800857642-m00nl1ght.MapPreview.md","LoadAfter","6","Ideology","Ludeon.RimWorld.Ideology","True","In selected 294-mod profile","RR-STA;RR-DLC;RR-COMPAT","docs/research/reviews/mods/official-6-Ludeon.RimWorld.Ideology.md","workshop/294100/2800857642/About/About.xml","04BC5687850597CCACEBCE213BD04FEB5C867AD040FA0AB7D058E9971E03B90B","Installed relationship-export metadata only; preserve exact declaration/path/hash fields; not publisher/code confirmation or runtime result.","Conservative project rule derived from relationship type and profile presence; not an upstream claim or compatibility finding.","Preserve this order only when both source and target packages are active; infer no code/API integration from the ordering declaration.","","No","No shared non-generic feature tags between in-profile endpoints; RR-COMPAT is excluded by rule.","Pending; not run; no compatibility claim."
"RIMREL-20260927-0294","294","124","Map Preview","m00nl1ght.MapPreview","RR-OUT;RR-SPACE;RR-UI;RR-MP;RR-COMPAT","docs/research/reviews/mods/2800857642-m00nl1ght.MapPreview.md","LoadAfter","7","Biotech","Ludeon.RimWorld.Biotech","True","In selected 294-mod profile","RR-STA;RR-FAC;RR-DLC;RR-COMPAT","docs/research/reviews/mods/official-7-Ludeon.RimWorld.Biotech.md","workshop/294100/2800857642/About/About.xml","04BC5687850597CCACEBCE213BD04FEB5C867AD040FA0AB7D058E9971E03B90B","Installed relationship-export metadata only; preserve exact declaration/path/hash fields; not publisher/code confirmation or runtime result.","Conservative project rule derived from relationship type and profile presence; not an upstream claim or compatibility finding.","Preserve this order only when both source and target packages are active; infer no code/API integration from the ordering declaration.","","No","No shared non-generic feature tags between in-profile endpoints; RR-COMPAT is excluded by rule.","Pending; not run; no compatibility claim."
"RIMREL-20260927-0295","295","124","Map Preview","m00nl1ght.MapPreview","RR-OUT;RR-SPACE;RR-UI;RR-MP;RR-COMPAT","docs/research/reviews/mods/2800857642-m00nl1ght.MapPreview.md","LoadAfter","8","Anomaly","Ludeon.RimWorld.Anomaly","True","In selected 294-mod profile","RR-THREAT;RR-EVD;RR-EXP;RR-MSN;RR-DLC;RR-COMPAT","docs/research/reviews/mods/official-8-Ludeon.RimWorld.Anomaly.md","workshop/294100/2800857642/About/About.xml","04BC5687850597CCACEBCE213BD04FEB5C867AD040FA0AB7D058E9971E03B90B","Installed relationship-export metadata only; preserve exact declaration/path/hash fields; not publisher/code confirmation or runtime result.","Conservative project rule derived from relationship type and profile presence; not an upstream claim or compatibility finding.","Preserve this order only when both source and target packages are active; infer no code/API integration from the ordering declaration.","","No","No shared non-generic feature tags between in-profile endpoints; RR-COMPAT is excluded by rule.","Pending; not run; no compatibility claim."
"RIMREL-20260927-0296","296","124","Map Preview","m00nl1ght.MapPreview","RR-OUT;RR-SPACE;RR-UI;RR-MP;RR-COMPAT","docs/research/reviews/mods/2800857642-m00nl1ght.MapPreview.md","LoadAfter","9","Odyssey","Ludeon.RimWorld.Odyssey","True","In selected 294-mod profile","RR-SPACEFLIGHT;RR-OUT;RR-EXP;RR-MSN;RR-ECO;RR-DLC;RR-COMPAT","docs/research/reviews/mods/official-9-Ludeon.RimWorld.Odyssey.md","workshop/294100/2800857642/About/About.xml","04BC5687850597CCACEBCE213BD04FEB5C867AD040FA0AB7D058E9971E03B90B","Installed relationship-export metadata only; preserve exact declaration/path/hash fields; not publisher/code confirmation or runtime result.","Conservative project rule derived from relationship type and profile presence; not an upstream claim or compatibility finding.","Preserve this order only when both source and target packages are active; infer no code/API integration from the ordering declaration.","RR-OUT","Yes","In-profile endpoints share non-generic feature tag(s): RR-OUT. Candidate only; runtime test pending.","Pending; not run; no compatibility claim."
"RIMREL-20260927-0297","297","124","Map Preview","m00nl1ght.MapPreview","RR-OUT;RR-SPACE;RR-UI;RR-MP;RR-COMPAT","docs/research/reviews/mods/2800857642-m00nl1ght.MapPreview.md","LoadAfter","1","Harmony","brrainz.harmony","True","In selected 294-mod profile","RR-MP;RR-COMPAT","docs/research/reviews/mods/2009463077-brrainz.harmony.md","workshop/294100/2800857642/About/About.xml","04BC5687850597CCACEBCE213BD04FEB5C867AD040FA0AB7D058E9971E03B90B","Installed relationship-export metadata only; preserve exact declaration/path/hash fields; not publisher/code confirmation or runtime result.","Conservative project rule derived from relationship type and profile presence; not an upstream claim or compatibility finding.","Preserve this order only when both source and target packages are active; infer no code/API integration from the ordering declaration.","RR-MP","Yes","In-profile endpoints share non-generic feature tag(s): RR-MP. Candidate only; runtime test pending.","Pending; not run; no compatibility claim."
"RIMREL-20260927-0298","298","125","Meals On Wheels - Continued","Memegoddess.MealsOnWheels","RR-STA;RR-EXP;RR-OUT;RR-COMPAT","docs/research/reviews/mods/3538082807-Memegoddess.MealsOnWheels.md","Requires","1","Harmony","brrainz.harmony","True","In selected 294-mod profile","RR-MP;RR-COMPAT","docs/research/reviews/mods/2009463077-brrainz.harmony.md","workshop/294100/3538082807/About/About.xml","B049AD3E1ACCED39F656BEB203E03AA97EA7AE7680974974E6D5F5675A7D67C0","Installed relationship-export metadata only; preserve exact declaration/path/hash fields; not publisher/code confirmation or runtime result.","Conservative project rule derived from relationship type and profile presence; not an upstream claim or compatibility finding.","Honor the source mod's declared dependency only while that source mod is enabled; do not make an optional source mod or optional dependency a Rimrooms hard dependency.","","No","No shared non-generic feature tags between in-profile endpoints; RR-COMPAT is excluded by rule.","Pending; not run; no compatibility claim."
"RIMREL-20260927-0299","299","126","Medical IVs Fork","cantaloupetheclown.MedicalIVsFork","RR-STA;RR-EXP;RR-FAC;RR-COMPAT","docs/research/reviews/mods/3480177412-cantaloupetheclown.MedicalIVsFork.md","Requires","1","Harmony","brrainz.harmony","True","In selected 294-mod profile","RR-MP;RR-COMPAT","docs/research/reviews/mods/2009463077-brrainz.harmony.md","workshop/294100/3480177412/About/About.xml","01FC47BDE1CB804EA06B33A8F52F4FB9C8791F4FE86CC3A127CC47F247CDA388","Installed relationship-export metadata only; preserve exact declaration/path/hash fields; not publisher/code confirmation or runtime result.","Conservative project rule derived from relationship type and profile presence; not an upstream claim or compatibility finding.","Honor the source mod's declared dependency only while that source mod is enabled; do not make an optional source mod or optional dependency a Rimrooms hard dependency.","","No","No shared non-generic feature tags between in-profile endpoints; RR-COMPAT is excluded by rule.","Pending; not run; no compatibility claim."
"RIMREL-20260927-0300","300","126","Medical IVs Fork","cantaloupetheclown.MedicalIVsFork","RR-STA;RR-EXP;RR-FAC;RR-COMPAT","docs/research/reviews/mods/3480177412-cantaloupetheclown.MedicalIVsFork.md","LoadAfter","","","Oren.MedicalSystemExpansion","False","Outside selected 294-mod profile","","","workshop/294100/3480177412/About/About.xml","01FC47BDE1CB804EA06B33A8F52F4FB9C8791F4FE86CC3A127CC47F247CDA388","Installed relationship-export metadata only; preserve exact declaration/path/hash fields; not publisher/code confirmation or runtime result.","Conservative project rule derived from relationship type and profile presence; not an upstream claim or compatibility finding.","No ordering action while the target is outside this profile; do not add it solely for this declaration. If both packages are later active, preserve the declared order; infer no code/API integration.","","No","Target is outside the selected 294-row profile; no in-profile endpoint feature comparison is asserted.","Pending; not run; no compatibility claim."
"RIMREL-20260927-0301","301","126","Medical IVs Fork","cantaloupetheclown.MedicalIVsFork","RR-STA;RR-EXP;RR-FAC;RR-COMPAT","docs/research/reviews/mods/3480177412-cantaloupetheclown.MedicalIVsFork.md","LoadAfter","1","Harmony","brrainz.harmony","True","In selected 294-mod profile","RR-MP;RR-COMPAT","docs/research/reviews/mods/2009463077-brrainz.harmony.md","workshop/294100/3480177412/About/About.xml","01FC47BDE1CB804EA06B33A8F52F4FB9C8791F4FE86CC3A127CC47F247CDA388","Installed relationship-export metadata only; preserve exact declaration/path/hash fields; not publisher/code confirmation or runtime result.","Conservative project rule derived from relationship type and profile presence; not an upstream claim or compatibility finding.","Preserve this order only when both source and target packages are active; infer no code/API integration from the ordering declaration.","","No","No shared non-generic feature tags between in-profile endpoints; RR-COMPAT is excluded by rule.","Pending; not run; no compatibility claim."
"RIMREL-20260927-0302","302","126","Medical IVs Fork","cantaloupetheclown.MedicalIVsFork","RR-STA;RR-EXP;RR-FAC;RR-COMPAT","docs/research/reviews/mods/3480177412-cantaloupetheclown.MedicalIVsFork.md","LoadAfter","","","Dubwise.DubsBadHygiene","False","Outside selected 294-mod profile","","","workshop/294100/3480177412/About/About.xml","01FC47BDE1CB804EA06B33A8F52F4FB9C8791F4FE86CC3A127CC47F247CDA388","Installed relationship-export metadata only; preserve exact declaration/path/hash fields; not publisher/code confirmation or runtime result.","Conservative project rule derived from relationship type and profile presence; not an upstream claim or compatibility finding.","No ordering action while the target is outside this profile; do not add it solely for this declaration. If both packages are later active, preserve the declared order; infer no code/API integration.","","No","Target is outside the selected 294-row profile; no in-profile endpoint feature comparison is asserted.","Pending; not run; no compatibility claim."
"RIMREL-20260927-0303","303","126","Medical IVs Fork","cantaloupetheclown.MedicalIVsFork","RR-STA;RR-EXP;RR-FAC;RR-COMPAT","docs/research/reviews/mods/3480177412-cantaloupetheclown.MedicalIVsFork.md","IncompatibleWith","","","tophd7.MedicalIVs","False","Outside selected 294-mod profile","","","workshop/294100/3480177412/About/About.xml","01FC47BDE1CB804EA06B33A8F52F4FB9C8791F4FE86CC3A127CC47F247CDA388","Installed relationship-export metadata only; preserve exact declaration/path/hash fields; not publisher/code confirmation or runtime result.","Conservative project rule derived from relationship type and profile presence; not an upstream claim or compatibility finding.","Keep the declared target outside the Rimrooms profile; do not auto-add it. If a future profile selects both endpoints, block the pair pending owner review and exact-profile testing.","","No","Target is outside the selected 294-row profile; no in-profile endpoint feature comparison is asserted.","Pending; not run; no compatibility claim."
"RIMREL-20260927-0304","304","127","Mine Sight","rabiosus.minesight","RR-EXP;RR-FAC;RR-OUT;RR-UI;RR-COMPAT","docs/research/reviews/mods/3769804600-rabiosus.minesight.md","Requires","1","Harmony","brrainz.harmony","True","In selected 294-mod profile","RR-MP;RR-COMPAT","docs/research/reviews/mods/2009463077-brrainz.harmony.md","workshop/294100/3769804600/About/About.xml","CCF64AF91500DE64EBA14E04AA8A600CC58857D2543657A229BA59A00C9141B1","Installed relationship-export metadata only; preserve exact declaration/path/hash fields; not publisher/code confirmation or runtime result.","Conservative project rule derived from relationship type and profile presence; not an upstream claim or compatibility finding.","Honor the source mod's declared dependency only while that source mod is enabled; do not make an optional source mod or optional dependency a Rimrooms hard dependency.","","No","No shared non-generic feature tags between in-profile endpoints; RR-COMPAT is excluded by rule.","Pending; not run; no compatibility claim."
"RIMREL-20260927-0305","305","127","Mine Sight","rabiosus.minesight","RR-EXP;RR-FAC;RR-OUT;RR-UI;RR-COMPAT","docs/research/reviews/mods/3769804600-rabiosus.minesight.md","LoadAfter","1","Harmony","brrainz.harmony","True","In selected 294-mod profile","RR-MP;RR-COMPAT","docs/research/reviews/mods/2009463077-brrainz.harmony.md","workshop/294100/3769804600/About/About.xml","CCF64AF91500DE64EBA14E04AA8A600CC58857D2543657A229BA59A00C9141B1","Installed relationship-export metadata only; preserve exact declaration/path/hash fields; not publisher/code confirmation or runtime result.","Conservative project rule derived from relationship type and profile presence; not an upstream claim or compatibility finding.","Preserve this order only when both source and target packages are active; infer no code/API integration from the ordering declaration.","","No","No shared non-generic feature tags between in-profile endpoints; RR-COMPAT is excluded by rule.","Pending; not run; no compatibility claim."
"RIMREL-20260927-0306","306","129","Misc. Training","Haplo.Miscellaneous.Training","RR-STA;RR-FAC;RR-COMPAT","docs/research/reviews/mods/717575199-Haplo.Miscellaneous.Training.md","LoadAfter","","","Haplo.Miscellaneous.Core","False","Outside selected 294-mod profile","","","workshop/294100/717575199/About/About.xml","D14094C09E4FADC84C5FDF81630A0F8F8AEC7C966A7E9253BC75A082BB271690","Installed relationship-export metadata only; preserve exact declaration/path/hash fields; not publisher/code confirmation or runtime result.","Conservative project rule derived from relationship type and profile presence; not an upstream claim or compatibility finding.","No ordering action while the target is outside this profile; do not add it solely for this declaration. If both packages are later active, preserve the declared order; infer no code/API integration.","","No","Target is outside the selected 294-row profile; no in-profile endpoint feature comparison is asserted.","Pending; not run; no compatibility claim."
"RIMREL-20260927-0307","307","129","Misc. Training","Haplo.Miscellaneous.Training","RR-STA;RR-FAC;RR-COMPAT","docs/research/reviews/mods/717575199-Haplo.Miscellaneous.Training.md","IncompatibleWith","","","Haplo.Miscellaneous.TrainingNoTask","False","Outside selected 294-mod profile","","","workshop/294100/717575199/About/About.xml","D14094C09E4FADC84C5FDF81630A0F8F8AEC7C966A7E9253BC75A082BB271690","Installed relationship-export metadata only; preserve exact declaration/path/hash fields; not publisher/code confirmation or runtime result.","Conservative project rule derived from relationship type and profile presence; not an upstream claim or compatibility finding.","Keep the declared target outside the Rimrooms profile; do not auto-add it. If a future profile selects both endpoints, block the pair pending owner review and exact-profile testing.","","No","Target is outside the selected 294-row profile; no in-profile endpoint feature comparison is asserted.","Pending; not run; no compatibility claim."
"RIMREL-20260927-0308","308","130","More Beautiful Bodies","Burpee.MoreBeautifulBodies","RR-STYLE;RR-DLC;RR-COMPAT","docs/research/reviews/mods/3341372760-Burpee.MoreBeautifulBodies.md","Requires","7","Biotech","Ludeon.RimWorld.Biotech","True","In selected 294-mod profile","RR-STA;RR-FAC;RR-DLC;RR-COMPAT","docs/research/reviews/mods/official-7-Ludeon.RimWorld.Biotech.md","workshop/294100/3341372760/About/About.xml","3775700EF64EE6D287234B7E02FBA8C5FBC8372C290CA09EAFBEA0791DC06F12","Installed relationship-export metadata only; preserve exact declaration/path/hash fields; not publisher/code confirmation or runtime result.","Conservative project rule derived from relationship type and profile presence; not an upstream claim or compatibility finding.","Honor the source mod's declared dependency only while that source mod is enabled; do not make an optional source mod or optional dependency a Rimrooms hard dependency.","RR-DLC","Yes","In-profile endpoints share non-generic feature tag(s): RR-DLC. Candidate only; runtime test pending.","Pending; not run; no compatibility claim."
"RIMREL-20260927-0309","309","130","More Beautiful Bodies","Burpee.MoreBeautifulBodies","RR-STYLE;RR-DLC;RR-COMPAT","docs/research/reviews/mods/3341372760-Burpee.MoreBeautifulBodies.md","LoadAfter","7","Biotech","Ludeon.RimWorld.Biotech","True","In selected 294-mod profile","RR-STA;RR-FAC;RR-DLC;RR-COMPAT","docs/research/reviews/mods/official-7-Ludeon.RimWorld.Biotech.md","workshop/294100/3341372760/About/About.xml","3775700EF64EE6D287234B7E02FBA8C5FBC8372C290CA09EAFBEA0791DC06F12","Installed relationship-export metadata only; preserve exact declaration/path/hash fields; not publisher/code confirmation or runtime result.","Conservative project rule derived from relationship type and profile presence; not an upstream claim or compatibility finding.","Preserve this order only when both source and target packages are active; infer no code/API integration from the ordering declaration.","RR-DLC","Yes","In-profile endpoints share non-generic feature tag(s): RR-DLC. Candidate only; runtime test pending.","Pending; not run; no compatibility claim."
"RIMREL-20260927-0310","310","130","More Beautiful Bodies","Burpee.MoreBeautifulBodies","RR-STYLE;RR-DLC;RR-COMPAT","docs/research/reviews/mods/3341372760-Burpee.MoreBeautifulBodies.md","LoadAfter","","","vanillaracesexpanded.highmate","False","Outside selected 294-mod profile","","","workshop/294100/3341372760/About/About.xml","3775700EF64EE6D287234B7E02FBA8C5FBC8372C290CA09EAFBEA0791DC06F12","Installed relationship-export metadata only; preserve exact declaration/path/hash fields; not publisher/code confirmation or runtime result.","Conservative project rule derived from relationship type and profile presence; not an upstream claim or compatibility finding.","No ordering action while the target is outside this profile; do not add it solely for this declaration. If both packages are later active, preserve the declared order; infer no code/API integration.","","No","Target is outside the selected 294-row profile; no in-profile endpoint feature comparison is asserted.","Pending; not run; no compatibility claim."
"RIMREL-20260927-0311","311","130","More Beautiful Bodies","Burpee.MoreBeautifulBodies","RR-STYLE;RR-DLC;RR-COMPAT","docs/research/reviews/mods/3341372760-Burpee.MoreBeautifulBodies.md","LoadAfter","","","vanillaracesexpanded.phytokin","False","Outside selected 294-mod profile","","","workshop/294100/3341372760/About/About.xml","3775700EF64EE6D287234B7E02FBA8C5FBC8372C290CA09EAFBEA0791DC06F12","Installed relationship-export metadata only; preserve exact declaration/path/hash fields; not publisher/code confirmation or runtime result.","Conservative project rule derived from relationship type and profile presence; not an upstream claim or compatibility finding.","No ordering action while the target is outside this profile; do not add it solely for this declaration. If both packages are later active, preserve the declared order; infer no code/API integration.","","No","Target is outside the selected 294-row profile; no in-profile endpoint feature comparison is asserted.","Pending; not run; no compatibility claim."
"RIMREL-20260927-0312","312","130","More Beautiful Bodies","Burpee.MoreBeautifulBodies","RR-STYLE;RR-DLC;RR-COMPAT","docs/research/reviews/mods/3341372760-Burpee.MoreBeautifulBodies.md","LoadAfter","","","vanillaracesexpanded.pigskin","False","Outside selected 294-mod profile","","","workshop/294100/3341372760/About/About.xml","3775700EF64EE6D287234B7E02FBA8C5FBC8372C290CA09EAFBEA0791DC06F12","Installed relationship-export metadata only; preserve exact declaration/path/hash fields; not publisher/code confirmation or runtime result.","Conservative project rule derived from relationship type and profile presence; not an upstream claim or compatibility finding.","No ordering action while the target is outside this profile; do not add it solely for this declaration. If both packages are later active, preserve the declared order; infer no code/API integration.","","No","Target is outside the selected 294-row profile; no in-profile endpoint feature comparison is asserted.","Pending; not run; no compatibility claim."
"RIMREL-20260927-0313","313","130","More Beautiful Bodies","Burpee.MoreBeautifulBodies","RR-STYLE;RR-DLC;RR-COMPAT","docs/research/reviews/mods/3341372760-Burpee.MoreBeautifulBodies.md","LoadAfter","","","vanillaracesexpanded.saurid","False","Outside selected 294-mod profile","","","workshop/294100/3341372760/About/About.xml","3775700EF64EE6D287234B7E02FBA8C5FBC8372C290CA09EAFBEA0791DC06F12","Installed relationship-export metadata only; preserve exact declaration/path/hash fields; not publisher/code confirmation or runtime result.","Conservative project rule derived from relationship type and profile presence; not an upstream claim or compatibility finding.","No ordering action while the target is outside this profile; do not add it solely for this declaration. If both packages are later active, preserve the declared order; infer no code/API integration.","","No","Target is outside the selected 294-row profile; no in-profile endpoint feature comparison is asserted.","Pending; not run; no compatibility claim."
"RIMREL-20260927-0314","314","130","More Beautiful Bodies","Burpee.MoreBeautifulBodies","RR-STYLE;RR-DLC;RR-COMPAT","docs/research/reviews/mods/3341372760-Burpee.MoreBeautifulBodies.md","LoadAfter","","","vanillaracesexpanded.lycanthrope","False","Outside selected 294-mod profile","","","workshop/294100/3341372760/About/About.xml","3775700EF64EE6D287234B7E02FBA8C5FBC8372C290CA09EAFBEA0791DC06F12","Installed relationship-export metadata only; preserve exact declaration/path/hash fields; not publisher/code confirmation or runtime result.","Conservative project rule derived from relationship type and profile presence; not an upstream claim or compatibility finding.","No ordering action while the target is outside this profile; do not add it solely for this declaration. If both packages are later active, preserve the declared order; infer no code/API integration.","","No","Target is outside the selected 294-row profile; no in-profile endpoint feature comparison is asserted.","Pending; not run; no compatibility claim."
"RIMREL-20260927-0315","315","130","More Beautiful Bodies","Burpee.MoreBeautifulBodies","RR-STYLE;RR-DLC;RR-COMPAT","docs/research/reviews/mods/3341372760-Burpee.MoreBeautifulBodies.md","LoadAfter","","","vanillaracesexpanded.insector","False","Outside selected 294-mod profile","","","workshop/294100/3341372760/About/About.xml","3775700EF64EE6D287234B7E02FBA8C5FBC8372C290CA09EAFBEA0791DC06F12","Installed relationship-export metadata only; preserve exact declaration/path/hash fields; not publisher/code confirmation or runtime result.","Conservative project rule derived from relationship type and profile presence; not an upstream claim or compatibility finding.","No ordering action while the target is outside this profile; do not add it solely for this declaration. If both packages are later active, preserve the declared order; infer no code/API integration.","","No","Target is outside the selected 294-row profile; no in-profile endpoint feature comparison is asserted.","Pending; not run; no compatibility claim."
"RIMREL-20260927-0316","316","130","More Beautiful Bodies","Burpee.MoreBeautifulBodies","RR-STYLE;RR-DLC;RR-COMPAT","docs/research/reviews/mods/3341372760-Burpee.MoreBeautifulBodies.md","LoadAfter","","","vanillaexpanded.vtexe","False","Outside selected 294-mod profile","","","workshop/294100/3341372760/About/About.xml","3775700EF64EE6D287234B7E02FBA8C5FBC8372C290CA09EAFBEA0791DC06F12","Installed relationship-export metadata only; preserve exact declaration/path/hash fields; not publisher/code confirmation or runtime result.","Conservative project rule derived from relationship type and profile presence; not an upstream claim or compatibility finding.","No ordering action while the target is outside this profile; do not add it solely for this declaration. If both packages are later active, preserve the declared order; infer no code/API integration.","","No","Target is outside the selected 294-row profile; no in-profile endpoint feature comparison is asserted.","Pending; not run; no compatibility claim."
"RIMREL-20260927-0317","317","130","More Beautiful Bodies","Burpee.MoreBeautifulBodies","RR-STYLE;RR-DLC;RR-COMPAT","docs/research/reviews/mods/3341372760-Burpee.MoreBeautifulBodies.md","LoadBefore","268","Beautiful Bodies","mireia.bodies","True","In selected 294-mod profile","RR-STA;RR-COMPAT","docs/research/reviews/mods/2068281501-mireia.bodies.md","workshop/294100/3341372760/About/About.xml","3775700EF64EE6D287234B7E02FBA8C5FBC8372C290CA09EAFBEA0791DC06F12","Installed relationship-export metadata only; preserve exact declaration/path/hash fields; not publisher/code confirmation or runtime result.","Conservative project rule derived from relationship type and profile presence; not an upstream claim or compatibility finding.","Preserve this order only when both source and target packages are active; infer no code/API integration from the ordering declaration.","","No","No shared non-generic feature tags between in-profile endpoints; RR-COMPAT is excluded by rule.","Pending; not run; no compatibility claim."
"RIMREL-20260927-0318","318","131","More Crashed Ship Parts","AtamanDolinskaja.MoreCrashedShipParts","RR-THREAT;RR-MSN;RR-COMPAT","docs/research/reviews/mods/1638467041-AtamanDolinskaja.MoreCrashedShipParts.md","Requires","1","Harmony","brrainz.harmony","True","In selected 294-mod profile","RR-MP;RR-COMPAT","docs/research/reviews/mods/2009463077-brrainz.harmony.md","workshop/294100/1638467041/About/About.xml","9AD7E3FF50E8EDF12F970CA05DF970035B85C9C146795A83FBFDD3D8F94E8D60","Installed relationship-export metadata only; preserve exact declaration/path/hash fields; not publisher/code confirmation or runtime result.","Conservative project rule derived from relationship type and profile presence; not an upstream claim or compatibility finding.","Honor the source mod's declared dependency only while that source mod is enabled; do not make an optional source mod or optional dependency a Rimrooms hard dependency.","","No","No shared non-generic feature tags between in-profile endpoints; RR-COMPAT is excluded by rule.","Pending; not run; no compatibility claim."
"RIMREL-20260927-0319","319","132","More Faction Interaction (Continued)","Mlie.MoreFactionInteraction","RR-ECO;RR-MSN;RR-OUT;RR-COMPAT","docs/research/reviews/mods/2379076640-Mlie.MoreFactionInteraction.md","Requires","1","Harmony","brrainz.harmony","True","In selected 294-mod profile","RR-MP;RR-COMPAT","docs/research/reviews/mods/2009463077-brrainz.harmony.md","workshop/294100/2379076640/About/About.xml","A3EA0B9A4D68AAE28E648D1D096D47C97BD1292311AD1FA931017E3169F33B0F","Installed relationship-export metadata only; preserve exact declaration/path/hash fields; not publisher/code confirmation or runtime result.","Conservative project rule derived from relationship type and profile presence; not an upstream claim or compatibility finding.","Honor the source mod's declared dependency only while that source mod is enabled; do not make an optional source mod or optional dependency a Rimrooms hard dependency.","","No","No shared non-generic feature tags between in-profile endpoints; RR-COMPAT is excluded by rule.","Pending; not run; no compatibility claim."
"RIMREL-20260927-0320","320","132","More Faction Interaction (Continued)","Mlie.MoreFactionInteraction","RR-ECO;RR-MSN;RR-OUT;RR-COMPAT","docs/research/reviews/mods/2379076640-Mlie.MoreFactionInteraction.md","LoadAfter","1","Harmony","brrainz.harmony","True","In selected 294-mod profile","RR-MP;RR-COMPAT","docs/research/reviews/mods/2009463077-brrainz.harmony.md","workshop/294100/2379076640/About/About.xml","A3EA0B9A4D68AAE28E648D1D096D47C97BD1292311AD1FA931017E3169F33B0F","Installed relationship-export metadata only; preserve exact declaration/path/hash fields; not publisher/code confirmation or runtime result.","Conservative project rule derived from relationship type and profile presence; not an upstream claim or compatibility finding.","Preserve this order only when both source and target packages are active; infer no code/API integration from the ordering declaration.","","No","No shared non-generic feature tags between in-profile endpoints; RR-COMPAT is excluded by rule.","Pending; not run; no compatibility claim."
"RIMREL-20260927-0321","321","134","More Linkables","4loris4.MoreLinkables","RR-FAC;RR-STA;RR-GATE;RR-COMPAT","docs/research/reviews/mods/1103809207-4loris4.MoreLinkables.md","LoadAfter","","","Xion.MoreToolboxes","False","Outside selected 294-mod profile","","","workshop/294100/1103809207/About/About.xml","976A29726E774376660A2FC0A79CF22235FC576EB6489B87831BE2DBB3223D11","Installed relationship-export metadata only; preserve exact declaration/path/hash fields; not publisher/code confirmation or runtime result.","Conservative project rule derived from relationship type and profile presence; not an upstream claim or compatibility finding.","No ordering action while the target is outside this profile; do not add it solely for this declaration. If both packages are later active, preserve the declared order; infer no code/API integration.","","No","Target is outside the selected 294-row profile; no in-profile endpoint feature comparison is asserted.","Pending; not run; no compatibility claim."
"RIMREL-20260927-0322","322","134","More Linkables","4loris4.MoreLinkables","RR-FAC;RR-STA;RR-GATE;RR-COMPAT","docs/research/reviews/mods/1103809207-4loris4.MoreLinkables.md","LoadAfter","","","VanillaExpanded.VFEPower","False","Outside selected 294-mod profile","","","workshop/294100/1103809207/About/About.xml","976A29726E774376660A2FC0A79CF22235FC576EB6489B87831BE2DBB3223D11","Installed relationship-export metadata only; preserve exact declaration/path/hash fields; not publisher/code confirmation or runtime result.","Conservative project rule derived from relationship type and profile presence; not an upstream claim or compatibility finding.","No ordering action while the target is outside this profile; do not add it solely for this declaration. If both packages are later active, preserve the declared order; infer no code/API integration.","","No","Target is outside the selected 294-row profile; no in-profile endpoint feature comparison is asserted.","Pending; not run; no compatibility claim."
"RIMREL-20260927-0323","323","134","More Linkables","4loris4.MoreLinkables","RR-FAC;RR-STA;RR-GATE;RR-COMPAT","docs/research/reviews/mods/1103809207-4loris4.MoreLinkables.md","LoadAfter","","","VanillaExpanded.HelixienGas","False","Outside selected 294-mod profile","","","workshop/294100/1103809207/About/About.xml","976A29726E774376660A2FC0A79CF22235FC576EB6489B87831BE2DBB3223D11","Installed relationship-export metadata only; preserve exact declaration/path/hash fields; not publisher/code confirmation or runtime result.","Conservative project rule derived from relationship type and profile presence; not an upstream claim or compatibility finding.","No ordering action while the target is outside this profile; do not add it solely for this declaration. If both packages are later active, preserve the declared order; infer no code/API integration.","","No","Target is outside the selected 294-row profile; no in-profile endpoint feature comparison is asserted.","Pending; not run; no compatibility claim."
"RIMREL-20260927-0324","324","134","More Linkables","4loris4.MoreLinkables","RR-FAC;RR-STA;RR-GATE;RR-COMPAT","docs/research/reviews/mods/1103809207-4loris4.MoreLinkables.md","LoadAfter","","","Farxmai2.ComputersNotJunk","False","Outside selected 294-mod profile","","","workshop/294100/1103809207/About/About.xml","976A29726E774376660A2FC0A79CF22235FC576EB6489B87831BE2DBB3223D11","Installed relationship-export metadata only; preserve exact declaration/path/hash fields; not publisher/code confirmation or runtime result.","Conservative project rule derived from relationship type and profile presence; not an upstream claim or compatibility finding.","No ordering action while the target is outside this profile; do not add it solely for this declaration. If both packages are later active, preserve the declared order; infer no code/API integration.","","No","Target is outside the selected 294-row profile; no in-profile endpoint feature comparison is asserted.","Pending; not run; no compatibility claim."
"RIMREL-20260927-0325","325","135","More Milkable and Shearable Animals","KobeRiddle.MilkAndWoolPatches","RR-FAC;RR-STA;RR-ECO;RR-DLC;RR-COMPAT","docs/research/reviews/mods/3453878341-KobeRiddle.MilkAndWoolPatches.md","LoadAfter","","","ReGrowth.BOTR.ExtinctAnimalsPack","False","Outside selected 294-mod profile","","","workshop/294100/3453878341/About/About.xml","64864B53006F2F4AEE62587CE2322C16AA51EA3661BE741C4B26B197A847DBBF","Installed relationship-export metadata only; preserve exact declaration/path/hash fields; not publisher/code confirmation or runtime result.","Conservative project rule derived from relationship type and profile presence; not an upstream claim or compatibility finding.","No ordering action while the target is outside this profile; do not add it solely for this declaration. If both packages are later active, preserve the declared order; infer no code/API integration.","","No","Target is outside the selected 294-row profile; no in-profile endpoint feature comparison is asserted.","Pending; not run; no compatibility claim."
"RIMREL-20260927-0326","326","136","More Vanilla Biomes","zylle.MoreVanillaBiomes","RR-SPACE;RR-OUT;RR-DLC;RR-COMPAT","docs/research/reviews/mods/1931453053-zylle.MoreVanillaBiomes.md","Requires","1","Harmony","brrainz.harmony","True","In selected 294-mod profile","RR-MP;RR-COMPAT","docs/research/reviews/mods/2009463077-brrainz.harmony.md","workshop/294100/1931453053/About/About.xml","6195D881E9CD6513319B7FABCE63769FFAA8387EDD357DD5BCC7B6D062120E33","Installed relationship-export metadata only; preserve exact declaration/path/hash fields; not publisher/code confirmation or runtime result.","Conservative project rule derived from relationship type and profile presence; not an upstream claim or compatibility finding.","Honor the source mod's declared dependency only while that source mod is enabled; do not make an optional source mod or optional dependency a Rimrooms hard dependency.","","No","No shared non-generic feature tags between in-profile endpoints; RR-COMPAT is excluded by rule.","Pending; not run; no compatibility claim."
"RIMREL-20260927-0327","327","137","Mortar Accuracy","hobtook.mortaraccuracy","RR-FAC;RR-OUT;RR-THREAT;RR-COMPAT","docs/research/reviews/mods/1729446857-hobtook.mortaraccuracy.md","IncompatibleWith","","","CETeam.CombatExtended","False","Outside selected 294-mod profile","","","workshop/294100/1729446857/About/About.xml","C5CD2382C803ECB5A7247245D153C8B4036E2CABDB7546D9DA37D70139CD71A1","Installed relationship-export metadata only; preserve exact declaration/path/hash fields; not publisher/code confirmation or runtime result.","Conservative project rule derived from relationship type and profile presence; not an upstream claim or compatibility finding.","Keep the declared target outside the Rimrooms profile; do not auto-add it. If a future profile selects both endpoints, block the pair pending owner review and exact-profile testing.","","No","Target is outside the selected 294-row profile; no in-profile endpoint feature comparison is asserted.","Pending; not run; no compatibility claim."
"RIMREL-20260927-0328","328","138","Move Your Monolith","ferny.moveyourmonolith","RR-FAC;RR-DLC;RR-COMPAT","docs/research/reviews/mods/3221480525-ferny.moveyourmonolith.md","Requires","8","Anomaly","Ludeon.RimWorld.Anomaly","True","In selected 294-mod profile","RR-THREAT;RR-EVD;RR-EXP;RR-MSN;RR-DLC;RR-COMPAT","docs/research/reviews/mods/official-8-Ludeon.RimWorld.Anomaly.md","workshop/294100/3221480525/About/About.xml","E6873803E3A5BB9687792928AA1A99AEE130FE14BD2A09FB0AEB988FBBC04108","Installed relationship-export metadata only; preserve exact declaration/path/hash fields; not publisher/code confirmation or runtime result.","Conservative project rule derived from relationship type and profile presence; not an upstream claim or compatibility finding.","Honor the source mod's declared dependency only while that source mod is enabled; do not make an optional source mod or optional dependency a Rimrooms hard dependency.","RR-DLC","Yes","In-profile endpoints share non-generic feature tag(s): RR-DLC. Candidate only; runtime test pending.","Pending; not run; no compatibility claim."
"RIMREL-20260927-0329","329","138","Move Your Monolith","ferny.moveyourmonolith","RR-FAC;RR-DLC;RR-COMPAT","docs/research/reviews/mods/3221480525-ferny.moveyourmonolith.md","LoadAfter","4","Core","Ludeon.Rimworld","True","In selected 294-mod profile","RR-SCEN;RR-FAC;RR-STA;RR-GATE;RR-EXP;RR-SPACE;RR-EVD;RR-THREAT;RR-MSN;RR-ECO;RR-OUT;RR-DLC;RR-UI;RR-COMPAT","docs/research/reviews/mods/official-4-Ludeon.RimWorld.md","workshop/294100/3221480525/About/About.xml","E6873803E3A5BB9687792928AA1A99AEE130FE14BD2A09FB0AEB988FBBC04108","Installed relationship-export metadata only; preserve exact declaration/path/hash fields; not publisher/code confirmation or runtime result.","Conservative project rule derived from relationship type and profile presence; not an upstream claim or compatibility finding.","Preserve this order only when both source and target packages are active; infer no code/API integration from the ordering declaration.","RR-DLC;RR-FAC","Yes","In-profile endpoints share non-generic feature tag(s): RR-DLC;RR-FAC. Candidate only; runtime test pending.","Pending; not run; no compatibility claim."
"RIMREL-20260927-0330","330","138","Move Your Monolith","ferny.moveyourmonolith","RR-FAC;RR-DLC;RR-COMPAT","docs/research/reviews/mods/3221480525-ferny.moveyourmonolith.md","LoadAfter","5","Royalty","Ludeon.Rimworld.Royalty","True","In selected 294-mod profile","RR-STA;RR-MSN;RR-DLC;RR-COMPAT","docs/research/reviews/mods/official-5-Ludeon.RimWorld.Royalty.md","workshop/294100/3221480525/About/About.xml","E6873803E3A5BB9687792928AA1A99AEE130FE14BD2A09FB0AEB988FBBC04108","Installed relationship-export metadata only; preserve exact declaration/path/hash fields; not publisher/code confirmation or runtime result.","Conservative project rule derived from relationship type and profile presence; not an upstream claim or compatibility finding.","Preserve this order only when both source and target packages are active; infer no code/API integration from the ordering declaration.","RR-DLC","Yes","In-profile endpoints share non-generic feature tag(s): RR-DLC. Candidate only; runtime test pending.","Pending; not run; no compatibility claim."
"RIMREL-20260927-0331","331","138","Move Your Monolith","ferny.moveyourmonolith","RR-FAC;RR-DLC;RR-COMPAT","docs/research/reviews/mods/3221480525-ferny.moveyourmonolith.md","LoadAfter","6","Ideology","Ludeon.Rimworld.Ideology","True","In selected 294-mod profile","RR-STA;RR-DLC;RR-COMPAT","docs/research/reviews/mods/official-6-Ludeon.RimWorld.Ideology.md","workshop/294100/3221480525/About/About.xml","E6873803E3A5BB9687792928AA1A99AEE130FE14BD2A09FB0AEB988FBBC04108","Installed relationship-export metadata only; preserve exact declaration/path/hash fields; not publisher/code confirmation or runtime result.","Conservative project rule derived from relationship type and profile presence; not an upstream claim or compatibility finding.","Preserve this order only when both source and target packages are active; infer no code/API integration from the ordering declaration.","RR-DLC","Yes","In-profile endpoints share non-generic feature tag(s): RR-DLC. Candidate only; runtime test pending.","Pending; not run; no compatibility claim."
"RIMREL-20260927-0332","332","138","Move Your Monolith","ferny.moveyourmonolith","RR-FAC;RR-DLC;RR-COMPAT","docs/research/reviews/mods/3221480525-ferny.moveyourmonolith.md","LoadAfter","7","Biotech","Ludeon.Rimworld.Biotech","True","In selected 294-mod profile","RR-STA;RR-FAC;RR-DLC;RR-COMPAT","docs/research/reviews/mods/official-7-Ludeon.RimWorld.Biotech.md","workshop/294100/3221480525/About/About.xml","E6873803E3A5BB9687792928AA1A99AEE130FE14BD2A09FB0AEB988FBBC04108","Installed relationship-export metadata only; preserve exact declaration/path/hash fields; not publisher/code confirmation or runtime result.","Conservative project rule derived from relationship type and profile presence; not an upstream claim or compatibility finding.","Preserve this order only when both source and target packages are active; infer no code/API integration from the ordering declaration.","RR-DLC;RR-FAC","Yes","In-profile endpoints share non-generic feature tag(s): RR-DLC;RR-FAC. Candidate only; runtime test pending.","Pending; not run; no compatibility claim."
"RIMREL-20260927-0333","333","138","Move Your Monolith","ferny.moveyourmonolith","RR-FAC;RR-DLC;RR-COMPAT","docs/research/reviews/mods/3221480525-ferny.moveyourmonolith.md","LoadAfter","8","Anomaly","Ludeon.Rimworld.Anomaly","True","In selected 294-mod profile","RR-THREAT;RR-EVD;RR-EXP;RR-MSN;RR-DLC;RR-COMPAT","docs/research/reviews/mods/official-8-Ludeon.RimWorld.Anomaly.md","workshop/294100/3221480525/About/About.xml","E6873803E3A5BB9687792928AA1A99AEE130FE14BD2A09FB0AEB988FBBC04108","Installed relationship-export metadata only; preserve exact declaration/path/hash fields; not publisher/code confirmation or runtime result.","Conservative project rule derived from relationship type and profile presence; not an upstream claim or compatibility finding.","Preserve this order only when both source and target packages are active; infer no code/API integration from the ordering declaration.","RR-DLC","Yes","In-profile endpoints share non-generic feature tag(s): RR-DLC. Candidate only; runtime test pending.","Pending; not run; no compatibility claim."
"RIMREL-20260927-0334","334","139","Muzzle Flash","IssacZhuang.MuzzleFlash","RR-THREAT;RR-COMPAT","docs/research/reviews/mods/2917732219-IssacZhuang.MuzzleFlash.md","LoadAfter","4","Core","Ludeon.RimWorld","True","In selected 294-mod profile","RR-SCEN;RR-FAC;RR-STA;RR-GATE;RR-EXP;RR-SPACE;RR-EVD;RR-THREAT;RR-MSN;RR-ECO;RR-OUT;RR-DLC;RR-UI;RR-COMPAT","docs/research/reviews/mods/official-4-Ludeon.RimWorld.md","workshop/294100/2917732219/About/About.xml","760AE11964BEB0DCB1E82ED19CB168F6D6BEC6D28BB87E29CEDD1CE3DFA873CA","Installed relationship-export metadata only; preserve exact declaration/path/hash fields; not publisher/code confirmation or runtime result.","Conservative project rule derived from relationship type and profile presence; not an upstream claim or compatibility finding.","Preserve this order only when both source and target packages are active; infer no code/API integration from the ordering declaration.","RR-THREAT","Yes","In-profile endpoints share non-generic feature tag(s): RR-THREAT. Candidate only; runtime test pending.","Pending; not run; no compatibility claim."
"RIMREL-20260927-0335","335","140","Name Your Entities","ferny.NameYourEntities","RR-THREAT;RR-EVD;RR-DLC;RR-COMPAT","docs/research/reviews/mods/3229905841-ferny.NameYourEntities.md","LoadAfter","4","Core","Ludeon.RimWorld","True","In selected 294-mod profile","RR-SCEN;RR-FAC;RR-STA;RR-GATE;RR-EXP;RR-SPACE;RR-EVD;RR-THREAT;RR-MSN;RR-ECO;RR-OUT;RR-DLC;RR-UI;RR-COMPAT","docs/research/reviews/mods/official-4-Ludeon.RimWorld.md","workshop/294100/3229905841/About/About.xml","9169C5A8629934A187DF410CC11D55C305DBA09AB88664BDA56A4D47E4753342","Installed relationship-export metadata only; preserve exact declaration/path/hash fields; not publisher/code confirmation or runtime result.","Conservative project rule derived from relationship type and profile presence; not an upstream claim or compatibility finding.","Preserve this order only when both source and target packages are active; infer no code/API integration from the ordering declaration.","RR-DLC;RR-EVD;RR-THREAT","Yes","In-profile endpoints share non-generic feature tag(s): RR-DLC;RR-EVD;RR-THREAT. Candidate only; runtime test pending.","Pending; not run; no compatibility claim."
"RIMREL-20260927-0336","336","140","Name Your Entities","ferny.NameYourEntities","RR-THREAT;RR-EVD;RR-DLC;RR-COMPAT","docs/research/reviews/mods/3229905841-ferny.NameYourEntities.md","LoadAfter","8","Anomaly","Ludeon.RimWorld.Anomaly","True","In selected 294-mod profile","RR-THREAT;RR-EVD;RR-EXP;RR-MSN;RR-DLC;RR-COMPAT","docs/research/reviews/mods/official-8-Ludeon.RimWorld.Anomaly.md","workshop/294100/3229905841/About/About.xml","9169C5A8629934A187DF410CC11D55C305DBA09AB88664BDA56A4D47E4753342","Installed relationship-export metadata only; preserve exact declaration/path/hash fields; not publisher/code confirmation or runtime result.","Conservative project rule derived from relationship type and profile presence; not an upstream claim or compatibility finding.","Preserve this order only when both source and target packages are active; infer no code/API integration from the ordering declaration.","RR-DLC;RR-EVD;RR-THREAT","Yes","In-profile endpoints share non-generic feature tag(s): RR-DLC;RR-EVD;RR-THREAT. Candidate only; runtime test pending.","Pending; not run; no compatibility claim."
"RIMREL-20260927-0337","337","141","NamesGalore (Continued)","zal.namesgalore","RR-STA;RR-STYLE;RR-COMPAT","docs/research/reviews/mods/3263018536-zal.namesgalore.md","Requires","1","Harmony","brrainz.harmony","True","In selected 294-mod profile","RR-MP;RR-COMPAT","docs/research/reviews/mods/2009463077-brrainz.harmony.md","workshop/294100/3263018536/About/About.xml","C90ABB3961CF223A22F9F9A4F9DA04109C32546045029888111C5F243A79178A","Installed relationship-export metadata only; preserve exact declaration/path/hash fields; not publisher/code confirmation or runtime result.","Conservative project rule derived from relationship type and profile presence; not an upstream claim or compatibility finding.","Honor the source mod's declared dependency only while that source mod is enabled; do not make an optional source mod or optional dependency a Rimrooms hard dependency.","","No","No shared non-generic feature tags between in-profile endpoints; RR-COMPAT is excluded by rule.","Pending; not run; no compatibility claim."
"RIMREL-20260927-0338","338","142","Need Bar Overflow","AmCh.NeedBarOverflow","RR-STA;RR-FAC;RR-COMPAT","docs/research/reviews/mods/2566316158-AmCh.NeedBarOverflow.md","Requires","1","Harmony","brrainz.harmony","True","In selected 294-mod profile","RR-MP;RR-COMPAT","docs/research/reviews/mods/2009463077-brrainz.harmony.md","workshop/294100/2566316158/About/About.xml","38E21114DEF15F79DD8BEF38098FBA9224D704A21137E71843A04C4F2483BD85","Installed relationship-export metadata only; preserve exact declaration/path/hash fields; not publisher/code confirmation or runtime result.","Conservative project rule derived from relationship type and profile presence; not an upstream claim or compatibility finding.","Honor the source mod's declared dependency only while that source mod is enabled; do not make an optional source mod or optional dependency a Rimrooms hard dependency.","","No","No shared non-generic feature tags between in-profile endpoints; RR-COMPAT is excluded by rule.","Pending; not run; no compatibility claim."
"RIMREL-20260927-0339","339","142","Need Bar Overflow","AmCh.NeedBarOverflow","RR-STA;RR-FAC;RR-COMPAT","docs/research/reviews/mods/2566316158-AmCh.NeedBarOverflow.md","LoadAfter","1","Harmony","brrainz.harmony","True","In selected 294-mod profile","RR-MP;RR-COMPAT","docs/research/reviews/mods/2009463077-brrainz.harmony.md","workshop/294100/2566316158/About/About.xml","38E21114DEF15F79DD8BEF38098FBA9224D704A21137E71843A04C4F2483BD85","Installed relationship-export metadata only; preserve exact declaration/path/hash fields; not publisher/code confirmation or runtime result.","Conservative project rule derived from relationship type and profile presence; not an upstream claim or compatibility finding.","Preserve this order only when both source and target packages are active; infer no code/API integration from the ordering declaration.","","No","No shared non-generic feature tags between in-profile endpoints; RR-COMPAT is excluded by rule.","Pending; not run; no compatibility claim."
"RIMREL-20260927-0340","340","142","Need Bar Overflow","AmCh.NeedBarOverflow","RR-STA;RR-FAC;RR-COMPAT","docs/research/reviews/mods/2566316158-AmCh.NeedBarOverflow.md","LoadAfter","4","Core","Ludeon.RimWorld","True","In selected 294-mod profile","RR-SCEN;RR-FAC;RR-STA;RR-GATE;RR-EXP;RR-SPACE;RR-EVD;RR-THREAT;RR-MSN;RR-ECO;RR-OUT;RR-DLC;RR-UI;RR-COMPAT","docs/research/reviews/mods/official-4-Ludeon.RimWorld.md","workshop/294100/2566316158/About/About.xml","38E21114DEF15F79DD8BEF38098FBA9224D704A21137E71843A04C4F2483BD85","Installed relationship-export metadata only; preserve exact declaration/path/hash fields; not publisher/code confirmation or runtime result.","Conservative project rule derived from relationship type and profile presence; not an upstream claim or compatibility finding.","Preserve this order only when both source and target packages are active; infer no code/API integration from the ordering declaration.","RR-FAC;RR-STA","Yes","In-profile endpoints share non-generic feature tag(s): RR-FAC;RR-STA. Candidate only; runtime test pending.","Pending; not run; no compatibility claim."
"RIMREL-20260927-0341","341","146","No Hemogen Farm Medical Alert","Dark.NoHemogenFarmMedicalAlert","RR-STA;RR-THREAT;RR-COMPAT","docs/research/reviews/mods/2887053053-Dark.NoHemogenFarmMedicalAlert.md","Requires","7","Biotech","ludeon.rimworld.biotech","True","In selected 294-mod profile","RR-STA;RR-FAC;RR-DLC;RR-COMPAT","docs/research/reviews/mods/official-7-Ludeon.RimWorld.Biotech.md","workshop/294100/2887053053/About/About.xml","17513522D94E61ECB85CCF4EAAC04EDD267E08600FEB2BF87E1E806D80FC9B46","Installed relationship-export metadata only; preserve exact declaration/path/hash fields; not publisher/code confirmation or runtime result.","Conservative project rule derived from relationship type and profile presence; not an upstream claim or compatibility finding.","Honor the source mod's declared dependency only while that source mod is enabled; do not make an optional source mod or optional dependency a Rimrooms hard dependency.","RR-STA","Yes","In-profile endpoints share non-generic feature tag(s): RR-STA. Candidate only; runtime test pending.","Pending; not run; no compatibility claim."
"RIMREL-20260927-0342","342","146","No Hemogen Farm Medical Alert","Dark.NoHemogenFarmMedicalAlert","RR-STA;RR-THREAT;RR-COMPAT","docs/research/reviews/mods/2887053053-Dark.NoHemogenFarmMedicalAlert.md","Requires","1","Harmony","brrainz.harmony","True","In selected 294-mod profile","RR-MP;RR-COMPAT","docs/research/reviews/mods/2009463077-brrainz.harmony.md","workshop/294100/2887053053/About/About.xml","17513522D94E61ECB85CCF4EAAC04EDD267E08600FEB2BF87E1E806D80FC9B46","Installed relationship-export metadata only; preserve exact declaration/path/hash fields; not publisher/code confirmation or runtime result.","Conservative project rule derived from relationship type and profile presence; not an upstream claim or compatibility finding.","Honor the source mod's declared dependency only while that source mod is enabled; do not make an optional source mod or optional dependency a Rimrooms hard dependency.","","No","No shared non-generic feature tags between in-profile endpoints; RR-COMPAT is excluded by rule.","Pending; not run; no compatibility claim."
"RIMREL-20260927-0343","343","146","No Hemogen Farm Medical Alert","Dark.NoHemogenFarmMedicalAlert","RR-STA;RR-THREAT;RR-COMPAT","docs/research/reviews/mods/2887053053-Dark.NoHemogenFarmMedicalAlert.md","LoadAfter","1","Harmony","brrainz.harmony","True","In selected 294-mod profile","RR-MP;RR-COMPAT","docs/research/reviews/mods/2009463077-brrainz.harmony.md","workshop/294100/2887053053/About/About.xml","17513522D94E61ECB85CCF4EAAC04EDD267E08600FEB2BF87E1E806D80FC9B46","Installed relationship-export metadata only; preserve exact declaration/path/hash fields; not publisher/code confirmation or runtime result.","Conservative project rule derived from relationship type and profile presence; not an upstream claim or compatibility finding.","Preserve this order only when both source and target packages are active; infer no code/API integration from the ordering declaration.","","No","No shared non-generic feature tags between in-profile endpoints; RR-COMPAT is excluded by rule.","Pending; not run; no compatibility claim."
"RIMREL-20260927-0344","344","147","No Infestation","walkingproblem.noinfestation","RR-THREAT;RR-SPACE;RR-COMPAT","docs/research/reviews/mods/2890080496-walkingproblem.noinfestation.md","LoadAfter","4","Core","Ludeon.RimWorld","True","In selected 294-mod profile","RR-SCEN;RR-FAC;RR-STA;RR-GATE;RR-EXP;RR-SPACE;RR-EVD;RR-THREAT;RR-MSN;RR-ECO;RR-OUT;RR-DLC;RR-UI;RR-COMPAT","docs/research/reviews/mods/official-4-Ludeon.RimWorld.md","workshop/294100/2890080496/About/About.xml","57800771586D95BEACD0662653CA9974C789AC3FBB148E2B02742C387B6B48B7","Installed relationship-export metadata only; preserve exact declaration/path/hash fields; not publisher/code confirmation or runtime result.","Conservative project rule derived from relationship type and profile presence; not an upstream claim or compatibility finding.","Preserve this order only when both source and target packages are active; infer no code/API integration from the ordering declaration.","RR-SPACE;RR-THREAT","Yes","In-profile endpoints share non-generic feature tag(s): RR-SPACE;RR-THREAT. Candidate only; runtime test pending.","Pending; not run; no compatibility claim."
"RIMREL-20260927-0345","345","147","No Infestation","walkingproblem.noinfestation","RR-THREAT;RR-SPACE;RR-COMPAT","docs/research/reviews/mods/2890080496-walkingproblem.noinfestation.md","LoadAfter","7","Biotech","Ludeon.RimWorld.Biotech","True","In selected 294-mod profile","RR-STA;RR-FAC;RR-DLC;RR-COMPAT","docs/research/reviews/mods/official-7-Ludeon.RimWorld.Biotech.md","workshop/294100/2890080496/About/About.xml","57800771586D95BEACD0662653CA9974C789AC3FBB148E2B02742C387B6B48B7","Installed relationship-export metadata only; preserve exact declaration/path/hash fields; not publisher/code confirmation or runtime result.","Conservative project rule derived from relationship type and profile presence; not an upstream claim or compatibility finding.","Preserve this order only when both source and target packages are active; infer no code/API integration from the ordering declaration.","","No","No shared non-generic feature tags between in-profile endpoints; RR-COMPAT is excluded by rule.","Pending; not run; no compatibility claim."
"RIMREL-20260927-0346","346","147","No Infestation","walkingproblem.noinfestation","RR-THREAT;RR-SPACE;RR-COMPAT","docs/research/reviews/mods/2890080496-walkingproblem.noinfestation.md","LoadAfter","","","OskarPotocki.VFE.Insectoid","False","Outside selected 294-mod profile","","","workshop/294100/2890080496/About/About.xml","57800771586D95BEACD0662653CA9974C789AC3FBB148E2B02742C387B6B48B7","Installed relationship-export metadata only; preserve exact declaration/path/hash fields; not publisher/code confirmation or runtime result.","Conservative project rule derived from relationship type and profile presence; not an upstream claim or compatibility finding.","No ordering action while the target is outside this profile; do not add it solely for this declaration. If both packages are later active, preserve the declared order; infer no code/API integration.","","No","Target is outside the selected 294-row profile; no in-profile endpoint feature comparison is asserted.","Pending; not run; no compatibility claim."
"RIMREL-20260927-0347","347","147","No Infestation","walkingproblem.noinfestation","RR-THREAT;RR-SPACE;RR-COMPAT","docs/research/reviews/mods/2890080496-walkingproblem.noinfestation.md","LoadAfter","","","OskarPotocki.VFE.Insectoid2","False","Outside selected 294-mod profile","","","workshop/294100/2890080496/About/About.xml","57800771586D95BEACD0662653CA9974C789AC3FBB148E2B02742C387B6B48B7","Installed relationship-export metadata only; preserve exact declaration/path/hash fields; not publisher/code confirmation or runtime result.","Conservative project rule derived from relationship type and profile presence; not an upstream claim or compatibility finding.","No ordering action while the target is outside this profile; do not add it solely for this declaration. If both packages are later active, preserve the declared order; infer no code/API integration.","","No","Target is outside the selected 294-row profile; no in-profile endpoint feature comparison is asserted.","Pending; not run; no compatibility claim."
"RIMREL-20260927-0348","348","147","No Infestation","walkingproblem.noinfestation","RR-THREAT;RR-SPACE;RR-COMPAT","docs/research/reviews/mods/2890080496-walkingproblem.noinfestation.md","LoadAfter","","","DankPyon.Medieval.Overhaul","False","Outside selected 294-mod profile","","","workshop/294100/2890080496/About/About.xml","57800771586D95BEACD0662653CA9974C789AC3FBB148E2B02742C387B6B48B7","Installed relationship-export metadata only; preserve exact declaration/path/hash fields; not publisher/code confirmation or runtime result.","Conservative project rule derived from relationship type and profile presence; not an upstream claim or compatibility finding.","No ordering action while the target is outside this profile; do not add it solely for this declaration. If both packages are later active, preserve the declared order; infer no code/API integration.","","No","Target is outside the selected 294-row profile; no in-profile endpoint feature comparison is asserted.","Pending; not run; no compatibility claim."
"RIMREL-20260927-0349","349","148","No Quests Without Comms","eBae.NoQuestsWithoutComms","RR-MSN;RR-OUT;RR-COMPAT","docs/research/reviews/mods/2557302879-eBae.NoQuestsWithoutComms.md","Requires","1","Harmony","brrainz.harmony","True","In selected 294-mod profile","RR-MP;RR-COMPAT","docs/research/reviews/mods/2009463077-brrainz.harmony.md","workshop/294100/2557302879/About/About.xml","0144929D49F5648B1421344AC0F2998F63E8FFA03D8968B0F0A59B44D64E14D2","Installed relationship-export metadata only; preserve exact declaration/path/hash fields; not publisher/code confirmation or runtime result.","Conservative project rule derived from relationship type and profile presence; not an upstream claim or compatibility finding.","Honor the source mod's declared dependency only while that source mod is enabled; do not make an optional source mod or optional dependency a Rimrooms hard dependency.","","No","No shared non-generic feature tags between in-profile endpoints; RR-COMPAT is excluded by rule.","Pending; not run; no compatibility claim."
"RIMREL-20260927-0350","350","148","No Quests Without Comms","eBae.NoQuestsWithoutComms","RR-MSN;RR-OUT;RR-COMPAT","docs/research/reviews/mods/2557302879-eBae.NoQuestsWithoutComms.md","LoadAfter","1","Harmony","brrainz.harmony","True","In selected 294-mod profile","RR-MP;RR-COMPAT","docs/research/reviews/mods/2009463077-brrainz.harmony.md","workshop/294100/2557302879/About/About.xml","0144929D49F5648B1421344AC0F2998F63E8FFA03D8968B0F0A59B44D64E14D2","Installed relationship-export metadata only; preserve exact declaration/path/hash fields; not publisher/code confirmation or runtime result.","Conservative project rule derived from relationship type and profile presence; not an upstream claim or compatibility finding.","Preserve this order only when both source and target packages are active; infer no code/API integration from the ordering declaration.","","No","No shared non-generic feature tags between in-profile endpoints; RR-COMPAT is excluded by rule.","Pending; not run; no compatibility claim."
"RIMREL-20260927-0351","351","148","No Quests Without Comms","eBae.NoQuestsWithoutComms","RR-MSN;RR-OUT;RR-COMPAT","docs/research/reviews/mods/2557302879-eBae.NoQuestsWithoutComms.md","LoadAfter","","","Compilatron.PowerTab","False","Outside selected 294-mod profile","","","workshop/294100/2557302879/About/About.xml","0144929D49F5648B1421344AC0F2998F63E8FFA03D8968B0F0A59B44D64E14D2","Installed relationship-export metadata only; preserve exact declaration/path/hash fields; not publisher/code confirmation or runtime result.","Conservative project rule derived from relationship type and profile presence; not an upstream claim or compatibility finding.","No ordering action while the target is outside this profile; do not add it solely for this declaration. If both packages are later active, preserve the declared order; infer no code/API integration.","","No","Target is outside the selected 294-row profile; no in-profile endpoint feature comparison is asserted.","Pending; not run; no compatibility claim."
"RIMREL-20260927-0352","352","151","No Sympathy For Prisoners","sk.noprisonersympathy","RR-STA;RR-THREAT;RR-COMPAT","docs/research/reviews/mods/3533769253-sk.noprisonersympathy.md","Requires","1","Harmony","brrainz.harmony","True","In selected 294-mod profile","RR-MP;RR-COMPAT","docs/research/reviews/mods/2009463077-brrainz.harmony.md","workshop/294100/3533769253/About/About.xml","5A72B6B7E01D9B9D085CD5697D27485A1B37C01DA6C75F62447A79824E3968AE","Installed relationship-export metadata only; preserve exact declaration/path/hash fields; not publisher/code confirmation or runtime result.","Conservative project rule derived from relationship type and profile presence; not an upstream claim or compatibility finding.","Honor the source mod's declared dependency only while that source mod is enabled; do not make an optional source mod or optional dependency a Rimrooms hard dependency.","","No","No shared non-generic feature tags between in-profile endpoints; RR-COMPAT is excluded by rule.","Pending; not run; no compatibility claim."
"RIMREL-20260927-0353","353","151","No Sympathy For Prisoners","sk.noprisonersympathy","RR-STA;RR-THREAT;RR-COMPAT","docs/research/reviews/mods/3533769253-sk.noprisonersympathy.md","LoadAfter","1","Harmony","brrainz.harmony","True","In selected 294-mod profile","RR-MP;RR-COMPAT","docs/research/reviews/mods/2009463077-brrainz.harmony.md","workshop/294100/3533769253/About/About.xml","5A72B6B7E01D9B9D085CD5697D27485A1B37C01DA6C75F62447A79824E3968AE","Installed relationship-export metadata only; preserve exact declaration/path/hash fields; not publisher/code confirmation or runtime result.","Conservative project rule derived from relationship type and profile presence; not an upstream claim or compatibility finding.","Preserve this order only when both source and target packages are active; infer no code/API integration from the ordering declaration.","","No","No shared non-generic feature tags between in-profile endpoints; RR-COMPAT is excluded by rule.","Pending; not run; no compatibility claim."
"RIMREL-20260927-0354","354","152","Non uno Pinata (don't drop items)","avilmask.NonUnoPinata","RR-STA;RR-EXP;RR-EVD;RR-THREAT;RR-MP;RR-COMPAT","docs/research/reviews/mods/1778821244-avilmask.NonUnoPinata.md","Requires","1","Harmony","brrainz.harmony","True","In selected 294-mod profile","RR-MP;RR-COMPAT","docs/research/reviews/mods/2009463077-brrainz.harmony.md","workshop/294100/1778821244/About/About.xml","5C96642877F0D2A396E9C66D69954CC527DAD71952C7F6E5349AD313B14360EF","Installed relationship-export metadata only; preserve exact declaration/path/hash fields; not publisher/code confirmation or runtime result.","Conservative project rule derived from relationship type and profile presence; not an upstream claim or compatibility finding.","Honor the source mod's declared dependency only while that source mod is enabled; do not make an optional source mod or optional dependency a Rimrooms hard dependency.","RR-MP","Yes","In-profile endpoints share non-generic feature tag(s): RR-MP. Candidate only; runtime test pending.","Pending; not run; no compatibility claim."
"RIMREL-20260927-0355","355","152","Non uno Pinata (don't drop items)","avilmask.NonUnoPinata","RR-STA;RR-EXP;RR-EVD;RR-THREAT;RR-MP;RR-COMPAT","docs/research/reviews/mods/1778821244-avilmask.NonUnoPinata.md","LoadBefore","270","Hospitality (Continued)","orion.hospitality","True","In selected 294-mod profile","RR-FAC;RR-STA;RR-ECO;RR-MSN;RR-OUT;RR-SPACEFLIGHT;RR-MP;RR-COMPAT","docs/research/reviews/mods/3509486825-Orion.Hospitality.md","workshop/294100/1778821244/About/About.xml","5C96642877F0D2A396E9C66D69954CC527DAD71952C7F6E5349AD313B14360EF","Installed relationship-export metadata only; preserve exact declaration/path/hash fields; not publisher/code confirmation or runtime result.","Conservative project rule derived from relationship type and profile presence; not an upstream claim or compatibility finding.","Preserve this order only when both source and target packages are active; infer no code/API integration from the ordering declaration.","RR-MP;RR-STA","Yes","In-profile endpoints share non-generic feature tag(s): RR-MP;RR-STA. Candidate only; runtime test pending.","Pending; not run; no compatibility claim."
"RIMREL-20260927-0356","356","153","Not My Fault","Vesper.NotMyFault","RR-OUT;RR-ECO;RR-STA;RR-COMPAT","docs/research/reviews/mods/2870045856-Vesper.NotMyFault.md","Requires","1","Harmony","brrainz.harmony","True","In selected 294-mod profile","RR-MP;RR-COMPAT","docs/research/reviews/mods/2009463077-brrainz.harmony.md","workshop/294100/2870045856/About/About.xml","E74E20FB0A161D493CF70004BCA769CBCD35BD53C0EEFF0CD0F302D4C57A81D4","Installed relationship-export metadata only; preserve exact declaration/path/hash fields; not publisher/code confirmation or runtime result.","Conservative project rule derived from relationship type and profile presence; not an upstream claim or compatibility finding.","Honor the source mod's declared dependency only while that source mod is enabled; do not make an optional source mod or optional dependency a Rimrooms hard dependency.","","No","No shared non-generic feature tags between in-profile endpoints; RR-COMPAT is excluded by rule.","Pending; not run; no compatibility claim."
"RIMREL-20260927-0357","357","154","Not Only GeneBank in Orbit Trade","io.github.cvrunmin.OrbitTradeNotOnlyGeneBank","RR-ECO;RR-DLC;RR-COMPAT","docs/research/reviews/mods/3465476199-io.github.cvrunmin.OrbitTradeNotOnlyGeneBank.md","Requires","7","Biotech","ludeon.rimworld.biotech","True","In selected 294-mod profile","RR-STA;RR-FAC;RR-DLC;RR-COMPAT","docs/research/reviews/mods/official-7-Ludeon.RimWorld.Biotech.md","workshop/294100/3465476199/About/About.xml","0B291B9472E88B0AB66142D27A6A3C3634CFDC5AA9B0C27B19BE49871F2EAA9D","Installed relationship-export metadata only; preserve exact declaration/path/hash fields; not publisher/code confirmation or runtime result.","Conservative project rule derived from relationship type and profile presence; not an upstream claim or compatibility finding.","Honor the source mod's declared dependency only while that source mod is enabled; do not make an optional source mod or optional dependency a Rimrooms hard dependency.","RR-DLC","Yes","In-profile endpoints share non-generic feature tag(s): RR-DLC. Candidate only; runtime test pending.","Pending; not run; no compatibility claim."
"RIMREL-20260927-0358","358","154","Not Only GeneBank in Orbit Trade","io.github.cvrunmin.OrbitTradeNotOnlyGeneBank","RR-ECO;RR-DLC;RR-COMPAT","docs/research/reviews/mods/3465476199-io.github.cvrunmin.OrbitTradeNotOnlyGeneBank.md","Requires","1","Harmony","brrainz.harmony","True","In selected 294-mod profile","RR-MP;RR-COMPAT","docs/research/reviews/mods/2009463077-brrainz.harmony.md","workshop/294100/3465476199/About/About.xml","0B291B9472E88B0AB66142D27A6A3C3634CFDC5AA9B0C27B19BE49871F2EAA9D","Installed relationship-export metadata only; preserve exact declaration/path/hash fields; not publisher/code confirmation or runtime result.","Conservative project rule derived from relationship type and profile presence; not an upstream claim or compatibility finding.","Honor the source mod's declared dependency only while that source mod is enabled; do not make an optional source mod or optional dependency a Rimrooms hard dependency.","","No","No shared non-generic feature tags between in-profile endpoints; RR-COMPAT is excluded by rule.","Pending; not run; no compatibility claim."
"RIMREL-20260927-0359","359","155","Numbers","Mehni.Numbers","RR-UI;RR-STA;RR-COMPAT","docs/research/reviews/mods/1414302321-Mehni.Numbers.md","Requires","1","Harmony","brrainz.harmony","True","In selected 294-mod profile","RR-MP;RR-COMPAT","docs/research/reviews/mods/2009463077-brrainz.harmony.md","workshop/294100/1414302321/About/About.xml","E7738B83BCA45B4538B6DFC5CB1ED68FD9124891ED37442C096C6AB9356070E5","Installed relationship-export metadata only; preserve exact declaration/path/hash fields; not publisher/code confirmation or runtime result.","Conservative project rule derived from relationship type and profile presence; not an upstream claim or compatibility finding.","Honor the source mod's declared dependency only while that source mod is enabled; do not make an optional source mod or optional dependency a Rimrooms hard dependency.","","No","No shared non-generic feature tags between in-profile endpoints; RR-COMPAT is excluded by rule.","Pending; not run; no compatibility claim."
"RIMREL-20260927-0360","360","156","Offspring Inherit Xenogenes (Continued)","Mlie.OffspringInheritXenogenes","RR-STA;RR-DLC;RR-COMPAT","docs/research/reviews/mods/3266000468-Mlie.OffspringInheritXenogenes.md","Requires","1","Harmony","brrainz.harmony","True","In selected 294-mod profile","RR-MP;RR-COMPAT","docs/research/reviews/mods/2009463077-brrainz.harmony.md","workshop/294100/3266000468/About/About.xml","BBC841BD9020225A186F2FFA50D897999D37017E5B1D96C838A575B0E275C3F6","Installed relationship-export metadata only; preserve exact declaration/path/hash fields; not publisher/code confirmation or runtime result.","Conservative project rule derived from relationship type and profile presence; not an upstream claim or compatibility finding.","Honor the source mod's declared dependency only while that source mod is enabled; do not make an optional source mod or optional dependency a Rimrooms hard dependency.","","No","No shared non-generic feature tags between in-profile endpoints; RR-COMPAT is excluded by rule.","Pending; not run; no compatibility claim."
"RIMREL-20260927-0361","361","156","Offspring Inherit Xenogenes (Continued)","Mlie.OffspringInheritXenogenes","RR-STA;RR-DLC;RR-COMPAT","docs/research/reviews/mods/3266000468-Mlie.OffspringInheritXenogenes.md","LoadAfter","1","Harmony","brrainz.harmony","True","In selected 294-mod profile","RR-MP;RR-COMPAT","docs/research/reviews/mods/2009463077-brrainz.harmony.md","workshop/294100/3266000468/About/About.xml","BBC841BD9020225A186F2FFA50D897999D37017E5B1D96C838A575B0E275C3F6","Installed relationship-export metadata only; preserve exact declaration/path/hash fields; not publisher/code confirmation or runtime result.","Conservative project rule derived from relationship type and profile presence; not an upstream claim or compatibility finding.","Preserve this order only when both source and target packages are active; infer no code/API integration from the ordering declaration.","","No","No shared non-generic feature tags between in-profile endpoints; RR-COMPAT is excluded by rule.","Pending; not run; no compatibility claim."
"RIMREL-20260927-0362","362","158","Oops All Gene Banks","redundant.oopsallgenepacks","RR-FAC;RR-EVD;RR-ECO;RR-DLC;RR-COMPAT","docs/research/reviews/mods/2883683444-redundant.oopsallgenepacks.md","Requires","7","Biotech","ludeon.rimworld.biotech","True","In selected 294-mod profile","RR-STA;RR-FAC;RR-DLC;RR-COMPAT","docs/research/reviews/mods/official-7-Ludeon.RimWorld.Biotech.md","workshop/294100/2883683444/About/About.xml","A40F0F47D0F8F7755FFB16C80927F5643F55A1CC1F989D36208B2D8C2192BAED","Installed relationship-export metadata only; preserve exact declaration/path/hash fields; not publisher/code confirmation or runtime result.","Conservative project rule derived from relationship type and profile presence; not an upstream claim or compatibility finding.","Honor the source mod's declared dependency only while that source mod is enabled; do not make an optional source mod or optional dependency a Rimrooms hard dependency.","RR-DLC;RR-FAC","Yes","In-profile endpoints share non-generic feature tag(s): RR-DLC;RR-FAC. Candidate only; runtime test pending.","Pending; not run; no compatibility claim."
"RIMREL-20260927-0363","363","158","Oops All Gene Banks","redundant.oopsallgenepacks","RR-FAC;RR-EVD;RR-ECO;RR-DLC;RR-COMPAT","docs/research/reviews/mods/2883683444-redundant.oopsallgenepacks.md","Requires","1","Harmony","brrainz.harmony","True","In selected 294-mod profile","RR-MP;RR-COMPAT","docs/research/reviews/mods/2009463077-brrainz.harmony.md","workshop/294100/2883683444/About/About.xml","A40F0F47D0F8F7755FFB16C80927F5643F55A1CC1F989D36208B2D8C2192BAED","Installed relationship-export metadata only; preserve exact declaration/path/hash fields; not publisher/code confirmation or runtime result.","Conservative project rule derived from relationship type and profile presence; not an upstream claim or compatibility finding.","Honor the source mod's declared dependency only while that source mod is enabled; do not make an optional source mod or optional dependency a Rimrooms hard dependency.","","No","No shared non-generic feature tags between in-profile endpoints; RR-COMPAT is excluded by rule.","Pending; not run; no compatibility claim."
"RIMREL-20260927-0364","364","158","Oops All Gene Banks","redundant.oopsallgenepacks","RR-FAC;RR-EVD;RR-ECO;RR-DLC;RR-COMPAT","docs/research/reviews/mods/2883683444-redundant.oopsallgenepacks.md","LoadAfter","7","Biotech","ludeon.rimworld.biotech","True","In selected 294-mod profile","RR-STA;RR-FAC;RR-DLC;RR-COMPAT","docs/research/reviews/mods/official-7-Ludeon.RimWorld.Biotech.md","workshop/294100/2883683444/About/About.xml","A40F0F47D0F8F7755FFB16C80927F5643F55A1CC1F989D36208B2D8C2192BAED","Installed relationship-export metadata only; preserve exact declaration/path/hash fields; not publisher/code confirmation or runtime result.","Conservative project rule derived from relationship type and profile presence; not an upstream claim or compatibility finding.","Preserve this order only when both source and target packages are active; infer no code/API integration from the ordering declaration.","RR-DLC;RR-FAC","Yes","In-profile endpoints share non-generic feature tag(s): RR-DLC;RR-FAC. Candidate only; runtime test pending.","Pending; not run; no compatibility claim."
"RIMREL-20260927-0365","365","160","Packs Are Not Belts","turnovus.submod.backpacksarenotbelts","RR-STA;RR-EXP;RR-SPACEFLIGHT;RR-DLC;RR-COMPAT","docs/research/reviews/mods/2509511179-turnovus.submod.backpacksarenotbelts.md","Requires","1","Harmony","brrainz.harmony","True","In selected 294-mod profile","RR-MP;RR-COMPAT","docs/research/reviews/mods/2009463077-brrainz.harmony.md","workshop/294100/2509511179/About/About.xml","9C3B6363836A633FACB074EE7696CA9EEAFEFA950540062DB69DBA546BBB1C11","Installed relationship-export metadata only; preserve exact declaration/path/hash fields; not publisher/code confirmation or runtime result.","Conservative project rule derived from relationship type and profile presence; not an upstream claim or compatibility finding.","Honor the source mod's declared dependency only while that source mod is enabled; do not make an optional source mod or optional dependency a Rimrooms hard dependency.","","No","No shared non-generic feature tags between in-profile endpoints; RR-COMPAT is excluded by rule.","Pending; not run; no compatibility claim."
"RIMREL-20260927-0366","366","162","Pawn Target Fix","fed1sPlay.PawnTargetFix","RR-STA;RR-EXP;RR-THREAT;RR-COMPAT","docs/research/reviews/mods/2014789938-fed1sPlay.PawnTargetFix.md","Requires","1","Harmony","brrainz.harmony","True","In selected 294-mod profile","RR-MP;RR-COMPAT","docs/research/reviews/mods/2009463077-brrainz.harmony.md","workshop/294100/2014789938/About/About.xml","5A616ED3C213EBE318C27EE0E5818C71D035C377DEECBB29C8FEFAD37C006A13","Installed relationship-export metadata only; preserve exact declaration/path/hash fields; not publisher/code confirmation or runtime result.","Conservative project rule derived from relationship type and profile presence; not an upstream claim or compatibility finding.","Honor the source mod's declared dependency only while that source mod is enabled; do not make an optional source mod or optional dependency a Rimrooms hard dependency.","","No","No shared non-generic feature tags between in-profile endpoints; RR-COMPAT is excluded by rule.","Pending; not run; no compatibility claim."
"RIMREL-20260927-0367","367","162","Pawn Target Fix","fed1sPlay.PawnTargetFix","RR-STA;RR-EXP;RR-THREAT;RR-COMPAT","docs/research/reviews/mods/2014789938-fed1sPlay.PawnTargetFix.md","LoadAfter","1","Harmony","brrainz.harmony","True","In selected 294-mod profile","RR-MP;RR-COMPAT","docs/research/reviews/mods/2009463077-brrainz.harmony.md","workshop/294100/2014789938/About/About.xml","5A616ED3C213EBE318C27EE0E5818C71D035C377DEECBB29C8FEFAD37C006A13","Installed relationship-export metadata only; preserve exact declaration/path/hash fields; not publisher/code confirmation or runtime result.","Conservative project rule derived from relationship type and profile presence; not an upstream claim or compatibility finding.","Preserve this order only when both source and target packages are active; infer no code/API integration from the ordering declaration.","","No","No shared non-generic feature tags between in-profile endpoints; RR-COMPAT is excluded by rule.","Pending; not run; no compatibility claim."
"RIMREL-20260927-0368","368","163","Permeable Terrain","Owlchemist.PermeableTerrain","RR-FAC;RR-SPACE;RR-THREAT;RR-COMPAT","docs/research/reviews/mods/3261312042-Owlchemist.PermeableTerrain.md","Requires","1","Harmony","brrainz.harmony","True","In selected 294-mod profile","RR-MP;RR-COMPAT","docs/research/reviews/mods/2009463077-brrainz.harmony.md","workshop/294100/3261312042/About/About.xml","FB92F7EE8276E80DBF1C72F51D654A9E29DB5E59E2CC41B5214092A5BF3199DE","Installed relationship-export metadata only; preserve exact declaration/path/hash fields; not publisher/code confirmation or runtime result.","Conservative project rule derived from relationship type and profile presence; not an upstream claim or compatibility finding.","Honor the source mod's declared dependency only while that source mod is enabled; do not make an optional source mod or optional dependency a Rimrooms hard dependency.","","No","No shared non-generic feature tags between in-profile endpoints; RR-COMPAT is excluded by rule.","Pending; not run; no compatibility claim."
"RIMREL-20260927-0369","369","163","Permeable Terrain","Owlchemist.PermeableTerrain","RR-FAC;RR-SPACE;RR-THREAT;RR-COMPAT","docs/research/reviews/mods/3261312042-Owlchemist.PermeableTerrain.md","LoadAfter","","","ReGrowth.BOTR.Core","False","Outside selected 294-mod profile","","","workshop/294100/3261312042/About/About.xml","FB92F7EE8276E80DBF1C72F51D654A9E29DB5E59E2CC41B5214092A5BF3199DE","Installed relationship-export metadata only; preserve exact declaration/path/hash fields; not publisher/code confirmation or runtime result.","Conservative project rule derived from relationship type and profile presence; not an upstream claim or compatibility finding.","No ordering action while the target is outside this profile; do not add it solely for this declaration. If both packages are later active, preserve the declared order; infer no code/API integration.","","No","Target is outside the selected 294-row profile; no in-profile endpoint feature comparison is asserted.","Pending; not run; no compatibility claim."
"RIMREL-20260927-0370","370","164","Pick Up And Haul","Mehni.PickUpAndHaul","RR-FAC;RR-EXP;RR-OUT;RR-MP;RR-COMPAT","docs/research/reviews/mods/1279012058-Mehni.PickUpAndHaul.md","LoadAfter","1","Harmony","brrainz.harmony","True","In selected 294-mod profile","RR-MP;RR-COMPAT","docs/research/reviews/mods/2009463077-brrainz.harmony.md","workshop/294100/1279012058/About/About.xml","E38FE74FB2928DC20A893D8D6DD0F7294957407D66A68396EC7E9329B0D7B7D7","Installed relationship-export metadata only; preserve exact declaration/path/hash fields; not publisher/code confirmation or runtime result.","Conservative project rule derived from relationship type and profile presence; not an upstream claim or compatibility finding.","Preserve this order only when both source and target packages are active; infer no code/API integration from the ordering declaration.","RR-MP","Yes","In-profile endpoints share non-generic feature tag(s): RR-MP. Candidate only; runtime test pending.","Pending; not run; no compatibility claim."
"RIMREL-20260927-0371","371","167","Power Poles","co.uk.epicguru.rimforgepoles","RR-FAC;RR-GATE;RR-UI;RR-COMPAT","docs/research/reviews/mods/2507086460-co.uk.epicguru.rimforgepoles.md","Requires","1","Harmony","brrainz.harmony","True","In selected 294-mod profile","RR-MP;RR-COMPAT","docs/research/reviews/mods/2009463077-brrainz.harmony.md","workshop/294100/2507086460/About/About.xml","E989E88E52444BD14FC634A3198FD9D6C7EE80DAE0E5144CB9D8BA70FAE71478","Installed relationship-export metadata only; preserve exact declaration/path/hash fields; not publisher/code confirmation or runtime result.","Conservative project rule derived from relationship type and profile presence; not an upstream claim or compatibility finding.","Honor the source mod's declared dependency only while that source mod is enabled; do not make an optional source mod or optional dependency a Rimrooms hard dependency.","","No","No shared non-generic feature tags between in-profile endpoints; RR-COMPAT is excluded by rule.","Pending; not run; no compatibility claim."
"RIMREL-20260927-0372","372","167","Power Poles","co.uk.epicguru.rimforgepoles","RR-FAC;RR-GATE;RR-UI;RR-COMPAT","docs/research/reviews/mods/2507086460-co.uk.epicguru.rimforgepoles.md","LoadAfter","1","Harmony","brrainz.harmony","True","In selected 294-mod profile","RR-MP;RR-COMPAT","docs/research/reviews/mods/2009463077-brrainz.harmony.md","workshop/294100/2507086460/About/About.xml","E989E88E52444BD14FC634A3198FD9D6C7EE80DAE0E5144CB9D8BA70FAE71478","Installed relationship-export metadata only; preserve exact declaration/path/hash fields; not publisher/code confirmation or runtime result.","Conservative project rule derived from relationship type and profile presence; not an upstream claim or compatibility finding.","Preserve this order only when both source and target packages are active; infer no code/API integration from the ordering declaration.","","No","No shared non-generic feature tags between in-profile endpoints; RR-COMPAT is excluded by rule.","Pending; not run; no compatibility claim."
"RIMREL-20260927-0373","373","168","Priority Treatment Ressurected","tk421storm.PriorityTreatmentRessurected","RR-STA;RR-EXP;RR-COMPAT","docs/research/reviews/mods/3009738919-tk421storm.PriorityTreatmentRessurected.md","Requires","1","Harmony","brrainz.harmony","True","In selected 294-mod profile","RR-MP;RR-COMPAT","docs/research/reviews/mods/2009463077-brrainz.harmony.md","workshop/294100/3009738919/About/About.xml","1F45A053BC08073FA07E1AFCAA0B04A14E256F0E508D57D230808429B8D5B376","Installed relationship-export metadata only; preserve exact declaration/path/hash fields; not publisher/code confirmation or runtime result.","Conservative project rule derived from relationship type and profile presence; not an upstream claim or compatibility finding.","Honor the source mod's declared dependency only while that source mod is enabled; do not make an optional source mod or optional dependency a Rimrooms hard dependency.","","No","No shared non-generic feature tags between in-profile endpoints; RR-COMPAT is excluded by rule.","Pending; not run; no compatibility claim."
"RIMREL-20260927-0374","374","169","Prison Commons (Continued)","Mlie.PrisonCommons","RR-FAC;RR-STA;RR-COMPAT","docs/research/reviews/mods/2898000489-Mlie.PrisonCommons.md","Requires","1","Harmony","brrainz.harmony","True","In selected 294-mod profile","RR-MP;RR-COMPAT","docs/research/reviews/mods/2009463077-brrainz.harmony.md","workshop/294100/2898000489/About/About.xml","2217441ADF9196BB16B54D5A58835CE0F00627FBF28B9A92BC860B6F9994206E","Installed relationship-export metadata only; preserve exact declaration/path/hash fields; not publisher/code confirmation or runtime result.","Conservative project rule derived from relationship type and profile presence; not an upstream claim or compatibility finding.","Honor the source mod's declared dependency only while that source mod is enabled; do not make an optional source mod or optional dependency a Rimrooms hard dependency.","","No","No shared non-generic feature tags between in-profile endpoints; RR-COMPAT is excluded by rule.","Pending; not run; no compatibility claim."
"RIMREL-20260927-0375","375","169","Prison Commons (Continued)","Mlie.PrisonCommons","RR-FAC;RR-STA;RR-COMPAT","docs/research/reviews/mods/2898000489-Mlie.PrisonCommons.md","LoadAfter","1","Harmony","brrainz.harmony","True","In selected 294-mod profile","RR-MP;RR-COMPAT","docs/research/reviews/mods/2009463077-brrainz.harmony.md","workshop/294100/2898000489/About/About.xml","2217441ADF9196BB16B54D5A58835CE0F00627FBF28B9A92BC860B6F9994206E","Installed relationship-export metadata only; preserve exact declaration/path/hash fields; not publisher/code confirmation or runtime result.","Conservative project rule derived from relationship type and profile presence; not an upstream claim or compatibility finding.","Preserve this order only when both source and target packages are active; infer no code/API integration from the ordering declaration.","","No","No shared non-generic feature tags between in-profile endpoints; RR-COMPAT is excluded by rule.","Pending; not run; no compatibility claim."
"RIMREL-20260927-0376","376","172","Prisoner Jumpsuits","ocarina.prisonerjumpsuits","RR-STA;RR-COMPAT","docs/research/reviews/mods/3402467889-ocarina.prisonerjumpsuits.md","LoadAfter","4","Core","Ludeon.RimWorld","True","In selected 294-mod profile","RR-SCEN;RR-FAC;RR-STA;RR-GATE;RR-EXP;RR-SPACE;RR-EVD;RR-THREAT;RR-MSN;RR-ECO;RR-OUT;RR-DLC;RR-UI;RR-COMPAT","docs/research/reviews/mods/official-4-Ludeon.RimWorld.md","workshop/294100/3402467889/About/About.xml","851E12197D1ADDDC94F5F54606CAA18D4F841973D8CB9E621B7245EAAC0FEDFA","Installed relationship-export metadata only; preserve exact declaration/path/hash fields; not publisher/code confirmation or runtime result.","Conservative project rule derived from relationship type and profile presence; not an upstream claim or compatibility finding.","Preserve this order only when both source and target packages are active; infer no code/API integration from the ordering declaration.","RR-STA","Yes","In-profile endpoints share non-generic feature tag(s): RR-STA. Candidate only; runtime test pending.","Pending; not run; no compatibility claim."
"RIMREL-20260927-0377","377","174","Prisoners Can Read","divineDerivative.PrisonerReading","RR-STA;RR-COMPAT","docs/research/reviews/mods/3409290110-divineDerivative.PrisonerReading.md","Requires","1","Harmony","brrainz.harmony","True","In selected 294-mod profile","RR-MP;RR-COMPAT","docs/research/reviews/mods/2009463077-brrainz.harmony.md","workshop/294100/3409290110/About/About.xml","74655884BC0FDD75E6D0A4A0AEF6FCBF3A10E48E4BA0A7DD8411EB586FA91D79","Installed relationship-export metadata only; preserve exact declaration/path/hash fields; not publisher/code confirmation or runtime result.","Conservative project rule derived from relationship type and profile presence; not an upstream claim or compatibility finding.","Honor the source mod's declared dependency only while that source mod is enabled; do not make an optional source mod or optional dependency a Rimrooms hard dependency.","","No","No shared non-generic feature tags between in-profile endpoints; RR-COMPAT is excluded by rule.","Pending; not run; no compatibility claim."
"RIMREL-20260927-0378","378","174","Prisoners Can Read","divineDerivative.PrisonerReading","RR-STA;RR-COMPAT","docs/research/reviews/mods/3409290110-divineDerivative.PrisonerReading.md","LoadAfter","1","Harmony","brrainz.harmony","True","In selected 294-mod profile","RR-MP;RR-COMPAT","docs/research/reviews/mods/2009463077-brrainz.harmony.md","workshop/294100/3409290110/About/About.xml","74655884BC0FDD75E6D0A4A0AEF6FCBF3A10E48E4BA0A7DD8411EB586FA91D79","Installed relationship-export metadata only; preserve exact declaration/path/hash fields; not publisher/code confirmation or runtime result.","Conservative project rule derived from relationship type and profile presence; not an upstream claim or compatibility finding.","Preserve this order only when both source and target packages are active; infer no code/API integration from the ordering declaration.","","No","No shared non-generic feature tags between in-profile endpoints; RR-COMPAT is excluded by rule.","Pending; not run; no compatibility claim."
"RIMREL-20260927-0379","379","175","Prisoners Dont Have Keys","Mlie.PrisonersDontHaveKeys","RR-FAC;RR-THREAT;RR-COMPAT","docs/research/reviews/mods/2595360307-Mlie.PrisonersDontHaveKeys.md","Requires","1","Harmony","brrainz.harmony","True","In selected 294-mod profile","RR-MP;RR-COMPAT","docs/research/reviews/mods/2009463077-brrainz.harmony.md","workshop/294100/2595360307/About/About.xml","AA1372440435E53ACAA3C1FD51FD1E513872E2FA57DFC76D5AB638B64375E22E","Installed relationship-export metadata only; preserve exact declaration/path/hash fields; not publisher/code confirmation or runtime result.","Conservative project rule derived from relationship type and profile presence; not an upstream claim or compatibility finding.","Honor the source mod's declared dependency only while that source mod is enabled; do not make an optional source mod or optional dependency a Rimrooms hard dependency.","","No","No shared non-generic feature tags between in-profile endpoints; RR-COMPAT is excluded by rule.","Pending; not run; no compatibility claim."
"RIMREL-20260927-0380","380","175","Prisoners Dont Have Keys","Mlie.PrisonersDontHaveKeys","RR-FAC;RR-THREAT;RR-COMPAT","docs/research/reviews/mods/2595360307-Mlie.PrisonersDontHaveKeys.md","LoadAfter","1","Harmony","brrainz.harmony","True","In selected 294-mod profile","RR-MP;RR-COMPAT","docs/research/reviews/mods/2009463077-brrainz.harmony.md","workshop/294100/2595360307/About/About.xml","AA1372440435E53ACAA3C1FD51FD1E513872E2FA57DFC76D5AB638B64375E22E","Installed relationship-export metadata only; preserve exact declaration/path/hash fields; not publisher/code confirmation or runtime result.","Conservative project rule derived from relationship type and profile presence; not an upstream claim or compatibility finding.","Preserve this order only when both source and target packages are active; infer no code/API integration from the ordering declaration.","","No","No shared non-generic feature tags between in-profile endpoints; RR-COMPAT is excluded by rule.","Pending; not run; no compatibility claim."
"RIMREL-20260927-0381","381","177","Prisoners Should Fear Turrets","Mlie.PrisonersShouldFearTurrets","RR-FAC;RR-THREAT;RR-COMPAT","docs/research/reviews/mods/2602436826-Mlie.PrisonersShouldFearTurrets.md","Requires","1","Harmony","brrainz.harmony","True","In selected 294-mod profile","RR-MP;RR-COMPAT","docs/research/reviews/mods/2009463077-brrainz.harmony.md","workshop/294100/2602436826/About/About.xml","6D21A9B98D2AF72C0C7034258B4174C6978630E84B0EF837CB3EDBD1808FAC28","Installed relationship-export metadata only; preserve exact declaration/path/hash fields; not publisher/code confirmation or runtime result.","Conservative project rule derived from relationship type and profile presence; not an upstream claim or compatibility finding.","Honor the source mod's declared dependency only while that source mod is enabled; do not make an optional source mod or optional dependency a Rimrooms hard dependency.","","No","No shared non-generic feature tags between in-profile endpoints; RR-COMPAT is excluded by rule.","Pending; not run; no compatibility claim."
"RIMREL-20260927-0382","382","177","Prisoners Should Fear Turrets","Mlie.PrisonersShouldFearTurrets","RR-FAC;RR-THREAT;RR-COMPAT","docs/research/reviews/mods/2602436826-Mlie.PrisonersShouldFearTurrets.md","LoadAfter","1","Harmony","brrainz.harmony","True","In selected 294-mod profile","RR-MP;RR-COMPAT","docs/research/reviews/mods/2009463077-brrainz.harmony.md","workshop/294100/2602436826/About/About.xml","6D21A9B98D2AF72C0C7034258B4174C6978630E84B0EF837CB3EDBD1808FAC28","Installed relationship-export metadata only; preserve exact declaration/path/hash fields; not publisher/code confirmation or runtime result.","Conservative project rule derived from relationship type and profile presence; not an upstream claim or compatibility finding.","Preserve this order only when both source and target packages are active; infer no code/API integration from the ordering declaration.","","No","No shared non-generic feature tags between in-profile endpoints; RR-COMPAT is excluded by rule.","Pending; not run; no compatibility claim."
"RIMREL-20260927-0383","383","179","Prosthetic No Missing Body Parts (Continued)","Mlie.ProstheticNoMissingBodyParts","RR-STA;RR-COMPAT","docs/research/reviews/mods/2739055353-Mlie.ProstheticNoMissingBodyParts.md","Requires","1","Harmony","brrainz.harmony","True","In selected 294-mod profile","RR-MP;RR-COMPAT","docs/research/reviews/mods/2009463077-brrainz.harmony.md","workshop/294100/2739055353/About/About.xml","005D9883B87885869E6377335FAE88C72F767A5E481864D784D275153B043F51","Installed relationship-export metadata only; preserve exact declaration/path/hash fields; not publisher/code confirmation or runtime result.","Conservative project rule derived from relationship type and profile presence; not an upstream claim or compatibility finding.","Honor the source mod's declared dependency only while that source mod is enabled; do not make an optional source mod or optional dependency a Rimrooms hard dependency.","","No","No shared non-generic feature tags between in-profile endpoints; RR-COMPAT is excluded by rule.","Pending; not run; no compatibility claim."
"RIMREL-20260927-0384","384","179","Prosthetic No Missing Body Parts (Continued)","Mlie.ProstheticNoMissingBodyParts","RR-STA;RR-COMPAT","docs/research/reviews/mods/2739055353-Mlie.ProstheticNoMissingBodyParts.md","LoadAfter","1","Harmony","brrainz.harmony","True","In selected 294-mod profile","RR-MP;RR-COMPAT","docs/research/reviews/mods/2009463077-brrainz.harmony.md","workshop/294100/2739055353/About/About.xml","005D9883B87885869E6377335FAE88C72F767A5E481864D784D275153B043F51","Installed relationship-export metadata only; preserve exact declaration/path/hash fields; not publisher/code confirmation or runtime result.","Conservative project rule derived from relationship type and profile presence; not an upstream claim or compatibility finding.","Preserve this order only when both source and target packages are active; infer no code/API integration from the ordering declaration.","","No","No shared non-generic feature tags between in-profile endpoints; RR-COMPAT is excluded by rule.","Pending; not run; no compatibility claim."
"RIMREL-20260927-0385","385","179","Prosthetic No Missing Body Parts (Continued)","Mlie.ProstheticNoMissingBodyParts","RR-STA;RR-COMPAT","docs/research/reviews/mods/2739055353-Mlie.ProstheticNoMissingBodyParts.md","LoadAfter","","","syrchalis.prosthetictable","False","Outside selected 294-mod profile","","","workshop/294100/2739055353/About/About.xml","005D9883B87885869E6377335FAE88C72F767A5E481864D784D275153B043F51","Installed relationship-export metadata only; preserve exact declaration/path/hash fields; not publisher/code confirmation or runtime result.","Conservative project rule derived from relationship type and profile presence; not an upstream claim or compatibility finding.","No ordering action while the target is outside this profile; do not add it solely for this declaration. If both packages are later active, preserve the declared order; infer no code/API integration.","","No","Target is outside the selected 294-row profile; no in-profile endpoint feature comparison is asserted.","Pending; not run; no compatibility claim."
"RIMREL-20260927-0386","386","180","Quality Colors (Continued)","DawnsGlow.qualcolor","RR-UI;RR-ECO;RR-STYLE;RR-COMPAT","docs/research/reviews/mods/3513846773-DawnsGlow.qualcolor.md","Requires","1","Harmony","brrainz.harmony","True","In selected 294-mod profile","RR-MP;RR-COMPAT","docs/research/reviews/mods/2009463077-brrainz.harmony.md","workshop/294100/3513846773/About/About.xml","785C52767B75B51843894EFBCB8EFAC638C7EDEF3E7130D15E4A7339D5975C30","Installed relationship-export metadata only; preserve exact declaration/path/hash fields; not publisher/code confirmation or runtime result.","Conservative project rule derived from relationship type and profile presence; not an upstream claim or compatibility finding.","Honor the source mod's declared dependency only while that source mod is enabled; do not make an optional source mod or optional dependency a Rimrooms hard dependency.","","No","No shared non-generic feature tags between in-profile endpoints; RR-COMPAT is excluded by rule.","Pending; not run; no compatibility claim."
"RIMREL-20260927-0387","387","180","Quality Colors (Continued)","DawnsGlow.qualcolor","RR-UI;RR-ECO;RR-STYLE;RR-COMPAT","docs/research/reviews/mods/3513846773-DawnsGlow.qualcolor.md","LoadAfter","1","Harmony","brrainz.harmony","True","In selected 294-mod profile","RR-MP;RR-COMPAT","docs/research/reviews/mods/2009463077-brrainz.harmony.md","workshop/294100/3513846773/About/About.xml","785C52767B75B51843894EFBCB8EFAC638C7EDEF3E7130D15E4A7339D5975C30","Installed relationship-export metadata only; preserve exact declaration/path/hash fields; not publisher/code confirmation or runtime result.","Conservative project rule derived from relationship type and profile presence; not an upstream claim or compatibility finding.","Preserve this order only when both source and target packages are active; infer no code/API integration from the ordering declaration.","","No","No shared non-generic feature tags between in-profile endpoints; RR-COMPAT is excluded by rule.","Pending; not run; no compatibility claim."
"RIMREL-20260927-0388","388","180","Quality Colors (Continued)","DawnsGlow.qualcolor","RR-UI;RR-ECO;RR-STYLE;RR-COMPAT","docs/research/reviews/mods/3513846773-DawnsGlow.qualcolor.md","LoadAfter","4","Core","Ludeon.RimWorld","True","In selected 294-mod profile","RR-SCEN;RR-FAC;RR-STA;RR-GATE;RR-EXP;RR-SPACE;RR-EVD;RR-THREAT;RR-MSN;RR-ECO;RR-OUT;RR-DLC;RR-UI;RR-COMPAT","docs/research/reviews/mods/official-4-Ludeon.RimWorld.md","workshop/294100/3513846773/About/About.xml","785C52767B75B51843894EFBCB8EFAC638C7EDEF3E7130D15E4A7339D5975C30","Installed relationship-export metadata only; preserve exact declaration/path/hash fields; not publisher/code confirmation or runtime result.","Conservative project rule derived from relationship type and profile presence; not an upstream claim or compatibility finding.","Preserve this order only when both source and target packages are active; infer no code/API integration from the ordering declaration.","RR-ECO;RR-UI","Yes","In-profile endpoints share non-generic feature tag(s): RR-ECO;RR-UI. Candidate only; runtime test pending.","Pending; not run; no compatibility claim."
"RIMREL-20260927-0389","389","180","Quality Colors (Continued)","DawnsGlow.qualcolor","RR-UI;RR-ECO;RR-STYLE;RR-COMPAT","docs/research/reviews/mods/3513846773-DawnsGlow.qualcolor.md","LoadAfter","5","Royalty","Ludeon.RimWorld.Royalty","True","In selected 294-mod profile","RR-STA;RR-MSN;RR-DLC;RR-COMPAT","docs/research/reviews/mods/official-5-Ludeon.RimWorld.Royalty.md","workshop/294100/3513846773/About/About.xml","785C52767B75B51843894EFBCB8EFAC638C7EDEF3E7130D15E4A7339D5975C30","Installed relationship-export metadata only; preserve exact declaration/path/hash fields; not publisher/code confirmation or runtime result.","Conservative project rule derived from relationship type and profile presence; not an upstream claim or compatibility finding.","Preserve this order only when both source and target packages are active; infer no code/API integration from the ordering declaration.","","No","No shared non-generic feature tags between in-profile endpoints; RR-COMPAT is excluded by rule.","Pending; not run; no compatibility claim."
"RIMREL-20260927-0390","390","180","Quality Colors (Continued)","DawnsGlow.qualcolor","RR-UI;RR-ECO;RR-STYLE;RR-COMPAT","docs/research/reviews/mods/3513846773-DawnsGlow.qualcolor.md","LoadAfter","6","Ideology","Ludeon.RimWorld.Ideology","True","In selected 294-mod profile","RR-STA;RR-DLC;RR-COMPAT","docs/research/reviews/mods/official-6-Ludeon.RimWorld.Ideology.md","workshop/294100/3513846773/About/About.xml","785C52767B75B51843894EFBCB8EFAC638C7EDEF3E7130D15E4A7339D5975C30","Installed relationship-export metadata only; preserve exact declaration/path/hash fields; not publisher/code confirmation or runtime result.","Conservative project rule derived from relationship type and profile presence; not an upstream claim or compatibility finding.","Preserve this order only when both source and target packages are active; infer no code/API integration from the ordering declaration.","","No","No shared non-generic feature tags between in-profile endpoints; RR-COMPAT is excluded by rule.","Pending; not run; no compatibility claim."
"RIMREL-20260927-0391","391","180","Quality Colors (Continued)","DawnsGlow.qualcolor","RR-UI;RR-ECO;RR-STYLE;RR-COMPAT","docs/research/reviews/mods/3513846773-DawnsGlow.qualcolor.md","LoadAfter","7","Biotech","Ludeon.RimWorld.Biotech","True","In selected 294-mod profile","RR-STA;RR-FAC;RR-DLC;RR-COMPAT","docs/research/reviews/mods/official-7-Ludeon.RimWorld.Biotech.md","workshop/294100/3513846773/About/About.xml","785C52767B75B51843894EFBCB8EFAC638C7EDEF3E7130D15E4A7339D5975C30","Installed relationship-export metadata only; preserve exact declaration/path/hash fields; not publisher/code confirmation or runtime result.","Conservative project rule derived from relationship type and profile presence; not an upstream claim or compatibility finding.","Preserve this order only when both source and target packages are active; infer no code/API integration from the ordering declaration.","","No","No shared non-generic feature tags between in-profile endpoints; RR-COMPAT is excluded by rule.","Pending; not run; no compatibility claim."
"RIMREL-20260927-0392","392","180","Quality Colors (Continued)","DawnsGlow.qualcolor","RR-UI;RR-ECO;RR-STYLE;RR-COMPAT","docs/research/reviews/mods/3513846773-DawnsGlow.qualcolor.md","LoadAfter","8","Anomaly","Ludeon.RimWorld.Anomaly","True","In selected 294-mod profile","RR-THREAT;RR-EVD;RR-EXP;RR-MSN;RR-DLC;RR-COMPAT","docs/research/reviews/mods/official-8-Ludeon.RimWorld.Anomaly.md","workshop/294100/3513846773/About/About.xml","785C52767B75B51843894EFBCB8EFAC638C7EDEF3E7130D15E4A7339D5975C30","Installed relationship-export metadata only; preserve exact declaration/path/hash fields; not publisher/code confirmation or runtime result.","Conservative project rule derived from relationship type and profile presence; not an upstream claim or compatibility finding.","Preserve this order only when both source and target packages are active; infer no code/API integration from the ordering declaration.","","No","No shared non-generic feature tags between in-profile endpoints; RR-COMPAT is excluded by rule.","Pending; not run; no compatibility claim."
"RIMREL-20260927-0393","393","180","Quality Colors (Continued)","DawnsGlow.qualcolor","RR-UI;RR-ECO;RR-STYLE;RR-COMPAT","docs/research/reviews/mods/3513846773-DawnsGlow.qualcolor.md","LoadAfter","9","Odyssey","Ludeon.RimWorld.Odyssey","True","In selected 294-mod profile","RR-SPACEFLIGHT;RR-OUT;RR-EXP;RR-MSN;RR-ECO;RR-DLC;RR-COMPAT","docs/research/reviews/mods/official-9-Ludeon.RimWorld.Odyssey.md","workshop/294100/3513846773/About/About.xml","785C52767B75B51843894EFBCB8EFAC638C7EDEF3E7130D15E4A7339D5975C30","Installed relationship-export metadata only; preserve exact declaration/path/hash fields; not publisher/code confirmation or runtime result.","Conservative project rule derived from relationship type and profile presence; not an upstream claim or compatibility finding.","Preserve this order only when both source and target packages are active; infer no code/API integration from the ordering declaration.","RR-ECO","Yes","In-profile endpoints share non-generic feature tag(s): RR-ECO. Candidate only; runtime test pending.","Pending; not run; no compatibility claim."
"RIMREL-20260927-0394","394","181","QualityBuilder Unofficial 1.6","hatti.qualitybuilder","RR-FAC;RR-UI;RR-DLC;RR-COMPAT","docs/research/reviews/mods/3512466087-hatti.qualitybuilder.md","Requires","1","Harmony","brrainz.harmony","True","In selected 294-mod profile","RR-MP;RR-COMPAT","docs/research/reviews/mods/2009463077-brrainz.harmony.md","workshop/294100/3512466087/About/About.xml","4B9F5352005098843357CBE6AA9764C1FBA7342D11E01170A1B843DD3A55B713","Installed relationship-export metadata only; preserve exact declaration/path/hash fields; not publisher/code confirmation or runtime result.","Conservative project rule derived from relationship type and profile presence; not an upstream claim or compatibility finding.","Honor the source mod's declared dependency only while that source mod is enabled; do not make an optional source mod or optional dependency a Rimrooms hard dependency.","","No","No shared non-generic feature tags between in-profile endpoints; RR-COMPAT is excluded by rule.","Pending; not run; no compatibility claim."
"RIMREL-20260927-0395","395","181","QualityBuilder Unofficial 1.6","hatti.qualitybuilder","RR-FAC;RR-UI;RR-DLC;RR-COMPAT","docs/research/reviews/mods/3512466087-hatti.qualitybuilder.md","LoadAfter","1","Harmony","brrainz.harmony","True","In selected 294-mod profile","RR-MP;RR-COMPAT","docs/research/reviews/mods/2009463077-brrainz.harmony.md","workshop/294100/3512466087/About/About.xml","4B9F5352005098843357CBE6AA9764C1FBA7342D11E01170A1B843DD3A55B713","Installed relationship-export metadata only; preserve exact declaration/path/hash fields; not publisher/code confirmation or runtime result.","Conservative project rule derived from relationship type and profile presence; not an upstream claim or compatibility finding.","Preserve this order only when both source and target packages are active; infer no code/API integration from the ordering declaration.","","No","No shared non-generic feature tags between in-profile endpoints; RR-COMPAT is excluded by rule.","Pending; not run; no compatibility claim."
"RIMREL-20260927-0396","396","182","Questionable Ethics Enhanced (Continued)","Mlie.QuestionableEthicsEnhanced","RR-STA;RR-EVD;RR-THREAT;RR-DLC;RR-MP;RR-COMPAT","docs/research/reviews/mods/2850854272-Mlie.QuestionableEthicsEnhanced.md","Requires","1","Harmony","brrainz.harmony","True","In selected 294-mod profile","RR-MP;RR-COMPAT","docs/research/reviews/mods/2009463077-brrainz.harmony.md","workshop/294100/2850854272/About/About.xml","07A3C667B6B6729378D4EEDD5CACDBCC5F87A74B72546875D8ACD112CF982033","Installed relationship-export metadata only; preserve exact declaration/path/hash fields; not publisher/code confirmation or runtime result.","Conservative project rule derived from relationship type and profile presence; not an upstream claim or compatibility finding.","Honor the source mod's declared dependency only while that source mod is enabled; do not make an optional source mod or optional dependency a Rimrooms hard dependency.","RR-MP","Yes","In-profile endpoints share non-generic feature tag(s): RR-MP. Candidate only; runtime test pending.","Pending; not run; no compatibility claim."
"RIMREL-20260927-0397","397","182","Questionable Ethics Enhanced (Continued)","Mlie.QuestionableEthicsEnhanced","RR-STA;RR-EVD;RR-THREAT;RR-DLC;RR-MP;RR-COMPAT","docs/research/reviews/mods/2850854272-Mlie.QuestionableEthicsEnhanced.md","LoadAfter","1","Harmony","brrainz.harmony","True","In selected 294-mod profile","RR-MP;RR-COMPAT","docs/research/reviews/mods/2009463077-brrainz.harmony.md","workshop/294100/2850854272/About/About.xml","07A3C667B6B6729378D4EEDD5CACDBCC5F87A74B72546875D8ACD112CF982033","Installed relationship-export metadata only; preserve exact declaration/path/hash fields; not publisher/code confirmation or runtime result.","Conservative project rule derived from relationship type and profile presence; not an upstream claim or compatibility finding.","Preserve this order only when both source and target packages are active; infer no code/API integration from the ordering declaration.","RR-MP","Yes","In-profile endpoints share non-generic feature tag(s): RR-MP. Candidate only; runtime test pending.","Pending; not run; no compatibility claim."
"RIMREL-20260927-0398","398","182","Questionable Ethics Enhanced (Continued)","Mlie.QuestionableEthicsEnhanced","RR-STA;RR-EVD;RR-THREAT;RR-DLC;RR-MP;RR-COMPAT","docs/research/reviews/mods/2850854272-Mlie.QuestionableEthicsEnhanced.md","LoadBefore","","","Scorpio.MakeAnythingCraftable","False","Outside selected 294-mod profile","","","workshop/294100/2850854272/About/About.xml","07A3C667B6B6729378D4EEDD5CACDBCC5F87A74B72546875D8ACD112CF982033","Installed relationship-export metadata only; preserve exact declaration/path/hash fields; not publisher/code confirmation or runtime result.","Conservative project rule derived from relationship type and profile presence; not an upstream claim or compatibility finding.","No ordering action while the target is outside this profile; do not add it solely for this declaration. If both packages are later active, preserve the declared order; infer no code/API integration.","","No","Target is outside the selected 294-row profile; no in-profile endpoint feature comparison is asserted.","Pending; not run; no compatibility claim."
"RIMREL-20260927-0399","399","182","Questionable Ethics Enhanced (Continued)","Mlie.QuestionableEthicsEnhanced","RR-STA;RR-EVD;RR-THREAT;RR-DLC;RR-MP;RR-COMPAT","docs/research/reviews/mods/2850854272-Mlie.QuestionableEthicsEnhanced.md","IncompatibleWith","","","Ogliss.Ykara.HarvestEverything","False","Outside selected 294-mod profile","","","workshop/294100/2850854272/About/About.xml","07A3C667B6B6729378D4EEDD5CACDBCC5F87A74B72546875D8ACD112CF982033","Installed relationship-export metadata only; preserve exact declaration/path/hash fields; not publisher/code confirmation or runtime result.","Conservative project rule derived from relationship type and profile presence; not an upstream claim or compatibility finding.","Keep the declared target outside the Rimrooms profile; do not auto-add it. If a future profile selects both endpoints, block the pair pending owner review and exact-profile testing.","","No","Target is outside the selected 294-row profile; no in-profile endpoint feature comparison is asserted.","Pending; not run; no compatibility claim."
"RIMREL-20260927-0400","400","183","Real Faction Guest (Continued)","Mlie.RealFactionGuest","RR-STA;RR-MSN;RR-COMPAT","docs/research/reviews/mods/2886929245-Mlie.RealFactionGuest.md","Requires","1","Harmony","brrainz.harmony","True","In selected 294-mod profile","RR-MP;RR-COMPAT","docs/research/reviews/mods/2009463077-brrainz.harmony.md","workshop/294100/2886929245/About/About.xml","B40C72B4707FC6A637535D1378E3BDFAFF1D0EE3DA7EC220F790381570B19AC9","Installed relationship-export metadata only; preserve exact declaration/path/hash fields; not publisher/code confirmation or runtime result.","Conservative project rule derived from relationship type and profile presence; not an upstream claim or compatibility finding.","Honor the source mod's declared dependency only while that source mod is enabled; do not make an optional source mod or optional dependency a Rimrooms hard dependency.","","No","No shared non-generic feature tags between in-profile endpoints; RR-COMPAT is excluded by rule.","Pending; not run; no compatibility claim."
"RIMREL-20260927-0401","401","183","Real Faction Guest (Continued)","Mlie.RealFactionGuest","RR-STA;RR-MSN;RR-COMPAT","docs/research/reviews/mods/2886929245-Mlie.RealFactionGuest.md","LoadAfter","1","Harmony","brrainz.harmony","True","In selected 294-mod profile","RR-MP;RR-COMPAT","docs/research/reviews/mods/2009463077-brrainz.harmony.md","workshop/294100/2886929245/About/About.xml","B40C72B4707FC6A637535D1378E3BDFAFF1D0EE3DA7EC220F790381570B19AC9","Installed relationship-export metadata only; preserve exact declaration/path/hash fields; not publisher/code confirmation or runtime result.","Conservative project rule derived from relationship type and profile presence; not an upstream claim or compatibility finding.","Preserve this order only when both source and target packages are active; infer no code/API integration from the ordering declaration.","","No","No shared non-generic feature tags between in-profile endpoints; RR-COMPAT is excluded by rule.","Pending; not run; no compatibility claim."
"RIMREL-20260927-0402","402","185","ReBuild: Doors and Corners","ReBuild.COTR.DoorsAndCorners","RR-FAC;RR-GATE;RR-THREAT;RR-SPACEFLIGHT;RR-STYLE;RR-COMPAT","docs/research/reviews/mods/3262718980-ReBuild.COTR.DoorsAndCorners.md","Requires","14","Vanilla Expanded Framework","OskarPotocki.VanillaFactionsExpanded.Core","True","In selected 294-mod profile","RR-SPACEFLIGHT;RR-COMPAT","docs/research/reviews/mods/2023507013-OskarPotocki.VanillaFactionsExpanded.Core.md","workshop/294100/3262718980/About/About.xml","AE26EFD376A1BD5DD6203C4A6E304F81026BC762EB55DE534B765D8505D57265","Installed relationship-export metadata only; preserve exact declaration/path/hash fields; not publisher/code confirmation or runtime result.","Conservative project rule derived from relationship type and profile presence; not an upstream claim or compatibility finding.","Honor the source mod's declared dependency only while that source mod is enabled; do not make an optional source mod or optional dependency a Rimrooms hard dependency.","RR-SPACEFLIGHT","Yes","In-profile endpoints share non-generic feature tag(s): RR-SPACEFLIGHT. Candidate only; runtime test pending.","Pending; not run; no compatibility claim."
"RIMREL-20260927-0403","403","185","ReBuild: Doors and Corners","ReBuild.COTR.DoorsAndCorners","RR-FAC;RR-GATE;RR-THREAT;RR-SPACEFLIGHT;RR-STYLE;RR-COMPAT","docs/research/reviews/mods/3262718980-ReBuild.COTR.DoorsAndCorners.md","LoadAfter","1","Harmony","brrainz.harmony","True","In selected 294-mod profile","RR-MP;RR-COMPAT","docs/research/reviews/mods/2009463077-brrainz.harmony.md","workshop/294100/3262718980/About/About.xml","AE26EFD376A1BD5DD6203C4A6E304F81026BC762EB55DE534B765D8505D57265","Installed relationship-export metadata only; preserve exact declaration/path/hash fields; not publisher/code confirmation or runtime result.","Conservative project rule derived from relationship type and profile presence; not an upstream claim or compatibility finding.","Preserve this order only when both source and target packages are active; infer no code/API integration from the ordering declaration.","","No","No shared non-generic feature tags between in-profile endpoints; RR-COMPAT is excluded by rule.","Pending; not run; no compatibility claim."
"RIMREL-20260927-0404","404","185","ReBuild: Doors and Corners","ReBuild.COTR.DoorsAndCorners","RR-FAC;RR-GATE;RR-THREAT;RR-SPACEFLIGHT;RR-STYLE;RR-COMPAT","docs/research/reviews/mods/3262718980-ReBuild.COTR.DoorsAndCorners.md","LoadAfter","4","Core","Ludeon.RimWorld","True","In selected 294-mod profile","RR-SCEN;RR-FAC;RR-STA;RR-GATE;RR-EXP;RR-SPACE;RR-EVD;RR-THREAT;RR-MSN;RR-ECO;RR-OUT;RR-DLC;RR-UI;RR-COMPAT","docs/research/reviews/mods/official-4-Ludeon.RimWorld.md","workshop/294100/3262718980/About/About.xml","AE26EFD376A1BD5DD6203C4A6E304F81026BC762EB55DE534B765D8505D57265","Installed relationship-export metadata only; preserve exact declaration/path/hash fields; not publisher/code confirmation or runtime result.","Conservative project rule derived from relationship type and profile presence; not an upstream claim or compatibility finding.","Preserve this order only when both source and target packages are active; infer no code/API integration from the ordering declaration.","RR-FAC;RR-GATE;RR-THREAT","Yes","In-profile endpoints share non-generic feature tag(s): RR-FAC;RR-GATE;RR-THREAT. Candidate only; runtime test pending.","Pending; not run; no compatibility claim."
"RIMREL-20260927-0405","405","185","ReBuild: Doors and Corners","ReBuild.COTR.DoorsAndCorners","RR-FAC;RR-GATE;RR-THREAT;RR-SPACEFLIGHT;RR-STYLE;RR-COMPAT","docs/research/reviews/mods/3262718980-ReBuild.COTR.DoorsAndCorners.md","LoadAfter","5","Royalty","Ludeon.RimWorld.Royalty","True","In selected 294-mod profile","RR-STA;RR-MSN;RR-DLC;RR-COMPAT","docs/research/reviews/mods/official-5-Ludeon.RimWorld.Royalty.md","workshop/294100/3262718980/About/About.xml","AE26EFD376A1BD5DD6203C4A6E304F81026BC762EB55DE534B765D8505D57265","Installed relationship-export metadata only; preserve exact declaration/path/hash fields; not publisher/code confirmation or runtime result.","Conservative project rule derived from relationship type and profile presence; not an upstream claim or compatibility finding.","Preserve this order only when both source and target packages are active; infer no code/API integration from the ordering declaration.","","No","No shared non-generic feature tags between in-profile endpoints; RR-COMPAT is excluded by rule.","Pending; not run; no compatibility claim."
"RIMREL-20260927-0406","406","185","ReBuild: Doors and Corners","ReBuild.COTR.DoorsAndCorners","RR-FAC;RR-GATE;RR-THREAT;RR-SPACEFLIGHT;RR-STYLE;RR-COMPAT","docs/research/reviews/mods/3262718980-ReBuild.COTR.DoorsAndCorners.md","LoadAfter","6","Ideology","Ludeon.RimWorld.Ideology","True","In selected 294-mod profile","RR-STA;RR-DLC;RR-COMPAT","docs/research/reviews/mods/official-6-Ludeon.RimWorld.Ideology.md","workshop/294100/3262718980/About/About.xml","AE26EFD376A1BD5DD6203C4A6E304F81026BC762EB55DE534B765D8505D57265","Installed relationship-export metadata only; preserve exact declaration/path/hash fields; not publisher/code confirmation or runtime result.","Conservative project rule derived from relationship type and profile presence; not an upstream claim or compatibility finding.","Preserve this order only when both source and target packages are active; infer no code/API integration from the ordering declaration.","","No","No shared non-generic feature tags between in-profile endpoints; RR-COMPAT is excluded by rule.","Pending; not run; no compatibility claim."
"RIMREL-20260927-0407","407","185","ReBuild: Doors and Corners","ReBuild.COTR.DoorsAndCorners","RR-FAC;RR-GATE;RR-THREAT;RR-SPACEFLIGHT;RR-STYLE;RR-COMPAT","docs/research/reviews/mods/3262718980-ReBuild.COTR.DoorsAndCorners.md","LoadAfter","7","Biotech","Ludeon.RimWorld.Biotech","True","In selected 294-mod profile","RR-STA;RR-FAC;RR-DLC;RR-COMPAT","docs/research/reviews/mods/official-7-Ludeon.RimWorld.Biotech.md","workshop/294100/3262718980/About/About.xml","AE26EFD376A1BD5DD6203C4A6E304F81026BC762EB55DE534B765D8505D57265","Installed relationship-export metadata only; preserve exact declaration/path/hash fields; not publisher/code confirmation or runtime result.","Conservative project rule derived from relationship type and profile presence; not an upstream claim or compatibility finding.","Preserve this order only when both source and target packages are active; infer no code/API integration from the ordering declaration.","RR-FAC","Yes","In-profile endpoints share non-generic feature tag(s): RR-FAC. Candidate only; runtime test pending.","Pending; not run; no compatibility claim."
"RIMREL-20260927-0408","408","185","ReBuild: Doors and Corners","ReBuild.COTR.DoorsAndCorners","RR-FAC;RR-GATE;RR-THREAT;RR-SPACEFLIGHT;RR-STYLE;RR-COMPAT","docs/research/reviews/mods/3262718980-ReBuild.COTR.DoorsAndCorners.md","LoadAfter","8","Anomaly","Ludeon.RimWorld.Anomaly","True","In selected 294-mod profile","RR-THREAT;RR-EVD;RR-EXP;RR-MSN;RR-DLC;RR-COMPAT","docs/research/reviews/mods/official-8-Ludeon.RimWorld.Anomaly.md","workshop/294100/3262718980/About/About.xml","AE26EFD376A1BD5DD6203C4A6E304F81026BC762EB55DE534B765D8505D57265","Installed relationship-export metadata only; preserve exact declaration/path/hash fields; not publisher/code confirmation or runtime result.","Conservative project rule derived from relationship type and profile presence; not an upstream claim or compatibility finding.","Preserve this order only when both source and target packages are active; infer no code/API integration from the ordering declaration.","RR-THREAT","Yes","In-profile endpoints share non-generic feature tag(s): RR-THREAT. Candidate only; runtime test pending.","Pending; not run; no compatibility claim."
"RIMREL-20260927-0409","409","185","ReBuild: Doors and Corners","ReBuild.COTR.DoorsAndCorners","RR-FAC;RR-GATE;RR-THREAT;RR-SPACEFLIGHT;RR-STYLE;RR-COMPAT","docs/research/reviews/mods/3262718980-ReBuild.COTR.DoorsAndCorners.md","LoadAfter","14","Vanilla Expanded Framework","OskarPotocki.VanillaFactionsExpanded.Core","True","In selected 294-mod profile","RR-SPACEFLIGHT;RR-COMPAT","docs/research/reviews/mods/2023507013-OskarPotocki.VanillaFactionsExpanded.Core.md","workshop/294100/3262718980/About/About.xml","AE26EFD376A1BD5DD6203C4A6E304F81026BC762EB55DE534B765D8505D57265","Installed relationship-export metadata only; preserve exact declaration/path/hash fields; not publisher/code confirmation or runtime result.","Conservative project rule derived from relationship type and profile presence; not an upstream claim or compatibility finding.","Preserve this order only when both source and target packages are active; infer no code/API integration from the ordering declaration.","RR-SPACEFLIGHT","Yes","In-profile endpoints share non-generic feature tag(s): RR-SPACEFLIGHT. Candidate only; runtime test pending.","Pending; not run; no compatibility claim."
"RIMREL-20260927-0410","410","185","ReBuild: Doors and Corners","ReBuild.COTR.DoorsAndCorners","RR-FAC;RR-GATE;RR-THREAT;RR-SPACEFLIGHT;RR-STYLE;RR-COMPAT","docs/research/reviews/mods/3262718980-ReBuild.COTR.DoorsAndCorners.md","LoadAfter","","","NanoCE.GlassLights","False","Outside selected 294-mod profile","","","workshop/294100/3262718980/About/About.xml","AE26EFD376A1BD5DD6203C4A6E304F81026BC762EB55DE534B765D8505D57265","Installed relationship-export metadata only; preserve exact declaration/path/hash fields; not publisher/code confirmation or runtime result.","Conservative project rule derived from relationship type and profile presence; not an upstream claim or compatibility finding.","No ordering action while the target is outside this profile; do not add it solely for this declaration. If both packages are later active, preserve the declared order; infer no code/API integration.","","No","Target is outside the selected 294-row profile; no in-profile endpoint feature comparison is asserted.","Pending; not run; no compatibility claim."
"RIMREL-20260927-0411","411","185","ReBuild: Doors and Corners","ReBuild.COTR.DoorsAndCorners","RR-FAC;RR-GATE;RR-THREAT;RR-SPACEFLIGHT;RR-STYLE;RR-COMPAT","docs/research/reviews/mods/3262718980-ReBuild.COTR.DoorsAndCorners.md","LoadAfter","","","Neronix17.Outland.Core","False","Outside selected 294-mod profile","","","workshop/294100/3262718980/About/About.xml","AE26EFD376A1BD5DD6203C4A6E304F81026BC762EB55DE534B765D8505D57265","Installed relationship-export metadata only; preserve exact declaration/path/hash fields; not publisher/code confirmation or runtime result.","Conservative project rule derived from relationship type and profile presence; not an upstream claim or compatibility finding.","No ordering action while the target is outside this profile; do not add it solely for this declaration. If both packages are later active, preserve the declared order; infer no code/API integration.","","No","Target is outside the selected 294-row profile; no in-profile endpoint feature comparison is asserted.","Pending; not run; no compatibility claim."
"RIMREL-20260927-0412","412","185","ReBuild: Doors and Corners","ReBuild.COTR.DoorsAndCorners","RR-FAC;RR-GATE;RR-THREAT;RR-SPACEFLIGHT;RR-STYLE;RR-COMPAT","docs/research/reviews/mods/3262718980-ReBuild.COTR.DoorsAndCorners.md","LoadAfter","","","Sarg.AlphaMemes","False","Outside selected 294-mod profile","","","workshop/294100/3262718980/About/About.xml","AE26EFD376A1BD5DD6203C4A6E304F81026BC762EB55DE534B765D8505D57265","Installed relationship-export metadata only; preserve exact declaration/path/hash fields; not publisher/code confirmation or runtime result.","Conservative project rule derived from relationship type and profile presence; not an upstream claim or compatibility finding.","No ordering action while the target is outside this profile; do not add it solely for this declaration. If both packages are later active, preserve the declared order; infer no code/API integration.","","No","Target is outside the selected 294-row profile; no in-profile endpoint feature comparison is asserted.","Pending; not run; no compatibility claim."
"RIMREL-20260927-0413","413","185","ReBuild: Doors and Corners","ReBuild.COTR.DoorsAndCorners","RR-FAC;RR-GATE;RR-THREAT;RR-SPACEFLIGHT;RR-STYLE;RR-COMPAT","docs/research/reviews/mods/3262718980-ReBuild.COTR.DoorsAndCorners.md","LoadAfter","","","VanillaExpanded.VFEA","False","Outside selected 294-mod profile","","","workshop/294100/3262718980/About/About.xml","AE26EFD376A1BD5DD6203C4A6E304F81026BC762EB55DE534B765D8505D57265","Installed relationship-export metadata only; preserve exact declaration/path/hash fields; not publisher/code confirmation or runtime result.","Conservative project rule derived from relationship type and profile presence; not an upstream claim or compatibility finding.","No ordering action while the target is outside this profile; do not add it solely for this declaration. If both packages are later active, preserve the declared order; infer no code/API integration.","","No","Target is outside the selected 294-row profile; no in-profile endpoint feature comparison is asserted.","Pending; not run; no compatibility claim."
"RIMREL-20260927-0414","414","185","ReBuild: Doors and Corners","ReBuild.COTR.DoorsAndCorners","RR-FAC;RR-GATE;RR-THREAT;RR-SPACEFLIGHT;RR-STYLE;RR-COMPAT","docs/research/reviews/mods/3262718980-ReBuild.COTR.DoorsAndCorners.md","LoadAfter","","","VanillaExpanded.VFEArchitect","False","Outside selected 294-mod profile","","","workshop/294100/3262718980/About/About.xml","AE26EFD376A1BD5DD6203C4A6E304F81026BC762EB55DE534B765D8505D57265","Installed relationship-export metadata only; preserve exact declaration/path/hash fields; not publisher/code confirmation or runtime result.","Conservative project rule derived from relationship type and profile presence; not an upstream claim or compatibility finding.","No ordering action while the target is outside this profile; do not add it solely for this declaration. If both packages are later active, preserve the declared order; infer no code/API integration.","","No","Target is outside the selected 294-row profile; no in-profile endpoint feature comparison is asserted.","Pending; not run; no compatibility claim."
"RIMREL-20260927-0415","415","185","ReBuild: Doors and Corners","ReBuild.COTR.DoorsAndCorners","RR-FAC;RR-GATE;RR-THREAT;RR-SPACEFLIGHT;RR-STYLE;RR-COMPAT","docs/research/reviews/mods/3262718980-ReBuild.COTR.DoorsAndCorners.md","LoadAfter","","","VanillaExpanded.VFEArt","False","Outside selected 294-mod profile","","","workshop/294100/3262718980/About/About.xml","AE26EFD376A1BD5DD6203C4A6E304F81026BC762EB55DE534B765D8505D57265","Installed relationship-export metadata only; preserve exact declaration/path/hash fields; not publisher/code confirmation or runtime result.","Conservative project rule derived from relationship type and profile presence; not an upstream claim or compatibility finding.","No ordering action while the target is outside this profile; do not add it solely for this declaration. If both packages are later active, preserve the declared order; infer no code/API integration.","","No","Target is outside the selected 294-row profile; no in-profile endpoint feature comparison is asserted.","Pending; not run; no compatibility claim."
"RIMREL-20260927-0416","416","185","ReBuild: Doors and Corners","ReBuild.COTR.DoorsAndCorners","RR-FAC;RR-GATE;RR-THREAT;RR-SPACEFLIGHT;RR-STYLE;RR-COMPAT","docs/research/reviews/mods/3262718980-ReBuild.COTR.DoorsAndCorners.md","LoadAfter","","","VanillaExpanded.VFEMedical","False","Outside selected 294-mod profile","","","workshop/294100/3262718980/About/About.xml","AE26EFD376A1BD5DD6203C4A6E304F81026BC762EB55DE534B765D8505D57265","Installed relationship-export metadata only; preserve exact declaration/path/hash fields; not publisher/code confirmation or runtime result.","Conservative project rule derived from relationship type and profile presence; not an upstream claim or compatibility finding.","No ordering action while the target is outside this profile; do not add it solely for this declaration. If both packages are later active, preserve the declared order; infer no code/API integration.","","No","Target is outside the selected 294-row profile; no in-profile endpoint feature comparison is asserted.","Pending; not run; no compatibility claim."
"RIMREL-20260927-0417","417","185","ReBuild: Doors and Corners","ReBuild.COTR.DoorsAndCorners","RR-FAC;RR-GATE;RR-THREAT;RR-SPACEFLIGHT;RR-STYLE;RR-COMPAT","docs/research/reviews/mods/3262718980-ReBuild.COTR.DoorsAndCorners.md","LoadAfter","","","VanillaExpanded.VFESpacer","False","Outside selected 294-mod profile","","","workshop/294100/3262718980/About/About.xml","AE26EFD376A1BD5DD6203C4A6E304F81026BC762EB55DE534B765D8505D57265","Installed relationship-export metadata only; preserve exact declaration/path/hash fields; not publisher/code confirmation or runtime result.","Conservative project rule derived from relationship type and profile presence; not an upstream claim or compatibility finding.","No ordering action while the target is outside this profile; do not add it solely for this declaration. If both packages are later active, preserve the declared order; infer no code/API integration.","","No","Target is outside the selected 294-row profile; no in-profile endpoint feature comparison is asserted.","Pending; not run; no compatibility claim."
"RIMREL-20260927-0418","418","185","ReBuild: Doors and Corners","ReBuild.COTR.DoorsAndCorners","RR-FAC;RR-GATE;RR-THREAT;RR-SPACEFLIGHT;RR-STYLE;RR-COMPAT","docs/research/reviews/mods/3262718980-ReBuild.COTR.DoorsAndCorners.md","LoadAfter","","","VanillaExpanded.VTEXVariations","False","Outside selected 294-mod profile","","","workshop/294100/3262718980/About/About.xml","AE26EFD376A1BD5DD6203C4A6E304F81026BC762EB55DE534B765D8505D57265","Installed relationship-export metadata only; preserve exact declaration/path/hash fields; not publisher/code confirmation or runtime result.","Conservative project rule derived from relationship type and profile presence; not an upstream claim or compatibility finding.","No ordering action while the target is outside this profile; do not add it solely for this declaration. If both packages are later active, preserve the declared order; infer no code/API integration.","","No","Target is outside the selected 294-row profile; no in-profile endpoint feature comparison is asserted.","Pending; not run; no compatibility claim."
"RIMREL-20260927-0419","419","185","ReBuild: Doors and Corners","ReBuild.COTR.DoorsAndCorners","RR-FAC;RR-GATE;RR-THREAT;RR-SPACEFLIGHT;RR-STYLE;RR-COMPAT","docs/research/reviews/mods/3262718980-ReBuild.COTR.DoorsAndCorners.md","LoadAfter","","","kentington.saveourship2","False","Outside selected 294-mod profile","","","workshop/294100/3262718980/About/About.xml","AE26EFD376A1BD5DD6203C4A6E304F81026BC762EB55DE534B765D8505D57265","Installed relationship-export metadata only; preserve exact declaration/path/hash fields; not publisher/code confirmation or runtime result.","Conservative project rule derived from relationship type and profile presence; not an upstream claim or compatibility finding.","No ordering action while the target is outside this profile; do not add it solely for this declaration. If both packages are later active, preserve the declared order; infer no code/API integration.","","No","Target is outside the selected 294-row profile; no in-profile endpoint feature comparison is asserted.","Pending; not run; no compatibility claim."
"RIMREL-20260927-0420","420","185","ReBuild: Doors and Corners","ReBuild.COTR.DoorsAndCorners","RR-FAC;RR-GATE;RR-THREAT;RR-SPACEFLIGHT;RR-STYLE;RR-COMPAT","docs/research/reviews/mods/3262718980-ReBuild.COTR.DoorsAndCorners.md","LoadAfter","","","GT.Sam.BasicDoubleDoors","False","Outside selected 294-mod profile","","","workshop/294100/3262718980/About/About.xml","AE26EFD376A1BD5DD6203C4A6E304F81026BC762EB55DE534B765D8505D57265","Installed relationship-export metadata only; preserve exact declaration/path/hash fields; not publisher/code confirmation or runtime result.","Conservative project rule derived from relationship type and profile presence; not an upstream claim or compatibility finding.","No ordering action while the target is outside this profile; do not add it solely for this declaration. If both packages are later active, preserve the declared order; infer no code/API integration.","","No","Target is outside the selected 294-row profile; no in-profile endpoint feature comparison is asserted.","Pending; not run; no compatibility claim."
"RIMREL-20260927-0421","421","185","ReBuild: Doors and Corners","ReBuild.COTR.DoorsAndCorners","RR-FAC;RR-GATE;RR-THREAT;RR-SPACEFLIGHT;RR-STYLE;RR-COMPAT","docs/research/reviews/mods/3262718980-ReBuild.COTR.DoorsAndCorners.md","LoadAfter","","","VanillaExpanded.VTEXE.SOS2","False","Outside selected 294-mod profile","","","workshop/294100/3262718980/About/About.xml","AE26EFD376A1BD5DD6203C4A6E304F81026BC762EB55DE534B765D8505D57265","Installed relationship-export metadata only; preserve exact declaration/path/hash fields; not publisher/code confirmation or runtime result.","Conservative project rule derived from relationship type and profile presence; not an upstream claim or compatibility finding.","No ordering action while the target is outside this profile; do not add it solely for this declaration. If both packages are later active, preserve the declared order; infer no code/API integration.","","No","Target is outside the selected 294-row profile; no in-profile endpoint feature comparison is asserted.","Pending; not run; no compatibility claim."
"RIMREL-20260927-0422","422","185","ReBuild: Doors and Corners","ReBuild.COTR.DoorsAndCorners","RR-FAC;RR-GATE;RR-THREAT;RR-SPACEFLIGHT;RR-STYLE;RR-COMPAT","docs/research/reviews/mods/3262718980-ReBuild.COTR.DoorsAndCorners.md","IncompatibleWith","","","tikubonn.DontBlockDoor","False","Outside selected 294-mod profile","","","workshop/294100/3262718980/About/About.xml","AE26EFD376A1BD5DD6203C4A6E304F81026BC762EB55DE534B765D8505D57265","Installed relationship-export metadata only; preserve exact declaration/path/hash fields; not publisher/code confirmation or runtime result.","Conservative project rule derived from relationship type and profile presence; not an upstream claim or compatibility finding.","Keep the declared target outside the Rimrooms profile; do not auto-add it. If a future profile selects both endpoints, block the pair pending owner review and exact-profile testing.","","No","Target is outside the selected 294-row profile; no in-profile endpoint feature comparison is asserted.","Pending; not run; no compatibility claim."
"RIMREL-20260927-0423","423","185","ReBuild: Doors and Corners","ReBuild.COTR.DoorsAndCorners","RR-FAC;RR-GATE;RR-THREAT;RR-SPACEFLIGHT;RR-STYLE;RR-COMPAT","docs/research/reviews/mods/3262718980-ReBuild.COTR.DoorsAndCorners.md","IncompatibleWith","","","Owlchemist.DoorClearance","False","Outside selected 294-mod profile","","","workshop/294100/3262718980/About/About.xml","AE26EFD376A1BD5DD6203C4A6E304F81026BC762EB55DE534B765D8505D57265","Installed relationship-export metadata only; preserve exact declaration/path/hash fields; not publisher/code confirmation or runtime result.","Conservative project rule derived from relationship type and profile presence; not an upstream claim or compatibility finding.","Keep the declared target outside the Rimrooms profile; do not auto-add it. If a future profile selects both endpoints, block the pair pending owner review and exact-profile testing.","","No","Target is outside the selected 294-row profile; no in-profile endpoint feature comparison is asserted.","Pending; not run; no compatibility claim."
"RIMREL-20260927-0424","424","185","ReBuild: Doors and Corners","ReBuild.COTR.DoorsAndCorners","RR-FAC;RR-GATE;RR-THREAT;RR-SPACEFLIGHT;RR-STYLE;RR-COMPAT","docs/research/reviews/mods/3262718980-ReBuild.COTR.DoorsAndCorners.md","IncompatibleWith","","","Owlchemist.PerspectiveDoors","False","Outside selected 294-mod profile","","","workshop/294100/3262718980/About/About.xml","AE26EFD376A1BD5DD6203C4A6E304F81026BC762EB55DE534B765D8505D57265","Installed relationship-export metadata only; preserve exact declaration/path/hash fields; not publisher/code confirmation or runtime result.","Conservative project rule derived from relationship type and profile presence; not an upstream claim or compatibility finding.","Keep the declared target outside the Rimrooms profile; do not auto-add it. If a future profile selects both endpoints, block the pair pending owner review and exact-profile testing.","","No","Target is outside the selected 294-row profile; no in-profile endpoint feature comparison is asserted.","Pending; not run; no compatibility claim."
"RIMREL-20260927-0425","425","185","ReBuild: Doors and Corners","ReBuild.COTR.DoorsAndCorners","RR-FAC;RR-GATE;RR-THREAT;RR-SPACEFLIGHT;RR-STYLE;RR-COMPAT","docs/research/reviews/mods/3262718980-ReBuild.COTR.DoorsAndCorners.md","IncompatibleWith","","","Mlie.SilentDoors","False","Outside selected 294-mod profile","","","workshop/294100/3262718980/About/About.xml","AE26EFD376A1BD5DD6203C4A6E304F81026BC762EB55DE534B765D8505D57265","Installed relationship-export metadata only; preserve exact declaration/path/hash fields; not publisher/code confirmation or runtime result.","Conservative project rule derived from relationship type and profile presence; not an upstream claim or compatibility finding.","Keep the declared target outside the Rimrooms profile; do not auto-add it. If a future profile selects both endpoints, block the pair pending owner review and exact-profile testing.","","No","Target is outside the selected 294-row profile; no in-profile endpoint feature comparison is asserted.","Pending; not run; no compatibility claim."
"RIMREL-20260927-0426","426","186","Recipe icons (Continued)","Mlie.RecipeIcons","RR-UI;RR-FAC;RR-EXP;RR-COMPAT","docs/research/reviews/mods/2904906618-Mlie.RecipeIcons.md","Requires","1","Harmony","brrainz.harmony","True","In selected 294-mod profile","RR-MP;RR-COMPAT","docs/research/reviews/mods/2009463077-brrainz.harmony.md","workshop/294100/2904906618/About/About.xml","C55ADA5EF0224831EECE9167E2EBA4EDE5B285F10A02BAD51208AB2CB80F0ABF","Installed relationship-export metadata only; preserve exact declaration/path/hash fields; not publisher/code confirmation or runtime result.","Conservative project rule derived from relationship type and profile presence; not an upstream claim or compatibility finding.","Honor the source mod's declared dependency only while that source mod is enabled; do not make an optional source mod or optional dependency a Rimrooms hard dependency.","","No","No shared non-generic feature tags between in-profile endpoints; RR-COMPAT is excluded by rule.","Pending; not run; no compatibility claim."
"RIMREL-20260927-0427","427","186","Recipe icons (Continued)","Mlie.RecipeIcons","RR-UI;RR-FAC;RR-EXP;RR-COMPAT","docs/research/reviews/mods/2904906618-Mlie.RecipeIcons.md","LoadAfter","1","Harmony","brrainz.harmony","True","In selected 294-mod profile","RR-MP;RR-COMPAT","docs/research/reviews/mods/2009463077-brrainz.harmony.md","workshop/294100/2904906618/About/About.xml","C55ADA5EF0224831EECE9167E2EBA4EDE5B285F10A02BAD51208AB2CB80F0ABF","Installed relationship-export metadata only; preserve exact declaration/path/hash fields; not publisher/code confirmation or runtime result.","Conservative project rule derived from relationship type and profile presence; not an upstream claim or compatibility finding.","Preserve this order only when both source and target packages are active; infer no code/API integration from the ordering declaration.","","No","No shared non-generic feature tags between in-profile endpoints; RR-COMPAT is excluded by rule.","Pending; not run; no compatibility claim."
"RIMREL-20260927-0428","428","187","Remote Doors (Continued)","Mlie.RemoteDoors","RR-FAC;RR-GATE;RR-THREAT;RR-COMPAT","docs/research/reviews/mods/2243274070-Mlie.RemoteDoors.md","Requires","1","Harmony","brrainz.harmony","True","In selected 294-mod profile","RR-MP;RR-COMPAT","docs/research/reviews/mods/2009463077-brrainz.harmony.md","workshop/294100/2243274070/About/About.xml","07FB4C65A5F7FD51D95BB5B599932E01DFCD99C2C43FCA2AE0EA5A4B27930DD6","Installed relationship-export metadata only; preserve exact declaration/path/hash fields; not publisher/code confirmation or runtime result.","Conservative project rule derived from relationship type and profile presence; not an upstream claim or compatibility finding.","Honor the source mod's declared dependency only while that source mod is enabled; do not make an optional source mod or optional dependency a Rimrooms hard dependency.","","No","No shared non-generic feature tags between in-profile endpoints; RR-COMPAT is excluded by rule.","Pending; not run; no compatibility claim."
"RIMREL-20260927-0429","429","187","Remote Doors (Continued)","Mlie.RemoteDoors","RR-FAC;RR-GATE;RR-THREAT;RR-COMPAT","docs/research/reviews/mods/2243274070-Mlie.RemoteDoors.md","LoadAfter","1","Harmony","brrainz.harmony","True","In selected 294-mod profile","RR-MP;RR-COMPAT","docs/research/reviews/mods/2009463077-brrainz.harmony.md","workshop/294100/2243274070/About/About.xml","07FB4C65A5F7FD51D95BB5B599932E01DFCD99C2C43FCA2AE0EA5A4B27930DD6","Installed relationship-export metadata only; preserve exact declaration/path/hash fields; not publisher/code confirmation or runtime result.","Conservative project rule derived from relationship type and profile presence; not an upstream claim or compatibility finding.","Preserve this order only when both source and target packages are active; infer no code/API integration from the ordering declaration.","","No","No shared non-generic feature tags between in-profile endpoints; RR-COMPAT is excluded by rule.","Pending; not run; no compatibility claim."
"RIMREL-20260927-0430","430","188","Removable Mt.Rock Roof Patch","Proxyer.RemovableMtRockRoofPatche","RR-FAC;RR-SPACE;RR-THREAT;RR-COMPAT;RR-DLC","docs/research/reviews/mods/1541438898-Proxyer.RemovableMtRockRoofPatche.md","LoadAfter","4","Core","Ludeon.RimWorld","True","In selected 294-mod profile","RR-SCEN;RR-FAC;RR-STA;RR-GATE;RR-EXP;RR-SPACE;RR-EVD;RR-THREAT;RR-MSN;RR-ECO;RR-OUT;RR-DLC;RR-UI;RR-COMPAT","docs/research/reviews/mods/official-4-Ludeon.RimWorld.md","workshop/294100/1541438898/About/About.xml","770052E04A3EA04D7980F4545BA3BBCCC4A2CECFA6EBCFC420815B481C9266A1","Installed relationship-export metadata only; preserve exact declaration/path/hash fields; not publisher/code confirmation or runtime result.","Conservative project rule derived from relationship type and profile presence; not an upstream claim or compatibility finding.","Preserve this order only when both source and target packages are active; infer no code/API integration from the ordering declaration.","RR-DLC;RR-FAC;RR-SPACE;RR-THREAT","Yes","In-profile endpoints share non-generic feature tag(s): RR-DLC;RR-FAC;RR-SPACE;RR-THREAT. Candidate only; runtime test pending.","Pending; not run; no compatibility claim."
"RIMREL-20260927-0431","431","188","Removable Mt.Rock Roof Patch","Proxyer.RemovableMtRockRoofPatche","RR-FAC;RR-SPACE;RR-THREAT;RR-COMPAT;RR-DLC","docs/research/reviews/mods/1541438898-Proxyer.RemovableMtRockRoofPatche.md","LoadAfter","5","Royalty","Ludeon.RimWorld.Royalty","True","In selected 294-mod profile","RR-STA;RR-MSN;RR-DLC;RR-COMPAT","docs/research/reviews/mods/official-5-Ludeon.RimWorld.Royalty.md","workshop/294100/1541438898/About/About.xml","770052E04A3EA04D7980F4545BA3BBCCC4A2CECFA6EBCFC420815B481C9266A1","Installed relationship-export metadata only; preserve exact declaration/path/hash fields; not publisher/code confirmation or runtime result.","Conservative project rule derived from relationship type and profile presence; not an upstream claim or compatibility finding.","Preserve this order only when both source and target packages are active; infer no code/API integration from the ordering declaration.","RR-DLC","Yes","In-profile endpoints share non-generic feature tag(s): RR-DLC. Candidate only; runtime test pending.","Pending; not run; no compatibility claim."
"RIMREL-20260927-0432","432","188","Removable Mt.Rock Roof Patch","Proxyer.RemovableMtRockRoofPatche","RR-FAC;RR-SPACE;RR-THREAT;RR-COMPAT;RR-DLC","docs/research/reviews/mods/1541438898-Proxyer.RemovableMtRockRoofPatche.md","LoadAfter","6","Ideology","Ludeon.RimWorld.Ideology","True","In selected 294-mod profile","RR-STA;RR-DLC;RR-COMPAT","docs/research/reviews/mods/official-6-Ludeon.RimWorld.Ideology.md","workshop/294100/1541438898/About/About.xml","770052E04A3EA04D7980F4545BA3BBCCC4A2CECFA6EBCFC420815B481C9266A1","Installed relationship-export metadata only; preserve exact declaration/path/hash fields; not publisher/code confirmation or runtime result.","Conservative project rule derived from relationship type and profile presence; not an upstream claim or compatibility finding.","Preserve this order only when both source and target packages are active; infer no code/API integration from the ordering declaration.","RR-DLC","Yes","In-profile endpoints share non-generic feature tag(s): RR-DLC. Candidate only; runtime test pending.","Pending; not run; no compatibility claim."
"RIMREL-20260927-0433","433","188","Removable Mt.Rock Roof Patch","Proxyer.RemovableMtRockRoofPatche","RR-FAC;RR-SPACE;RR-THREAT;RR-COMPAT;RR-DLC","docs/research/reviews/mods/1541438898-Proxyer.RemovableMtRockRoofPatche.md","LoadAfter","7","Biotech","Ludeon.RimWorld.Biotech","True","In selected 294-mod profile","RR-STA;RR-FAC;RR-DLC;RR-COMPAT","docs/research/reviews/mods/official-7-Ludeon.RimWorld.Biotech.md","workshop/294100/1541438898/About/About.xml","770052E04A3EA04D7980F4545BA3BBCCC4A2CECFA6EBCFC420815B481C9266A1","Installed relationship-export metadata only; preserve exact declaration/path/hash fields; not publisher/code confirmation or runtime result.","Conservative project rule derived from relationship type and profile presence; not an upstream claim or compatibility finding.","Preserve this order only when both source and target packages are active; infer no code/API integration from the ordering declaration.","RR-DLC;RR-FAC","Yes","In-profile endpoints share non-generic feature tag(s): RR-DLC;RR-FAC. Candidate only; runtime test pending.","Pending; not run; no compatibility claim."
"RIMREL-20260927-0434","434","188","Removable Mt.Rock Roof Patch","Proxyer.RemovableMtRockRoofPatche","RR-FAC;RR-SPACE;RR-THREAT;RR-COMPAT;RR-DLC","docs/research/reviews/mods/1541438898-Proxyer.RemovableMtRockRoofPatche.md","LoadAfter","8","Anomaly","Ludeon.RimWorld.Anomaly","True","In selected 294-mod profile","RR-THREAT;RR-EVD;RR-EXP;RR-MSN;RR-DLC;RR-COMPAT","docs/research/reviews/mods/official-8-Ludeon.RimWorld.Anomaly.md","workshop/294100/1541438898/About/About.xml","770052E04A3EA04D7980F4545BA3BBCCC4A2CECFA6EBCFC420815B481C9266A1","Installed relationship-export metadata only; preserve exact declaration/path/hash fields; not publisher/code confirmation or runtime result.","Conservative project rule derived from relationship type and profile presence; not an upstream claim or compatibility finding.","Preserve this order only when both source and target packages are active; infer no code/API integration from the ordering declaration.","RR-DLC;RR-THREAT","Yes","In-profile endpoints share non-generic feature tag(s): RR-DLC;RR-THREAT. Candidate only; runtime test pending.","Pending; not run; no compatibility claim."
"RIMREL-20260927-0435","435","188","Removable Mt.Rock Roof Patch","Proxyer.RemovableMtRockRoofPatche","RR-FAC;RR-SPACE;RR-THREAT;RR-COMPAT;RR-DLC","docs/research/reviews/mods/1541438898-Proxyer.RemovableMtRockRoofPatche.md","IncompatibleWith","","","machine.rtr","False","Outside selected 294-mod profile","","","workshop/294100/1541438898/About/About.xml","770052E04A3EA04D7980F4545BA3BBCCC4A2CECFA6EBCFC420815B481C9266A1","Installed relationship-export metadata only; preserve exact declaration/path/hash fields; not publisher/code confirmation or runtime result.","Conservative project rule derived from relationship type and profile presence; not an upstream claim or compatibility finding.","Keep the declared target outside the Rimrooms profile; do not auto-add it. If a future profile selects both endpoints, block the pair pending owner review and exact-profile testing.","","No","Target is outside the selected 294-row profile; no in-profile endpoint feature comparison is asserted.","Pending; not run; no compatibility claim."
"RIMREL-20260927-0436","436","189","Replace Stuff - Continued","Memegoddess.ReplaceStuff","RR-FAC;RR-OUT;RR-SPACE;RR-COMPAT","docs/research/reviews/mods/3526354009-Memegoddess.ReplaceStuff.md","Requires","1","Harmony","brrainz.harmony","True","In selected 294-mod profile","RR-MP;RR-COMPAT","docs/research/reviews/mods/2009463077-brrainz.harmony.md","workshop/294100/3526354009/About/About.xml","739921B538122724DC8D0575EB5189D089252DC0E035DBA11044BC6C66E4E993","Installed relationship-export metadata only; preserve exact declaration/path/hash fields; not publisher/code confirmation or runtime result.","Conservative project rule derived from relationship type and profile presence; not an upstream claim or compatibility finding.","Honor the source mod's declared dependency only while that source mod is enabled; do not make an optional source mod or optional dependency a Rimrooms hard dependency.","","No","No shared non-generic feature tags between in-profile endpoints; RR-COMPAT is excluded by rule.","Pending; not run; no compatibility claim."
"RIMREL-20260927-0437","437","189","Replace Stuff - Continued","Memegoddess.ReplaceStuff","RR-FAC;RR-OUT;RR-SPACE;RR-COMPAT","docs/research/reviews/mods/3526354009-Memegoddess.ReplaceStuff.md","IncompatibleWith","","","solaris.furniturebase","False","Outside selected 294-mod profile","","","workshop/294100/3526354009/About/About.xml","739921B538122724DC8D0575EB5189D089252DC0E035DBA11044BC6C66E4E993","Installed relationship-export metadata only; preserve exact declaration/path/hash fields; not publisher/code confirmation or runtime result.","Conservative project rule derived from relationship type and profile presence; not an upstream claim or compatibility finding.","Keep the declared target outside the Rimrooms profile; do not auto-add it. If a future profile selects both endpoints, block the pair pending owner review and exact-profile testing.","","No","Target is outside the selected 294-row profile; no in-profile endpoint feature comparison is asserted.","Pending; not run; no compatibility claim."
"RIMREL-20260927-0438","438","189","Replace Stuff - Continued","Memegoddess.ReplaceStuff","RR-FAC;RR-OUT;RR-SPACE;RR-COMPAT","docs/research/reviews/mods/3526354009-Memegoddess.ReplaceStuff.md","IncompatibleWith","","","gloomy.furniture.continued","False","Outside selected 294-mod profile","","","workshop/294100/3526354009/About/About.xml","739921B538122724DC8D0575EB5189D089252DC0E035DBA11044BC6C66E4E993","Installed relationship-export metadata only; preserve exact declaration/path/hash fields; not publisher/code confirmation or runtime result.","Conservative project rule derived from relationship type and profile presence; not an upstream claim or compatibility finding.","Keep the declared target outside the Rimrooms profile; do not auto-add it. If a future profile selects both endpoints, block the pair pending owner review and exact-profile testing.","","No","Target is outside the selected 294-row profile; no in-profile endpoint feature comparison is asserted.","Pending; not run; no compatibility claim."
"RIMREL-20260927-0439","439","190","Replantable Anima Trees (Continued)","Spuffy.AnimaReplant","RR-DLC;RR-FAC;RR-STA;RR-COMPAT","docs/research/reviews/mods/3503586725-Spuffy.AnimaReplant.md","LoadAfter","5","Royalty","Ludeon.RimWorld.Royalty","True","In selected 294-mod profile","RR-STA;RR-MSN;RR-DLC;RR-COMPAT","docs/research/reviews/mods/official-5-Ludeon.RimWorld.Royalty.md","workshop/294100/3503586725/About/About.xml","8C47393E6663257A796ED7067B14F5409941BC5B3D0A66E82840667E30EBE996","Installed relationship-export metadata only; preserve exact declaration/path/hash fields; not publisher/code confirmation or runtime result.","Conservative project rule derived from relationship type and profile presence; not an upstream claim or compatibility finding.","Preserve this order only when both source and target packages are active; infer no code/API integration from the ordering declaration.","RR-DLC;RR-STA","Yes","In-profile endpoints share non-generic feature tag(s): RR-DLC;RR-STA. Candidate only; runtime test pending.","Pending; not run; no compatibility claim."
"RIMREL-20260927-0440","440","191","ResearchTree (Eheieh Version)","eheieh.researchtree","RR-FAC;RR-GATE;RR-COMPAT","docs/research/reviews/mods/3569150345-eheieh.researchtree.md","Requires","1","Harmony","brrainz.harmony","True","In selected 294-mod profile","RR-MP;RR-COMPAT","docs/research/reviews/mods/2009463077-brrainz.harmony.md","workshop/294100/3569150345/About/About.xml","D8F817E00063EDEF8C5AAF51B821ED25D79646A9CF4FA97D1335831105088FF5","Installed relationship-export metadata only; preserve exact declaration/path/hash fields; not publisher/code confirmation or runtime result.","Conservative project rule derived from relationship type and profile presence; not an upstream claim or compatibility finding.","Honor the source mod's declared dependency only while that source mod is enabled; do not make an optional source mod or optional dependency a Rimrooms hard dependency.","","No","No shared non-generic feature tags between in-profile endpoints; RR-COMPAT is excluded by rule.","Pending; not run; no compatibility claim."
"RIMREL-20260927-0441","441","191","ResearchTree (Eheieh Version)","eheieh.researchtree","RR-FAC;RR-GATE;RR-COMPAT","docs/research/reviews/mods/3569150345-eheieh.researchtree.md","LoadAfter","1","Harmony","brrainz.harmony","True","In selected 294-mod profile","RR-MP;RR-COMPAT","docs/research/reviews/mods/2009463077-brrainz.harmony.md","workshop/294100/3569150345/About/About.xml","D8F817E00063EDEF8C5AAF51B821ED25D79646A9CF4FA97D1335831105088FF5","Installed relationship-export metadata only; preserve exact declaration/path/hash fields; not publisher/code confirmation or runtime result.","Conservative project rule derived from relationship type and profile presence; not an upstream claim or compatibility finding.","Preserve this order only when both source and target packages are active; infer no code/API integration from the ordering declaration.","","No","No shared non-generic feature tags between in-profile endpoints; RR-COMPAT is excluded by rule.","Pending; not run; no compatibility claim."
"RIMREL-20260927-0442","442","192","Restraints","BDew.Restraints","RR-STA;RR-THREAT;RR-COMPAT","docs/research/reviews/mods/1578234826-BDew.Restraints.md","Requires","13","HugsLib","UnlimitedHugs.HugsLib","True","In selected 294-mod profile","RR-COMPAT","docs/research/reviews/mods/818773962-UnlimitedHugs.HugsLib.md","workshop/294100/1578234826/About/About.xml","D3C1AD084603C817A51280EA4166F7E5153C0FCE4F23160A61CD64F78B61726C","Installed relationship-export metadata only; preserve exact declaration/path/hash fields; not publisher/code confirmation or runtime result.","Conservative project rule derived from relationship type and profile presence; not an upstream claim or compatibility finding.","Honor the source mod's declared dependency only while that source mod is enabled; do not make an optional source mod or optional dependency a Rimrooms hard dependency.","","No","No shared non-generic feature tags between in-profile endpoints; RR-COMPAT is excluded by rule.","Pending; not run; no compatibility claim."
"RIMREL-20260927-0443","443","192","Restraints","BDew.Restraints","RR-STA;RR-THREAT;RR-COMPAT","docs/research/reviews/mods/1578234826-BDew.Restraints.md","LoadAfter","13","HugsLib","UnlimitedHugs.HugsLib","True","In selected 294-mod profile","RR-COMPAT","docs/research/reviews/mods/818773962-UnlimitedHugs.HugsLib.md","workshop/294100/1578234826/About/About.xml","D3C1AD084603C817A51280EA4166F7E5153C0FCE4F23160A61CD64F78B61726C","Installed relationship-export metadata only; preserve exact declaration/path/hash fields; not publisher/code confirmation or runtime result.","Conservative project rule derived from relationship type and profile presence; not an upstream claim or compatibility finding.","Preserve this order only when both source and target packages are active; infer no code/API integration from the ordering declaration.","","No","No shared non-generic feature tags between in-profile endpoints; RR-COMPAT is excluded by rule.","Pending; not run; no compatibility claim."
"RIMREL-20260927-0444","444","193","ReTend","temmie3754.retend.1","RR-STA;RR-EXP;RR-COMPAT","docs/research/reviews/mods/3523724230-temmie3754.retend.1.md","Requires","1","Harmony","brrainz.harmony","True","In selected 294-mod profile","RR-MP;RR-COMPAT","docs/research/reviews/mods/2009463077-brrainz.harmony.md","workshop/294100/3523724230/About/About.xml","A5E5E96CDD762D319271E060DAF6958E152E9FB1D3BBB979401BCF805FBD0311","Installed relationship-export metadata only; preserve exact declaration/path/hash fields; not publisher/code confirmation or runtime result.","Conservative project rule derived from relationship type and profile presence; not an upstream claim or compatibility finding.","Honor the source mod's declared dependency only while that source mod is enabled; do not make an optional source mod or optional dependency a Rimrooms hard dependency.","","No","No shared non-generic feature tags between in-profile endpoints; RR-COMPAT is excluded by rule.","Pending; not run; no compatibility claim."
"RIMREL-20260927-0445","445","195","RimFridge: Now with Shelves!","rimfridge.kv.rw","RR-FAC;RR-STA;RR-EVD;RR-ECO;RR-SPACEFLIGHT;RR-COMPAT","docs/research/reviews/mods/2898411376-rimfridge.kv.rw.md","Requires","1","Harmony","brrainz.harmony","True","In selected 294-mod profile","RR-MP;RR-COMPAT","docs/research/reviews/mods/2009463077-brrainz.harmony.md","workshop/294100/2898411376/About/About.xml","A045EF76F0FAB2E5371A7F6EE5CB65F6CDE198060217C913703FBA1015DBF90B","Installed relationship-export metadata only; preserve exact declaration/path/hash fields; not publisher/code confirmation or runtime result.","Conservative project rule derived from relationship type and profile presence; not an upstream claim or compatibility finding.","Honor the source mod's declared dependency only while that source mod is enabled; do not make an optional source mod or optional dependency a Rimrooms hard dependency.","","No","No shared non-generic feature tags between in-profile endpoints; RR-COMPAT is excluded by rule.","Pending; not run; no compatibility claim."
"RIMREL-20260927-0446","446","196","RimWorld Together","nova.rimworldtogether","RR-MP;RR-ECO;RR-COMPAT","docs/research/reviews/mods/3005289691-nova.rimworldtogether.md","Requires","1","Harmony","brrainz.harmony","True","In selected 294-mod profile","RR-MP;RR-COMPAT","docs/research/reviews/mods/2009463077-brrainz.harmony.md","workshop/294100/3005289691/About/About.xml","1984F9F24432168DFE503D67A33209798227F3CB479B6022BCD2F11CFA60536F","Installed relationship-export metadata only; preserve exact declaration/path/hash fields; not publisher/code confirmation or runtime result.","Conservative project rule derived from relationship type and profile presence; not an upstream claim or compatibility finding.","Honor the source mod's declared dependency only while that source mod is enabled; do not make an optional source mod or optional dependency a Rimrooms hard dependency.","RR-MP","Yes","In-profile endpoints share non-generic feature tag(s): RR-MP. Candidate only; runtime test pending.","Pending; not run; no compatibility claim."
"RIMREL-20260927-0447","447","196","RimWorld Together","nova.rimworldtogether","RR-MP;RR-ECO;RR-COMPAT","docs/research/reviews/mods/3005289691-nova.rimworldtogether.md","LoadAfter","1","Harmony","brrainz.harmony","True","In selected 294-mod profile","RR-MP;RR-COMPAT","docs/research/reviews/mods/2009463077-brrainz.harmony.md","workshop/294100/3005289691/About/About.xml","1984F9F24432168DFE503D67A33209798227F3CB479B6022BCD2F11CFA60536F","Installed relationship-export metadata only; preserve exact declaration/path/hash fields; not publisher/code confirmation or runtime result.","Conservative project rule derived from relationship type and profile presence; not an upstream claim or compatibility finding.","Preserve this order only when both source and target packages are active; infer no code/API integration from the ordering declaration.","RR-MP","Yes","In-profile endpoints share non-generic feature tag(s): RR-MP. Candidate only; runtime test pending.","Pending; not run; no compatibility claim."
"RIMREL-20260927-0448","448","196","RimWorld Together","nova.rimworldtogether","RR-MP;RR-ECO;RR-COMPAT","docs/research/reviews/mods/3005289691-nova.rimworldtogether.md","LoadAfter","4","Core","Ludeon.RimWorld","True","In selected 294-mod profile","RR-SCEN;RR-FAC;RR-STA;RR-GATE;RR-EXP;RR-SPACE;RR-EVD;RR-THREAT;RR-MSN;RR-ECO;RR-OUT;RR-DLC;RR-UI;RR-COMPAT","docs/research/reviews/mods/official-4-Ludeon.RimWorld.md","workshop/294100/3005289691/About/About.xml","1984F9F24432168DFE503D67A33209798227F3CB479B6022BCD2F11CFA60536F","Installed relationship-export metadata only; preserve exact declaration/path/hash fields; not publisher/code confirmation or runtime result.","Conservative project rule derived from relationship type and profile presence; not an upstream claim or compatibility finding.","Preserve this order only when both source and target packages are active; infer no code/API integration from the ordering declaration.","RR-ECO","Yes","In-profile endpoints share non-generic feature tag(s): RR-ECO. Candidate only; runtime test pending.","Pending; not run; no compatibility claim."
"RIMREL-20260927-0449","449","196","RimWorld Together","nova.rimworldtogether","RR-MP;RR-ECO;RR-COMPAT","docs/research/reviews/mods/3005289691-nova.rimworldtogether.md","LoadAfter","5","Royalty","Ludeon.RimWorld.Royalty","True","In selected 294-mod profile","RR-STA;RR-MSN;RR-DLC;RR-COMPAT","docs/research/reviews/mods/official-5-Ludeon.RimWorld.Royalty.md","workshop/294100/3005289691/About/About.xml","1984F9F24432168DFE503D67A33209798227F3CB479B6022BCD2F11CFA60536F","Installed relationship-export metadata only; preserve exact declaration/path/hash fields; not publisher/code confirmation or runtime result.","Conservative project rule derived from relationship type and profile presence; not an upstream claim or compatibility finding.","Preserve this order only when both source and target packages are active; infer no code/API integration from the ordering declaration.","","No","No shared non-generic feature tags between in-profile endpoints; RR-COMPAT is excluded by rule.","Pending; not run; no compatibility claim."
"RIMREL-20260927-0450","450","196","RimWorld Together","nova.rimworldtogether","RR-MP;RR-ECO;RR-COMPAT","docs/research/reviews/mods/3005289691-nova.rimworldtogether.md","LoadAfter","6","Ideology","Ludeon.Rimworld.Ideology","True","In selected 294-mod profile","RR-STA;RR-DLC;RR-COMPAT","docs/research/reviews/mods/official-6-Ludeon.RimWorld.Ideology.md","workshop/294100/3005289691/About/About.xml","1984F9F24432168DFE503D67A33209798227F3CB479B6022BCD2F11CFA60536F","Installed relationship-export metadata only; preserve exact declaration/path/hash fields; not publisher/code confirmation or runtime result.","Conservative project rule derived from relationship type and profile presence; not an upstream claim or compatibility finding.","Preserve this order only when both source and target packages are active; infer no code/API integration from the ordering declaration.","","No","No shared non-generic feature tags between in-profile endpoints; RR-COMPAT is excluded by rule.","Pending; not run; no compatibility claim."
"RIMREL-20260927-0451","451","196","RimWorld Together","nova.rimworldtogether","RR-MP;RR-ECO;RR-COMPAT","docs/research/reviews/mods/3005289691-nova.rimworldtogether.md","LoadAfter","7","Biotech","Ludeon.Rimworld.Biotech","True","In selected 294-mod profile","RR-STA;RR-FAC;RR-DLC;RR-COMPAT","docs/research/reviews/mods/official-7-Ludeon.RimWorld.Biotech.md","workshop/294100/3005289691/About/About.xml","1984F9F24432168DFE503D67A33209798227F3CB479B6022BCD2F11CFA60536F","Installed relationship-export metadata only; preserve exact declaration/path/hash fields; not publisher/code confirmation or runtime result.","Conservative project rule derived from relationship type and profile presence; not an upstream claim or compatibility finding.","Preserve this order only when both source and target packages are active; infer no code/API integration from the ordering declaration.","","No","No shared non-generic feature tags between in-profile endpoints; RR-COMPAT is excluded by rule.","Pending; not run; no compatibility claim."
"RIMREL-20260927-0452","452","196","RimWorld Together","nova.rimworldtogether","RR-MP;RR-ECO;RR-COMPAT","docs/research/reviews/mods/3005289691-nova.rimworldtogether.md","LoadAfter","9","Odyssey","Ludeon.Rimworld.Odyssey","True","In selected 294-mod profile","RR-SPACEFLIGHT;RR-OUT;RR-EXP;RR-MSN;RR-ECO;RR-DLC;RR-COMPAT","docs/research/reviews/mods/official-9-Ludeon.RimWorld.Odyssey.md","workshop/294100/3005289691/About/About.xml","1984F9F24432168DFE503D67A33209798227F3CB479B6022BCD2F11CFA60536F","Installed relationship-export metadata only; preserve exact declaration/path/hash fields; not publisher/code confirmation or runtime result.","Conservative project rule derived from relationship type and profile presence; not an upstream claim or compatibility finding.","Preserve this order only when both source and target packages are active; infer no code/API integration from the ordering declaration.","RR-ECO","Yes","In-profile endpoints share non-generic feature tag(s): RR-ECO. Candidate only; runtime test pending.","Pending; not run; no compatibility claim."
"RIMREL-20260927-0453","453","196","RimWorld Together","nova.rimworldtogether","RR-MP;RR-ECO;RR-COMPAT","docs/research/reviews/mods/3005289691-nova.rimworldtogether.md","IncompatibleWith","","","jikulopo.prepatcher","False","Outside selected 294-mod profile","","","workshop/294100/3005289691/About/About.xml","1984F9F24432168DFE503D67A33209798227F3CB479B6022BCD2F11CFA60536F","Installed relationship-export metadata only; preserve exact declaration/path/hash fields; not publisher/code confirmation or runtime result.","Conservative project rule derived from relationship type and profile presence; not an upstream claim or compatibility finding.","Keep the declared target outside the Rimrooms profile; do not auto-add it. If a future profile selects both endpoints, block the pair pending owner review and exact-profile testing.","","No","Target is outside the selected 294-row profile; no in-profile endpoint feature comparison is asserted.","Pending; not run; no compatibility claim."
"RIMREL-20260927-0454","454","197","Romance On The Rim","telardo.RomanceOnTheRim","RR-STA;RR-EXP;RR-DLC;RR-MP;RR-COMPAT","docs/research/reviews/mods/2654432921-telardo.RomanceOnTheRim.md","Requires","1","Harmony","brrainz.harmony","True","In selected 294-mod profile","RR-MP;RR-COMPAT","docs/research/reviews/mods/2009463077-brrainz.harmony.md","workshop/294100/2654432921/About/About.xml","5652A9B70D233273F4447000721D3A26080C9900C8E1262F84779CBD75A10F2E","Installed relationship-export metadata only; preserve exact declaration/path/hash fields; not publisher/code confirmation or runtime result.","Conservative project rule derived from relationship type and profile presence; not an upstream claim or compatibility finding.","Honor the source mod's declared dependency only while that source mod is enabled; do not make an optional source mod or optional dependency a Rimrooms hard dependency.","RR-MP","Yes","In-profile endpoints share non-generic feature tag(s): RR-MP. Candidate only; runtime test pending.","Pending; not run; no compatibility claim."
"RIMREL-20260927-0455","455","197","Romance On The Rim","telardo.RomanceOnTheRim","RR-STA;RR-EXP;RR-DLC;RR-MP;RR-COMPAT","docs/research/reviews/mods/2654432921-telardo.RomanceOnTheRim.md","LoadAfter","","","Jaxe.Bubbles","False","Outside selected 294-mod profile","","","workshop/294100/2654432921/About/About.xml","5652A9B70D233273F4447000721D3A26080C9900C8E1262F84779CBD75A10F2E","Installed relationship-export metadata only; preserve exact declaration/path/hash fields; not publisher/code confirmation or runtime result.","Conservative project rule derived from relationship type and profile presence; not an upstream claim or compatibility finding.","No ordering action while the target is outside this profile; do not add it solely for this declaration. If both packages are later active, preserve the declared order; infer no code/API integration.","","No","Target is outside the selected 294-row profile; no in-profile endpoint feature comparison is asserted.","Pending; not run; no compatibility claim."
"RIMREL-20260927-0456","456","198","RunAndGun - Continued","MemeGoddess.RunAndGun","RR-STA;RR-EXP;RR-THREAT;RR-COMPAT","docs/research/reviews/mods/3562365100-MemeGoddess.RunAndGun.md","IncompatibleWith","","","roolo.dualwield","False","Outside selected 294-mod profile","","","workshop/294100/3562365100/About/About.xml","A1020E848EA46A28CAC98523F7B927D105E7AAF3111ABD285BACE0BBE2A43D6F","Installed relationship-export metadata only; preserve exact declaration/path/hash fields; not publisher/code confirmation or runtime result.","Conservative project rule derived from relationship type and profile presence; not an upstream claim or compatibility finding.","Keep the declared target outside the Rimrooms profile; do not auto-add it. If a future profile selects both endpoints, block the pair pending owner review and exact-profile testing.","","No","Target is outside the selected 294-row profile; no in-profile endpoint feature comparison is asserted.","Pending; not run; no compatibility claim."
"RIMREL-20260927-0457","457","199","Safely Hidden Away (Continued)","Mlie.SafelyHiddenAway","RR-OUT;RR-MSN;RR-THREAT;RR-COMPAT","docs/research/reviews/mods/3546378186-Mlie.SafelyHiddenAway.md","Requires","1","Harmony","brrainz.harmony","True","In selected 294-mod profile","RR-MP;RR-COMPAT","docs/research/reviews/mods/2009463077-brrainz.harmony.md","workshop/294100/3546378186/About/About.xml","C7D556A330B886263A847845057C9B6918472DAC46349C9CC63ED6C2E6F797E7","Installed relationship-export metadata only; preserve exact declaration/path/hash fields; not publisher/code confirmation or runtime result.","Conservative project rule derived from relationship type and profile presence; not an upstream claim or compatibility finding.","Honor the source mod's declared dependency only while that source mod is enabled; do not make an optional source mod or optional dependency a Rimrooms hard dependency.","","No","No shared non-generic feature tags between in-profile endpoints; RR-COMPAT is excluded by rule.","Pending; not run; no compatibility claim."
"RIMREL-20260927-0458","458","199","Safely Hidden Away (Continued)","Mlie.SafelyHiddenAway","RR-OUT;RR-MSN;RR-THREAT;RR-COMPAT","docs/research/reviews/mods/3546378186-Mlie.SafelyHiddenAway.md","LoadAfter","1","Harmony","brrainz.harmony","True","In selected 294-mod profile","RR-MP;RR-COMPAT","docs/research/reviews/mods/2009463077-brrainz.harmony.md","workshop/294100/3546378186/About/About.xml","C7D556A330B886263A847845057C9B6918472DAC46349C9CC63ED6C2E6F797E7","Installed relationship-export metadata only; preserve exact declaration/path/hash fields; not publisher/code confirmation or runtime result.","Conservative project rule derived from relationship type and profile presence; not an upstream claim or compatibility finding.","Preserve this order only when both source and target packages are active; infer no code/API integration from the ordering declaration.","","No","No shared non-generic feature tags between in-profile endpoints; RR-COMPAT is excluded by rule.","Pending; not run; no compatibility claim."
"RIMREL-20260927-0459","459","200","Search and Destroy (Continued)","MemeGoddess.SearchAndDestroy","RR-THREAT;RR-EXP;RR-STA;RR-COMPAT","docs/research/reviews/mods/3232242247-MemeGoddess.SearchAndDestroy.md","Requires","1","Harmony","brrainz.harmony","True","In selected 294-mod profile","RR-MP;RR-COMPAT","docs/research/reviews/mods/2009463077-brrainz.harmony.md","workshop/294100/3232242247/About/About.xml","0A91846977FEAA7C4CF032DA070D3546E911096838B4DF41EF8E874F3F9000F7","Installed relationship-export metadata only; preserve exact declaration/path/hash fields; not publisher/code confirmation or runtime result.","Conservative project rule derived from relationship type and profile presence; not an upstream claim or compatibility finding.","Honor the source mod's declared dependency only while that source mod is enabled; do not make an optional source mod or optional dependency a Rimrooms hard dependency.","","No","No shared non-generic feature tags between in-profile endpoints; RR-COMPAT is excluded by rule.","Pending; not run; no compatibility claim."
"RIMREL-20260927-0460","460","200","Search and Destroy (Continued)","MemeGoddess.SearchAndDestroy","RR-THREAT;RR-EXP;RR-STA;RR-COMPAT","docs/research/reviews/mods/3232242247-MemeGoddess.SearchAndDestroy.md","LoadAfter","14","Vanilla Expanded Framework","OskarPotocki.VanillaFactionsExpanded.Core","True","In selected 294-mod profile","RR-SPACEFLIGHT;RR-COMPAT","docs/research/reviews/mods/2023507013-OskarPotocki.VanillaFactionsExpanded.Core.md","workshop/294100/3232242247/About/About.xml","0A91846977FEAA7C4CF032DA070D3546E911096838B4DF41EF8E874F3F9000F7","Installed relationship-export metadata only; preserve exact declaration/path/hash fields; not publisher/code confirmation or runtime result.","Conservative project rule derived from relationship type and profile presence; not an upstream claim or compatibility finding.","Preserve this order only when both source and target packages are active; infer no code/API integration from the ordering declaration.","","No","No shared non-generic feature tags between in-profile endpoints; RR-COMPAT is excluded by rule.","Pending; not run; no compatibility claim."
"RIMREL-20260927-0461","461","200","Search and Destroy (Continued)","MemeGoddess.SearchAndDestroy","RR-THREAT;RR-EXP;RR-STA;RR-COMPAT","docs/research/reviews/mods/3232242247-MemeGoddess.SearchAndDestroy.md","LoadAfter","","","Aoba.DeadManSwitch.Core","False","Outside selected 294-mod profile","","","workshop/294100/3232242247/About/About.xml","0A91846977FEAA7C4CF032DA070D3546E911096838B4DF41EF8E874F3F9000F7","Installed relationship-export metadata only; preserve exact declaration/path/hash fields; not publisher/code confirmation or runtime result.","Conservative project rule derived from relationship type and profile presence; not an upstream claim or compatibility finding.","No ordering action while the target is outside this profile; do not add it solely for this declaration. If both packages are later active, preserve the declared order; infer no code/API integration.","","No","Target is outside the selected 294-row profile; no in-profile endpoint feature comparison is asserted.","Pending; not run; no compatibility claim."
"RIMREL-20260927-0462","462","200","Search and Destroy (Continued)","MemeGoddess.SearchAndDestroy","RR-THREAT;RR-EXP;RR-STA;RR-COMPAT","docs/research/reviews/mods/3232242247-MemeGoddess.SearchAndDestroy.md","LoadAfter","","","onyxae.dragonsdescent","False","Outside selected 294-mod profile","","","workshop/294100/3232242247/About/About.xml","0A91846977FEAA7C4CF032DA070D3546E911096838B4DF41EF8E874F3F9000F7","Installed relationship-export metadata only; preserve exact declaration/path/hash fields; not publisher/code confirmation or runtime result.","Conservative project rule derived from relationship type and profile presence; not an upstream claim or compatibility finding.","No ordering action while the target is outside this profile; do not add it solely for this declaration. If both packages are later active, preserve the declared order; infer no code/API integration.","","No","Target is outside the selected 294-row profile; no in-profile endpoint feature comparison is asserted.","Pending; not run; no compatibility claim."
"RIMREL-20260927-0463","463","201","Secret Passage Doors (Continued)","Mlie.SecretPassageDoors","RR-FAC;RR-THREAT;RR-STYLE;RR-COMPAT","docs/research/reviews/mods/2412682633-Mlie.SecretPassageDoors.md","Requires","1","Harmony","brrainz.harmony","True","In selected 294-mod profile","RR-MP;RR-COMPAT","docs/research/reviews/mods/2009463077-brrainz.harmony.md","workshop/294100/2412682633/About/About.xml","9E0A1E4E1AE6394CE4B0D45A2C96D65538A2119379589788F8E49EA4D74FDECD","Installed relationship-export metadata only; preserve exact declaration/path/hash fields; not publisher/code confirmation or runtime result.","Conservative project rule derived from relationship type and profile presence; not an upstream claim or compatibility finding.","Honor the source mod's declared dependency only while that source mod is enabled; do not make an optional source mod or optional dependency a Rimrooms hard dependency.","","No","No shared non-generic feature tags between in-profile endpoints; RR-COMPAT is excluded by rule.","Pending; not run; no compatibility claim."
"RIMREL-20260927-0464","464","201","Secret Passage Doors (Continued)","Mlie.SecretPassageDoors","RR-FAC;RR-THREAT;RR-STYLE;RR-COMPAT","docs/research/reviews/mods/2412682633-Mlie.SecretPassageDoors.md","LoadAfter","1","Harmony","brrainz.harmony","True","In selected 294-mod profile","RR-MP;RR-COMPAT","docs/research/reviews/mods/2009463077-brrainz.harmony.md","workshop/294100/2412682633/About/About.xml","9E0A1E4E1AE6394CE4B0D45A2C96D65538A2119379589788F8E49EA4D74FDECD","Installed relationship-export metadata only; preserve exact declaration/path/hash fields; not publisher/code confirmation or runtime result.","Conservative project rule derived from relationship type and profile presence; not an upstream claim or compatibility finding.","Preserve this order only when both source and target packages are active; infer no code/API integration from the ordering declaration.","","No","No shared non-generic feature tags between in-profile endpoints; RR-COMPAT is excluded by rule.","Pending; not run; no compatibility claim."
"RIMREL-20260927-0465","465","202","Sentience Catalyst Filth Rate Reducer","FlyingSloth.SCFilthReducer","RR-FAC;RR-STA;RR-THREAT;RR-DLC;RR-COMPAT","docs/research/reviews/mods/3525790312-FlyingSloth.SCFilthReducer.md","Requires","9","Odyssey","Ludeon.RimWorld.Odyssey","True","In selected 294-mod profile","RR-SPACEFLIGHT;RR-OUT;RR-EXP;RR-MSN;RR-ECO;RR-DLC;RR-COMPAT","docs/research/reviews/mods/official-9-Ludeon.RimWorld.Odyssey.md","workshop/294100/3525790312/About/About.xml","EEFB8F08A0CAF80B89C1557268D99F47C3BA4BF0457A14083B65A3FA08005F22","Installed relationship-export metadata only; preserve exact declaration/path/hash fields; not publisher/code confirmation or runtime result.","Conservative project rule derived from relationship type and profile presence; not an upstream claim or compatibility finding.","Honor the source mod's declared dependency only while that source mod is enabled; do not make an optional source mod or optional dependency a Rimrooms hard dependency.","RR-DLC","Yes","In-profile endpoints share non-generic feature tag(s): RR-DLC. Candidate only; runtime test pending.","Pending; not run; no compatibility claim."
"RIMREL-20260927-0466","466","202","Sentience Catalyst Filth Rate Reducer","FlyingSloth.SCFilthReducer","RR-FAC;RR-STA;RR-THREAT;RR-DLC;RR-COMPAT","docs/research/reviews/mods/3525790312-FlyingSloth.SCFilthReducer.md","LoadAfter","4","Core","Ludeon.RimWorld","True","In selected 294-mod profile","RR-SCEN;RR-FAC;RR-STA;RR-GATE;RR-EXP;RR-SPACE;RR-EVD;RR-THREAT;RR-MSN;RR-ECO;RR-OUT;RR-DLC;RR-UI;RR-COMPAT","docs/research/reviews/mods/official-4-Ludeon.RimWorld.md","workshop/294100/3525790312/About/About.xml","EEFB8F08A0CAF80B89C1557268D99F47C3BA4BF0457A14083B65A3FA08005F22","Installed relationship-export metadata only; preserve exact declaration/path/hash fields; not publisher/code confirmation or runtime result.","Conservative project rule derived from relationship type and profile presence; not an upstream claim or compatibility finding.","Preserve this order only when both source and target packages are active; infer no code/API integration from the ordering declaration.","RR-DLC;RR-FAC;RR-STA;RR-THREAT","Yes","In-profile endpoints share non-generic feature tag(s): RR-DLC;RR-FAC;RR-STA;RR-THREAT. Candidate only; runtime test pending.","Pending; not run; no compatibility claim."
"RIMREL-20260927-0467","467","202","Sentience Catalyst Filth Rate Reducer","FlyingSloth.SCFilthReducer","RR-FAC;RR-STA;RR-THREAT;RR-DLC;RR-COMPAT","docs/research/reviews/mods/3525790312-FlyingSloth.SCFilthReducer.md","LoadAfter","5","Royalty","Ludeon.RimWorld.Royalty","True","In selected 294-mod profile","RR-STA;RR-MSN;RR-DLC;RR-COMPAT","docs/research/reviews/mods/official-5-Ludeon.RimWorld.Royalty.md","workshop/294100/3525790312/About/About.xml","EEFB8F08A0CAF80B89C1557268D99F47C3BA4BF0457A14083B65A3FA08005F22","Installed relationship-export metadata only; preserve exact declaration/path/hash fields; not publisher/code confirmation or runtime result.","Conservative project rule derived from relationship type and profile presence; not an upstream claim or compatibility finding.","Preserve this order only when both source and target packages are active; infer no code/API integration from the ordering declaration.","RR-DLC;RR-STA","Yes","In-profile endpoints share non-generic feature tag(s): RR-DLC;RR-STA. Candidate only; runtime test pending.","Pending; not run; no compatibility claim."
"RIMREL-20260927-0468","468","202","Sentience Catalyst Filth Rate Reducer","FlyingSloth.SCFilthReducer","RR-FAC;RR-STA;RR-THREAT;RR-DLC;RR-COMPAT","docs/research/reviews/mods/3525790312-FlyingSloth.SCFilthReducer.md","LoadAfter","6","Ideology","Ludeon.RimWorld.Ideology","True","In selected 294-mod profile","RR-STA;RR-DLC;RR-COMPAT","docs/research/reviews/mods/official-6-Ludeon.RimWorld.Ideology.md","workshop/294100/3525790312/About/About.xml","EEFB8F08A0CAF80B89C1557268D99F47C3BA4BF0457A14083B65A3FA08005F22","Installed relationship-export metadata only; preserve exact declaration/path/hash fields; not publisher/code confirmation or runtime result.","Conservative project rule derived from relationship type and profile presence; not an upstream claim or compatibility finding.","Preserve this order only when both source and target packages are active; infer no code/API integration from the ordering declaration.","RR-DLC;RR-STA","Yes","In-profile endpoints share non-generic feature tag(s): RR-DLC;RR-STA. Candidate only; runtime test pending.","Pending; not run; no compatibility claim."
"RIMREL-20260927-0469","469","202","Sentience Catalyst Filth Rate Reducer","FlyingSloth.SCFilthReducer","RR-FAC;RR-STA;RR-THREAT;RR-DLC;RR-COMPAT","docs/research/reviews/mods/3525790312-FlyingSloth.SCFilthReducer.md","LoadAfter","7","Biotech","Ludeon.RimWorld.Biotech","True","In selected 294-mod profile","RR-STA;RR-FAC;RR-DLC;RR-COMPAT","docs/research/reviews/mods/official-7-Ludeon.RimWorld.Biotech.md","workshop/294100/3525790312/About/About.xml","EEFB8F08A0CAF80B89C1557268D99F47C3BA4BF0457A14083B65A3FA08005F22","Installed relationship-export metadata only; preserve exact declaration/path/hash fields; not publisher/code confirmation or runtime result.","Conservative project rule derived from relationship type and profile presence; not an upstream claim or compatibility finding.","Preserve this order only when both source and target packages are active; infer no code/API integration from the ordering declaration.","RR-DLC;RR-FAC;RR-STA","Yes","In-profile endpoints share non-generic feature tag(s): RR-DLC;RR-FAC;RR-STA. Candidate only; runtime test pending.","Pending; not run; no compatibility claim."
"RIMREL-20260927-0470","470","202","Sentience Catalyst Filth Rate Reducer","FlyingSloth.SCFilthReducer","RR-FAC;RR-STA;RR-THREAT;RR-DLC;RR-COMPAT","docs/research/reviews/mods/3525790312-FlyingSloth.SCFilthReducer.md","LoadAfter","9","Odyssey","Ludeon.RimWorld.Odyssey","True","In selected 294-mod profile","RR-SPACEFLIGHT;RR-OUT;RR-EXP;RR-MSN;RR-ECO;RR-DLC;RR-COMPAT","docs/research/reviews/mods/official-9-Ludeon.RimWorld.Odyssey.md","workshop/294100/3525790312/About/About.xml","EEFB8F08A0CAF80B89C1557268D99F47C3BA4BF0457A14083B65A3FA08005F22","Installed relationship-export metadata only; preserve exact declaration/path/hash fields; not publisher/code confirmation or runtime result.","Conservative project rule derived from relationship type and profile presence; not an upstream claim or compatibility finding.","Preserve this order only when both source and target packages are active; infer no code/API integration from the ordering declaration.","RR-DLC","Yes","In-profile endpoints share non-generic feature tag(s): RR-DLC. Candidate only; runtime test pending.","Pending; not run; no compatibility claim."
"RIMREL-20260927-0471","471","202","Sentience Catalyst Filth Rate Reducer","FlyingSloth.SCFilthReducer","RR-FAC;RR-STA;RR-THREAT;RR-DLC;RR-COMPAT","docs/research/reviews/mods/3525790312-FlyingSloth.SCFilthReducer.md","LoadAfter","1","Harmony","brrainz.harmony","True","In selected 294-mod profile","RR-MP;RR-COMPAT","docs/research/reviews/mods/2009463077-brrainz.harmony.md","workshop/294100/3525790312/About/About.xml","EEFB8F08A0CAF80B89C1557268D99F47C3BA4BF0457A14083B65A3FA08005F22","Installed relationship-export metadata only; preserve exact declaration/path/hash fields; not publisher/code confirmation or runtime result.","Conservative project rule derived from relationship type and profile presence; not an upstream claim or compatibility finding.","Preserve this order only when both source and target packages are active; infer no code/API integration from the ordering declaration.","","No","No shared non-generic feature tags between in-profile endpoints; RR-COMPAT is excluded by rule.","Pending; not run; no compatibility claim."
"RIMREL-20260927-0472","472","203","Shit Rimworld Says (Continued)","Mlie.ShitRimworldSays","RR-UI;RR-COMPAT","docs/research/reviews/mods/3374039039-Mlie.ShitRimworldSays.md","Requires","1","Harmony","brrainz.harmony","True","In selected 294-mod profile","RR-MP;RR-COMPAT","docs/research/reviews/mods/2009463077-brrainz.harmony.md","workshop/294100/3374039039/About/About.xml","8929E0993C3F4F01ECEFA59CD53BC81E50A8C2E838AE80DD11AE23FD1909849C","Installed relationship-export metadata only; preserve exact declaration/path/hash fields; not publisher/code confirmation or runtime result.","Conservative project rule derived from relationship type and profile presence; not an upstream claim or compatibility finding.","Honor the source mod's declared dependency only while that source mod is enabled; do not make an optional source mod or optional dependency a Rimrooms hard dependency.","","No","No shared non-generic feature tags between in-profile endpoints; RR-COMPAT is excluded by rule.","Pending; not run; no compatibility claim."
"RIMREL-20260927-0473","473","203","Shit Rimworld Says (Continued)","Mlie.ShitRimworldSays","RR-UI;RR-COMPAT","docs/research/reviews/mods/3374039039-Mlie.ShitRimworldSays.md","LoadAfter","1","Harmony","brrainz.harmony","True","In selected 294-mod profile","RR-MP;RR-COMPAT","docs/research/reviews/mods/2009463077-brrainz.harmony.md","workshop/294100/3374039039/About/About.xml","8929E0993C3F4F01ECEFA59CD53BC81E50A8C2E838AE80DD11AE23FD1909849C","Installed relationship-export metadata only; preserve exact declaration/path/hash fields; not publisher/code confirmation or runtime result.","Conservative project rule derived from relationship type and profile presence; not an upstream claim or compatibility finding.","Preserve this order only when both source and target packages are active; infer no code/API integration from the ordering declaration.","","No","No shared non-generic feature tags between in-profile endpoints; RR-COMPAT is excluded by rule.","Pending; not run; no compatibility claim."
"RIMREL-20260927-0474","474","204","Show Me Your Hands","Mlie.ShowMeYourHands","RR-STYLE;RR-THREAT;RR-COMPAT","docs/research/reviews/mods/2475965842-Mlie.ShowMeYourHands.md","Requires","1","Harmony","brrainz.harmony","True","In selected 294-mod profile","RR-MP;RR-COMPAT","docs/research/reviews/mods/2009463077-brrainz.harmony.md","workshop/294100/2475965842/About/About.xml","1ABD2C04B8610D14BA4DEB5BB6AB99B264FE9D09C70C4ABEE86F3FB93F79FEB9","Installed relationship-export metadata only; preserve exact declaration/path/hash fields; not publisher/code confirmation or runtime result.","Conservative project rule derived from relationship type and profile presence; not an upstream claim or compatibility finding.","Honor the source mod's declared dependency only while that source mod is enabled; do not make an optional source mod or optional dependency a Rimrooms hard dependency.","","No","No shared non-generic feature tags between in-profile endpoints; RR-COMPAT is excluded by rule.","Pending; not run; no compatibility claim."
"RIMREL-20260927-0475","475","204","Show Me Your Hands","Mlie.ShowMeYourHands","RR-STYLE;RR-THREAT;RR-COMPAT","docs/research/reviews/mods/2475965842-Mlie.ShowMeYourHands.md","LoadAfter","1","Harmony","brrainz.harmony","True","In selected 294-mod profile","RR-MP;RR-COMPAT","docs/research/reviews/mods/2009463077-brrainz.harmony.md","workshop/294100/2475965842/About/About.xml","1ABD2C04B8610D14BA4DEB5BB6AB99B264FE9D09C70C4ABEE86F3FB93F79FEB9","Installed relationship-export metadata only; preserve exact declaration/path/hash fields; not publisher/code confirmation or runtime result.","Conservative project rule derived from relationship type and profile presence; not an upstream claim or compatibility finding.","Preserve this order only when both source and target packages are active; infer no code/API integration from the ordering declaration.","","No","No shared non-generic feature tags between in-profile endpoints; RR-COMPAT is excluded by rule.","Pending; not run; no compatibility claim."
"RIMREL-20260927-0476","476","204","Show Me Your Hands","Mlie.ShowMeYourHands","RR-STYLE;RR-THREAT;RR-COMPAT","docs/research/reviews/mods/2475965842-Mlie.ShowMeYourHands.md","LoadAfter","","","MalteSchulze.RIMMSqol","False","Outside selected 294-mod profile","","","workshop/294100/2475965842/About/About.xml","1ABD2C04B8610D14BA4DEB5BB6AB99B264FE9D09C70C4ABEE86F3FB93F79FEB9","Installed relationship-export metadata only; preserve exact declaration/path/hash fields; not publisher/code confirmation or runtime result.","Conservative project rule derived from relationship type and profile presence; not an upstream claim or compatibility finding.","No ordering action while the target is outside this profile; do not add it solely for this declaration. If both packages are later active, preserve the declared order; infer no code/API integration.","","No","Target is outside the selected 294-row profile; no in-profile endpoint feature comparison is asserted.","Pending; not run; no compatibility claim."
"RIMREL-20260927-0477","477","204","Show Me Your Hands","Mlie.ShowMeYourHands","RR-STYLE;RR-THREAT;RR-COMPAT","docs/research/reviews/mods/2475965842-Mlie.ShowMeYourHands.md","IncompatibleWith","","","Mlie.ClutterWeaponHands","False","Outside selected 294-mod profile","","","workshop/294100/2475965842/About/About.xml","1ABD2C04B8610D14BA4DEB5BB6AB99B264FE9D09C70C4ABEE86F3FB93F79FEB9","Installed relationship-export metadata only; preserve exact declaration/path/hash fields; not publisher/code confirmation or runtime result.","Conservative project rule derived from relationship type and profile presence; not an upstream claim or compatibility finding.","Keep the declared target outside the Rimrooms profile; do not auto-add it. If a future profile selects both endpoints, block the pair pending owner review and exact-profile testing.","","No","Target is outside the selected 294-row profile; no in-profile endpoint feature comparison is asserted.","Pending; not run; no compatibility claim."
"RIMREL-20260927-0478","478","205","Simple sidearms","PeteTimesSix.SimpleSidearms","RR-STA;RR-EXP;RR-THREAT;RR-COMPAT","docs/research/reviews/mods/927155256-PeteTimesSix.SimpleSidearms.md","Requires","1","Harmony","brrainz.harmony","True","In selected 294-mod profile","RR-MP;RR-COMPAT","docs/research/reviews/mods/2009463077-brrainz.harmony.md","workshop/294100/927155256/About/About.xml","CAB676F9D34A1C8F32FB5ECEC9FDE26157DBE2E75A6EDF7912EB4A38C6C299A9","Installed relationship-export metadata only; preserve exact declaration/path/hash fields; not publisher/code confirmation or runtime result.","Conservative project rule derived from relationship type and profile presence; not an upstream claim or compatibility finding.","Honor the source mod's declared dependency only while that source mod is enabled; do not make an optional source mod or optional dependency a Rimrooms hard dependency.","","No","No shared non-generic feature tags between in-profile endpoints; RR-COMPAT is excluded by rule.","Pending; not run; no compatibility claim."
"RIMREL-20260927-0479","479","205","Simple sidearms","PeteTimesSix.SimpleSidearms","RR-STA;RR-EXP;RR-THREAT;RR-COMPAT","docs/research/reviews/mods/927155256-PeteTimesSix.SimpleSidearms.md","LoadAfter","1","Harmony","brrainz.harmony","True","In selected 294-mod profile","RR-MP;RR-COMPAT","docs/research/reviews/mods/2009463077-brrainz.harmony.md","workshop/294100/927155256/About/About.xml","CAB676F9D34A1C8F32FB5ECEC9FDE26157DBE2E75A6EDF7912EB4A38C6C299A9","Installed relationship-export metadata only; preserve exact declaration/path/hash fields; not publisher/code confirmation or runtime result.","Conservative project rule derived from relationship type and profile presence; not an upstream claim or compatibility finding.","Preserve this order only when both source and target packages are active; infer no code/API integration from the ordering declaration.","","No","No shared non-generic feature tags between in-profile endpoints; RR-COMPAT is excluded by rule.","Pending; not run; no compatibility claim."
"RIMREL-20260927-0480","480","205","Simple sidearms","PeteTimesSix.SimpleSidearms","RR-STA;RR-EXP;RR-THREAT;RR-COMPAT","docs/research/reviews/mods/927155256-PeteTimesSix.SimpleSidearms.md","LoadAfter","13","HugsLib","UnlimitedHugs.HugsLib","True","In selected 294-mod profile","RR-COMPAT","docs/research/reviews/mods/818773962-UnlimitedHugs.HugsLib.md","workshop/294100/927155256/About/About.xml","CAB676F9D34A1C8F32FB5ECEC9FDE26157DBE2E75A6EDF7912EB4A38C6C299A9","Installed relationship-export metadata only; preserve exact declaration/path/hash fields; not publisher/code confirmation or runtime result.","Conservative project rule derived from relationship type and profile presence; not an upstream claim or compatibility finding.","Preserve this order only when both source and target packages are active; infer no code/API integration from the ordering declaration.","","No","No shared non-generic feature tags between in-profile endpoints; RR-COMPAT is excluded by rule.","Pending; not run; no compatibility claim."
"RIMREL-20260927-0481","481","207","Small Furniture","Xercaine.Furniture.Small","RR-FAC;RR-STA;RR-UI;RR-COMPAT","docs/research/reviews/mods/3696700829-Xercaine.Furniture.Small.md","Requires","1","Harmony","brrainz.harmony","True","In selected 294-mod profile","RR-MP;RR-COMPAT","docs/research/reviews/mods/2009463077-brrainz.harmony.md","workshop/294100/3696700829/About/About.xml","D97E0EA089E25451DF03B84A4DFADAA6B3097F25A32DD4E1608B9620A671F824","Installed relationship-export metadata only; preserve exact declaration/path/hash fields; not publisher/code confirmation or runtime result.","Conservative project rule derived from relationship type and profile presence; not an upstream claim or compatibility finding.","Honor the source mod's declared dependency only while that source mod is enabled; do not make an optional source mod or optional dependency a Rimrooms hard dependency.","","No","No shared non-generic feature tags between in-profile endpoints; RR-COMPAT is excluded by rule.","Pending; not run; no compatibility claim."
"RIMREL-20260927-0482","482","207","Small Furniture","Xercaine.Furniture.Small","RR-FAC;RR-STA;RR-UI;RR-COMPAT","docs/research/reviews/mods/3696700829-Xercaine.Furniture.Small.md","LoadAfter","1","Harmony","brrainz.harmony","True","In selected 294-mod profile","RR-MP;RR-COMPAT","docs/research/reviews/mods/2009463077-brrainz.harmony.md","workshop/294100/3696700829/About/About.xml","D97E0EA089E25451DF03B84A4DFADAA6B3097F25A32DD4E1608B9620A671F824","Installed relationship-export metadata only; preserve exact declaration/path/hash fields; not publisher/code confirmation or runtime result.","Conservative project rule derived from relationship type and profile presence; not an upstream claim or compatibility finding.","Preserve this order only when both source and target packages are active; infer no code/API integration from the ordering declaration.","","No","No shared non-generic feature tags between in-profile endpoints; RR-COMPAT is excluded by rule.","Pending; not run; no compatibility claim."
"RIMREL-20260927-0483","483","208","Smaller radius for Anima Trees, Shrines and Animus Stones","Longman.SmallerRadiusForAnimaTreesAndShrines","RR-FAC;RR-COMPAT","docs/research/reviews/mods/2812513517-Longman.SmallerRadiusForAnimaTreesAndShrines.md","LoadAfter","5","Royalty","Ludeon.RimWorld.Royalty","True","In selected 294-mod profile","RR-STA;RR-MSN;RR-DLC;RR-COMPAT","docs/research/reviews/mods/official-5-Ludeon.RimWorld.Royalty.md","workshop/294100/2812513517/About/About.xml","BED3E2B59811D009645FF6B0C1012772AF5C34BF84FD4DE680A84B03EA56C1EB","Installed relationship-export metadata only; preserve exact declaration/path/hash fields; not publisher/code confirmation or runtime result.","Conservative project rule derived from relationship type and profile presence; not an upstream claim or compatibility finding.","Preserve this order only when both source and target packages are active; infer no code/API integration from the ordering declaration.","","No","No shared non-generic feature tags between in-profile endpoints; RR-COMPAT is excluded by rule.","Pending; not run; no compatibility claim."
"RIMREL-20260927-0484","484","209","Smart Medicine - Continued","Memegoddess.SmartMedicine","RR-STA;RR-EXP;RR-COMPAT","docs/research/reviews/mods/3526251680-Memegoddess.SmartMedicine.md","Requires","1","Harmony","brrainz.harmony","True","In selected 294-mod profile","RR-MP;RR-COMPAT","docs/research/reviews/mods/2009463077-brrainz.harmony.md","workshop/294100/3526251680/About/About.xml","C365FCD3B65CCAA923D6778D078E9D0B5A9671AB119C53949BFA4EAFB3014044","Installed relationship-export metadata only; preserve exact declaration/path/hash fields; not publisher/code confirmation or runtime result.","Conservative project rule derived from relationship type and profile presence; not an upstream claim or compatibility finding.","Honor the source mod's declared dependency only while that source mod is enabled; do not make an optional source mod or optional dependency a Rimrooms hard dependency.","","No","No shared non-generic feature tags between in-profile endpoints; RR-COMPAT is excluded by rule.","Pending; not run; no compatibility claim."
"RIMREL-20260927-0485","485","210","Smart Meditation","PureMJ.MjRimMods.SmartMeditation","RR-STA;RR-FAC;RR-COMPAT","docs/research/reviews/mods/2800676538-PureMJ.MjRimMods.SmartMeditation.md","Requires","1","Harmony","brrainz.harmony","True","In selected 294-mod profile","RR-MP;RR-COMPAT","docs/research/reviews/mods/2009463077-brrainz.harmony.md","workshop/294100/2800676538/About/About.xml","7C06CB18D5100B8F1D9B4D720D7F16E8B464394B0CD6062DC42B4AFA1A3C4576","Installed relationship-export metadata only; preserve exact declaration/path/hash fields; not publisher/code confirmation or runtime result.","Conservative project rule derived from relationship type and profile presence; not an upstream claim or compatibility finding.","Honor the source mod's declared dependency only while that source mod is enabled; do not make an optional source mod or optional dependency a Rimrooms hard dependency.","","No","No shared non-generic feature tags between in-profile endpoints; RR-COMPAT is excluded by rule.","Pending; not run; no compatibility claim."
"RIMREL-20260927-0486","486","210","Smart Meditation","PureMJ.MjRimMods.SmartMeditation","RR-STA;RR-FAC;RR-COMPAT","docs/research/reviews/mods/2800676538-PureMJ.MjRimMods.SmartMeditation.md","LoadAfter","1","Harmony","brrainz.harmony","True","In selected 294-mod profile","RR-MP;RR-COMPAT","docs/research/reviews/mods/2009463077-brrainz.harmony.md","workshop/294100/2800676538/About/About.xml","7C06CB18D5100B8F1D9B4D720D7F16E8B464394B0CD6062DC42B4AFA1A3C4576","Installed relationship-export metadata only; preserve exact declaration/path/hash fields; not publisher/code confirmation or runtime result.","Conservative project rule derived from relationship type and profile presence; not an upstream claim or compatibility finding.","Preserve this order only when both source and target packages are active; infer no code/API integration from the ordering declaration.","","No","No shared non-generic feature tags between in-profile endpoints; RR-COMPAT is excluded by rule.","Pending; not run; no compatibility claim."
"RIMREL-20260927-0487","487","211","Smart Turret Covering","denev.SmartTurretCovering","RR-FAC;RR-GATE;RR-THREAT;RR-COMPAT","docs/research/reviews/mods/2636621800-denev.SmartTurretCovering.md","Requires","1","Harmony","brrainz.harmony","True","In selected 294-mod profile","RR-MP;RR-COMPAT","docs/research/reviews/mods/2009463077-brrainz.harmony.md","workshop/294100/2636621800/About/About.xml","92F0942F34F8E16AEE32D0E76F813C7AA6ABCA25C1701F5615C2E6A8EBE8D6B1","Installed relationship-export metadata only; preserve exact declaration/path/hash fields; not publisher/code confirmation or runtime result.","Conservative project rule derived from relationship type and profile presence; not an upstream claim or compatibility finding.","Honor the source mod's declared dependency only while that source mod is enabled; do not make an optional source mod or optional dependency a Rimrooms hard dependency.","","No","No shared non-generic feature tags between in-profile endpoints; RR-COMPAT is excluded by rule.","Pending; not run; no compatibility claim."
"RIMREL-20260927-0488","488","211","Smart Turret Covering","denev.SmartTurretCovering","RR-FAC;RR-GATE;RR-THREAT;RR-COMPAT","docs/research/reviews/mods/2636621800-denev.SmartTurretCovering.md","LoadAfter","1","Harmony","brrainz.harmony","True","In selected 294-mod profile","RR-MP;RR-COMPAT","docs/research/reviews/mods/2009463077-brrainz.harmony.md","workshop/294100/2636621800/About/About.xml","92F0942F34F8E16AEE32D0E76F813C7AA6ABCA25C1701F5615C2E6A8EBE8D6B1","Installed relationship-export metadata only; preserve exact declaration/path/hash fields; not publisher/code confirmation or runtime result.","Conservative project rule derived from relationship type and profile presence; not an upstream claim or compatibility finding.","Preserve this order only when both source and target packages are active; infer no code/API integration from the ordering declaration.","","No","No shared non-generic feature tags between in-profile endpoints; RR-COMPAT is excluded by rule.","Pending; not run; no compatibility claim."
"RIMREL-20260927-0489","489","211","Smart Turret Covering","denev.SmartTurretCovering","RR-FAC;RR-GATE;RR-THREAT;RR-COMPAT","docs/research/reviews/mods/2636621800-denev.SmartTurretCovering.md","LoadAfter","4","Core","Ludeon.RimWorld","True","In selected 294-mod profile","RR-SCEN;RR-FAC;RR-STA;RR-GATE;RR-EXP;RR-SPACE;RR-EVD;RR-THREAT;RR-MSN;RR-ECO;RR-OUT;RR-DLC;RR-UI;RR-COMPAT","docs/research/reviews/mods/official-4-Ludeon.RimWorld.md","workshop/294100/2636621800/About/About.xml","92F0942F34F8E16AEE32D0E76F813C7AA6ABCA25C1701F5615C2E6A8EBE8D6B1","Installed relationship-export metadata only; preserve exact declaration/path/hash fields; not publisher/code confirmation or runtime result.","Conservative project rule derived from relationship type and profile presence; not an upstream claim or compatibility finding.","Preserve this order only when both source and target packages are active; infer no code/API integration from the ordering declaration.","RR-FAC;RR-GATE;RR-THREAT","Yes","In-profile endpoints share non-generic feature tag(s): RR-FAC;RR-GATE;RR-THREAT. Candidate only; runtime test pending.","Pending; not run; no compatibility claim."
"RIMREL-20260927-0490","490","211","Smart Turret Covering","denev.SmartTurretCovering","RR-FAC;RR-GATE;RR-THREAT;RR-COMPAT","docs/research/reviews/mods/2636621800-denev.SmartTurretCovering.md","LoadAfter","5","Royalty","Ludeon.RimWorld.Royalty","True","In selected 294-mod profile","RR-STA;RR-MSN;RR-DLC;RR-COMPAT","docs/research/reviews/mods/official-5-Ludeon.RimWorld.Royalty.md","workshop/294100/2636621800/About/About.xml","92F0942F34F8E16AEE32D0E76F813C7AA6ABCA25C1701F5615C2E6A8EBE8D6B1","Installed relationship-export metadata only; preserve exact declaration/path/hash fields; not publisher/code confirmation or runtime result.","Conservative project rule derived from relationship type and profile presence; not an upstream claim or compatibility finding.","Preserve this order only when both source and target packages are active; infer no code/API integration from the ordering declaration.","","No","No shared non-generic feature tags between in-profile endpoints; RR-COMPAT is excluded by rule.","Pending; not run; no compatibility claim."
"RIMREL-20260927-0491","491","211","Smart Turret Covering","denev.SmartTurretCovering","RR-FAC;RR-GATE;RR-THREAT;RR-COMPAT","docs/research/reviews/mods/2636621800-denev.SmartTurretCovering.md","LoadAfter","6","Ideology","Ludeon.RimWorld.Ideology","True","In selected 294-mod profile","RR-STA;RR-DLC;RR-COMPAT","docs/research/reviews/mods/official-6-Ludeon.RimWorld.Ideology.md","workshop/294100/2636621800/About/About.xml","92F0942F34F8E16AEE32D0E76F813C7AA6ABCA25C1701F5615C2E6A8EBE8D6B1","Installed relationship-export metadata only; preserve exact declaration/path/hash fields; not publisher/code confirmation or runtime result.","Conservative project rule derived from relationship type and profile presence; not an upstream claim or compatibility finding.","Preserve this order only when both source and target packages are active; infer no code/API integration from the ordering declaration.","","No","No shared non-generic feature tags between in-profile endpoints; RR-COMPAT is excluded by rule.","Pending; not run; no compatibility claim."
"RIMREL-20260927-0492","492","211","Smart Turret Covering","denev.SmartTurretCovering","RR-FAC;RR-GATE;RR-THREAT;RR-COMPAT","docs/research/reviews/mods/2636621800-denev.SmartTurretCovering.md","LoadAfter","8","Anomaly","Ludeon.RimWorld.Anomaly","True","In selected 294-mod profile","RR-THREAT;RR-EVD;RR-EXP;RR-MSN;RR-DLC;RR-COMPAT","docs/research/reviews/mods/official-8-Ludeon.RimWorld.Anomaly.md","workshop/294100/2636621800/About/About.xml","92F0942F34F8E16AEE32D0E76F813C7AA6ABCA25C1701F5615C2E6A8EBE8D6B1","Installed relationship-export metadata only; preserve exact declaration/path/hash fields; not publisher/code confirmation or runtime result.","Conservative project rule derived from relationship type and profile presence; not an upstream claim or compatibility finding.","Preserve this order only when both source and target packages are active; infer no code/API integration from the ordering declaration.","RR-THREAT","Yes","In-profile endpoints share non-generic feature tag(s): RR-THREAT. Candidate only; runtime test pending.","Pending; not run; no compatibility claim."
"RIMREL-20260927-0493","493","212","Smarter Construction","dhultgren.smarterconstruction","RR-FAC;RR-OUT;RR-COMPAT","docs/research/reviews/mods/2202185773-dhultgren.smarterconstruction.md","Requires","1","Harmony","brrainz.harmony","True","In selected 294-mod profile","RR-MP;RR-COMPAT","docs/research/reviews/mods/2009463077-brrainz.harmony.md","workshop/294100/2202185773/About/About.xml","6C8D76871BDA78E997EF54DD0570387A8B471B51C90C6AF08867132806D61764","Installed relationship-export metadata only; preserve exact declaration/path/hash fields; not publisher/code confirmation or runtime result.","Conservative project rule derived from relationship type and profile presence; not an upstream claim or compatibility finding.","Honor the source mod's declared dependency only while that source mod is enabled; do not make an optional source mod or optional dependency a Rimrooms hard dependency.","","No","No shared non-generic feature tags between in-profile endpoints; RR-COMPAT is excluded by rule.","Pending; not run; no compatibility claim."
"RIMREL-20260927-0494","494","213","Smarter Visitors","Mlie.SmarterVisitors","RR-FAC;RR-STA;RR-MSN;RR-COMPAT","docs/research/reviews/mods/3012491521-Mlie.SmarterVisitors.md","Requires","1","Harmony","brrainz.harmony","True","In selected 294-mod profile","RR-MP;RR-COMPAT","docs/research/reviews/mods/2009463077-brrainz.harmony.md","workshop/294100/3012491521/About/About.xml","22550AA9039AED6539D5F3049DC9E0F94B5FB83489BEB2090AFBF71C7076CBCC","Installed relationship-export metadata only; preserve exact declaration/path/hash fields; not publisher/code confirmation or runtime result.","Conservative project rule derived from relationship type and profile presence; not an upstream claim or compatibility finding.","Honor the source mod's declared dependency only while that source mod is enabled; do not make an optional source mod or optional dependency a Rimrooms hard dependency.","","No","No shared non-generic feature tags between in-profile endpoints; RR-COMPAT is excluded by rule.","Pending; not run; no compatibility claim."
"RIMREL-20260927-0495","495","213","Smarter Visitors","Mlie.SmarterVisitors","RR-FAC;RR-STA;RR-MSN;RR-COMPAT","docs/research/reviews/mods/3012491521-Mlie.SmarterVisitors.md","LoadAfter","1","Harmony","brrainz.harmony","True","In selected 294-mod profile","RR-MP;RR-COMPAT","docs/research/reviews/mods/2009463077-brrainz.harmony.md","workshop/294100/3012491521/About/About.xml","22550AA9039AED6539D5F3049DC9E0F94B5FB83489BEB2090AFBF71C7076CBCC","Installed relationship-export metadata only; preserve exact declaration/path/hash fields; not publisher/code confirmation or runtime result.","Conservative project rule derived from relationship type and profile presence; not an upstream claim or compatibility finding.","Preserve this order only when both source and target packages are active; infer no code/API integration from the ordering declaration.","","No","No shared non-generic feature tags between in-profile endpoints; RR-COMPAT is excluded by rule.","Pending; not run; no compatibility claim."
"RIMREL-20260927-0496","496","215","Social Experience from Trade","Krelinos.SocialEXPFromTrade","RR-STA;RR-ECO;RR-COMPAT;RR-MP","docs/research/reviews/mods/3400608063-Krelinos.SocialEXPFromTrade.md","Requires","1","Harmony","brrainz.harmony","True","In selected 294-mod profile","RR-MP;RR-COMPAT","docs/research/reviews/mods/2009463077-brrainz.harmony.md","workshop/294100/3400608063/About/About.xml","EA0A3EC4955BFA3A4A9D9CDF54105044281776FF0597EAE35B8CF0B8D7A44051","Installed relationship-export metadata only; preserve exact declaration/path/hash fields; not publisher/code confirmation or runtime result.","Conservative project rule derived from relationship type and profile presence; not an upstream claim or compatibility finding.","Honor the source mod's declared dependency only while that source mod is enabled; do not make an optional source mod or optional dependency a Rimrooms hard dependency.","RR-MP","Yes","In-profile endpoints share non-generic feature tag(s): RR-MP. Candidate only; runtime test pending.","Pending; not run; no compatibility claim."
"RIMREL-20260927-0497","497","215","Social Experience from Trade","Krelinos.SocialEXPFromTrade","RR-STA;RR-ECO;RR-COMPAT;RR-MP","docs/research/reviews/mods/3400608063-Krelinos.SocialEXPFromTrade.md","LoadAfter","1","Harmony","brrainz.harmony","True","In selected 294-mod profile","RR-MP;RR-COMPAT","docs/research/reviews/mods/2009463077-brrainz.harmony.md","workshop/294100/3400608063/About/About.xml","EA0A3EC4955BFA3A4A9D9CDF54105044281776FF0597EAE35B8CF0B8D7A44051","Installed relationship-export metadata only; preserve exact declaration/path/hash fields; not publisher/code confirmation or runtime result.","Conservative project rule derived from relationship type and profile presence; not an upstream claim or compatibility finding.","Preserve this order only when both source and target packages are active; infer no code/API integration from the ordering declaration.","RR-MP","Yes","In-profile endpoints share non-generic feature tag(s): RR-MP. Candidate only; runtime test pending.","Pending; not run; no compatibility claim."
"RIMREL-20260927-0498","498","217","SS Lightning Rod (Continued)","Mlie.SSLightningRod","RR-FAC;RR-GATE;RR-THREAT;RR-COMPAT","docs/research/reviews/mods/2358261479-Mlie.SSLightningRod.md","Requires","1","Harmony","brrainz.harmony","True","In selected 294-mod profile","RR-MP;RR-COMPAT","docs/research/reviews/mods/2009463077-brrainz.harmony.md","workshop/294100/2358261479/About/About.xml","B2A76DDDDEE0654586B268A075FCA99543B383CCDC9A7A55FB4FCC698F4EFC46","Installed relationship-export metadata only; preserve exact declaration/path/hash fields; not publisher/code confirmation or runtime result.","Conservative project rule derived from relationship type and profile presence; not an upstream claim or compatibility finding.","Honor the source mod's declared dependency only while that source mod is enabled; do not make an optional source mod or optional dependency a Rimrooms hard dependency.","","No","No shared non-generic feature tags between in-profile endpoints; RR-COMPAT is excluded by rule.","Pending; not run; no compatibility claim."
"RIMREL-20260927-0499","499","217","SS Lightning Rod (Continued)","Mlie.SSLightningRod","RR-FAC;RR-GATE;RR-THREAT;RR-COMPAT","docs/research/reviews/mods/2358261479-Mlie.SSLightningRod.md","LoadAfter","1","Harmony","brrainz.harmony","True","In selected 294-mod profile","RR-MP;RR-COMPAT","docs/research/reviews/mods/2009463077-brrainz.harmony.md","workshop/294100/2358261479/About/About.xml","B2A76DDDDEE0654586B268A075FCA99543B383CCDC9A7A55FB4FCC698F4EFC46","Installed relationship-export metadata only; preserve exact declaration/path/hash fields; not publisher/code confirmation or runtime result.","Conservative project rule derived from relationship type and profile presence; not an upstream claim or compatibility finding.","Preserve this order only when both source and target packages are active; infer no code/API integration from the ordering declaration.","","No","No shared non-generic feature tags between in-profile endpoints; RR-COMPAT is excluded by rule.","Pending; not run; no compatibility claim."
"RIMREL-20260927-0500","500","218","Stargates!","ccyt.stargatesmod","RR-GATE;RR-EXP;RR-OUT;RR-MSN;RR-COMPAT","docs/research/reviews/mods/2831698056-ccyt.stargatesmod.md","Requires","14","Vanilla Expanded Framework","OskarPotocki.VanillaFactionsExpanded.Core","True","In selected 294-mod profile","RR-SPACEFLIGHT;RR-COMPAT","docs/research/reviews/mods/2023507013-OskarPotocki.VanillaFactionsExpanded.Core.md","workshop/294100/2831698056/About/About.xml","CD5D5E5830FB02209F2A5D7732F77D3922E0CD493030C96770D17AE40BF9D883","Installed relationship-export metadata only; preserve exact declaration/path/hash fields; not publisher/code confirmation or runtime result.","Conservative project rule derived from relationship type and profile presence; not an upstream claim or compatibility finding.","Honor the source mod's declared dependency only while that source mod is enabled; do not make an optional source mod or optional dependency a Rimrooms hard dependency.","","No","No shared non-generic feature tags between in-profile endpoints; RR-COMPAT is excluded by rule.","Pending; not run; no compatibility claim."
"RIMREL-20260927-0501","501","218","Stargates!","ccyt.stargatesmod","RR-GATE;RR-EXP;RR-OUT;RR-MSN;RR-COMPAT","docs/research/reviews/mods/2831698056-ccyt.stargatesmod.md","Requires","1","Harmony","brrainz.harmony","True","In selected 294-mod profile","RR-MP;RR-COMPAT","docs/research/reviews/mods/2009463077-brrainz.harmony.md","workshop/294100/2831698056/About/About.xml","CD5D5E5830FB02209F2A5D7732F77D3922E0CD493030C96770D17AE40BF9D883","Installed relationship-export metadata only; preserve exact declaration/path/hash fields; not publisher/code confirmation or runtime result.","Conservative project rule derived from relationship type and profile presence; not an upstream claim or compatibility finding.","Honor the source mod's declared dependency only while that source mod is enabled; do not make an optional source mod or optional dependency a Rimrooms hard dependency.","","No","No shared non-generic feature tags between in-profile endpoints; RR-COMPAT is excluded by rule.","Pending; not run; no compatibility claim."
"RIMREL-20260927-0502","502","218","Stargates!","ccyt.stargatesmod","RR-GATE;RR-EXP;RR-OUT;RR-MSN;RR-COMPAT","docs/research/reviews/mods/2831698056-ccyt.stargatesmod.md","LoadAfter","14","Vanilla Expanded Framework","oskarpotocki.vanillafactionsexpanded.core","True","In selected 294-mod profile","RR-SPACEFLIGHT;RR-COMPAT","docs/research/reviews/mods/2023507013-OskarPotocki.VanillaFactionsExpanded.Core.md","workshop/294100/2831698056/About/About.xml","CD5D5E5830FB02209F2A5D7732F77D3922E0CD493030C96770D17AE40BF9D883","Installed relationship-export metadata only; preserve exact declaration/path/hash fields; not publisher/code confirmation or runtime result.","Conservative project rule derived from relationship type and profile presence; not an upstream claim or compatibility finding.","Preserve this order only when both source and target packages are active; infer no code/API integration from the ordering declaration.","","No","No shared non-generic feature tags between in-profile endpoints; RR-COMPAT is excluded by rule.","Pending; not run; no compatibility claim."
"RIMREL-20260927-0503","503","219","Stonecutting Extended","Scherub.StonecuttingExtended","RR-FAC;RR-ECO;RR-COMPAT","docs/research/reviews/mods/2571676542-Scherub.StonecuttingExtended.md","LoadAfter","4","Core","Ludeon.RimWorld","True","In selected 294-mod profile","RR-SCEN;RR-FAC;RR-STA;RR-GATE;RR-EXP;RR-SPACE;RR-EVD;RR-THREAT;RR-MSN;RR-ECO;RR-OUT;RR-DLC;RR-UI;RR-COMPAT","docs/research/reviews/mods/official-4-Ludeon.RimWorld.md","workshop/294100/2571676542/About/About.xml","9C1EDB04C1096D8ED228FE02196C56442BDCE9165F804434CF3A550982CB6945","Installed relationship-export metadata only; preserve exact declaration/path/hash fields; not publisher/code confirmation or runtime result.","Conservative project rule derived from relationship type and profile presence; not an upstream claim or compatibility finding.","Preserve this order only when both source and target packages are active; infer no code/API integration from the ordering declaration.","RR-ECO;RR-FAC","Yes","In-profile endpoints share non-generic feature tag(s): RR-ECO;RR-FAC. Candidate only; runtime test pending.","Pending; not run; no compatibility claim."
"RIMREL-20260927-0504","504","219","Stonecutting Extended","Scherub.StonecuttingExtended","RR-FAC;RR-ECO;RR-COMPAT","docs/research/reviews/mods/2571676542-Scherub.StonecuttingExtended.md","LoadAfter","5","Royalty","Ludeon.RimWorld.Royalty","True","In selected 294-mod profile","RR-STA;RR-MSN;RR-DLC;RR-COMPAT","docs/research/reviews/mods/official-5-Ludeon.RimWorld.Royalty.md","workshop/294100/2571676542/About/About.xml","9C1EDB04C1096D8ED228FE02196C56442BDCE9165F804434CF3A550982CB6945","Installed relationship-export metadata only; preserve exact declaration/path/hash fields; not publisher/code confirmation or runtime result.","Conservative project rule derived from relationship type and profile presence; not an upstream claim or compatibility finding.","Preserve this order only when both source and target packages are active; infer no code/API integration from the ordering declaration.","","No","No shared non-generic feature tags between in-profile endpoints; RR-COMPAT is excluded by rule.","Pending; not run; no compatibility claim."
"RIMREL-20260927-0505","505","219","Stonecutting Extended","Scherub.StonecuttingExtended","RR-FAC;RR-ECO;RR-COMPAT","docs/research/reviews/mods/2571676542-Scherub.StonecuttingExtended.md","LoadAfter","6","Ideology","Ludeon.RimWorld.Ideology","True","In selected 294-mod profile","RR-STA;RR-DLC;RR-COMPAT","docs/research/reviews/mods/official-6-Ludeon.RimWorld.Ideology.md","workshop/294100/2571676542/About/About.xml","9C1EDB04C1096D8ED228FE02196C56442BDCE9165F804434CF3A550982CB6945","Installed relationship-export metadata only; preserve exact declaration/path/hash fields; not publisher/code confirmation or runtime result.","Conservative project rule derived from relationship type and profile presence; not an upstream claim or compatibility finding.","Preserve this order only when both source and target packages are active; infer no code/API integration from the ordering declaration.","","No","No shared non-generic feature tags between in-profile endpoints; RR-COMPAT is excluded by rule.","Pending; not run; no compatibility claim."
"RIMREL-20260927-0506","506","219","Stonecutting Extended","Scherub.StonecuttingExtended","RR-FAC;RR-ECO;RR-COMPAT","docs/research/reviews/mods/2571676542-Scherub.StonecuttingExtended.md","LoadAfter","8","Anomaly","Ludeon.RimWorld.Anomaly","True","In selected 294-mod profile","RR-THREAT;RR-EVD;RR-EXP;RR-MSN;RR-DLC;RR-COMPAT","docs/research/reviews/mods/official-8-Ludeon.RimWorld.Anomaly.md","workshop/294100/2571676542/About/About.xml","9C1EDB04C1096D8ED228FE02196C56442BDCE9165F804434CF3A550982CB6945","Installed relationship-export metadata only; preserve exact declaration/path/hash fields; not publisher/code confirmation or runtime result.","Conservative project rule derived from relationship type and profile presence; not an upstream claim or compatibility finding.","Preserve this order only when both source and target packages are active; infer no code/API integration from the ordering declaration.","","No","No shared non-generic feature tags between in-profile endpoints; RR-COMPAT is excluded by rule.","Pending; not run; no compatibility claim."
"RIMREL-20260927-0507","507","219","Stonecutting Extended","Scherub.StonecuttingExtended","RR-FAC;RR-ECO;RR-COMPAT","docs/research/reviews/mods/2571676542-Scherub.StonecuttingExtended.md","LoadAfter","9","Odyssey","Ludeon.RimWorld.Odyssey","True","In selected 294-mod profile","RR-SPACEFLIGHT;RR-OUT;RR-EXP;RR-MSN;RR-ECO;RR-DLC;RR-COMPAT","docs/research/reviews/mods/official-9-Ludeon.RimWorld.Odyssey.md","workshop/294100/2571676542/About/About.xml","9C1EDB04C1096D8ED228FE02196C56442BDCE9165F804434CF3A550982CB6945","Installed relationship-export metadata only; preserve exact declaration/path/hash fields; not publisher/code confirmation or runtime result.","Conservative project rule derived from relationship type and profile presence; not an upstream claim or compatibility finding.","Preserve this order only when both source and target packages are active; infer no code/API integration from the ordering declaration.","RR-ECO","Yes","In-profile endpoints share non-generic feature tag(s): RR-ECO. Candidate only; runtime test pending.","Pending; not run; no compatibility claim."
"RIMREL-20260927-0508","508","219","Stonecutting Extended","Scherub.StonecuttingExtended","RR-FAC;RR-ECO;RR-COMPAT","docs/research/reviews/mods/2571676542-Scherub.StonecuttingExtended.md","LoadAfter","1","Harmony","brrainz.harmony","True","In selected 294-mod profile","RR-MP;RR-COMPAT","docs/research/reviews/mods/2009463077-brrainz.harmony.md","workshop/294100/2571676542/About/About.xml","9C1EDB04C1096D8ED228FE02196C56442BDCE9165F804434CF3A550982CB6945","Installed relationship-export metadata only; preserve exact declaration/path/hash fields; not publisher/code confirmation or runtime result.","Conservative project rule derived from relationship type and profile presence; not an upstream claim or compatibility finding.","Preserve this order only when both source and target packages are active; infer no code/API integration from the ordering declaration.","","No","No shared non-generic feature tags between in-profile endpoints; RR-COMPAT is excluded by rule.","Pending; not run; no compatibility claim."
"RIMREL-20260927-0509","509","219","Stonecutting Extended","Scherub.StonecuttingExtended","RR-FAC;RR-ECO;RR-COMPAT","docs/research/reviews/mods/2571676542-Scherub.StonecuttingExtended.md","LoadAfter","","","cucumpear.stonetweaks","False","Outside selected 294-mod profile","","","workshop/294100/2571676542/About/About.xml","9C1EDB04C1096D8ED228FE02196C56442BDCE9165F804434CF3A550982CB6945","Installed relationship-export metadata only; preserve exact declaration/path/hash fields; not publisher/code confirmation or runtime result.","Conservative project rule derived from relationship type and profile presence; not an upstream claim or compatibility finding.","No ordering action while the target is outside this profile; do not add it solely for this declaration. If both packages are later active, preserve the declared order; infer no code/API integration.","","No","Target is outside the selected 294-row profile; no in-profile endpoint feature comparison is asserted.","Pending; not run; no compatibility claim."
"RIMREL-20260927-0510","510","219","Stonecutting Extended","Scherub.StonecuttingExtended","RR-FAC;RR-ECO;RR-COMPAT","docs/research/reviews/mods/2571676542-Scherub.StonecuttingExtended.md","LoadAfter","","","DankPyon.Medieval.Overhaul","False","Outside selected 294-mod profile","","","workshop/294100/2571676542/About/About.xml","9C1EDB04C1096D8ED228FE02196C56442BDCE9165F804434CF3A550982CB6945","Installed relationship-export metadata only; preserve exact declaration/path/hash fields; not publisher/code confirmation or runtime result.","Conservative project rule derived from relationship type and profile presence; not an upstream claim or compatibility finding.","No ordering action while the target is outside this profile; do not add it solely for this declaration. If both packages are later active, preserve the declared order; infer no code/API integration.","","No","Target is outside the selected 294-row profile; no in-profile endpoint feature comparison is asserted.","Pending; not run; no compatibility claim."
"RIMREL-20260927-0511","511","219","Stonecutting Extended","Scherub.StonecuttingExtended","RR-FAC;RR-ECO;RR-COMPAT","docs/research/reviews/mods/2571676542-Scherub.StonecuttingExtended.md","LoadAfter","","","Harmonea.GlitterStone","False","Outside selected 294-mod profile","","","workshop/294100/2571676542/About/About.xml","9C1EDB04C1096D8ED228FE02196C56442BDCE9165F804434CF3A550982CB6945","Installed relationship-export metadata only; preserve exact declaration/path/hash fields; not publisher/code confirmation or runtime result.","Conservative project rule derived from relationship type and profile presence; not an upstream claim or compatibility finding.","No ordering action while the target is outside this profile; do not add it solely for this declaration. If both packages are later active, preserve the declared order; infer no code/API integration.","","No","Target is outside the selected 294-row profile; no in-profile endpoint feature comparison is asserted.","Pending; not run; no compatibility claim."
"RIMREL-20260927-0512","512","219","Stonecutting Extended","Scherub.StonecuttingExtended","RR-FAC;RR-ECO;RR-COMPAT","docs/research/reviews/mods/2571676542-Scherub.StonecuttingExtended.md","LoadAfter","","","Kura.ExtraStone","False","Outside selected 294-mod profile","","","workshop/294100/2571676542/About/About.xml","9C1EDB04C1096D8ED228FE02196C56442BDCE9165F804434CF3A550982CB6945","Installed relationship-export metadata only; preserve exact declaration/path/hash fields; not publisher/code confirmation or runtime result.","Conservative project rule derived from relationship type and profile presence; not an upstream claim or compatibility finding.","No ordering action while the target is outside this profile; do not add it solely for this declaration. If both packages are later active, preserve the declared order; infer no code/API integration.","","No","Target is outside the selected 294-row profile; no in-profile endpoint feature comparison is asserted.","Pending; not run; no compatibility claim."
"RIMREL-20260927-0513","513","219","Stonecutting Extended","Scherub.StonecuttingExtended","RR-FAC;RR-ECO;RR-COMPAT","docs/research/reviews/mods/2571676542-Scherub.StonecuttingExtended.md","LoadAfter","","","Kura.ExtraStoneOld","False","Outside selected 294-mod profile","","","workshop/294100/2571676542/About/About.xml","9C1EDB04C1096D8ED228FE02196C56442BDCE9165F804434CF3A550982CB6945","Installed relationship-export metadata only; preserve exact declaration/path/hash fields; not publisher/code confirmation or runtime result.","Conservative project rule derived from relationship type and profile presence; not an upstream claim or compatibility finding.","No ordering action while the target is outside this profile; do not add it solely for this declaration. If both packages are later active, preserve the declared order; infer no code/API integration.","","No","Target is outside the selected 294-row profile; no in-profile endpoint feature comparison is asserted.","Pending; not run; no compatibility claim."
"RIMREL-20260927-0514","514","219","Stonecutting Extended","Scherub.StonecuttingExtended","RR-FAC;RR-ECO;RR-COMPAT","docs/research/reviews/mods/2571676542-Scherub.StonecuttingExtended.md","LoadAfter","","","Kura.ExtraStoneCuproOld","False","Outside selected 294-mod profile","","","workshop/294100/2571676542/About/About.xml","9C1EDB04C1096D8ED228FE02196C56442BDCE9165F804434CF3A550982CB6945","Installed relationship-export metadata only; preserve exact declaration/path/hash fields; not publisher/code confirmation or runtime result.","Conservative project rule derived from relationship type and profile presence; not an upstream claim or compatibility finding.","No ordering action while the target is outside this profile; do not add it solely for this declaration. If both packages are later active, preserve the declared order; infer no code/API integration.","","No","Target is outside the selected 294-row profile; no in-profile endpoint feature comparison is asserted.","Pending; not run; no compatibility claim."
"RIMREL-20260927-0515","515","219","Stonecutting Extended","Scherub.StonecuttingExtended","RR-FAC;RR-ECO;RR-COMPAT","docs/research/reviews/mods/2571676542-Scherub.StonecuttingExtended.md","LoadAfter","","","Kura.ExtraStoneCupros","False","Outside selected 294-mod profile","","","workshop/294100/2571676542/About/About.xml","9C1EDB04C1096D8ED228FE02196C56442BDCE9165F804434CF3A550982CB6945","Installed relationship-export metadata only; preserve exact declaration/path/hash fields; not publisher/code confirmation or runtime result.","Conservative project rule derived from relationship type and profile presence; not an upstream claim or compatibility finding.","No ordering action while the target is outside this profile; do not add it solely for this declaration. If both packages are later active, preserve the declared order; infer no code/API integration.","","No","Target is outside the selected 294-row profile; no in-profile endpoint feature comparison is asserted.","Pending; not run; no compatibility claim."
"RIMREL-20260927-0516","516","219","Stonecutting Extended","Scherub.StonecuttingExtended","RR-FAC;RR-ECO;RR-COMPAT","docs/research/reviews/mods/2571676542-Scherub.StonecuttingExtended.md","LoadAfter","","","Ogliss.Cupro.CuprosStones","False","Outside selected 294-mod profile","","","workshop/294100/2571676542/About/About.xml","9C1EDB04C1096D8ED228FE02196C56442BDCE9165F804434CF3A550982CB6945","Installed relationship-export metadata only; preserve exact declaration/path/hash fields; not publisher/code confirmation or runtime result.","Conservative project rule derived from relationship type and profile presence; not an upstream claim or compatibility finding.","No ordering action while the target is outside this profile; do not add it solely for this declaration. If both packages are later active, preserve the declared order; infer no code/API integration.","","No","Target is outside the selected 294-row profile; no in-profile endpoint feature comparison is asserted.","Pending; not run; no compatibility claim."
"RIMREL-20260927-0517","517","219","Stonecutting Extended","Scherub.StonecuttingExtended","RR-FAC;RR-ECO;RR-COMPAT","docs/research/reviews/mods/2571676542-Scherub.StonecuttingExtended.md","LoadAfter","","","RadZerp.neoRimNauts","False","Outside selected 294-mod profile","","","workshop/294100/2571676542/About/About.xml","9C1EDB04C1096D8ED228FE02196C56442BDCE9165F804434CF3A550982CB6945","Installed relationship-export metadata only; preserve exact declaration/path/hash fields; not publisher/code confirmation or runtime result.","Conservative project rule derived from relationship type and profile presence; not an upstream claim or compatibility finding.","No ordering action while the target is outside this profile; do not add it solely for this declaration. If both packages are later active, preserve the declared order; infer no code/API integration.","","No","Target is outside the selected 294-row profile; no in-profile endpoint feature comparison is asserted.","Pending; not run; no compatibility claim."
"RIMREL-20260927-0518","518","219","Stonecutting Extended","Scherub.StonecuttingExtended","RR-FAC;RR-ECO;RR-COMPAT","docs/research/reviews/mods/2571676542-Scherub.StonecuttingExtended.md","LoadAfter","","","sarg.alphabiomes","False","Outside selected 294-mod profile","","","workshop/294100/2571676542/About/About.xml","9C1EDB04C1096D8ED228FE02196C56442BDCE9165F804434CF3A550982CB6945","Installed relationship-export metadata only; preserve exact declaration/path/hash fields; not publisher/code confirmation or runtime result.","Conservative project rule derived from relationship type and profile presence; not an upstream claim or compatibility finding.","No ordering action while the target is outside this profile; do not add it solely for this declaration. If both packages are later active, preserve the declared order; infer no code/API integration.","","No","Target is outside the selected 294-row profile; no in-profile endpoint feature comparison is asserted.","Pending; not run; no compatibility claim."
"RIMREL-20260927-0519","519","221","Stuff Mass Matters","Mlie.StuffMassMatters","RR-EXP;RR-OUT;RR-ECO;RR-COMPAT","docs/research/reviews/mods/2787438435-Mlie.StuffMassMatters.md","Requires","1","Harmony","brrainz.harmony","True","In selected 294-mod profile","RR-MP;RR-COMPAT","docs/research/reviews/mods/2009463077-brrainz.harmony.md","workshop/294100/2787438435/About/About.xml","1FFBA2C54398E8B894DE1279D19740C56C6A889CD3175987EB2E3519143C99F7","Installed relationship-export metadata only; preserve exact declaration/path/hash fields; not publisher/code confirmation or runtime result.","Conservative project rule derived from relationship type and profile presence; not an upstream claim or compatibility finding.","Honor the source mod's declared dependency only while that source mod is enabled; do not make an optional source mod or optional dependency a Rimrooms hard dependency.","","No","No shared non-generic feature tags between in-profile endpoints; RR-COMPAT is excluded by rule.","Pending; not run; no compatibility claim."
"RIMREL-20260927-0520","520","221","Stuff Mass Matters","Mlie.StuffMassMatters","RR-EXP;RR-OUT;RR-ECO;RR-COMPAT","docs/research/reviews/mods/2787438435-Mlie.StuffMassMatters.md","LoadAfter","1","Harmony","brrainz.harmony","True","In selected 294-mod profile","RR-MP;RR-COMPAT","docs/research/reviews/mods/2009463077-brrainz.harmony.md","workshop/294100/2787438435/About/About.xml","1FFBA2C54398E8B894DE1279D19740C56C6A889CD3175987EB2E3519143C99F7","Installed relationship-export metadata only; preserve exact declaration/path/hash fields; not publisher/code confirmation or runtime result.","Conservative project rule derived from relationship type and profile presence; not an upstream claim or compatibility finding.","Preserve this order only when both source and target packages are active; infer no code/API integration from the ordering declaration.","","No","No shared non-generic feature tags between in-profile endpoints; RR-COMPAT is excluded by rule.","Pending; not run; no compatibility claim."
"RIMREL-20260927-0521","521","222","Stuff on Tables Forked","moistestWhale.stuffOnTablesForked","RR-FAC;RR-UI;RR-COMPAT","docs/research/reviews/mods/3289533061-moistestWhale.stuffOnTablesForked.md","LoadAfter","","","Simmin.UronTables","False","Outside selected 294-mod profile","","","workshop/294100/3289533061/About/About.xml","648337421D9DD88EF57B867451B7BEC182F8775AB809205B6B9321AC33F5A0F8","Installed relationship-export metadata only; preserve exact declaration/path/hash fields; not publisher/code confirmation or runtime result.","Conservative project rule derived from relationship type and profile presence; not an upstream claim or compatibility finding.","No ordering action while the target is outside this profile; do not add it solely for this declaration. If both packages are later active, preserve the declared order; infer no code/API integration.","","No","Target is outside the selected 294-row profile; no in-profile endpoint feature comparison is asserted.","Pending; not run; no compatibility claim."
"RIMREL-20260927-0522","522","222","Stuff on Tables Forked","moistestWhale.stuffOnTablesForked","RR-FAC;RR-UI;RR-COMPAT","docs/research/reviews/mods/3289533061-moistestWhale.stuffOnTablesForked.md","LoadAfter","","","Simmin.LampsonTables","False","Outside selected 294-mod profile","","","workshop/294100/3289533061/About/About.xml","648337421D9DD88EF57B867451B7BEC182F8775AB809205B6B9321AC33F5A0F8","Installed relationship-export metadata only; preserve exact declaration/path/hash fields; not publisher/code confirmation or runtime result.","Conservative project rule derived from relationship type and profile presence; not an upstream claim or compatibility finding.","No ordering action while the target is outside this profile; do not add it solely for this declaration. If both packages are later active, preserve the declared order; infer no code/API integration.","","No","Target is outside the selected 294-row profile; no in-profile endpoint feature comparison is asserted.","Pending; not run; no compatibility claim."
"RIMREL-20260927-0523","523","222","Stuff on Tables Forked","moistestWhale.stuffOnTablesForked","RR-FAC;RR-UI;RR-COMPAT","docs/research/reviews/mods/3289533061-moistestWhale.stuffOnTablesForked.md","LoadAfter","","","Simmin.PotteryonTables","False","Outside selected 294-mod profile","","","workshop/294100/3289533061/About/About.xml","648337421D9DD88EF57B867451B7BEC182F8775AB809205B6B9321AC33F5A0F8","Installed relationship-export metadata only; preserve exact declaration/path/hash fields; not publisher/code confirmation or runtime result.","Conservative project rule derived from relationship type and profile presence; not an upstream claim or compatibility finding.","No ordering action while the target is outside this profile; do not add it solely for this declaration. If both packages are later active, preserve the declared order; infer no code/API integration.","","No","Target is outside the selected 294-row profile; no in-profile endpoint feature comparison is asserted.","Pending; not run; no compatibility claim."
"RIMREL-20260927-0524","524","222","Stuff on Tables Forked","moistestWhale.stuffOnTablesForked","RR-FAC;RR-UI;RR-COMPAT","docs/research/reviews/mods/3289533061-moistestWhale.stuffOnTablesForked.md","LoadAfter","","","Simmin.StuffonTables","False","Outside selected 294-mod profile","","","workshop/294100/3289533061/About/About.xml","648337421D9DD88EF57B867451B7BEC182F8775AB809205B6B9321AC33F5A0F8","Installed relationship-export metadata only; preserve exact declaration/path/hash fields; not publisher/code confirmation or runtime result.","Conservative project rule derived from relationship type and profile presence; not an upstream claim or compatibility finding.","No ordering action while the target is outside this profile; do not add it solely for this declaration. If both packages are later active, preserve the declared order; infer no code/API integration.","","No","Target is outside the selected 294-row profile; no in-profile endpoint feature comparison is asserted.","Pending; not run; no compatibility claim."
"RIMREL-20260927-0525","525","222","Stuff on Tables Forked","moistestWhale.stuffOnTablesForked","RR-FAC;RR-UI;RR-COMPAT","docs/research/reviews/mods/3289533061-moistestWhale.stuffOnTablesForked.md","LoadBefore","","","reel.expanded.storage","False","Outside selected 294-mod profile","","","workshop/294100/3289533061/About/About.xml","648337421D9DD88EF57B867451B7BEC182F8775AB809205B6B9321AC33F5A0F8","Installed relationship-export metadata only; preserve exact declaration/path/hash fields; not publisher/code confirmation or runtime result.","Conservative project rule derived from relationship type and profile presence; not an upstream claim or compatibility finding.","No ordering action while the target is outside this profile; do not add it solely for this declaration. If both packages are later active, preserve the declared order; infer no code/API integration.","","No","Target is outside the selected 294-row profile; no in-profile endpoint feature comparison is asserted.","Pending; not run; no compatibility claim."
"RIMREL-20260927-0526","526","223","Surrogate Mechanoid","sov.det.surrogatemech","RR-STA;RR-COMPAT","docs/research/reviews/mods/3246748490-sov.det.surrogatemech.md","Requires","1","Harmony","brrainz.harmony","True","In selected 294-mod profile","RR-MP;RR-COMPAT","docs/research/reviews/mods/2009463077-brrainz.harmony.md","workshop/294100/3246748490/About/About.xml","A349E47519DA5C2A04BD3B45BAE84AA070D1373F98A967DA03C4A6032E1B86C3","Installed relationship-export metadata only; preserve exact declaration/path/hash fields; not publisher/code confirmation or runtime result.","Conservative project rule derived from relationship type and profile presence; not an upstream claim or compatibility finding.","Honor the source mod's declared dependency only while that source mod is enabled; do not make an optional source mod or optional dependency a Rimrooms hard dependency.","","No","No shared non-generic feature tags between in-profile endpoints; RR-COMPAT is excluded by rule.","Pending; not run; no compatibility claim."
"RIMREL-20260927-0527","527","223","Surrogate Mechanoid","sov.det.surrogatemech","RR-STA;RR-COMPAT","docs/research/reviews/mods/3246748490-sov.det.surrogatemech.md","Requires","7","Biotech","Ludeon.RimWorld.Biotech","True","In selected 294-mod profile","RR-STA;RR-FAC;RR-DLC;RR-COMPAT","docs/research/reviews/mods/official-7-Ludeon.RimWorld.Biotech.md","workshop/294100/3246748490/About/About.xml","A349E47519DA5C2A04BD3B45BAE84AA070D1373F98A967DA03C4A6032E1B86C3","Installed relationship-export metadata only; preserve exact declaration/path/hash fields; not publisher/code confirmation or runtime result.","Conservative project rule derived from relationship type and profile presence; not an upstream claim or compatibility finding.","Honor the source mod's declared dependency only while that source mod is enabled; do not make an optional source mod or optional dependency a Rimrooms hard dependency.","RR-STA","Yes","In-profile endpoints share non-generic feature tag(s): RR-STA. Candidate only; runtime test pending.","Pending; not run; no compatibility claim."
"RIMREL-20260927-0528","528","223","Surrogate Mechanoid","sov.det.surrogatemech","RR-STA;RR-COMPAT","docs/research/reviews/mods/3246748490-sov.det.surrogatemech.md","LoadAfter","4","Core","Ludeon.RimWorld","True","In selected 294-mod profile","RR-SCEN;RR-FAC;RR-STA;RR-GATE;RR-EXP;RR-SPACE;RR-EVD;RR-THREAT;RR-MSN;RR-ECO;RR-OUT;RR-DLC;RR-UI;RR-COMPAT","docs/research/reviews/mods/official-4-Ludeon.RimWorld.md","workshop/294100/3246748490/About/About.xml","A349E47519DA5C2A04BD3B45BAE84AA070D1373F98A967DA03C4A6032E1B86C3","Installed relationship-export metadata only; preserve exact declaration/path/hash fields; not publisher/code confirmation or runtime result.","Conservative project rule derived from relationship type and profile presence; not an upstream claim or compatibility finding.","Preserve this order only when both source and target packages are active; infer no code/API integration from the ordering declaration.","RR-STA","Yes","In-profile endpoints share non-generic feature tag(s): RR-STA. Candidate only; runtime test pending.","Pending; not run; no compatibility claim."
"RIMREL-20260927-0529","529","223","Surrogate Mechanoid","sov.det.surrogatemech","RR-STA;RR-COMPAT","docs/research/reviews/mods/3246748490-sov.det.surrogatemech.md","LoadAfter","5","Royalty","Ludeon.RimWorld.Royalty","True","In selected 294-mod profile","RR-STA;RR-MSN;RR-DLC;RR-COMPAT","docs/research/reviews/mods/official-5-Ludeon.RimWorld.Royalty.md","workshop/294100/3246748490/About/About.xml","A349E47519DA5C2A04BD3B45BAE84AA070D1373F98A967DA03C4A6032E1B86C3","Installed relationship-export metadata only; preserve exact declaration/path/hash fields; not publisher/code confirmation or runtime result.","Conservative project rule derived from relationship type and profile presence; not an upstream claim or compatibility finding.","Preserve this order only when both source and target packages are active; infer no code/API integration from the ordering declaration.","RR-STA","Yes","In-profile endpoints share non-generic feature tag(s): RR-STA. Candidate only; runtime test pending.","Pending; not run; no compatibility claim."
"RIMREL-20260927-0530","530","223","Surrogate Mechanoid","sov.det.surrogatemech","RR-STA;RR-COMPAT","docs/research/reviews/mods/3246748490-sov.det.surrogatemech.md","LoadAfter","6","Ideology","Ludeon.RimWorld.Ideology","True","In selected 294-mod profile","RR-STA;RR-DLC;RR-COMPAT","docs/research/reviews/mods/official-6-Ludeon.RimWorld.Ideology.md","workshop/294100/3246748490/About/About.xml","A349E47519DA5C2A04BD3B45BAE84AA070D1373F98A967DA03C4A6032E1B86C3","Installed relationship-export metadata only; preserve exact declaration/path/hash fields; not publisher/code confirmation or runtime result.","Conservative project rule derived from relationship type and profile presence; not an upstream claim or compatibility finding.","Preserve this order only when both source and target packages are active; infer no code/API integration from the ordering declaration.","RR-STA","Yes","In-profile endpoints share non-generic feature tag(s): RR-STA. Candidate only; runtime test pending.","Pending; not run; no compatibility claim."
"RIMREL-20260927-0531","531","223","Surrogate Mechanoid","sov.det.surrogatemech","RR-STA;RR-COMPAT","docs/research/reviews/mods/3246748490-sov.det.surrogatemech.md","LoadAfter","7","Biotech","Ludeon.RimWorld.Biotech","True","In selected 294-mod profile","RR-STA;RR-FAC;RR-DLC;RR-COMPAT","docs/research/reviews/mods/official-7-Ludeon.RimWorld.Biotech.md","workshop/294100/3246748490/About/About.xml","A349E47519DA5C2A04BD3B45BAE84AA070D1373F98A967DA03C4A6032E1B86C3","Installed relationship-export metadata only; preserve exact declaration/path/hash fields; not publisher/code confirmation or runtime result.","Conservative project rule derived from relationship type and profile presence; not an upstream claim or compatibility finding.","Preserve this order only when both source and target packages are active; infer no code/API integration from the ordering declaration.","RR-STA","Yes","In-profile endpoints share non-generic feature tag(s): RR-STA. Candidate only; runtime test pending.","Pending; not run; no compatibility claim."
"RIMREL-20260927-0532","532","223","Surrogate Mechanoid","sov.det.surrogatemech","RR-STA;RR-COMPAT","docs/research/reviews/mods/3246748490-sov.det.surrogatemech.md","LoadAfter","","","wvc.sergkart.biotech.MoreMechanoidsWorkModes","False","Outside selected 294-mod profile","","","workshop/294100/3246748490/About/About.xml","A349E47519DA5C2A04BD3B45BAE84AA070D1373F98A967DA03C4A6032E1B86C3","Installed relationship-export metadata only; preserve exact declaration/path/hash fields; not publisher/code confirmation or runtime result.","Conservative project rule derived from relationship type and profile presence; not an upstream claim or compatibility finding.","No ordering action while the target is outside this profile; do not add it solely for this declaration. If both packages are later active, preserve the declared order; infer no code/API integration.","","No","Target is outside the selected 294-row profile; no in-profile endpoint feature comparison is asserted.","Pending; not run; no compatibility claim."
"RIMREL-20260927-0533","533","224","TakeCover","rabiosus.TakeCover","RR-THREAT;RR-EXP;RR-COMPAT","docs/research/reviews/mods/3749200746-rabiosus.TakeCover.md","Requires","1","Harmony","brrainz.harmony","True","In selected 294-mod profile","RR-MP;RR-COMPAT","docs/research/reviews/mods/2009463077-brrainz.harmony.md","workshop/294100/3749200746/About/About.xml","E1D777767749A496CD83F923C57A8D29AE329AC791A64EC6747F35F24F6E63E9","Installed relationship-export metadata only; preserve exact declaration/path/hash fields; not publisher/code confirmation or runtime result.","Conservative project rule derived from relationship type and profile presence; not an upstream claim or compatibility finding.","Honor the source mod's declared dependency only while that source mod is enabled; do not make an optional source mod or optional dependency a Rimrooms hard dependency.","","No","No shared non-generic feature tags between in-profile endpoints; RR-COMPAT is excluded by rule.","Pending; not run; no compatibility claim."
"RIMREL-20260927-0534","534","224","TakeCover","rabiosus.TakeCover","RR-THREAT;RR-EXP;RR-COMPAT","docs/research/reviews/mods/3749200746-rabiosus.TakeCover.md","LoadAfter","1","Harmony","brrainz.harmony","True","In selected 294-mod profile","RR-MP;RR-COMPAT","docs/research/reviews/mods/2009463077-brrainz.harmony.md","workshop/294100/3749200746/About/About.xml","E1D777767749A496CD83F923C57A8D29AE329AC791A64EC6747F35F24F6E63E9","Installed relationship-export metadata only; preserve exact declaration/path/hash fields; not publisher/code confirmation or runtime result.","Conservative project rule derived from relationship type and profile presence; not an upstream claim or compatibility finding.","Preserve this order only when both source and target packages are active; infer no code/API integration from the ordering declaration.","","No","No shared non-generic feature tags between in-profile endpoints; RR-COMPAT is excluded by rule.","Pending; not run; no compatibility claim."
"RIMREL-20260927-0535","535","224","TakeCover","rabiosus.TakeCover","RR-THREAT;RR-EXP;RR-COMPAT","docs/research/reviews/mods/3749200746-rabiosus.TakeCover.md","LoadAfter","","","CETeam.CombatExtended","False","Outside selected 294-mod profile","","","workshop/294100/3749200746/About/About.xml","E1D777767749A496CD83F923C57A8D29AE329AC791A64EC6747F35F24F6E63E9","Installed relationship-export metadata only; preserve exact declaration/path/hash fields; not publisher/code confirmation or runtime result.","Conservative project rule derived from relationship type and profile presence; not an upstream claim or compatibility finding.","No ordering action while the target is outside this profile; do not add it solely for this declaration. If both packages are later active, preserve the declared order; infer no code/API integration.","","No","Target is outside the selected 294-row profile; no in-profile endpoint feature comparison is asserted.","Pending; not run; no compatibility claim."
"RIMREL-20260927-0536","536","224","TakeCover","rabiosus.TakeCover","RR-THREAT;RR-EXP;RR-COMPAT","docs/research/reviews/mods/3749200746-rabiosus.TakeCover.md","IncompatibleWith","","","brrainz.achtung","False","Outside selected 294-mod profile","","","workshop/294100/3749200746/About/About.xml","E1D777767749A496CD83F923C57A8D29AE329AC791A64EC6747F35F24F6E63E9","Installed relationship-export metadata only; preserve exact declaration/path/hash fields; not publisher/code confirmation or runtime result.","Conservative project rule derived from relationship type and profile presence; not an upstream claim or compatibility finding.","Keep the declared target outside the Rimrooms profile; do not auto-add it. If a future profile selects both endpoints, block the pair pending owner review and exact-profile testing.","","No","Target is outside the selected 294-row profile; no in-profile endpoint feature comparison is asserted.","Pending; not run; no compatibility claim."
"RIMREL-20260927-0537","537","227","The Titan Treatment","santa.titantreatment","RR-STA;RR-SPACEFLIGHT;RR-DLC;RR-COMPAT","docs/research/reviews/mods/3523427789-santa.titantreatment.md","Requires","9","Odyssey","Ludeon.RimWorld.Odyssey","True","In selected 294-mod profile","RR-SPACEFLIGHT;RR-OUT;RR-EXP;RR-MSN;RR-ECO;RR-DLC;RR-COMPAT","docs/research/reviews/mods/official-9-Ludeon.RimWorld.Odyssey.md","workshop/294100/3523427789/About/About.xml","C4FEF8D27841F66B5BD4B6FBDED90E862BBE71338D06A2ADCF5FF0BF661CDD9A","Installed relationship-export metadata only; preserve exact declaration/path/hash fields; not publisher/code confirmation or runtime result.","Conservative project rule derived from relationship type and profile presence; not an upstream claim or compatibility finding.","Honor the source mod's declared dependency only while that source mod is enabled; do not make an optional source mod or optional dependency a Rimrooms hard dependency.","RR-DLC;RR-SPACEFLIGHT","Yes","In-profile endpoints share non-generic feature tag(s): RR-DLC;RR-SPACEFLIGHT. Candidate only; runtime test pending.","Pending; not run; no compatibility claim."
"RIMREL-20260927-0538","538","228","Toggle Harvest","Jaxe.ToggleHarvest","RR-ECO;RR-OUT;RR-COMPAT","docs/research/reviews/mods/1499848654-Jaxe.ToggleHarvest.md","Requires","1","Harmony","brrainz.harmony","True","In selected 294-mod profile","RR-MP;RR-COMPAT","docs/research/reviews/mods/2009463077-brrainz.harmony.md","workshop/294100/1499848654/About/About.xml","1D110ADD94FFA2C99332BD4EF93C19D4E5AAE9DE1A4335840E76623110BD1FF7","Installed relationship-export metadata only; preserve exact declaration/path/hash fields; not publisher/code confirmation or runtime result.","Conservative project rule derived from relationship type and profile presence; not an upstream claim or compatibility finding.","Honor the source mod's declared dependency only while that source mod is enabled; do not make an optional source mod or optional dependency a Rimrooms hard dependency.","","No","No shared non-generic feature tags between in-profile endpoints; RR-COMPAT is excluded by rule.","Pending; not run; no compatibility claim."
"RIMREL-20260927-0539","539","228","Toggle Harvest","Jaxe.ToggleHarvest","RR-ECO;RR-OUT;RR-COMPAT","docs/research/reviews/mods/1499848654-Jaxe.ToggleHarvest.md","LoadAfter","1","Harmony","brrainz.harmony","True","In selected 294-mod profile","RR-MP;RR-COMPAT","docs/research/reviews/mods/2009463077-brrainz.harmony.md","workshop/294100/1499848654/About/About.xml","1D110ADD94FFA2C99332BD4EF93C19D4E5AAE9DE1A4335840E76623110BD1FF7","Installed relationship-export metadata only; preserve exact declaration/path/hash fields; not publisher/code confirmation or runtime result.","Conservative project rule derived from relationship type and profile presence; not an upstream claim or compatibility finding.","Preserve this order only when both source and target packages are active; infer no code/API integration from the ordering declaration.","","No","No shared non-generic feature tags between in-profile endpoints; RR-COMPAT is excluded by rule.","Pending; not run; no compatibility claim."
"RIMREL-20260927-0540","540","231","Trade Ships Drop Spot","smashphil.dropspot","RR-ECO;RR-OUT;RR-COMPAT","docs/research/reviews/mods/1969732297-smashphil.dropspot.md","Requires","1","Harmony","brrainz.harmony","True","In selected 294-mod profile","RR-MP;RR-COMPAT","docs/research/reviews/mods/2009463077-brrainz.harmony.md","workshop/294100/1969732297/About/About.xml","7417CA47F1A508847E2BB81DD1294C3E031F2B165283203C86AF30440B19E1EF","Installed relationship-export metadata only; preserve exact declaration/path/hash fields; not publisher/code confirmation or runtime result.","Conservative project rule derived from relationship type and profile presence; not an upstream claim or compatibility finding.","Honor the source mod's declared dependency only while that source mod is enabled; do not make an optional source mod or optional dependency a Rimrooms hard dependency.","","No","No shared non-generic feature tags between in-profile endpoints; RR-COMPAT is excluded by rule.","Pending; not run; no compatibility claim."
"RIMREL-20260927-0541","541","232","Trade Ships No Matter What","WindowsXP.TradeShipsNoMatterWhat","RR-ECO;RR-OUT;RR-COMPAT","docs/research/reviews/mods/2296557502-WindowsXP.TradeShipsNoMatterWhat.md","Requires","1","Harmony","brrainz.harmony","True","In selected 294-mod profile","RR-MP;RR-COMPAT","docs/research/reviews/mods/2009463077-brrainz.harmony.md","workshop/294100/2296557502/About/About.xml","8CA8E17F573297C3E859030C7C05C160652823424D12F38E66693B9B053B77A3","Installed relationship-export metadata only; preserve exact declaration/path/hash fields; not publisher/code confirmation or runtime result.","Conservative project rule derived from relationship type and profile presence; not an upstream claim or compatibility finding.","Honor the source mod's declared dependency only while that source mod is enabled; do not make an optional source mod or optional dependency a Rimrooms hard dependency.","","No","No shared non-generic feature tags between in-profile endpoints; RR-COMPAT is excluded by rule.","Pending; not run; no compatibility claim."
"RIMREL-20260927-0542","542","232","Trade Ships No Matter What","WindowsXP.TradeShipsNoMatterWhat","RR-ECO;RR-OUT;RR-COMPAT","docs/research/reviews/mods/2296557502-WindowsXP.TradeShipsNoMatterWhat.md","LoadAfter","1","Harmony","brrainz.harmony","True","In selected 294-mod profile","RR-MP;RR-COMPAT","docs/research/reviews/mods/2009463077-brrainz.harmony.md","workshop/294100/2296557502/About/About.xml","8CA8E17F573297C3E859030C7C05C160652823424D12F38E66693B9B053B77A3","Installed relationship-export metadata only; preserve exact declaration/path/hash fields; not publisher/code confirmation or runtime result.","Conservative project rule derived from relationship type and profile presence; not an upstream claim or compatibility finding.","Preserve this order only when both source and target packages are active; infer no code/API integration from the ordering declaration.","","No","No shared non-generic feature tags between in-profile endpoints; RR-COMPAT is excluded by rule.","Pending; not run; no compatibility claim."
"RIMREL-20260927-0543","543","233","Trait Rarity Colors","CarnySenpai.TraitRarityColors","RR-STA;RR-UI;RR-COMPAT","docs/research/reviews/mods/1751884355-CarnySenpai.TraitRarityColors.md","Requires","1","Harmony","brrainz.harmony","True","In selected 294-mod profile","RR-MP;RR-COMPAT","docs/research/reviews/mods/2009463077-brrainz.harmony.md","workshop/294100/1751884355/About/About.xml","224BFD0A9933E8449795B19CD3DBE81CC3157C7C0E57577BC05B7939D214EEC9","Installed relationship-export metadata only; preserve exact declaration/path/hash fields; not publisher/code confirmation or runtime result.","Conservative project rule derived from relationship type and profile presence; not an upstream claim or compatibility finding.","Honor the source mod's declared dependency only while that source mod is enabled; do not make an optional source mod or optional dependency a Rimrooms hard dependency.","","No","No shared non-generic feature tags between in-profile endpoints; RR-COMPAT is excluded by rule.","Pending; not run; no compatibility claim."
"RIMREL-20260927-0544","544","233","Trait Rarity Colors","CarnySenpai.TraitRarityColors","RR-STA;RR-UI;RR-COMPAT","docs/research/reviews/mods/1751884355-CarnySenpai.TraitRarityColors.md","LoadAfter","1","Harmony","brrainz.harmony","True","In selected 294-mod profile","RR-MP;RR-COMPAT","docs/research/reviews/mods/2009463077-brrainz.harmony.md","workshop/294100/1751884355/About/About.xml","224BFD0A9933E8449795B19CD3DBE81CC3157C7C0E57577BC05B7939D214EEC9","Installed relationship-export metadata only; preserve exact declaration/path/hash fields; not publisher/code confirmation or runtime result.","Conservative project rule derived from relationship type and profile presence; not an upstream claim or compatibility finding.","Preserve this order only when both source and target packages are active; infer no code/API integration from the ordering declaration.","","No","No shared non-generic feature tags between in-profile endpoints; RR-COMPAT is excluded by rule.","Pending; not run; no compatibility claim."
"RIMREL-20260927-0545","545","233","Trait Rarity Colors","CarnySenpai.TraitRarityColors","RR-STA;RR-UI;RR-COMPAT","docs/research/reviews/mods/1751884355-CarnySenpai.TraitRarityColors.md","LoadBefore","","","Andromeda.UsefulMarks","False","Outside selected 294-mod profile","","","workshop/294100/1751884355/About/About.xml","224BFD0A9933E8449795B19CD3DBE81CC3157C7C0E57577BC05B7939D214EEC9","Installed relationship-export metadata only; preserve exact declaration/path/hash fields; not publisher/code confirmation or runtime result.","Conservative project rule derived from relationship type and profile presence; not an upstream claim or compatibility finding.","No ordering action while the target is outside this profile; do not add it solely for this declaration. If both packages are later active, preserve the declared order; infer no code/API integration.","","No","Target is outside the selected 294-row profile; no in-profile endpoint feature comparison is asserted.","Pending; not run; no compatibility claim."
"RIMREL-20260927-0546","546","234","Turrets Shoot Hunting Predators","archie.turrettargetpatch","RR-FAC;RR-GATE;RR-THREAT;RR-COMPAT","docs/research/reviews/mods/3221646589-archie.turrettargetpatch.md","Requires","1","Harmony","brrainz.harmony","True","In selected 294-mod profile","RR-MP;RR-COMPAT","docs/research/reviews/mods/2009463077-brrainz.harmony.md","workshop/294100/3221646589/About/About.xml","61F1F956B913213AB93B721A95A3073EDA128906E610DE7E4B7472AEBBA8C94F","Installed relationship-export metadata only; preserve exact declaration/path/hash fields; not publisher/code confirmation or runtime result.","Conservative project rule derived from relationship type and profile presence; not an upstream claim or compatibility finding.","Honor the source mod's declared dependency only while that source mod is enabled; do not make an optional source mod or optional dependency a Rimrooms hard dependency.","","No","No shared non-generic feature tags between in-profile endpoints; RR-COMPAT is excluded by rule.","Pending; not run; no compatibility claim."
"RIMREL-20260927-0547","547","234","Turrets Shoot Hunting Predators","archie.turrettargetpatch","RR-FAC;RR-GATE;RR-THREAT;RR-COMPAT","docs/research/reviews/mods/3221646589-archie.turrettargetpatch.md","LoadAfter","1","Harmony","brrainz.harmony","True","In selected 294-mod profile","RR-MP;RR-COMPAT","docs/research/reviews/mods/2009463077-brrainz.harmony.md","workshop/294100/3221646589/About/About.xml","61F1F956B913213AB93B721A95A3073EDA128906E610DE7E4B7472AEBBA8C94F","Installed relationship-export metadata only; preserve exact declaration/path/hash fields; not publisher/code confirmation or runtime result.","Conservative project rule derived from relationship type and profile presence; not an upstream claim or compatibility finding.","Preserve this order only when both source and target packages are active; infer no code/API integration from the ordering declaration.","","No","No shared non-generic feature tags between in-profile endpoints; RR-COMPAT is excluded by rule.","Pending; not run; no compatibility claim."
"RIMREL-20260927-0548","548","235","TV is Educational","Mlie.TVIsEducational","RR-STA;RR-FAC;RR-DLC;RR-COMPAT","docs/research/reviews/mods/2921021769-Mlie.TVIsEducational.md","Requires","7","Biotech","Ludeon.Rimworld.Biotech","True","In selected 294-mod profile","RR-STA;RR-FAC;RR-DLC;RR-COMPAT","docs/research/reviews/mods/official-7-Ludeon.RimWorld.Biotech.md","workshop/294100/2921021769/About/About.xml","16496F13B3B582E8B36DD2575D86476A1D8F07A29CC69DD2AF8578252440BF7E","Installed relationship-export metadata only; preserve exact declaration/path/hash fields; not publisher/code confirmation or runtime result.","Conservative project rule derived from relationship type and profile presence; not an upstream claim or compatibility finding.","Honor the source mod's declared dependency only while that source mod is enabled; do not make an optional source mod or optional dependency a Rimrooms hard dependency.","RR-DLC;RR-FAC;RR-STA","Yes","In-profile endpoints share non-generic feature tag(s): RR-DLC;RR-FAC;RR-STA. Candidate only; runtime test pending.","Pending; not run; no compatibility claim."
"RIMREL-20260927-0549","549","235","TV is Educational","Mlie.TVIsEducational","RR-STA;RR-FAC;RR-DLC;RR-COMPAT","docs/research/reviews/mods/2921021769-Mlie.TVIsEducational.md","LoadAfter","7","Biotech","Ludeon.Rimworld.Biotech","True","In selected 294-mod profile","RR-STA;RR-FAC;RR-DLC;RR-COMPAT","docs/research/reviews/mods/official-7-Ludeon.RimWorld.Biotech.md","workshop/294100/2921021769/About/About.xml","16496F13B3B582E8B36DD2575D86476A1D8F07A29CC69DD2AF8578252440BF7E","Installed relationship-export metadata only; preserve exact declaration/path/hash fields; not publisher/code confirmation or runtime result.","Conservative project rule derived from relationship type and profile presence; not an upstream claim or compatibility finding.","Preserve this order only when both source and target packages are active; infer no code/API integration from the ordering declaration.","RR-DLC;RR-FAC;RR-STA","Yes","In-profile endpoints share non-generic feature tag(s): RR-DLC;RR-FAC;RR-STA. Candidate only; runtime test pending.","Pending; not run; no compatibility claim."
"RIMREL-20260927-0550","550","235","TV is Educational","Mlie.TVIsEducational","RR-STA;RR-FAC;RR-DLC;RR-COMPAT","docs/research/reviews/mods/2921021769-Mlie.TVIsEducational.md","LoadAfter","","","vanillaexpanded.achievements","False","Outside selected 294-mod profile","","","workshop/294100/2921021769/About/About.xml","16496F13B3B582E8B36DD2575D86476A1D8F07A29CC69DD2AF8578252440BF7E","Installed relationship-export metadata only; preserve exact declaration/path/hash fields; not publisher/code confirmation or runtime result.","Conservative project rule derived from relationship type and profile presence; not an upstream claim or compatibility finding.","No ordering action while the target is outside this profile; do not add it solely for this declaration. If both packages are later active, preserve the declared order; infer no code/API integration.","","No","Target is outside the selected 294-row profile; no in-profile endpoint feature comparison is asserted.","Pending; not run; no compatibility claim."
"RIMREL-20260927-0551","551","236","TVForPrison (Continued)","Mlie.TVForPrison","RR-STA;RR-COMPAT","docs/research/reviews/mods/2194535018-Mlie.TVForPrison.md","LoadAfter","","","aznplucky.RimFlix","False","Outside selected 294-mod profile","","","workshop/294100/2194535018/About/About.xml","6C88E6582AE7AAECC12D362EE09D1D57E0D3713908D2A7D3309D13B99694CBE0","Installed relationship-export metadata only; preserve exact declaration/path/hash fields; not publisher/code confirmation or runtime result.","Conservative project rule derived from relationship type and profile presence; not an upstream claim or compatibility finding.","No ordering action while the target is outside this profile; do not add it solely for this declaration. If both packages are later active, preserve the declared order; infer no code/API integration.","","No","Target is outside the selected 294-row profile; no in-profile endpoint feature comparison is asserted.","Pending; not run; no compatibility claim."
"RIMREL-20260927-0552","552","237","Ugh You Got Me","marvinkosh.ughyougotme","RR-STA;RR-COMPAT","docs/research/reviews/mods/1542424705-marvinkosh.ughyougotme.md","Requires","1","Harmony","brrainz.harmony","True","In selected 294-mod profile","RR-MP;RR-COMPAT","docs/research/reviews/mods/2009463077-brrainz.harmony.md","workshop/294100/1542424705/About/About.xml","D1192E8C05AD168B3FE2A65F91F4816821960E2BF6A2E4A637FE7EBD6F2116BF","Installed relationship-export metadata only; preserve exact declaration/path/hash fields; not publisher/code confirmation or runtime result.","Conservative project rule derived from relationship type and profile presence; not an upstream claim or compatibility finding.","Honor the source mod's declared dependency only while that source mod is enabled; do not make an optional source mod or optional dependency a Rimrooms hard dependency.","","No","No shared non-generic feature tags between in-profile endpoints; RR-COMPAT is excluded by rule.","Pending; not run; no compatibility claim."
"RIMREL-20260927-0553","553","237","Ugh You Got Me","marvinkosh.ughyougotme","RR-STA;RR-COMPAT","docs/research/reviews/mods/1542424705-marvinkosh.ughyougotme.md","LoadAfter","1","Harmony","brrainz.harmony","True","In selected 294-mod profile","RR-MP;RR-COMPAT","docs/research/reviews/mods/2009463077-brrainz.harmony.md","workshop/294100/1542424705/About/About.xml","D1192E8C05AD168B3FE2A65F91F4816821960E2BF6A2E4A637FE7EBD6F2116BF","Installed relationship-export metadata only; preserve exact declaration/path/hash fields; not publisher/code confirmation or runtime result.","Conservative project rule derived from relationship type and profile presence; not an upstream claim or compatibility finding.","Preserve this order only when both source and target packages are active; infer no code/API integration from the ordering declaration.","","No","No shared non-generic feature tags between in-profile endpoints; RR-COMPAT is excluded by rule.","Pending; not run; no compatibility claim."
"RIMREL-20260927-0554","554","239","Undraft After Tucking","madarauchiha.undraftaftertucking","RR-STA;RR-EXP;RR-COMPAT","docs/research/reviews/mods/2157495459-madarauchiha.undraftaftertucking.md","Requires","1","Harmony","brrainz.harmony","True","In selected 294-mod profile","RR-MP;RR-COMPAT","docs/research/reviews/mods/2009463077-brrainz.harmony.md","workshop/294100/2157495459/About/About.xml","0AC2557C9528584A8921203D0D5B892B633842F6AB0BA08AE4A65DA05C624EFD","Installed relationship-export metadata only; preserve exact declaration/path/hash fields; not publisher/code confirmation or runtime result.","Conservative project rule derived from relationship type and profile presence; not an upstream claim or compatibility finding.","Honor the source mod's declared dependency only while that source mod is enabled; do not make an optional source mod or optional dependency a Rimrooms hard dependency.","","No","No shared non-generic feature tags between in-profile endpoints; RR-COMPAT is excluded by rule.","Pending; not run; no compatibility claim."
"RIMREL-20260927-0555","555","239","Undraft After Tucking","madarauchiha.undraftaftertucking","RR-STA;RR-EXP;RR-COMPAT","docs/research/reviews/mods/2157495459-madarauchiha.undraftaftertucking.md","LoadAfter","1","Harmony","brrainz.harmony","True","In selected 294-mod profile","RR-MP;RR-COMPAT","docs/research/reviews/mods/2009463077-brrainz.harmony.md","workshop/294100/2157495459/About/About.xml","0AC2557C9528584A8921203D0D5B892B633842F6AB0BA08AE4A65DA05C624EFD","Installed relationship-export metadata only; preserve exact declaration/path/hash fields; not publisher/code confirmation or runtime result.","Conservative project rule derived from relationship type and profile presence; not an upstream claim or compatibility finding.","Preserve this order only when both source and target packages are active; infer no code/API integration from the ordering declaration.","","No","No shared non-generic feature tags between in-profile endpoints; RR-COMPAT is excluded by rule.","Pending; not run; no compatibility claim."
"RIMREL-20260927-0556","556","241","Use Your Gun!","dd.useyourgun","RR-THREAT;RR-EXP;RR-COMPAT","docs/research/reviews/mods/3229291869-dd.useyourgun.md","Requires","1","Harmony","brrainz.harmony","True","In selected 294-mod profile","RR-MP;RR-COMPAT","docs/research/reviews/mods/2009463077-brrainz.harmony.md","workshop/294100/3229291869/About/About.xml","6756EBD18CB9E7A3EB9D1E8778CD5D319B22ADD21680BBE33406149480C8FE6B","Installed relationship-export metadata only; preserve exact declaration/path/hash fields; not publisher/code confirmation or runtime result.","Conservative project rule derived from relationship type and profile presence; not an upstream claim or compatibility finding.","Honor the source mod's declared dependency only while that source mod is enabled; do not make an optional source mod or optional dependency a Rimrooms hard dependency.","","No","No shared non-generic feature tags between in-profile endpoints; RR-COMPAT is excluded by rule.","Pending; not run; no compatibility claim."
"RIMREL-20260927-0557","557","241","Use Your Gun!","dd.useyourgun","RR-THREAT;RR-EXP;RR-COMPAT","docs/research/reviews/mods/3229291869-dd.useyourgun.md","LoadAfter","1","Harmony","brrainz.harmony","True","In selected 294-mod profile","RR-MP;RR-COMPAT","docs/research/reviews/mods/2009463077-brrainz.harmony.md","workshop/294100/3229291869/About/About.xml","6756EBD18CB9E7A3EB9D1E8778CD5D319B22ADD21680BBE33406149480C8FE6B","Installed relationship-export metadata only; preserve exact declaration/path/hash fields; not publisher/code confirmation or runtime result.","Conservative project rule derived from relationship type and profile presence; not an upstream claim or compatibility finding.","Preserve this order only when both source and target packages are active; infer no code/API integration from the ordering declaration.","","No","No shared non-generic feature tags between in-profile endpoints; RR-COMPAT is excluded by rule.","Pending; not run; no compatibility claim."
"RIMREL-20260927-0558","558","241","Use Your Gun!","dd.useyourgun","RR-THREAT;RR-EXP;RR-COMPAT","docs/research/reviews/mods/3229291869-dd.useyourgun.md","LoadAfter","13","HugsLib","UnlimitedHugs.HugsLib","True","In selected 294-mod profile","RR-COMPAT","docs/research/reviews/mods/818773962-UnlimitedHugs.HugsLib.md","workshop/294100/3229291869/About/About.xml","6756EBD18CB9E7A3EB9D1E8778CD5D319B22ADD21680BBE33406149480C8FE6B","Installed relationship-export metadata only; preserve exact declaration/path/hash fields; not publisher/code confirmation or runtime result.","Conservative project rule derived from relationship type and profile presence; not an upstream claim or compatibility finding.","Preserve this order only when both source and target packages are active; infer no code/API integration from the ordering declaration.","","No","No shared non-generic feature tags between in-profile endpoints; RR-COMPAT is excluded by rule.","Pending; not run; no compatibility claim."
"RIMREL-20260927-0559","559","242","Vanilla Apparel Expanded","VanillaExpanded.VAPPE","RR-STA;RR-EXP;RR-THREAT;RR-COMPAT","docs/research/reviews/mods/1814987817-VanillaExpanded.VAPPE.md","Requires","1","Harmony","brrainz.harmony","True","In selected 294-mod profile","RR-MP;RR-COMPAT","docs/research/reviews/mods/2009463077-brrainz.harmony.md","workshop/294100/1814987817/About/About.xml","B0B9EA50E135B1F33D5CFC18DC2B92FEA8E81872F92A25FDAA00FA0C9C8F12ED","Installed relationship-export metadata only; preserve exact declaration/path/hash fields; not publisher/code confirmation or runtime result.","Conservative project rule derived from relationship type and profile presence; not an upstream claim or compatibility finding.","Honor the source mod's declared dependency only while that source mod is enabled; do not make an optional source mod or optional dependency a Rimrooms hard dependency.","","No","No shared non-generic feature tags between in-profile endpoints; RR-COMPAT is excluded by rule.","Pending; not run; no compatibility claim."
"RIMREL-20260927-0560","560","242","Vanilla Apparel Expanded","VanillaExpanded.VAPPE","RR-STA;RR-EXP;RR-THREAT;RR-COMPAT","docs/research/reviews/mods/1814987817-VanillaExpanded.VAPPE.md","Requires","14","Vanilla Expanded Framework","OskarPotocki.VanillaFactionsExpanded.Core","True","In selected 294-mod profile","RR-SPACEFLIGHT;RR-COMPAT","docs/research/reviews/mods/2023507013-OskarPotocki.VanillaFactionsExpanded.Core.md","workshop/294100/1814987817/About/About.xml","B0B9EA50E135B1F33D5CFC18DC2B92FEA8E81872F92A25FDAA00FA0C9C8F12ED","Installed relationship-export metadata only; preserve exact declaration/path/hash fields; not publisher/code confirmation or runtime result.","Conservative project rule derived from relationship type and profile presence; not an upstream claim or compatibility finding.","Honor the source mod's declared dependency only while that source mod is enabled; do not make an optional source mod or optional dependency a Rimrooms hard dependency.","","No","No shared non-generic feature tags between in-profile endpoints; RR-COMPAT is excluded by rule.","Pending; not run; no compatibility claim."
"RIMREL-20260927-0561","561","242","Vanilla Apparel Expanded","VanillaExpanded.VAPPE","RR-STA;RR-EXP;RR-THREAT;RR-COMPAT","docs/research/reviews/mods/1814987817-VanillaExpanded.VAPPE.md","LoadAfter","14","Vanilla Expanded Framework","OskarPotocki.VanillaFactionsExpanded.Core","True","In selected 294-mod profile","RR-SPACEFLIGHT;RR-COMPAT","docs/research/reviews/mods/2023507013-OskarPotocki.VanillaFactionsExpanded.Core.md","workshop/294100/1814987817/About/About.xml","B0B9EA50E135B1F33D5CFC18DC2B92FEA8E81872F92A25FDAA00FA0C9C8F12ED","Installed relationship-export metadata only; preserve exact declaration/path/hash fields; not publisher/code confirmation or runtime result.","Conservative project rule derived from relationship type and profile presence; not an upstream claim or compatibility finding.","Preserve this order only when both source and target packages are active; infer no code/API integration from the ordering declaration.","","No","No shared non-generic feature tags between in-profile endpoints; RR-COMPAT is excluded by rule.","Pending; not run; no compatibility claim."
"RIMREL-20260927-0562","562","243","Vanilla Apparel Expanded — Accessories","VanillaExpanded.VAEAccessories","RR-STA;RR-EXP;RR-THREAT;RR-DLC;RR-COMPAT","docs/research/reviews/mods/2521176396-VanillaExpanded.VAEAccessories.md","Requires","1","Harmony","brrainz.harmony","True","In selected 294-mod profile","RR-MP;RR-COMPAT","docs/research/reviews/mods/2009463077-brrainz.harmony.md","workshop/294100/2521176396/About/About.xml","A1E0981B1C3113B98AA4487D04AB32429E0B4E27EFEC7A6FDF38D338F1B11233","Installed relationship-export metadata only; preserve exact declaration/path/hash fields; not publisher/code confirmation or runtime result.","Conservative project rule derived from relationship type and profile presence; not an upstream claim or compatibility finding.","Honor the source mod's declared dependency only while that source mod is enabled; do not make an optional source mod or optional dependency a Rimrooms hard dependency.","","No","No shared non-generic feature tags between in-profile endpoints; RR-COMPAT is excluded by rule.","Pending; not run; no compatibility claim."
"RIMREL-20260927-0563","563","243","Vanilla Apparel Expanded — Accessories","VanillaExpanded.VAEAccessories","RR-STA;RR-EXP;RR-THREAT;RR-DLC;RR-COMPAT","docs/research/reviews/mods/2521176396-VanillaExpanded.VAEAccessories.md","Requires","14","Vanilla Expanded Framework","OskarPotocki.VanillaFactionsExpanded.Core","True","In selected 294-mod profile","RR-SPACEFLIGHT;RR-COMPAT","docs/research/reviews/mods/2023507013-OskarPotocki.VanillaFactionsExpanded.Core.md","workshop/294100/2521176396/About/About.xml","A1E0981B1C3113B98AA4487D04AB32429E0B4E27EFEC7A6FDF38D338F1B11233","Installed relationship-export metadata only; preserve exact declaration/path/hash fields; not publisher/code confirmation or runtime result.","Conservative project rule derived from relationship type and profile presence; not an upstream claim or compatibility finding.","Honor the source mod's declared dependency only while that source mod is enabled; do not make an optional source mod or optional dependency a Rimrooms hard dependency.","","No","No shared non-generic feature tags between in-profile endpoints; RR-COMPAT is excluded by rule.","Pending; not run; no compatibility claim."
"RIMREL-20260927-0564","564","243","Vanilla Apparel Expanded — Accessories","VanillaExpanded.VAEAccessories","RR-STA;RR-EXP;RR-THREAT;RR-DLC;RR-COMPAT","docs/research/reviews/mods/2521176396-VanillaExpanded.VAEAccessories.md","LoadAfter","14","Vanilla Expanded Framework","OskarPotocki.VanillaFactionsExpanded.Core","True","In selected 294-mod profile","RR-SPACEFLIGHT;RR-COMPAT","docs/research/reviews/mods/2023507013-OskarPotocki.VanillaFactionsExpanded.Core.md","workshop/294100/2521176396/About/About.xml","A1E0981B1C3113B98AA4487D04AB32429E0B4E27EFEC7A6FDF38D338F1B11233","Installed relationship-export metadata only; preserve exact declaration/path/hash fields; not publisher/code confirmation or runtime result.","Conservative project rule derived from relationship type and profile presence; not an upstream claim or compatibility finding.","Preserve this order only when both source and target packages are active; infer no code/API integration from the ordering declaration.","","No","No shared non-generic feature tags between in-profile endpoints; RR-COMPAT is excluded by rule.","Pending; not run; no compatibility claim."
"RIMREL-20260927-0565","565","244","Vanilla Armour Expanded","VanillaExpanded.VARME","RR-STA;RR-EXP;RR-THREAT;RR-COMPAT","docs/research/reviews/mods/1814988282-VanillaExpanded.VARME.md","Requires","1","Harmony","brrainz.harmony","True","In selected 294-mod profile","RR-MP;RR-COMPAT","docs/research/reviews/mods/2009463077-brrainz.harmony.md","workshop/294100/1814988282/About/About.xml","56746742C5B6E6A923BB6A8121F61C3109D233B4833E1484A0C1B563D3043C22","Installed relationship-export metadata only; preserve exact declaration/path/hash fields; not publisher/code confirmation or runtime result.","Conservative project rule derived from relationship type and profile presence; not an upstream claim or compatibility finding.","Honor the source mod's declared dependency only while that source mod is enabled; do not make an optional source mod or optional dependency a Rimrooms hard dependency.","","No","No shared non-generic feature tags between in-profile endpoints; RR-COMPAT is excluded by rule.","Pending; not run; no compatibility claim."
"RIMREL-20260927-0566","566","244","Vanilla Armour Expanded","VanillaExpanded.VARME","RR-STA;RR-EXP;RR-THREAT;RR-COMPAT","docs/research/reviews/mods/1814988282-VanillaExpanded.VARME.md","Requires","14","Vanilla Expanded Framework","OskarPotocki.VanillaFactionsExpanded.Core","True","In selected 294-mod profile","RR-SPACEFLIGHT;RR-COMPAT","docs/research/reviews/mods/2023507013-OskarPotocki.VanillaFactionsExpanded.Core.md","workshop/294100/1814988282/About/About.xml","56746742C5B6E6A923BB6A8121F61C3109D233B4833E1484A0C1B563D3043C22","Installed relationship-export metadata only; preserve exact declaration/path/hash fields; not publisher/code confirmation or runtime result.","Conservative project rule derived from relationship type and profile presence; not an upstream claim or compatibility finding.","Honor the source mod's declared dependency only while that source mod is enabled; do not make an optional source mod or optional dependency a Rimrooms hard dependency.","","No","No shared non-generic feature tags between in-profile endpoints; RR-COMPAT is excluded by rule.","Pending; not run; no compatibility claim."
"RIMREL-20260927-0567","567","244","Vanilla Armour Expanded","VanillaExpanded.VARME","RR-STA;RR-EXP;RR-THREAT;RR-COMPAT","docs/research/reviews/mods/1814988282-VanillaExpanded.VARME.md","LoadAfter","","","vanillaexpanded.achievements","False","Outside selected 294-mod profile","","","workshop/294100/1814988282/About/About.xml","56746742C5B6E6A923BB6A8121F61C3109D233B4833E1484A0C1B563D3043C22","Installed relationship-export metadata only; preserve exact declaration/path/hash fields; not publisher/code confirmation or runtime result.","Conservative project rule derived from relationship type and profile presence; not an upstream claim or compatibility finding.","No ordering action while the target is outside this profile; do not add it solely for this declaration. If both packages are later active, preserve the declared order; infer no code/API integration.","","No","Target is outside the selected 294-row profile; no in-profile endpoint feature comparison is asserted.","Pending; not run; no compatibility claim."
"RIMREL-20260927-0568","568","244","Vanilla Armour Expanded","VanillaExpanded.VARME","RR-STA;RR-EXP;RR-THREAT;RR-COMPAT","docs/research/reviews/mods/1814988282-VanillaExpanded.VARME.md","LoadAfter","14","Vanilla Expanded Framework","OskarPotocki.VanillaFactionsExpanded.Core","True","In selected 294-mod profile","RR-SPACEFLIGHT;RR-COMPAT","docs/research/reviews/mods/2023507013-OskarPotocki.VanillaFactionsExpanded.Core.md","workshop/294100/1814988282/About/About.xml","56746742C5B6E6A923BB6A8121F61C3109D233B4833E1484A0C1B563D3043C22","Installed relationship-export metadata only; preserve exact declaration/path/hash fields; not publisher/code confirmation or runtime result.","Conservative project rule derived from relationship type and profile presence; not an upstream claim or compatibility finding.","Preserve this order only when both source and target packages are active; infer no code/API integration from the ordering declaration.","","No","No shared non-generic feature tags between in-profile endpoints; RR-COMPAT is excluded by rule.","Pending; not run; no compatibility claim."
"RIMREL-20260927-0569","569","244","Vanilla Armour Expanded","VanillaExpanded.VARME","RR-STA;RR-EXP;RR-THREAT;RR-COMPAT","docs/research/reviews/mods/1814988282-VanillaExpanded.VARME.md","LoadAfter","","","n7huntsman.combatshields","False","Outside selected 294-mod profile","","","workshop/294100/1814988282/About/About.xml","56746742C5B6E6A923BB6A8121F61C3109D233B4833E1484A0C1B563D3043C22","Installed relationship-export metadata only; preserve exact declaration/path/hash fields; not publisher/code confirmation or runtime result.","Conservative project rule derived from relationship type and profile presence; not an upstream claim or compatibility finding.","No ordering action while the target is outside this profile; do not add it solely for this declaration. If both packages are later active, preserve the declared order; infer no code/API integration.","","No","Target is outside the selected 294-row profile; no in-profile endpoint feature comparison is asserted.","Pending; not run; no compatibility claim."
"RIMREL-20260927-0570","570","245","Vanilla Fix: Haul After Slaughter","PureMJ.MjRimMods.VanillaFixHaulAfterSlaughter","RR-FAC;RR-ECO;RR-COMPAT","docs/research/reviews/mods/2801452324-PureMJ.MjRimMods.VanillaFixHaulAfterSlaughter.md","Requires","1","Harmony","brrainz.harmony","True","In selected 294-mod profile","RR-MP;RR-COMPAT","docs/research/reviews/mods/2009463077-brrainz.harmony.md","workshop/294100/2801452324/About/About.xml","414AFC04B448ECE81641E9E1962B0DEFE1BD78DE0EDAD3888B2B4AAE23D5E681","Installed relationship-export metadata only; preserve exact declaration/path/hash fields; not publisher/code confirmation or runtime result.","Conservative project rule derived from relationship type and profile presence; not an upstream claim or compatibility finding.","Honor the source mod's declared dependency only while that source mod is enabled; do not make an optional source mod or optional dependency a Rimrooms hard dependency.","","No","No shared non-generic feature tags between in-profile endpoints; RR-COMPAT is excluded by rule.","Pending; not run; no compatibility claim."
"RIMREL-20260927-0571","571","245","Vanilla Fix: Haul After Slaughter","PureMJ.MjRimMods.VanillaFixHaulAfterSlaughter","RR-FAC;RR-ECO;RR-COMPAT","docs/research/reviews/mods/2801452324-PureMJ.MjRimMods.VanillaFixHaulAfterSlaughter.md","LoadAfter","1","Harmony","brrainz.harmony","True","In selected 294-mod profile","RR-MP;RR-COMPAT","docs/research/reviews/mods/2009463077-brrainz.harmony.md","workshop/294100/2801452324/About/About.xml","414AFC04B448ECE81641E9E1962B0DEFE1BD78DE0EDAD3888B2B4AAE23D5E681","Installed relationship-export metadata only; preserve exact declaration/path/hash fields; not publisher/code confirmation or runtime result.","Conservative project rule derived from relationship type and profile presence; not an upstream claim or compatibility finding.","Preserve this order only when both source and target packages are active; infer no code/API integration from the ordering declaration.","","No","No shared non-generic feature tags between in-profile endpoints; RR-COMPAT is excluded by rule.","Pending; not run; no compatibility claim."
"RIMREL-20260927-0572","572","246","Vanilla Furniture Expanded - Factory","VanillaExpanded.VFEFactory","RR-FAC;RR-ECO;RR-OUT;RR-DLC;RR-SPACEFLIGHT;RR-COMPAT","docs/research/reviews/mods/3686924415-VanillaExpanded.VFEFactory.md","Requires","1","Harmony","brrainz.harmony","True","In selected 294-mod profile","RR-MP;RR-COMPAT","docs/research/reviews/mods/2009463077-brrainz.harmony.md","workshop/294100/3686924415/About/About.xml","4B5117D54C88C49F774950F2162BD6BA722251F48D6B9C7365130F0332C4CA0D","Installed relationship-export metadata only; preserve exact declaration/path/hash fields; not publisher/code confirmation or runtime result.","Conservative project rule derived from relationship type and profile presence; not an upstream claim or compatibility finding.","Honor the source mod's declared dependency only while that source mod is enabled; do not make an optional source mod or optional dependency a Rimrooms hard dependency.","","No","No shared non-generic feature tags between in-profile endpoints; RR-COMPAT is excluded by rule.","Pending; not run; no compatibility claim."
"RIMREL-20260927-0573","573","246","Vanilla Furniture Expanded - Factory","VanillaExpanded.VFEFactory","RR-FAC;RR-ECO;RR-OUT;RR-DLC;RR-SPACEFLIGHT;RR-COMPAT","docs/research/reviews/mods/3686924415-VanillaExpanded.VFEFactory.md","Requires","14","Vanilla Expanded Framework","OskarPotocki.VanillaFactionsExpanded.Core","True","In selected 294-mod profile","RR-SPACEFLIGHT;RR-COMPAT","docs/research/reviews/mods/2023507013-OskarPotocki.VanillaFactionsExpanded.Core.md","workshop/294100/3686924415/About/About.xml","4B5117D54C88C49F774950F2162BD6BA722251F48D6B9C7365130F0332C4CA0D","Installed relationship-export metadata only; preserve exact declaration/path/hash fields; not publisher/code confirmation or runtime result.","Conservative project rule derived from relationship type and profile presence; not an upstream claim or compatibility finding.","Honor the source mod's declared dependency only while that source mod is enabled; do not make an optional source mod or optional dependency a Rimrooms hard dependency.","RR-SPACEFLIGHT","Yes","In-profile endpoints share non-generic feature tag(s): RR-SPACEFLIGHT. Candidate only; runtime test pending.","Pending; not run; no compatibility claim."
"RIMREL-20260927-0574","574","246","Vanilla Furniture Expanded - Factory","VanillaExpanded.VFEFactory","RR-FAC;RR-ECO;RR-OUT;RR-DLC;RR-SPACEFLIGHT;RR-COMPAT","docs/research/reviews/mods/3686924415-VanillaExpanded.VFEFactory.md","LoadAfter","14","Vanilla Expanded Framework","OskarPotocki.VanillaFactionsExpanded.Core","True","In selected 294-mod profile","RR-SPACEFLIGHT;RR-COMPAT","docs/research/reviews/mods/2023507013-OskarPotocki.VanillaFactionsExpanded.Core.md","workshop/294100/3686924415/About/About.xml","4B5117D54C88C49F774950F2162BD6BA722251F48D6B9C7365130F0332C4CA0D","Installed relationship-export metadata only; preserve exact declaration/path/hash fields; not publisher/code confirmation or runtime result.","Conservative project rule derived from relationship type and profile presence; not an upstream claim or compatibility finding.","Preserve this order only when both source and target packages are active; infer no code/API integration from the ordering declaration.","RR-SPACEFLIGHT","Yes","In-profile endpoints share non-generic feature tag(s): RR-SPACEFLIGHT. Candidate only; runtime test pending.","Pending; not run; no compatibility claim."
"RIMREL-20260927-0575","575","247","Vanilla Gravship Expanded - Chapter 1","vanillaexpanded.gravship","RR-OUT;RR-SPACEFLIGHT;RR-COMPAT","docs/research/reviews/mods/3609835606-vanillaexpanded.gravship.md","Requires","1","Harmony","brrainz.harmony","True","In selected 294-mod profile","RR-MP;RR-COMPAT","docs/research/reviews/mods/2009463077-brrainz.harmony.md","workshop/294100/3609835606/About/About.xml","483A2F11DFB86FA060C65DA7184B7D08228C02B34B60CC57C3EDCE5B924A6A1A","Installed relationship-export metadata only; preserve exact declaration/path/hash fields; not publisher/code confirmation or runtime result.","Conservative project rule derived from relationship type and profile presence; not an upstream claim or compatibility finding.","Honor the source mod's declared dependency only while that source mod is enabled; do not make an optional source mod or optional dependency a Rimrooms hard dependency.","","No","No shared non-generic feature tags between in-profile endpoints; RR-COMPAT is excluded by rule.","Pending; not run; no compatibility claim."
"RIMREL-20260927-0576","576","247","Vanilla Gravship Expanded - Chapter 1","vanillaexpanded.gravship","RR-OUT;RR-SPACEFLIGHT;RR-COMPAT","docs/research/reviews/mods/3609835606-vanillaexpanded.gravship.md","Requires","9","Odyssey","Ludeon.RimWorld.Odyssey","True","In selected 294-mod profile","RR-SPACEFLIGHT;RR-OUT;RR-EXP;RR-MSN;RR-ECO;RR-DLC;RR-COMPAT","docs/research/reviews/mods/official-9-Ludeon.RimWorld.Odyssey.md","workshop/294100/3609835606/About/About.xml","483A2F11DFB86FA060C65DA7184B7D08228C02B34B60CC57C3EDCE5B924A6A1A","Installed relationship-export metadata only; preserve exact declaration/path/hash fields; not publisher/code confirmation or runtime result.","Conservative project rule derived from relationship type and profile presence; not an upstream claim or compatibility finding.","Honor the source mod's declared dependency only while that source mod is enabled; do not make an optional source mod or optional dependency a Rimrooms hard dependency.","RR-OUT;RR-SPACEFLIGHT","Yes","In-profile endpoints share non-generic feature tag(s): RR-OUT;RR-SPACEFLIGHT. Candidate only; runtime test pending.","Pending; not run; no compatibility claim."
"RIMREL-20260927-0577","577","247","Vanilla Gravship Expanded - Chapter 1","vanillaexpanded.gravship","RR-OUT;RR-SPACEFLIGHT;RR-COMPAT","docs/research/reviews/mods/3609835606-vanillaexpanded.gravship.md","Requires","14","Vanilla Expanded Framework","OskarPotocki.VanillaFactionsExpanded.Core","True","In selected 294-mod profile","RR-SPACEFLIGHT;RR-COMPAT","docs/research/reviews/mods/2023507013-OskarPotocki.VanillaFactionsExpanded.Core.md","workshop/294100/3609835606/About/About.xml","483A2F11DFB86FA060C65DA7184B7D08228C02B34B60CC57C3EDCE5B924A6A1A","Installed relationship-export metadata only; preserve exact declaration/path/hash fields; not publisher/code confirmation or runtime result.","Conservative project rule derived from relationship type and profile presence; not an upstream claim or compatibility finding.","Honor the source mod's declared dependency only while that source mod is enabled; do not make an optional source mod or optional dependency a Rimrooms hard dependency.","RR-SPACEFLIGHT","Yes","In-profile endpoints share non-generic feature tag(s): RR-SPACEFLIGHT. Candidate only; runtime test pending.","Pending; not run; no compatibility claim."
"RIMREL-20260927-0578","578","247","Vanilla Gravship Expanded - Chapter 1","vanillaexpanded.gravship","RR-OUT;RR-SPACEFLIGHT;RR-COMPAT","docs/research/reviews/mods/3609835606-vanillaexpanded.gravship.md","LoadAfter","14","Vanilla Expanded Framework","OskarPotocki.VanillaFactionsExpanded.Core","True","In selected 294-mod profile","RR-SPACEFLIGHT;RR-COMPAT","docs/research/reviews/mods/2023507013-OskarPotocki.VanillaFactionsExpanded.Core.md","workshop/294100/3609835606/About/About.xml","483A2F11DFB86FA060C65DA7184B7D08228C02B34B60CC57C3EDCE5B924A6A1A","Installed relationship-export metadata only; preserve exact declaration/path/hash fields; not publisher/code confirmation or runtime result.","Conservative project rule derived from relationship type and profile presence; not an upstream claim or compatibility finding.","Preserve this order only when both source and target packages are active; infer no code/API integration from the ordering declaration.","RR-SPACEFLIGHT","Yes","In-profile endpoints share non-generic feature tag(s): RR-SPACEFLIGHT. Candidate only; runtime test pending.","Pending; not run; no compatibility claim."
"RIMREL-20260927-0579","579","247","Vanilla Gravship Expanded - Chapter 1","vanillaexpanded.gravship","RR-OUT;RR-SPACEFLIGHT;RR-COMPAT","docs/research/reviews/mods/3609835606-vanillaexpanded.gravship.md","IncompatibleWith","","","Bulldog.VanillaChemfuelExpandedOdysseyPatch","False","Outside selected 294-mod profile","","","workshop/294100/3609835606/About/About.xml","483A2F11DFB86FA060C65DA7184B7D08228C02B34B60CC57C3EDCE5B924A6A1A","Installed relationship-export metadata only; preserve exact declaration/path/hash fields; not publisher/code confirmation or runtime result.","Conservative project rule derived from relationship type and profile presence; not an upstream claim or compatibility finding.","Keep the declared target outside the Rimrooms profile; do not auto-add it. If a future profile selects both endpoints, block the pair pending owner review and exact-profile testing.","","No","Target is outside the selected 294-row profile; no in-profile endpoint feature comparison is asserted.","Pending; not run; no compatibility claim."
"RIMREL-20260927-0580","580","249","Vanilla Vehicles Expanded","OskarPotocki.VanillaVehiclesExpanded","RR-EXP;RR-OUT;RR-SPACEFLIGHT;RR-COMPAT","docs/research/reviews/mods/3014906877-OskarPotocki.VanillaVehiclesExpanded.md","Requires","1","Harmony","brrainz.harmony","True","In selected 294-mod profile","RR-MP;RR-COMPAT","docs/research/reviews/mods/2009463077-brrainz.harmony.md","workshop/294100/3014906877/About/About.xml","53F97862719662845DBA0985903D8F4ED8C597A5BBF44F2EE782AB6995E212B7","Installed relationship-export metadata only; preserve exact declaration/path/hash fields; not publisher/code confirmation or runtime result.","Conservative project rule derived from relationship type and profile presence; not an upstream claim or compatibility finding.","Honor the source mod's declared dependency only while that source mod is enabled; do not make an optional source mod or optional dependency a Rimrooms hard dependency.","","No","No shared non-generic feature tags between in-profile endpoints; RR-COMPAT is excluded by rule.","Pending; not run; no compatibility claim."
"RIMREL-20260927-0581","581","249","Vanilla Vehicles Expanded","OskarPotocki.VanillaVehiclesExpanded","RR-EXP;RR-OUT;RR-SPACEFLIGHT;RR-COMPAT","docs/research/reviews/mods/3014906877-OskarPotocki.VanillaVehiclesExpanded.md","Requires","11","Vehicle Framework","SmashPhil.VehicleFramework","True","In selected 294-mod profile","RR-OUT;RR-SPACEFLIGHT;RR-COMPAT","docs/research/reviews/mods/3014915404-SmashPhil.VehicleFramework.md","workshop/294100/3014906877/About/About.xml","53F97862719662845DBA0985903D8F4ED8C597A5BBF44F2EE782AB6995E212B7","Installed relationship-export metadata only; preserve exact declaration/path/hash fields; not publisher/code confirmation or runtime result.","Conservative project rule derived from relationship type and profile presence; not an upstream claim or compatibility finding.","Honor the source mod's declared dependency only while that source mod is enabled; do not make an optional source mod or optional dependency a Rimrooms hard dependency.","RR-OUT;RR-SPACEFLIGHT","Yes","In-profile endpoints share non-generic feature tag(s): RR-OUT;RR-SPACEFLIGHT. Candidate only; runtime test pending.","Pending; not run; no compatibility claim."
"RIMREL-20260927-0582","582","249","Vanilla Vehicles Expanded","OskarPotocki.VanillaVehiclesExpanded","RR-EXP;RR-OUT;RR-SPACEFLIGHT;RR-COMPAT","docs/research/reviews/mods/3014906877-OskarPotocki.VanillaVehiclesExpanded.md","Requires","14","Vanilla Expanded Framework","OskarPotocki.VanillaFactionsExpanded.Core","True","In selected 294-mod profile","RR-SPACEFLIGHT;RR-COMPAT","docs/research/reviews/mods/2023507013-OskarPotocki.VanillaFactionsExpanded.Core.md","workshop/294100/3014906877/About/About.xml","53F97862719662845DBA0985903D8F4ED8C597A5BBF44F2EE782AB6995E212B7","Installed relationship-export metadata only; preserve exact declaration/path/hash fields; not publisher/code confirmation or runtime result.","Conservative project rule derived from relationship type and profile presence; not an upstream claim or compatibility finding.","Honor the source mod's declared dependency only while that source mod is enabled; do not make an optional source mod or optional dependency a Rimrooms hard dependency.","RR-SPACEFLIGHT","Yes","In-profile endpoints share non-generic feature tag(s): RR-SPACEFLIGHT. Candidate only; runtime test pending.","Pending; not run; no compatibility claim."
"RIMREL-20260927-0583","583","249","Vanilla Vehicles Expanded","OskarPotocki.VanillaVehiclesExpanded","RR-EXP;RR-OUT;RR-SPACEFLIGHT;RR-COMPAT","docs/research/reviews/mods/3014906877-OskarPotocki.VanillaVehiclesExpanded.md","LoadAfter","4","Core","Ludeon.RimWorld","True","In selected 294-mod profile","RR-SCEN;RR-FAC;RR-STA;RR-GATE;RR-EXP;RR-SPACE;RR-EVD;RR-THREAT;RR-MSN;RR-ECO;RR-OUT;RR-DLC;RR-UI;RR-COMPAT","docs/research/reviews/mods/official-4-Ludeon.RimWorld.md","workshop/294100/3014906877/About/About.xml","53F97862719662845DBA0985903D8F4ED8C597A5BBF44F2EE782AB6995E212B7","Installed relationship-export metadata only; preserve exact declaration/path/hash fields; not publisher/code confirmation or runtime result.","Conservative project rule derived from relationship type and profile presence; not an upstream claim or compatibility finding.","Preserve this order only when both source and target packages are active; infer no code/API integration from the ordering declaration.","RR-EXP;RR-OUT","Yes","In-profile endpoints share non-generic feature tag(s): RR-EXP;RR-OUT. Candidate only; runtime test pending.","Pending; not run; no compatibility claim."
"RIMREL-20260927-0584","584","249","Vanilla Vehicles Expanded","OskarPotocki.VanillaVehiclesExpanded","RR-EXP;RR-OUT;RR-SPACEFLIGHT;RR-COMPAT","docs/research/reviews/mods/3014906877-OskarPotocki.VanillaVehiclesExpanded.md","LoadAfter","5","Royalty","Ludeon.RimWorld.Royalty","True","In selected 294-mod profile","RR-STA;RR-MSN;RR-DLC;RR-COMPAT","docs/research/reviews/mods/official-5-Ludeon.RimWorld.Royalty.md","workshop/294100/3014906877/About/About.xml","53F97862719662845DBA0985903D8F4ED8C597A5BBF44F2EE782AB6995E212B7","Installed relationship-export metadata only; preserve exact declaration/path/hash fields; not publisher/code confirmation or runtime result.","Conservative project rule derived from relationship type and profile presence; not an upstream claim or compatibility finding.","Preserve this order only when both source and target packages are active; infer no code/API integration from the ordering declaration.","","No","No shared non-generic feature tags between in-profile endpoints; RR-COMPAT is excluded by rule.","Pending; not run; no compatibility claim."
"RIMREL-20260927-0585","585","249","Vanilla Vehicles Expanded","OskarPotocki.VanillaVehiclesExpanded","RR-EXP;RR-OUT;RR-SPACEFLIGHT;RR-COMPAT","docs/research/reviews/mods/3014906877-OskarPotocki.VanillaVehiclesExpanded.md","LoadAfter","1","Harmony","brrainz.harmony","True","In selected 294-mod profile","RR-MP;RR-COMPAT","docs/research/reviews/mods/2009463077-brrainz.harmony.md","workshop/294100/3014906877/About/About.xml","53F97862719662845DBA0985903D8F4ED8C597A5BBF44F2EE782AB6995E212B7","Installed relationship-export metadata only; preserve exact declaration/path/hash fields; not publisher/code confirmation or runtime result.","Conservative project rule derived from relationship type and profile presence; not an upstream claim or compatibility finding.","Preserve this order only when both source and target packages are active; infer no code/API integration from the ordering declaration.","","No","No shared non-generic feature tags between in-profile endpoints; RR-COMPAT is excluded by rule.","Pending; not run; no compatibility claim."
"RIMREL-20260927-0586","586","249","Vanilla Vehicles Expanded","OskarPotocki.VanillaVehiclesExpanded","RR-EXP;RR-OUT;RR-SPACEFLIGHT;RR-COMPAT","docs/research/reviews/mods/3014906877-OskarPotocki.VanillaVehiclesExpanded.md","LoadAfter","11","Vehicle Framework","SmashPhil.VehicleFramework","True","In selected 294-mod profile","RR-OUT;RR-SPACEFLIGHT;RR-COMPAT","docs/research/reviews/mods/3014915404-SmashPhil.VehicleFramework.md","workshop/294100/3014906877/About/About.xml","53F97862719662845DBA0985903D8F4ED8C597A5BBF44F2EE782AB6995E212B7","Installed relationship-export metadata only; preserve exact declaration/path/hash fields; not publisher/code confirmation or runtime result.","Conservative project rule derived from relationship type and profile presence; not an upstream claim or compatibility finding.","Preserve this order only when both source and target packages are active; infer no code/API integration from the ordering declaration.","RR-OUT;RR-SPACEFLIGHT","Yes","In-profile endpoints share non-generic feature tag(s): RR-OUT;RR-SPACEFLIGHT. Candidate only; runtime test pending.","Pending; not run; no compatibility claim."
"RIMREL-20260927-0587","587","249","Vanilla Vehicles Expanded","OskarPotocki.VanillaVehiclesExpanded","RR-EXP;RR-OUT;RR-SPACEFLIGHT;RR-COMPAT","docs/research/reviews/mods/3014906877-OskarPotocki.VanillaVehiclesExpanded.md","LoadAfter","14","Vanilla Expanded Framework","OskarPotocki.VanillaFactionsExpanded.Core","True","In selected 294-mod profile","RR-SPACEFLIGHT;RR-COMPAT","docs/research/reviews/mods/2023507013-OskarPotocki.VanillaFactionsExpanded.Core.md","workshop/294100/3014906877/About/About.xml","53F97862719662845DBA0985903D8F4ED8C597A5BBF44F2EE782AB6995E212B7","Installed relationship-export metadata only; preserve exact declaration/path/hash fields; not publisher/code confirmation or runtime result.","Conservative project rule derived from relationship type and profile presence; not an upstream claim or compatibility finding.","Preserve this order only when both source and target packages are active; infer no code/API integration from the ordering declaration.","RR-SPACEFLIGHT","Yes","In-profile endpoints share non-generic feature tag(s): RR-SPACEFLIGHT. Candidate only; runtime test pending.","Pending; not run; no compatibility claim."
"RIMREL-20260927-0588","588","250","Vanilla Weapons Expanded - Non-Lethal","VanillaExpanded.VWENL","RR-STA;RR-THREAT;RR-COMPAT","docs/research/reviews/mods/2454918354-VanillaExpanded.VWENL.md","Requires","1","Harmony","brrainz.harmony","True","In selected 294-mod profile","RR-MP;RR-COMPAT","docs/research/reviews/mods/2009463077-brrainz.harmony.md","workshop/294100/2454918354/About/About.xml","0E485B36FEEED9EE7085CC5DF6CE865F139BB2179CA9C9ED2616AF5D54FCEFDA","Installed relationship-export metadata only; preserve exact declaration/path/hash fields; not publisher/code confirmation or runtime result.","Conservative project rule derived from relationship type and profile presence; not an upstream claim or compatibility finding.","Honor the source mod's declared dependency only while that source mod is enabled; do not make an optional source mod or optional dependency a Rimrooms hard dependency.","","No","No shared non-generic feature tags between in-profile endpoints; RR-COMPAT is excluded by rule.","Pending; not run; no compatibility claim."
"RIMREL-20260927-0589","589","250","Vanilla Weapons Expanded - Non-Lethal","VanillaExpanded.VWENL","RR-STA;RR-THREAT;RR-COMPAT","docs/research/reviews/mods/2454918354-VanillaExpanded.VWENL.md","Requires","14","Vanilla Expanded Framework","OskarPotocki.VanillaFactionsExpanded.Core","True","In selected 294-mod profile","RR-SPACEFLIGHT;RR-COMPAT","docs/research/reviews/mods/2023507013-OskarPotocki.VanillaFactionsExpanded.Core.md","workshop/294100/2454918354/About/About.xml","0E485B36FEEED9EE7085CC5DF6CE865F139BB2179CA9C9ED2616AF5D54FCEFDA","Installed relationship-export metadata only; preserve exact declaration/path/hash fields; not publisher/code confirmation or runtime result.","Conservative project rule derived from relationship type and profile presence; not an upstream claim or compatibility finding.","Honor the source mod's declared dependency only while that source mod is enabled; do not make an optional source mod or optional dependency a Rimrooms hard dependency.","","No","No shared non-generic feature tags between in-profile endpoints; RR-COMPAT is excluded by rule.","Pending; not run; no compatibility claim."
"RIMREL-20260927-0590","590","250","Vanilla Weapons Expanded - Non-Lethal","VanillaExpanded.VWENL","RR-STA;RR-THREAT;RR-COMPAT","docs/research/reviews/mods/2454918354-VanillaExpanded.VWENL.md","LoadAfter","14","Vanilla Expanded Framework","OskarPotocki.VanillaFactionsExpanded.Core","True","In selected 294-mod profile","RR-SPACEFLIGHT;RR-COMPAT","docs/research/reviews/mods/2023507013-OskarPotocki.VanillaFactionsExpanded.Core.md","workshop/294100/2454918354/About/About.xml","0E485B36FEEED9EE7085CC5DF6CE865F139BB2179CA9C9ED2616AF5D54FCEFDA","Installed relationship-export metadata only; preserve exact declaration/path/hash fields; not publisher/code confirmation or runtime result.","Conservative project rule derived from relationship type and profile presence; not an upstream claim or compatibility finding.","Preserve this order only when both source and target packages are active; infer no code/API integration from the ordering declaration.","","No","No shared non-generic feature tags between in-profile endpoints; RR-COMPAT is excluded by rule.","Pending; not run; no compatibility claim."
"RIMREL-20260927-0591","591","251","Various Space Ship Chunk (Continued)","Mlie.VariousSpaceShipChunk","RR-EVD;RR-MSN;RR-COMPAT","docs/research/reviews/mods/2014616487-Mlie.VariousSpaceShipChunk.md","Requires","1","Harmony","brrainz.harmony","True","In selected 294-mod profile","RR-MP;RR-COMPAT","docs/research/reviews/mods/2009463077-brrainz.harmony.md","workshop/294100/2014616487/About/About.xml","787806915436FAED642024A2DA98FE8AC2C110999A964DABDD90B3368CA08423","Installed relationship-export metadata only; preserve exact declaration/path/hash fields; not publisher/code confirmation or runtime result.","Conservative project rule derived from relationship type and profile presence; not an upstream claim or compatibility finding.","Honor the source mod's declared dependency only while that source mod is enabled; do not make an optional source mod or optional dependency a Rimrooms hard dependency.","","No","No shared non-generic feature tags between in-profile endpoints; RR-COMPAT is excluded by rule.","Pending; not run; no compatibility claim."
"RIMREL-20260927-0592","592","251","Various Space Ship Chunk (Continued)","Mlie.VariousSpaceShipChunk","RR-EVD;RR-MSN;RR-COMPAT","docs/research/reviews/mods/2014616487-Mlie.VariousSpaceShipChunk.md","LoadAfter","1","Harmony","brrainz.harmony","True","In selected 294-mod profile","RR-MP;RR-COMPAT","docs/research/reviews/mods/2009463077-brrainz.harmony.md","workshop/294100/2014616487/About/About.xml","787806915436FAED642024A2DA98FE8AC2C110999A964DABDD90B3368CA08423","Installed relationship-export metadata only; preserve exact declaration/path/hash fields; not publisher/code confirmation or runtime result.","Conservative project rule derived from relationship type and profile presence; not an upstream claim or compatibility finding.","Preserve this order only when both source and target packages are active; infer no code/API integration from the ordering declaration.","","No","No shared non-generic feature tags between in-profile endpoints; RR-COMPAT is excluded by rule.","Pending; not run; no compatibility claim."
"RIMREL-20260927-0593","593","256","Wall Televisions","Xercaine.WallTelevisions","RR-STA;RR-FAC;RR-SPACEFLIGHT;RR-COMPAT","docs/research/reviews/mods/3582096423-Xercaine.WallTelevisions.md","Requires","1","Harmony","brrainz.harmony","True","In selected 294-mod profile","RR-MP;RR-COMPAT","docs/research/reviews/mods/2009463077-brrainz.harmony.md","workshop/294100/3582096423/About/About.xml","CE18804E98EEEEE0C8AC3EE2267F529AFD28B2A49D4C41CAFE01417F6D52841F","Installed relationship-export metadata only; preserve exact declaration/path/hash fields; not publisher/code confirmation or runtime result.","Conservative project rule derived from relationship type and profile presence; not an upstream claim or compatibility finding.","Honor the source mod's declared dependency only while that source mod is enabled; do not make an optional source mod or optional dependency a Rimrooms hard dependency.","","No","No shared non-generic feature tags between in-profile endpoints; RR-COMPAT is excluded by rule.","Pending; not run; no compatibility claim."
"RIMREL-20260927-0594","594","256","Wall Televisions","Xercaine.WallTelevisions","RR-STA;RR-FAC;RR-SPACEFLIGHT;RR-COMPAT","docs/research/reviews/mods/3582096423-Xercaine.WallTelevisions.md","LoadAfter","1","Harmony","brrainz.harmony","True","In selected 294-mod profile","RR-MP;RR-COMPAT","docs/research/reviews/mods/2009463077-brrainz.harmony.md","workshop/294100/3582096423/About/About.xml","CE18804E98EEEEE0C8AC3EE2267F529AFD28B2A49D4C41CAFE01417F6D52841F","Installed relationship-export metadata only; preserve exact declaration/path/hash fields; not publisher/code confirmation or runtime result.","Conservative project rule derived from relationship type and profile presence; not an upstream claim or compatibility finding.","Preserve this order only when both source and target packages are active; infer no code/API integration from the ordering declaration.","","No","No shared non-generic feature tags between in-profile endpoints; RR-COMPAT is excluded by rule.","Pending; not run; no compatibility claim."
"RIMREL-20260927-0595","595","258","War Crimes Expanded 2 Core (Updated)","Mersid.WCE2Updated.Core","RR-STA;RR-THREAT;RR-EXP;RR-COMPAT;RR-DLC","docs/research/reviews/mods/3032870787-Mersid.WCE2Updated.Core.md","Requires","1","Harmony","brrainz.harmony","True","In selected 294-mod profile","RR-MP;RR-COMPAT","docs/research/reviews/mods/2009463077-brrainz.harmony.md","workshop/294100/3032870787/About/About.xml","7D165E37A0A25476FDF142CBCA59FA6359753AC5AE26F6BD27D10482FCF3DF40","Installed relationship-export metadata only; preserve exact declaration/path/hash fields; not publisher/code confirmation or runtime result.","Conservative project rule derived from relationship type and profile presence; not an upstream claim or compatibility finding.","Honor the source mod's declared dependency only while that source mod is enabled; do not make an optional source mod or optional dependency a Rimrooms hard dependency.","","No","No shared non-generic feature tags between in-profile endpoints; RR-COMPAT is excluded by rule.","Pending; not run; no compatibility claim."
"RIMREL-20260927-0596","596","258","War Crimes Expanded 2 Core (Updated)","Mersid.WCE2Updated.Core","RR-STA;RR-THREAT;RR-EXP;RR-COMPAT;RR-DLC","docs/research/reviews/mods/3032870787-Mersid.WCE2Updated.Core.md","LoadAfter","1","Harmony","brrainz.harmony","True","In selected 294-mod profile","RR-MP;RR-COMPAT","docs/research/reviews/mods/2009463077-brrainz.harmony.md","workshop/294100/3032870787/About/About.xml","7D165E37A0A25476FDF142CBCA59FA6359753AC5AE26F6BD27D10482FCF3DF40","Installed relationship-export metadata only; preserve exact declaration/path/hash fields; not publisher/code confirmation or runtime result.","Conservative project rule derived from relationship type and profile presence; not an upstream claim or compatibility finding.","Preserve this order only when both source and target packages are active; infer no code/API integration from the ordering declaration.","","No","No shared non-generic feature tags between in-profile endpoints; RR-COMPAT is excluded by rule.","Pending; not run; no compatibility claim."
"RIMREL-20260927-0597","597","259","Warehouse Storage","vin.warehouse.storage","RR-FAC;RR-EVD;RR-ECO;RR-OUT;RR-COMPAT","docs/research/reviews/mods/3519963835-vin.warehouse.storage.md","Requires","10","Adaptive Storage Framework","adaptive.storage.framework","True","In selected 294-mod profile","RR-FAC;RR-EVD;RR-COMPAT","docs/research/reviews/mods/3033901359-adaptive.storage.framework.md","workshop/294100/3519963835/About/About.xml","0B8E1449BE1A07E90FF86EE46F1523EA3E01E207A664FD7D3E3B6DD270745938","Installed relationship-export metadata only; preserve exact declaration/path/hash fields; not publisher/code confirmation or runtime result.","Conservative project rule derived from relationship type and profile presence; not an upstream claim or compatibility finding.","Honor the source mod's declared dependency only while that source mod is enabled; do not make an optional source mod or optional dependency a Rimrooms hard dependency.","RR-EVD;RR-FAC","Yes","In-profile endpoints share non-generic feature tag(s): RR-EVD;RR-FAC. Candidate only; runtime test pending.","Pending; not run; no compatibility claim."
"RIMREL-20260927-0598","598","259","Warehouse Storage","vin.warehouse.storage","RR-FAC;RR-EVD;RR-ECO;RR-OUT;RR-COMPAT","docs/research/reviews/mods/3519963835-vin.warehouse.storage.md","LoadAfter","4","Core","Ludeon.RimWorld","True","In selected 294-mod profile","RR-SCEN;RR-FAC;RR-STA;RR-GATE;RR-EXP;RR-SPACE;RR-EVD;RR-THREAT;RR-MSN;RR-ECO;RR-OUT;RR-DLC;RR-UI;RR-COMPAT","docs/research/reviews/mods/official-4-Ludeon.RimWorld.md","workshop/294100/3519963835/About/About.xml","0B8E1449BE1A07E90FF86EE46F1523EA3E01E207A664FD7D3E3B6DD270745938","Installed relationship-export metadata only; preserve exact declaration/path/hash fields; not publisher/code confirmation or runtime result.","Conservative project rule derived from relationship type and profile presence; not an upstream claim or compatibility finding.","Preserve this order only when both source and target packages are active; infer no code/API integration from the ordering declaration.","RR-ECO;RR-EVD;RR-FAC;RR-OUT","Yes","In-profile endpoints share non-generic feature tag(s): RR-ECO;RR-EVD;RR-FAC;RR-OUT. Candidate only; runtime test pending.","Pending; not run; no compatibility claim."
"RIMREL-20260927-0599","599","259","Warehouse Storage","vin.warehouse.storage","RR-FAC;RR-EVD;RR-ECO;RR-OUT;RR-COMPAT","docs/research/reviews/mods/3519963835-vin.warehouse.storage.md","LoadAfter","10","Adaptive Storage Framework","adaptive.storage.framework","True","In selected 294-mod profile","RR-FAC;RR-EVD;RR-COMPAT","docs/research/reviews/mods/3033901359-adaptive.storage.framework.md","workshop/294100/3519963835/About/About.xml","0B8E1449BE1A07E90FF86EE46F1523EA3E01E207A664FD7D3E3B6DD270745938","Installed relationship-export metadata only; preserve exact declaration/path/hash fields; not publisher/code confirmation or runtime result.","Conservative project rule derived from relationship type and profile presence; not an upstream claim or compatibility finding.","Preserve this order only when both source and target packages are active; infer no code/API integration from the ordering declaration.","RR-EVD;RR-FAC","Yes","In-profile endpoints share non-generic feature tag(s): RR-EVD;RR-FAC. Candidate only; runtime test pending.","Pending; not run; no compatibility claim."
"RIMREL-20260927-0600","600","260","While You Are Nearby","PureMJ.MjRimMods.WhileYouAreNearby","RR-FAC;RR-STA;RR-COMPAT","docs/research/reviews/mods/2784585275-PureMJ.MjRimMods.WhileYouAreNearby.md","Requires","1","Harmony","brrainz.harmony","True","In selected 294-mod profile","RR-MP;RR-COMPAT","docs/research/reviews/mods/2009463077-brrainz.harmony.md","workshop/294100/2784585275/About/About.xml","BF46429A77A27D79527989265D8A7044D3808AC4FB191E619F70FF25A8C9A2F8","Installed relationship-export metadata only; preserve exact declaration/path/hash fields; not publisher/code confirmation or runtime result.","Conservative project rule derived from relationship type and profile presence; not an upstream claim or compatibility finding.","Honor the source mod's declared dependency only while that source mod is enabled; do not make an optional source mod or optional dependency a Rimrooms hard dependency.","","No","No shared non-generic feature tags between in-profile endpoints; RR-COMPAT is excluded by rule.","Pending; not run; no compatibility claim."
"RIMREL-20260927-0601","601","260","While You Are Nearby","PureMJ.MjRimMods.WhileYouAreNearby","RR-FAC;RR-STA;RR-COMPAT","docs/research/reviews/mods/2784585275-PureMJ.MjRimMods.WhileYouAreNearby.md","LoadAfter","1","Harmony","brrainz.harmony","True","In selected 294-mod profile","RR-MP;RR-COMPAT","docs/research/reviews/mods/2009463077-brrainz.harmony.md","workshop/294100/2784585275/About/About.xml","BF46429A77A27D79527989265D8A7044D3808AC4FB191E619F70FF25A8C9A2F8","Installed relationship-export metadata only; preserve exact declaration/path/hash fields; not publisher/code confirmation or runtime result.","Conservative project rule derived from relationship type and profile presence; not an upstream claim or compatibility finding.","Preserve this order only when both source and target packages are active; infer no code/API integration from the ordering declaration.","","No","No shared non-generic feature tags between in-profile endpoints; RR-COMPAT is excluded by rule.","Pending; not run; no compatibility claim."
"RIMREL-20260927-0602","602","261","Who shot my leg off?","Tixiv.WhoShotMyLegOff","RR-STA;RR-EVD;RR-THREAT;RR-COMPAT","docs/research/reviews/mods/3491552121-Tixiv.WhoShotMyLegOff.md","Requires","1","Harmony","brrainz.harmony","True","In selected 294-mod profile","RR-MP;RR-COMPAT","docs/research/reviews/mods/2009463077-brrainz.harmony.md","workshop/294100/3491552121/About/About.xml","D507497621022687D342CA71D62CD012C2CA9155C27DCE0F2C1E92C04783879D","Installed relationship-export metadata only; preserve exact declaration/path/hash fields; not publisher/code confirmation or runtime result.","Conservative project rule derived from relationship type and profile presence; not an upstream claim or compatibility finding.","Honor the source mod's declared dependency only while that source mod is enabled; do not make an optional source mod or optional dependency a Rimrooms hard dependency.","","No","No shared non-generic feature tags between in-profile endpoints; RR-COMPAT is excluded by rule.","Pending; not run; no compatibility claim."
"RIMREL-20260927-0603","603","261","Who shot my leg off?","Tixiv.WhoShotMyLegOff","RR-STA;RR-EVD;RR-THREAT;RR-COMPAT","docs/research/reviews/mods/3491552121-Tixiv.WhoShotMyLegOff.md","LoadAfter","1","Harmony","brrainz.harmony","True","In selected 294-mod profile","RR-MP;RR-COMPAT","docs/research/reviews/mods/2009463077-brrainz.harmony.md","workshop/294100/3491552121/About/About.xml","D507497621022687D342CA71D62CD012C2CA9155C27DCE0F2C1E92C04783879D","Installed relationship-export metadata only; preserve exact declaration/path/hash fields; not publisher/code confirmation or runtime result.","Conservative project rule derived from relationship type and profile presence; not an upstream claim or compatibility finding.","Preserve this order only when both source and target packages are active; infer no code/API integration from the ordering declaration.","","No","No shared non-generic feature tags between in-profile endpoints; RR-COMPAT is excluded by rule.","Pending; not run; no compatibility claim."
"RIMREL-20260927-0604","604","261","Who shot my leg off?","Tixiv.WhoShotMyLegOff","RR-STA;RR-EVD;RR-THREAT;RR-COMPAT","docs/research/reviews/mods/3491552121-Tixiv.WhoShotMyLegOff.md","LoadAfter","4","Core","Ludeon.RimWorld","True","In selected 294-mod profile","RR-SCEN;RR-FAC;RR-STA;RR-GATE;RR-EXP;RR-SPACE;RR-EVD;RR-THREAT;RR-MSN;RR-ECO;RR-OUT;RR-DLC;RR-UI;RR-COMPAT","docs/research/reviews/mods/official-4-Ludeon.RimWorld.md","workshop/294100/3491552121/About/About.xml","D507497621022687D342CA71D62CD012C2CA9155C27DCE0F2C1E92C04783879D","Installed relationship-export metadata only; preserve exact declaration/path/hash fields; not publisher/code confirmation or runtime result.","Conservative project rule derived from relationship type and profile presence; not an upstream claim or compatibility finding.","Preserve this order only when both source and target packages are active; infer no code/API integration from the ordering declaration.","RR-EVD;RR-STA;RR-THREAT","Yes","In-profile endpoints share non-generic feature tag(s): RR-EVD;RR-STA;RR-THREAT. Candidate only; runtime test pending.","Pending; not run; no compatibility claim."
"RIMREL-20260927-0605","605","262","Wololoo - Better Conversion and Recruitment","RedMattis.BetterConversion","RR-STA;RR-COMPAT","docs/research/reviews/mods/3108763487-RedMattis.BetterConversion.md","Requires","1","Harmony","brrainz.harmony","True","In selected 294-mod profile","RR-MP;RR-COMPAT","docs/research/reviews/mods/2009463077-brrainz.harmony.md","workshop/294100/3108763487/About/About.xml","62D6DC2B9742FC322ADD677BF7E735306604FD129A1F12061671DA58AB50C279","Installed relationship-export metadata only; preserve exact declaration/path/hash fields; not publisher/code confirmation or runtime result.","Conservative project rule derived from relationship type and profile presence; not an upstream claim or compatibility finding.","Honor the source mod's declared dependency only while that source mod is enabled; do not make an optional source mod or optional dependency a Rimrooms hard dependency.","","No","No shared non-generic feature tags between in-profile endpoints; RR-COMPAT is excluded by rule.","Pending; not run; no compatibility claim."
"RIMREL-20260927-0606","606","262","Wololoo - Better Conversion and Recruitment","RedMattis.BetterConversion","RR-STA;RR-COMPAT","docs/research/reviews/mods/3108763487-RedMattis.BetterConversion.md","Requires","6","Ideology","Ludeon.RimWorld.Ideology","True","In selected 294-mod profile","RR-STA;RR-DLC;RR-COMPAT","docs/research/reviews/mods/official-6-Ludeon.RimWorld.Ideology.md","workshop/294100/3108763487/About/About.xml","62D6DC2B9742FC322ADD677BF7E735306604FD129A1F12061671DA58AB50C279","Installed relationship-export metadata only; preserve exact declaration/path/hash fields; not publisher/code confirmation or runtime result.","Conservative project rule derived from relationship type and profile presence; not an upstream claim or compatibility finding.","Honor the source mod's declared dependency only while that source mod is enabled; do not make an optional source mod or optional dependency a Rimrooms hard dependency.","RR-STA","Yes","In-profile endpoints share non-generic feature tag(s): RR-STA. Candidate only; runtime test pending.","Pending; not run; no compatibility claim."
"RIMREL-20260927-0607","607","262","Wololoo - Better Conversion and Recruitment","RedMattis.BetterConversion","RR-STA;RR-COMPAT","docs/research/reviews/mods/3108763487-RedMattis.BetterConversion.md","LoadAfter","6","Ideology","ludeon.rimworld.Ideology","True","In selected 294-mod profile","RR-STA;RR-DLC;RR-COMPAT","docs/research/reviews/mods/official-6-Ludeon.RimWorld.Ideology.md","workshop/294100/3108763487/About/About.xml","62D6DC2B9742FC322ADD677BF7E735306604FD129A1F12061671DA58AB50C279","Installed relationship-export metadata only; preserve exact declaration/path/hash fields; not publisher/code confirmation or runtime result.","Conservative project rule derived from relationship type and profile presence; not an upstream claim or compatibility finding.","Preserve this order only when both source and target packages are active; infer no code/API integration from the ordering declaration.","RR-STA","Yes","In-profile endpoints share non-generic feature tag(s): RR-STA. Candidate only; runtime test pending.","Pending; not run; no compatibility claim."
"RIMREL-20260927-0608","608","263","You Drive, I Sleep","Spacemoth.YouDriveISleep","RR-EXP;RR-OUT;RR-SPACEFLIGHT;RR-STA;RR-COMPAT","docs/research/reviews/mods/3324430833-Spacemoth.YouDriveISleep.md","Requires","1","Harmony","brrainz.harmony","True","In selected 294-mod profile","RR-MP;RR-COMPAT","docs/research/reviews/mods/2009463077-brrainz.harmony.md","workshop/294100/3324430833/About/About.xml","A17C30E8CC8FF996377181A4D129B3B0E4518DDEE4BD2814548A73BC48847180","Installed relationship-export metadata only; preserve exact declaration/path/hash fields; not publisher/code confirmation or runtime result.","Conservative project rule derived from relationship type and profile presence; not an upstream claim or compatibility finding.","Honor the source mod's declared dependency only while that source mod is enabled; do not make an optional source mod or optional dependency a Rimrooms hard dependency.","","No","No shared non-generic feature tags between in-profile endpoints; RR-COMPAT is excluded by rule.","Pending; not run; no compatibility claim."
"RIMREL-20260927-0609","609","263","You Drive, I Sleep","Spacemoth.YouDriveISleep","RR-EXP;RR-OUT;RR-SPACEFLIGHT;RR-STA;RR-COMPAT","docs/research/reviews/mods/3324430833-Spacemoth.YouDriveISleep.md","Requires","11","Vehicle Framework","SmashPhil.VehicleFramework","True","In selected 294-mod profile","RR-OUT;RR-SPACEFLIGHT;RR-COMPAT","docs/research/reviews/mods/3014915404-SmashPhil.VehicleFramework.md","workshop/294100/3324430833/About/About.xml","A17C30E8CC8FF996377181A4D129B3B0E4518DDEE4BD2814548A73BC48847180","Installed relationship-export metadata only; preserve exact declaration/path/hash fields; not publisher/code confirmation or runtime result.","Conservative project rule derived from relationship type and profile presence; not an upstream claim or compatibility finding.","Honor the source mod's declared dependency only while that source mod is enabled; do not make an optional source mod or optional dependency a Rimrooms hard dependency.","RR-OUT;RR-SPACEFLIGHT","Yes","In-profile endpoints share non-generic feature tag(s): RR-OUT;RR-SPACEFLIGHT. Candidate only; runtime test pending.","Pending; not run; no compatibility claim."
"RIMREL-20260927-0610","610","263","You Drive, I Sleep","Spacemoth.YouDriveISleep","RR-EXP;RR-OUT;RR-SPACEFLIGHT;RR-STA;RR-COMPAT","docs/research/reviews/mods/3324430833-Spacemoth.YouDriveISleep.md","LoadAfter","1","Harmony","brrainz.harmony","True","In selected 294-mod profile","RR-MP;RR-COMPAT","docs/research/reviews/mods/2009463077-brrainz.harmony.md","workshop/294100/3324430833/About/About.xml","A17C30E8CC8FF996377181A4D129B3B0E4518DDEE4BD2814548A73BC48847180","Installed relationship-export metadata only; preserve exact declaration/path/hash fields; not publisher/code confirmation or runtime result.","Conservative project rule derived from relationship type and profile presence; not an upstream claim or compatibility finding.","Preserve this order only when both source and target packages are active; infer no code/API integration from the ordering declaration.","","No","No shared non-generic feature tags between in-profile endpoints; RR-COMPAT is excluded by rule.","Pending; not run; no compatibility claim."
"RIMREL-20260927-0611","611","263","You Drive, I Sleep","Spacemoth.YouDriveISleep","RR-EXP;RR-OUT;RR-SPACEFLIGHT;RR-STA;RR-COMPAT","docs/research/reviews/mods/3324430833-Spacemoth.YouDriveISleep.md","LoadAfter","11","Vehicle Framework","SmashPhil.VehicleFramework","True","In selected 294-mod profile","RR-OUT;RR-SPACEFLIGHT;RR-COMPAT","docs/research/reviews/mods/3014915404-SmashPhil.VehicleFramework.md","workshop/294100/3324430833/About/About.xml","A17C30E8CC8FF996377181A4D129B3B0E4518DDEE4BD2814548A73BC48847180","Installed relationship-export metadata only; preserve exact declaration/path/hash fields; not publisher/code confirmation or runtime result.","Conservative project rule derived from relationship type and profile presence; not an upstream claim or compatibility finding.","Preserve this order only when both source and target packages are active; infer no code/API integration from the ordering declaration.","RR-OUT;RR-SPACEFLIGHT","Yes","In-profile endpoints share non-generic feature tag(s): RR-OUT;RR-SPACEFLIGHT. Candidate only; runtime test pending.","Pending; not run; no compatibility claim."
"RIMREL-20260927-0612","612","264","Zone To Schedule","Mlie.ZoneToSchedule","RR-STA;RR-FAC;RR-OUT;RR-COMPAT","docs/research/reviews/mods/2436086611-Mlie.ZoneToSchedule.md","Requires","1","Harmony","brrainz.harmony","True","In selected 294-mod profile","RR-MP;RR-COMPAT","docs/research/reviews/mods/2009463077-brrainz.harmony.md","workshop/294100/2436086611/About/About.xml","2C13A04D9BA61BF84DC904E377F1E4FCF2CA3916363C6575DFAF0C2687DB7A27","Installed relationship-export metadata only; preserve exact declaration/path/hash fields; not publisher/code confirmation or runtime result.","Conservative project rule derived from relationship type and profile presence; not an upstream claim or compatibility finding.","Honor the source mod's declared dependency only while that source mod is enabled; do not make an optional source mod or optional dependency a Rimrooms hard dependency.","","No","No shared non-generic feature tags between in-profile endpoints; RR-COMPAT is excluded by rule.","Pending; not run; no compatibility claim."
"RIMREL-20260927-0613","613","264","Zone To Schedule","Mlie.ZoneToSchedule","RR-STA;RR-FAC;RR-OUT;RR-COMPAT","docs/research/reviews/mods/2436086611-Mlie.ZoneToSchedule.md","LoadAfter","1","Harmony","brrainz.harmony","True","In selected 294-mod profile","RR-MP;RR-COMPAT","docs/research/reviews/mods/2009463077-brrainz.harmony.md","workshop/294100/2436086611/About/About.xml","2C13A04D9BA61BF84DC904E377F1E4FCF2CA3916363C6575DFAF0C2687DB7A27","Installed relationship-export metadata only; preserve exact declaration/path/hash fields; not publisher/code confirmation or runtime result.","Conservative project rule derived from relationship type and profile presence; not an upstream claim or compatibility finding.","Preserve this order only when both source and target packages are active; infer no code/API integration from the ordering declaration.","","No","No shared non-generic feature tags between in-profile endpoints; RR-COMPAT is excluded by rule.","Pending; not run; no compatibility claim."
"RIMREL-20260927-0614","614","265","AirtightGarageDoors","Endy.Airtightgarage","RR-FAC;RR-SPACEFLIGHT;RR-STYLE;RR-COMPAT","docs/research/reviews/mods/3534740420-Endy.Airtightgarage.md","Requires","249","Vanilla Vehicles Expanded","oskarpotocki.vanillavehiclesexpanded","True","In selected 294-mod profile","RR-EXP;RR-OUT;RR-SPACEFLIGHT;RR-COMPAT","docs/research/reviews/mods/3014906877-OskarPotocki.VanillaVehiclesExpanded.md","workshop/294100/3534740420/About/About.xml","B0CB577BBA31139323337745104048A80726427C53050E1637D096E3550225D8","Installed relationship-export metadata only; preserve exact declaration/path/hash fields; not publisher/code confirmation or runtime result.","Conservative project rule derived from relationship type and profile presence; not an upstream claim or compatibility finding.","Honor the source mod's declared dependency only while that source mod is enabled; do not make an optional source mod or optional dependency a Rimrooms hard dependency.","RR-SPACEFLIGHT","Yes","In-profile endpoints share non-generic feature tag(s): RR-SPACEFLIGHT. Candidate only; runtime test pending.","Pending; not run; no compatibility claim."
"RIMREL-20260927-0615","615","265","AirtightGarageDoors","Endy.Airtightgarage","RR-FAC;RR-SPACEFLIGHT;RR-STYLE;RR-COMPAT","docs/research/reviews/mods/3534740420-Endy.Airtightgarage.md","LoadAfter","249","Vanilla Vehicles Expanded","oskarpotocki.vanillavehiclesexpanded","True","In selected 294-mod profile","RR-EXP;RR-OUT;RR-SPACEFLIGHT;RR-COMPAT","docs/research/reviews/mods/3014906877-OskarPotocki.VanillaVehiclesExpanded.md","workshop/294100/3534740420/About/About.xml","B0CB577BBA31139323337745104048A80726427C53050E1637D096E3550225D8","Installed relationship-export metadata only; preserve exact declaration/path/hash fields; not publisher/code confirmation or runtime result.","Conservative project rule derived from relationship type and profile presence; not an upstream claim or compatibility finding.","Preserve this order only when both source and target packages are active; infer no code/API integration from the ordering declaration.","RR-SPACEFLIGHT","Yes","In-profile endpoints share non-generic feature tag(s): RR-SPACEFLIGHT. Candidate only; runtime test pending.","Pending; not run; no compatibility claim."
"RIMREL-20260927-0616","616","266","Alpha Vehicles - Age of Sail","sarg.alphavehiclesageofsail","RR-EXP;RR-OUT;RR-SPACEFLIGHT;RR-COMPAT","docs/research/reviews/mods/3177395100-sarg.alphavehiclesageofsail.md","Requires","1","Harmony","brrainz.harmony","True","In selected 294-mod profile","RR-MP;RR-COMPAT","docs/research/reviews/mods/2009463077-brrainz.harmony.md","workshop/294100/3177395100/About/About.xml","26A07EC102B3814BED703E46F89146BFC082A01B03CD556D6DD2FC4F5CE582B1","Installed relationship-export metadata only; preserve exact declaration/path/hash fields; not publisher/code confirmation or runtime result.","Conservative project rule derived from relationship type and profile presence; not an upstream claim or compatibility finding.","Honor the source mod's declared dependency only while that source mod is enabled; do not make an optional source mod or optional dependency a Rimrooms hard dependency.","","No","No shared non-generic feature tags between in-profile endpoints; RR-COMPAT is excluded by rule.","Pending; not run; no compatibility claim."
"RIMREL-20260927-0617","617","266","Alpha Vehicles - Age of Sail","sarg.alphavehiclesageofsail","RR-EXP;RR-OUT;RR-SPACEFLIGHT;RR-COMPAT","docs/research/reviews/mods/3177395100-sarg.alphavehiclesageofsail.md","Requires","11","Vehicle Framework","SmashPhil.VehicleFramework","True","In selected 294-mod profile","RR-OUT;RR-SPACEFLIGHT;RR-COMPAT","docs/research/reviews/mods/3014915404-SmashPhil.VehicleFramework.md","workshop/294100/3177395100/About/About.xml","26A07EC102B3814BED703E46F89146BFC082A01B03CD556D6DD2FC4F5CE582B1","Installed relationship-export metadata only; preserve exact declaration/path/hash fields; not publisher/code confirmation or runtime result.","Conservative project rule derived from relationship type and profile presence; not an upstream claim or compatibility finding.","Honor the source mod's declared dependency only while that source mod is enabled; do not make an optional source mod or optional dependency a Rimrooms hard dependency.","RR-OUT;RR-SPACEFLIGHT","Yes","In-profile endpoints share non-generic feature tag(s): RR-OUT;RR-SPACEFLIGHT. Candidate only; runtime test pending.","Pending; not run; no compatibility claim."
"RIMREL-20260927-0618","618","266","Alpha Vehicles - Age of Sail","sarg.alphavehiclesageofsail","RR-EXP;RR-OUT;RR-SPACEFLIGHT;RR-COMPAT","docs/research/reviews/mods/3177395100-sarg.alphavehiclesageofsail.md","LoadAfter","11","Vehicle Framework","SmashPhil.VehicleFramework","True","In selected 294-mod profile","RR-OUT;RR-SPACEFLIGHT;RR-COMPAT","docs/research/reviews/mods/3014915404-SmashPhil.VehicleFramework.md","workshop/294100/3177395100/About/About.xml","26A07EC102B3814BED703E46F89146BFC082A01B03CD556D6DD2FC4F5CE582B1","Installed relationship-export metadata only; preserve exact declaration/path/hash fields; not publisher/code confirmation or runtime result.","Conservative project rule derived from relationship type and profile presence; not an upstream claim or compatibility finding.","Preserve this order only when both source and target packages are active; infer no code/API integration from the ordering declaration.","RR-OUT;RR-SPACEFLIGHT","Yes","In-profile endpoints share non-generic feature tag(s): RR-OUT;RR-SPACEFLIGHT. Candidate only; runtime test pending.","Pending; not run; no compatibility claim."
"RIMREL-20260927-0619","619","266","Alpha Vehicles - Age of Sail","sarg.alphavehiclesageofsail","RR-EXP;RR-OUT;RR-SPACEFLIGHT;RR-COMPAT","docs/research/reviews/mods/3177395100-sarg.alphavehiclesageofsail.md","LoadAfter","249","Vanilla Vehicles Expanded","OskarPotocki.VanillaVehiclesExpanded","True","In selected 294-mod profile","RR-EXP;RR-OUT;RR-SPACEFLIGHT;RR-COMPAT","docs/research/reviews/mods/3014906877-OskarPotocki.VanillaVehiclesExpanded.md","workshop/294100/3177395100/About/About.xml","26A07EC102B3814BED703E46F89146BFC082A01B03CD556D6DD2FC4F5CE582B1","Installed relationship-export metadata only; preserve exact declaration/path/hash fields; not publisher/code confirmation or runtime result.","Conservative project rule derived from relationship type and profile presence; not an upstream claim or compatibility finding.","Preserve this order only when both source and target packages are active; infer no code/API integration from the ordering declaration.","RR-EXP;RR-OUT;RR-SPACEFLIGHT","Yes","In-profile endpoints share non-generic feature tag(s): RR-EXP;RR-OUT;RR-SPACEFLIGHT. Candidate only; runtime test pending.","Pending; not run; no compatibility claim."
"RIMREL-20260927-0620","620","267","Animal Apparel: Basic Armor","Ingendum.AnimalArmorBasic","RR-STA;RR-EXP;RR-OUT;RR-THREAT;RR-COMPAT","docs/research/reviews/mods/3513849448-Ingendum.AnimalArmorBasic.md","Requires","31","Animal Apparel: Framework","Ingendum.AnimalApparelFramework","True","In selected 294-mod profile","RR-STA;RR-EXP;RR-OUT;RR-COMPAT","docs/research/reviews/mods/3513825850-Ingendum.AnimalApparelFramework.md","workshop/294100/3513849448/About/About.xml","AADAAE86780E4CAB80767A1DEF791E49647F1967ED9F805E9835C482F090041C","Installed relationship-export metadata only; preserve exact declaration/path/hash fields; not publisher/code confirmation or runtime result.","Conservative project rule derived from relationship type and profile presence; not an upstream claim or compatibility finding.","Honor the source mod's declared dependency only while that source mod is enabled; do not make an optional source mod or optional dependency a Rimrooms hard dependency.","RR-EXP;RR-OUT;RR-STA","Yes","In-profile endpoints share non-generic feature tag(s): RR-EXP;RR-OUT;RR-STA. Candidate only; runtime test pending.","Pending; not run; no compatibility claim."
"RIMREL-20260927-0621","621","267","Animal Apparel: Basic Armor","Ingendum.AnimalArmorBasic","RR-STA;RR-EXP;RR-OUT;RR-THREAT;RR-COMPAT","docs/research/reviews/mods/3513849448-Ingendum.AnimalArmorBasic.md","LoadAfter","31","Animal Apparel: Framework","Ingendum.AnimalApparelFramework","True","In selected 294-mod profile","RR-STA;RR-EXP;RR-OUT;RR-COMPAT","docs/research/reviews/mods/3513825850-Ingendum.AnimalApparelFramework.md","workshop/294100/3513849448/About/About.xml","AADAAE86780E4CAB80767A1DEF791E49647F1967ED9F805E9835C482F090041C","Installed relationship-export metadata only; preserve exact declaration/path/hash fields; not publisher/code confirmation or runtime result.","Conservative project rule derived from relationship type and profile presence; not an upstream claim or compatibility finding.","Preserve this order only when both source and target packages are active; infer no code/API integration from the ordering declaration.","RR-EXP;RR-OUT;RR-STA","Yes","In-profile endpoints share non-generic feature tag(s): RR-EXP;RR-OUT;RR-STA. Candidate only; runtime test pending.","Pending; not run; no compatibility claim."
"RIMREL-20260927-0622","622","269","Gastronomy (Continued)","Orion.Gastronomy","RR-FAC;RR-STA;RR-ECO;RR-COMPAT;RR-MP","docs/research/reviews/mods/3509488152-Orion.Gastronomy.md","Requires","1","Harmony","brrainz.harmony","True","In selected 294-mod profile","RR-MP;RR-COMPAT","docs/research/reviews/mods/2009463077-brrainz.harmony.md","workshop/294100/3509488152/About/About.xml","EA54105FE02F6999DED94329FE320E4085DD9298357C14EA5605771A47A19845","Installed relationship-export metadata only; preserve exact declaration/path/hash fields; not publisher/code confirmation or runtime result.","Conservative project rule derived from relationship type and profile presence; not an upstream claim or compatibility finding.","Honor the source mod's declared dependency only while that source mod is enabled; do not make an optional source mod or optional dependency a Rimrooms hard dependency.","RR-MP","Yes","In-profile endpoints share non-generic feature tag(s): RR-MP. Candidate only; runtime test pending.","Pending; not run; no compatibility claim."
"RIMREL-20260927-0623","623","269","Gastronomy (Continued)","Orion.Gastronomy","RR-FAC;RR-STA;RR-ECO;RR-COMPAT;RR-MP","docs/research/reviews/mods/3509488152-Orion.Gastronomy.md","Requires","62","Cash Register (Continued)","Orion.CashRegister","True","In selected 294-mod profile","RR-FAC;RR-ECO;RR-COMPAT","docs/research/reviews/mods/3509487668-Orion.CashRegister.md","workshop/294100/3509488152/About/About.xml","EA54105FE02F6999DED94329FE320E4085DD9298357C14EA5605771A47A19845","Installed relationship-export metadata only; preserve exact declaration/path/hash fields; not publisher/code confirmation or runtime result.","Conservative project rule derived from relationship type and profile presence; not an upstream claim or compatibility finding.","Honor the source mod's declared dependency only while that source mod is enabled; do not make an optional source mod or optional dependency a Rimrooms hard dependency.","RR-ECO;RR-FAC","Yes","In-profile endpoints share non-generic feature tag(s): RR-ECO;RR-FAC. Candidate only; runtime test pending.","Pending; not run; no compatibility claim."
"RIMREL-20260927-0624","624","269","Gastronomy (Continued)","Orion.Gastronomy","RR-FAC;RR-STA;RR-ECO;RR-COMPAT;RR-MP","docs/research/reviews/mods/3509488152-Orion.Gastronomy.md","LoadAfter","62","Cash Register (Continued)","Orion.CashRegister","True","In selected 294-mod profile","RR-FAC;RR-ECO;RR-COMPAT","docs/research/reviews/mods/3509487668-Orion.CashRegister.md","workshop/294100/3509488152/About/About.xml","EA54105FE02F6999DED94329FE320E4085DD9298357C14EA5605771A47A19845","Installed relationship-export metadata only; preserve exact declaration/path/hash fields; not publisher/code confirmation or runtime result.","Conservative project rule derived from relationship type and profile presence; not an upstream claim or compatibility finding.","Preserve this order only when both source and target packages are active; infer no code/API integration from the ordering declaration.","RR-ECO;RR-FAC","Yes","In-profile endpoints share non-generic feature tag(s): RR-ECO;RR-FAC. Candidate only; runtime test pending.","Pending; not run; no compatibility claim."
"RIMREL-20260927-0625","625","270","Hospitality (Continued)","Orion.Hospitality","RR-FAC;RR-STA;RR-ECO;RR-MSN;RR-OUT;RR-SPACEFLIGHT;RR-MP;RR-COMPAT","docs/research/reviews/mods/3509486825-Orion.Hospitality.md","Requires","1","Harmony","brrainz.harmony","True","In selected 294-mod profile","RR-MP;RR-COMPAT","docs/research/reviews/mods/2009463077-brrainz.harmony.md","workshop/294100/3509486825/About/About.xml","DDE45358A4AE0E95669B07DA75F1B5C67E849ADE0C6D3694F4062634F6BBC6F7","Installed relationship-export metadata only; preserve exact declaration/path/hash fields; not publisher/code confirmation or runtime result.","Conservative project rule derived from relationship type and profile presence; not an upstream claim or compatibility finding.","Honor the source mod's declared dependency only while that source mod is enabled; do not make an optional source mod or optional dependency a Rimrooms hard dependency.","RR-MP","Yes","In-profile endpoints share non-generic feature tag(s): RR-MP. Candidate only; runtime test pending.","Pending; not run; no compatibility claim."
"RIMREL-20260927-0626","626","270","Hospitality (Continued)","Orion.Hospitality","RR-FAC;RR-STA;RR-ECO;RR-MSN;RR-OUT;RR-SPACEFLIGHT;RR-MP;RR-COMPAT","docs/research/reviews/mods/3509486825-Orion.Hospitality.md","LoadAfter","4","Core","Ludeon.RimWorld","True","In selected 294-mod profile","RR-SCEN;RR-FAC;RR-STA;RR-GATE;RR-EXP;RR-SPACE;RR-EVD;RR-THREAT;RR-MSN;RR-ECO;RR-OUT;RR-DLC;RR-UI;RR-COMPAT","docs/research/reviews/mods/official-4-Ludeon.RimWorld.md","workshop/294100/3509486825/About/About.xml","DDE45358A4AE0E95669B07DA75F1B5C67E849ADE0C6D3694F4062634F6BBC6F7","Installed relationship-export metadata only; preserve exact declaration/path/hash fields; not publisher/code confirmation or runtime result.","Conservative project rule derived from relationship type and profile presence; not an upstream claim or compatibility finding.","Preserve this order only when both source and target packages are active; infer no code/API integration from the ordering declaration.","RR-ECO;RR-FAC;RR-MSN;RR-OUT;RR-STA","Yes","In-profile endpoints share non-generic feature tag(s): RR-ECO;RR-FAC;RR-MSN;RR-OUT;RR-STA. Candidate only; runtime test pending.","Pending; not run; no compatibility claim."
"RIMREL-20260927-0627","627","270","Hospitality (Continued)","Orion.Hospitality","RR-FAC;RR-STA;RR-ECO;RR-MSN;RR-OUT;RR-SPACEFLIGHT;RR-MP;RR-COMPAT","docs/research/reviews/mods/3509486825-Orion.Hospitality.md","LoadAfter","5","Royalty","Ludeon.RimWorld.Royalty","True","In selected 294-mod profile","RR-STA;RR-MSN;RR-DLC;RR-COMPAT","docs/research/reviews/mods/official-5-Ludeon.RimWorld.Royalty.md","workshop/294100/3509486825/About/About.xml","DDE45358A4AE0E95669B07DA75F1B5C67E849ADE0C6D3694F4062634F6BBC6F7","Installed relationship-export metadata only; preserve exact declaration/path/hash fields; not publisher/code confirmation or runtime result.","Conservative project rule derived from relationship type and profile presence; not an upstream claim or compatibility finding.","Preserve this order only when both source and target packages are active; infer no code/API integration from the ordering declaration.","RR-MSN;RR-STA","Yes","In-profile endpoints share non-generic feature tag(s): RR-MSN;RR-STA. Candidate only; runtime test pending.","Pending; not run; no compatibility claim."
"RIMREL-20260927-0628","628","270","Hospitality (Continued)","Orion.Hospitality","RR-FAC;RR-STA;RR-ECO;RR-MSN;RR-OUT;RR-SPACEFLIGHT;RR-MP;RR-COMPAT","docs/research/reviews/mods/3509486825-Orion.Hospitality.md","LoadAfter","1","Harmony","brrainz.harmony","True","In selected 294-mod profile","RR-MP;RR-COMPAT","docs/research/reviews/mods/2009463077-brrainz.harmony.md","workshop/294100/3509486825/About/About.xml","DDE45358A4AE0E95669B07DA75F1B5C67E849ADE0C6D3694F4062634F6BBC6F7","Installed relationship-export metadata only; preserve exact declaration/path/hash fields; not publisher/code confirmation or runtime result.","Conservative project rule derived from relationship type and profile presence; not an upstream claim or compatibility finding.","Preserve this order only when both source and target packages are active; infer no code/API integration from the ordering declaration.","RR-MP","Yes","In-profile endpoints share non-generic feature tag(s): RR-MP. Candidate only; runtime test pending.","Pending; not run; no compatibility claim."
"RIMREL-20260927-0629","629","270","Hospitality (Continued)","Orion.Hospitality","RR-FAC;RR-STA;RR-ECO;RR-MSN;RR-OUT;RR-SPACEFLIGHT;RR-MP;RR-COMPAT","docs/research/reviews/mods/3509486825-Orion.Hospitality.md","LoadAfter","14","Vanilla Expanded Framework","OskarPotocki.VanillaFactionsExpanded.Core","True","In selected 294-mod profile","RR-SPACEFLIGHT;RR-COMPAT","docs/research/reviews/mods/2023507013-OskarPotocki.VanillaFactionsExpanded.Core.md","workshop/294100/3509486825/About/About.xml","DDE45358A4AE0E95669B07DA75F1B5C67E849ADE0C6D3694F4062634F6BBC6F7","Installed relationship-export metadata only; preserve exact declaration/path/hash fields; not publisher/code confirmation or runtime result.","Conservative project rule derived from relationship type and profile presence; not an upstream claim or compatibility finding.","Preserve this order only when both source and target packages are active; infer no code/API integration from the ordering declaration.","RR-SPACEFLIGHT","Yes","In-profile endpoints share non-generic feature tag(s): RR-SPACEFLIGHT. Candidate only; runtime test pending.","Pending; not run; no compatibility claim."
"RIMREL-20260927-0630","630","270","Hospitality (Continued)","Orion.Hospitality","RR-FAC;RR-STA;RR-ECO;RR-MSN;RR-OUT;RR-SPACEFLIGHT;RR-MP;RR-COMPAT","docs/research/reviews/mods/3509486825-Orion.Hospitality.md","LoadAfter","","","VanillaExpanded.VNutrientE","False","Outside selected 294-mod profile","","","workshop/294100/3509486825/About/About.xml","DDE45358A4AE0E95669B07DA75F1B5C67E849ADE0C6D3694F4062634F6BBC6F7","Installed relationship-export metadata only; preserve exact declaration/path/hash fields; not publisher/code confirmation or runtime result.","Conservative project rule derived from relationship type and profile presence; not an upstream claim or compatibility finding.","No ordering action while the target is outside this profile; do not add it solely for this declaration. If both packages are later active, preserve the declared order; infer no code/API integration.","","No","Target is outside the selected 294-row profile; no in-profile endpoint feature comparison is asserted.","Pending; not run; no compatibility claim."
"RIMREL-20260927-0631","631","271","Jewelry","kikohi.jewelry","RR-ECO;RR-STA;RR-FAC;RR-DLC;RR-COMPAT","docs/research/reviews/mods/3203280763-kikohi.jewelry.md","Requires","1","Harmony","brrainz.harmony","True","In selected 294-mod profile","RR-MP;RR-COMPAT","docs/research/reviews/mods/2009463077-brrainz.harmony.md","workshop/294100/3203280763/About/About.xml","E0D130BE63864812C210E41BD52AD1BA87FE77B8188FADD46209EE05D900B85D","Installed relationship-export metadata only; preserve exact declaration/path/hash fields; not publisher/code confirmation or runtime result.","Conservative project rule derived from relationship type and profile presence; not an upstream claim or compatibility finding.","Honor the source mod's declared dependency only while that source mod is enabled; do not make an optional source mod or optional dependency a Rimrooms hard dependency.","","No","No shared non-generic feature tags between in-profile endpoints; RR-COMPAT is excluded by rule.","Pending; not run; no compatibility claim."
"RIMREL-20260927-0632","632","271","Jewelry","kikohi.jewelry","RR-ECO;RR-STA;RR-FAC;RR-DLC;RR-COMPAT","docs/research/reviews/mods/3203280763-kikohi.jewelry.md","LoadAfter","4","Core","Ludeon.RimWorld","True","In selected 294-mod profile","RR-SCEN;RR-FAC;RR-STA;RR-GATE;RR-EXP;RR-SPACE;RR-EVD;RR-THREAT;RR-MSN;RR-ECO;RR-OUT;RR-DLC;RR-UI;RR-COMPAT","docs/research/reviews/mods/official-4-Ludeon.RimWorld.md","workshop/294100/3203280763/About/About.xml","E0D130BE63864812C210E41BD52AD1BA87FE77B8188FADD46209EE05D900B85D","Installed relationship-export metadata only; preserve exact declaration/path/hash fields; not publisher/code confirmation or runtime result.","Conservative project rule derived from relationship type and profile presence; not an upstream claim or compatibility finding.","Preserve this order only when both source and target packages are active; infer no code/API integration from the ordering declaration.","RR-DLC;RR-ECO;RR-FAC;RR-STA","Yes","In-profile endpoints share non-generic feature tag(s): RR-DLC;RR-ECO;RR-FAC;RR-STA. Candidate only; runtime test pending.","Pending; not run; no compatibility claim."
"RIMREL-20260927-0633","633","271","Jewelry","kikohi.jewelry","RR-ECO;RR-STA;RR-FAC;RR-DLC;RR-COMPAT","docs/research/reviews/mods/3203280763-kikohi.jewelry.md","LoadAfter","5","Royalty","Ludeon.RimWorld.Royalty","True","In selected 294-mod profile","RR-STA;RR-MSN;RR-DLC;RR-COMPAT","docs/research/reviews/mods/official-5-Ludeon.RimWorld.Royalty.md","workshop/294100/3203280763/About/About.xml","E0D130BE63864812C210E41BD52AD1BA87FE77B8188FADD46209EE05D900B85D","Installed relationship-export metadata only; preserve exact declaration/path/hash fields; not publisher/code confirmation or runtime result.","Conservative project rule derived from relationship type and profile presence; not an upstream claim or compatibility finding.","Preserve this order only when both source and target packages are active; infer no code/API integration from the ordering declaration.","RR-DLC;RR-STA","Yes","In-profile endpoints share non-generic feature tag(s): RR-DLC;RR-STA. Candidate only; runtime test pending.","Pending; not run; no compatibility claim."
"RIMREL-20260927-0634","634","271","Jewelry","kikohi.jewelry","RR-ECO;RR-STA;RR-FAC;RR-DLC;RR-COMPAT","docs/research/reviews/mods/3203280763-kikohi.jewelry.md","LoadAfter","1","Harmony","brrainz.harmony","True","In selected 294-mod profile","RR-MP;RR-COMPAT","docs/research/reviews/mods/2009463077-brrainz.harmony.md","workshop/294100/3203280763/About/About.xml","E0D130BE63864812C210E41BD52AD1BA87FE77B8188FADD46209EE05D900B85D","Installed relationship-export metadata only; preserve exact declaration/path/hash fields; not publisher/code confirmation or runtime result.","Conservative project rule derived from relationship type and profile presence; not an upstream claim or compatibility finding.","Preserve this order only when both source and target packages are active; infer no code/API integration from the ordering declaration.","","No","No shared non-generic feature tags between in-profile endpoints; RR-COMPAT is excluded by rule.","Pending; not run; no compatibility claim."
"RIMREL-20260927-0635","635","271","Jewelry","kikohi.jewelry","RR-ECO;RR-STA;RR-FAC;RR-DLC;RR-COMPAT","docs/research/reviews/mods/3203280763-kikohi.jewelry.md","LoadAfter","","","vanillaexpanded.achievements","False","Outside selected 294-mod profile","","","workshop/294100/3203280763/About/About.xml","E0D130BE63864812C210E41BD52AD1BA87FE77B8188FADD46209EE05D900B85D","Installed relationship-export metadata only; preserve exact declaration/path/hash fields; not publisher/code confirmation or runtime result.","Conservative project rule derived from relationship type and profile presence; not an upstream claim or compatibility finding.","No ordering action while the target is outside this profile; do not add it solely for this declaration. If both packages are later active, preserve the declared order; infer no code/API integration.","","No","Target is outside the selected 294-row profile; no in-profile endpoint feature comparison is asserted.","Pending; not run; no compatibility claim."
"RIMREL-20260927-0636","636","272","Life Support Continued [1.1+]","Troopersmith1.LifeSupport","RR-STA;RR-FAC;RR-EXP;RR-COMPAT;RR-SPACEFLIGHT","docs/research/reviews/mods/2937012139-Troopersmith1.LifeSupport.md","Requires","1","Harmony","brrainz.harmony","True","In selected 294-mod profile","RR-MP;RR-COMPAT","docs/research/reviews/mods/2009463077-brrainz.harmony.md","workshop/294100/2937012139/About/About.xml","DFB02D1938A51DED86C3C7D030AF2AE9858C71C9B99C54851266B3596B84B0BE","Installed relationship-export metadata only; preserve exact declaration/path/hash fields; not publisher/code confirmation or runtime result.","Conservative project rule derived from relationship type and profile presence; not an upstream claim or compatibility finding.","Honor the source mod's declared dependency only while that source mod is enabled; do not make an optional source mod or optional dependency a Rimrooms hard dependency.","","No","No shared non-generic feature tags between in-profile endpoints; RR-COMPAT is excluded by rule.","Pending; not run; no compatibility claim."
"RIMREL-20260927-0637","637","272","Life Support Continued [1.1+]","Troopersmith1.LifeSupport","RR-STA;RR-FAC;RR-EXP;RR-COMPAT;RR-SPACEFLIGHT","docs/research/reviews/mods/2937012139-Troopersmith1.LifeSupport.md","LoadAfter","1","Harmony","brrainz.harmony","True","In selected 294-mod profile","RR-MP;RR-COMPAT","docs/research/reviews/mods/2009463077-brrainz.harmony.md","workshop/294100/2937012139/About/About.xml","DFB02D1938A51DED86C3C7D030AF2AE9858C71C9B99C54851266B3596B84B0BE","Installed relationship-export metadata only; preserve exact declaration/path/hash fields; not publisher/code confirmation or runtime result.","Conservative project rule derived from relationship type and profile presence; not an upstream claim or compatibility finding.","Preserve this order only when both source and target packages are active; infer no code/API integration from the ordering declaration.","","No","No shared non-generic feature tags between in-profile endpoints; RR-COMPAT is excluded by rule.","Pending; not run; no compatibility claim."
"RIMREL-20260927-0638","638","272","Life Support Continued [1.1+]","Troopersmith1.LifeSupport","RR-STA;RR-FAC;RR-EXP;RR-COMPAT;RR-SPACEFLIGHT","docs/research/reviews/mods/2937012139-Troopersmith1.LifeSupport.md","LoadAfter","71","Death Rattle Continued [1.2+]","Troopersmith1.DeathRattle","True","In selected 294-mod profile","RR-STA;RR-EXP;RR-THREAT;RR-COMPAT","docs/research/reviews/mods/2896207870-Troopersmith1.DeathRattle.md","workshop/294100/2937012139/About/About.xml","DFB02D1938A51DED86C3C7D030AF2AE9858C71C9B99C54851266B3596B84B0BE","Installed relationship-export metadata only; preserve exact declaration/path/hash fields; not publisher/code confirmation or runtime result.","Conservative project rule derived from relationship type and profile presence; not an upstream claim or compatibility finding.","Preserve this order only when both source and target packages are active; infer no code/API integration from the ordering declaration.","RR-EXP;RR-STA","Yes","In-profile endpoints share non-generic feature tag(s): RR-EXP;RR-STA. Candidate only; runtime test pending.","Pending; not run; no compatibility claim."
"RIMREL-20260927-0639","639","273","Locks","avius.locks","RR-FAC;RR-THREAT;RR-STA;RR-COMPAT;RR-MP","docs/research/reviews/mods/1157085076-avius.locks.md","Requires","1","Harmony","brrainz.harmony","True","In selected 294-mod profile","RR-MP;RR-COMPAT","docs/research/reviews/mods/2009463077-brrainz.harmony.md","workshop/294100/1157085076/About/About.xml","EE495A1BFE9E46D88B80070D36A4234E864956960F3D2D8CCEDCD2BBB64FC26D","Installed relationship-export metadata only; preserve exact declaration/path/hash fields; not publisher/code confirmation or runtime result.","Conservative project rule derived from relationship type and profile presence; not an upstream claim or compatibility finding.","Honor the source mod's declared dependency only while that source mod is enabled; do not make an optional source mod or optional dependency a Rimrooms hard dependency.","RR-MP","Yes","In-profile endpoints share non-generic feature tag(s): RR-MP. Candidate only; runtime test pending.","Pending; not run; no compatibility claim."
"RIMREL-20260927-0640","640","273","Locks","avius.locks","RR-FAC;RR-THREAT;RR-STA;RR-COMPAT;RR-MP","docs/research/reviews/mods/1157085076-avius.locks.md","LoadAfter","1","Harmony","brrainz.harmony","True","In selected 294-mod profile","RR-MP;RR-COMPAT","docs/research/reviews/mods/2009463077-brrainz.harmony.md","workshop/294100/1157085076/About/About.xml","EE495A1BFE9E46D88B80070D36A4234E864956960F3D2D8CCEDCD2BBB64FC26D","Installed relationship-export metadata only; preserve exact declaration/path/hash fields; not publisher/code confirmation or runtime result.","Conservative project rule derived from relationship type and profile presence; not an upstream claim or compatibility finding.","Preserve this order only when both source and target packages are active; infer no code/API integration from the ordering declaration.","RR-MP","Yes","In-profile endpoints share non-generic feature tag(s): RR-MP. Candidate only; runtime test pending.","Pending; not run; no compatibility claim."
"RIMREL-20260927-0641","641","273","Locks","avius.locks","RR-FAC;RR-THREAT;RR-STA;RR-COMPAT;RR-MP","docs/research/reviews/mods/1157085076-avius.locks.md","LoadAfter","","","haplo.miscellaneous.robots","False","Outside selected 294-mod profile","","","workshop/294100/1157085076/About/About.xml","EE495A1BFE9E46D88B80070D36A4234E864956960F3D2D8CCEDCD2BBB64FC26D","Installed relationship-export metadata only; preserve exact declaration/path/hash fields; not publisher/code confirmation or runtime result.","Conservative project rule derived from relationship type and profile presence; not an upstream claim or compatibility finding.","No ordering action while the target is outside this profile; do not add it solely for this declaration. If both packages are later active, preserve the declared order; infer no code/API integration.","","No","Target is outside the selected 294-row profile; no in-profile endpoint feature comparison is asserted.","Pending; not run; no compatibility claim."
"RIMREL-20260927-0642","642","273","Locks","avius.locks","RR-FAC;RR-THREAT;RR-STA;RR-COMPAT;RR-MP","docs/research/reviews/mods/1157085076-avius.locks.md","LoadAfter","","","kentington.saveourship2","False","Outside selected 294-mod profile","","","workshop/294100/1157085076/About/About.xml","EE495A1BFE9E46D88B80070D36A4234E864956960F3D2D8CCEDCD2BBB64FC26D","Installed relationship-export metadata only; preserve exact declaration/path/hash fields; not publisher/code confirmation or runtime result.","Conservative project rule derived from relationship type and profile presence; not an upstream claim or compatibility finding.","No ordering action while the target is outside this profile; do not add it solely for this declaration. If both packages are later active, preserve the declared order; infer no code/API integration.","","No","Target is outside the selected 294-row profile; no in-profile endpoint feature comparison is asserted.","Pending; not run; no compatibility claim."
"RIMREL-20260927-0643","643","273","Locks","avius.locks","RR-FAC;RR-THREAT;RR-STA;RR-COMPAT;RR-MP","docs/research/reviews/mods/1157085076-avius.locks.md","LoadAfter","","","linkolas.linkabledoors","False","Outside selected 294-mod profile","","","workshop/294100/1157085076/About/About.xml","EE495A1BFE9E46D88B80070D36A4234E864956960F3D2D8CCEDCD2BBB64FC26D","Installed relationship-export metadata only; preserve exact declaration/path/hash fields; not publisher/code confirmation or runtime result.","Conservative project rule derived from relationship type and profile presence; not an upstream claim or compatibility finding.","No ordering action while the target is outside this profile; do not add it solely for this declaration. If both packages are later active, preserve the declared order; infer no code/API integration.","","No","Target is outside the selected 294-row profile; no in-profile endpoint feature comparison is asserted.","Pending; not run; no compatibility claim."
"RIMREL-20260927-0644","644","273","Locks","avius.locks","RR-FAC;RR-THREAT;RR-STA;RR-COMPAT;RR-MP","docs/research/reviews/mods/1157085076-avius.locks.md","LoadAfter","77","Doors Expanded","jecrell.doorsexpanded","True","In selected 294-mod profile","RR-FAC;RR-THREAT;RR-STYLE;RR-COMPAT","docs/research/reviews/mods/3532342422-jecrell.doorsexpanded.md","workshop/294100/1157085076/About/About.xml","EE495A1BFE9E46D88B80070D36A4234E864956960F3D2D8CCEDCD2BBB64FC26D","Installed relationship-export metadata only; preserve exact declaration/path/hash fields; not publisher/code confirmation or runtime result.","Conservative project rule derived from relationship type and profile presence; not an upstream claim or compatibility finding.","Preserve this order only when both source and target packages are active; infer no code/API integration from the ordering declaration.","RR-FAC;RR-THREAT","Yes","In-profile endpoints share non-generic feature tag(s): RR-FAC;RR-THREAT. Candidate only; runtime test pending.","Pending; not run; no compatibility claim."
"RIMREL-20260927-0645","645","273","Locks","avius.locks","RR-FAC;RR-THREAT;RR-STA;RR-COMPAT;RR-MP","docs/research/reviews/mods/1157085076-avius.locks.md","LoadAfter","","","vanillaquestsexpanded.dronefactory","False","Outside selected 294-mod profile","","","workshop/294100/1157085076/About/About.xml","EE495A1BFE9E46D88B80070D36A4234E864956960F3D2D8CCEDCD2BBB64FC26D","Installed relationship-export metadata only; preserve exact declaration/path/hash fields; not publisher/code confirmation or runtime result.","Conservative project rule derived from relationship type and profile presence; not an upstream claim or compatibility finding.","No ordering action while the target is outside this profile; do not add it solely for this declaration. If both packages are later active, preserve the declared order; infer no code/API integration.","","No","Target is outside the selected 294-row profile; no in-profile endpoint feature comparison is asserted.","Pending; not run; no compatibility claim."
"RIMREL-20260927-0646","646","274","Medical Dissection","Heremeus.MedicalDissection","RR-STA;RR-EVD;RR-THREAT;RR-MP;RR-COMPAT","docs/research/reviews/mods/1328216966-Heremeus.MedicalDissection.md","Requires","1","Harmony","brrainz.harmony","True","In selected 294-mod profile","RR-MP;RR-COMPAT","docs/research/reviews/mods/2009463077-brrainz.harmony.md","workshop/294100/1328216966/About/About.xml","2462E577F12FC4ED84B1CEC0118A258883194A5468C74143302B571F5A4F427E","Installed relationship-export metadata only; preserve exact declaration/path/hash fields; not publisher/code confirmation or runtime result.","Conservative project rule derived from relationship type and profile presence; not an upstream claim or compatibility finding.","Honor the source mod's declared dependency only while that source mod is enabled; do not make an optional source mod or optional dependency a Rimrooms hard dependency.","RR-MP","Yes","In-profile endpoints share non-generic feature tag(s): RR-MP. Candidate only; runtime test pending.","Pending; not run; no compatibility claim."
"RIMREL-20260927-0647","647","274","Medical Dissection","Heremeus.MedicalDissection","RR-STA;RR-EVD;RR-THREAT;RR-MP;RR-COMPAT","docs/research/reviews/mods/1328216966-Heremeus.MedicalDissection.md","LoadAfter","4","Core","Ludeon.RimWorld","True","In selected 294-mod profile","RR-SCEN;RR-FAC;RR-STA;RR-GATE;RR-EXP;RR-SPACE;RR-EVD;RR-THREAT;RR-MSN;RR-ECO;RR-OUT;RR-DLC;RR-UI;RR-COMPAT","docs/research/reviews/mods/official-4-Ludeon.RimWorld.md","workshop/294100/1328216966/About/About.xml","2462E577F12FC4ED84B1CEC0118A258883194A5468C74143302B571F5A4F427E","Installed relationship-export metadata only; preserve exact declaration/path/hash fields; not publisher/code confirmation or runtime result.","Conservative project rule derived from relationship type and profile presence; not an upstream claim or compatibility finding.","Preserve this order only when both source and target packages are active; infer no code/API integration from the ordering declaration.","RR-EVD;RR-STA;RR-THREAT","Yes","In-profile endpoints share non-generic feature tag(s): RR-EVD;RR-STA;RR-THREAT. Candidate only; runtime test pending.","Pending; not run; no compatibility claim."
"RIMREL-20260927-0648","648","274","Medical Dissection","Heremeus.MedicalDissection","RR-STA;RR-EVD;RR-THREAT;RR-MP;RR-COMPAT","docs/research/reviews/mods/1328216966-Heremeus.MedicalDissection.md","LoadAfter","5","Royalty","Ludeon.RimWorld.Royalty","True","In selected 294-mod profile","RR-STA;RR-MSN;RR-DLC;RR-COMPAT","docs/research/reviews/mods/official-5-Ludeon.RimWorld.Royalty.md","workshop/294100/1328216966/About/About.xml","2462E577F12FC4ED84B1CEC0118A258883194A5468C74143302B571F5A4F427E","Installed relationship-export metadata only; preserve exact declaration/path/hash fields; not publisher/code confirmation or runtime result.","Conservative project rule derived from relationship type and profile presence; not an upstream claim or compatibility finding.","Preserve this order only when both source and target packages are active; infer no code/API integration from the ordering declaration.","RR-STA","Yes","In-profile endpoints share non-generic feature tag(s): RR-STA. Candidate only; runtime test pending.","Pending; not run; no compatibility claim."
"RIMREL-20260927-0649","649","274","Medical Dissection","Heremeus.MedicalDissection","RR-STA;RR-EVD;RR-THREAT;RR-MP;RR-COMPAT","docs/research/reviews/mods/1328216966-Heremeus.MedicalDissection.md","LoadAfter","1","Harmony","brrainz.harmony","True","In selected 294-mod profile","RR-MP;RR-COMPAT","docs/research/reviews/mods/2009463077-brrainz.harmony.md","workshop/294100/1328216966/About/About.xml","2462E577F12FC4ED84B1CEC0118A258883194A5468C74143302B571F5A4F427E","Installed relationship-export metadata only; preserve exact declaration/path/hash fields; not publisher/code confirmation or runtime result.","Conservative project rule derived from relationship type and profile presence; not an upstream claim or compatibility finding.","Preserve this order only when both source and target packages are active; infer no code/API integration from the ordering declaration.","RR-MP","Yes","In-profile endpoints share non-generic feature tag(s): RR-MP. Candidate only; runtime test pending.","Pending; not run; no compatibility claim."
"RIMREL-20260927-0650","650","274","Medical Dissection","Heremeus.MedicalDissection","RR-STA;RR-EVD;RR-THREAT;RR-MP;RR-COMPAT","docs/research/reviews/mods/1328216966-Heremeus.MedicalDissection.md","LoadAfter","105","Harvest Organs Post Mortem Continued","Smuffle.HarvestOrgansPostMortem","True","In selected 294-mod profile","RR-STA;RR-EVD;RR-ECO;RR-COMPAT","docs/research/reviews/mods/1204502413-Smuffle.HarvestOrgansPostMortem.md","workshop/294100/1328216966/About/About.xml","2462E577F12FC4ED84B1CEC0118A258883194A5468C74143302B571F5A4F427E","Installed relationship-export metadata only; preserve exact declaration/path/hash fields; not publisher/code confirmation or runtime result.","Conservative project rule derived from relationship type and profile presence; not an upstream claim or compatibility finding.","Preserve this order only when both source and target packages are active; infer no code/API integration from the ordering declaration.","RR-EVD;RR-STA","Yes","In-profile endpoints share non-generic feature tag(s): RR-EVD;RR-STA. Candidate only; runtime test pending.","Pending; not run; no compatibility claim."
"RIMREL-20260927-0651","651","275","Non-Lethal: Re-Examined","Smxrez.nonlethalreexamined","RR-THREAT;RR-STA;RR-MSN;RR-COMPAT;RR-MP","docs/research/reviews/mods/3455926746-Smxrez.nonlethalreexamined.md","Requires","250","Vanilla Weapons Expanded - Non-Lethal","vanillaexpanded.vwenl","True","In selected 294-mod profile","RR-STA;RR-THREAT;RR-COMPAT","docs/research/reviews/mods/2454918354-VanillaExpanded.VWENL.md","workshop/294100/3455926746/About/About.xml","ED5E80D0A81BF1192D6415E21179ADCF75DCC4F245C40C19AF2A7CA8D3DCE32A","Installed relationship-export metadata only; preserve exact declaration/path/hash fields; not publisher/code confirmation or runtime result.","Conservative project rule derived from relationship type and profile presence; not an upstream claim or compatibility finding.","Honor the source mod's declared dependency only while that source mod is enabled; do not make an optional source mod or optional dependency a Rimrooms hard dependency.","RR-STA;RR-THREAT","Yes","In-profile endpoints share non-generic feature tag(s): RR-STA;RR-THREAT. Candidate only; runtime test pending.","Pending; not run; no compatibility claim."
"RIMREL-20260927-0652","652","275","Non-Lethal: Re-Examined","Smxrez.nonlethalreexamined","RR-THREAT;RR-STA;RR-MSN;RR-COMPAT;RR-MP","docs/research/reviews/mods/3455926746-Smxrez.nonlethalreexamined.md","LoadAfter","250","Vanilla Weapons Expanded - Non-Lethal","vanillaexpanded.vwenl","True","In selected 294-mod profile","RR-STA;RR-THREAT;RR-COMPAT","docs/research/reviews/mods/2454918354-VanillaExpanded.VWENL.md","workshop/294100/3455926746/About/About.xml","ED5E80D0A81BF1192D6415E21179ADCF75DCC4F245C40C19AF2A7CA8D3DCE32A","Installed relationship-export metadata only; preserve exact declaration/path/hash fields; not publisher/code confirmation or runtime result.","Conservative project rule derived from relationship type and profile presence; not an upstream claim or compatibility finding.","Preserve this order only when both source and target packages are active; infer no code/API integration from the ordering declaration.","RR-STA;RR-THREAT","Yes","In-profile endpoints share non-generic feature tag(s): RR-STA;RR-THREAT. Candidate only; runtime test pending.","Pending; not run; no compatibility claim."
"RIMREL-20260927-0653","653","276","Power Poles Extended","gy.ppextend","RR-FAC;RR-GATE;RR-STYLE;RR-COMPAT","docs/research/reviews/mods/3339142899-gy.ppextend.md","LoadAfter","167","Power Poles","co.uk.epicguru.rimforgepoles","True","In selected 294-mod profile","RR-FAC;RR-GATE;RR-UI;RR-COMPAT","docs/research/reviews/mods/2507086460-co.uk.epicguru.rimforgepoles.md","workshop/294100/3339142899/About/About.xml","ABD36B959D4E02F938EDE9A1DCFD105A1DAFCBD1BE10C9684FA780F61710CE4D","Installed relationship-export metadata only; preserve exact declaration/path/hash fields; not publisher/code confirmation or runtime result.","Conservative project rule derived from relationship type and profile presence; not an upstream claim or compatibility finding.","Preserve this order only when both source and target packages are active; infer no code/API integration from the ordering declaration.","RR-FAC;RR-GATE","Yes","In-profile endpoints share non-generic feature tag(s): RR-FAC;RR-GATE. Candidate only; runtime test pending.","Pending; not run; no compatibility claim."
"RIMREL-20260927-0654","654","276","Power Poles Extended","gy.ppextend","RR-FAC;RR-GATE;RR-STYLE;RR-COMPAT","docs/research/reviews/mods/3339142899-gy.ppextend.md","LoadAfter","","","Aoba.Fortress.Industrial","False","Outside selected 294-mod profile","","","workshop/294100/3339142899/About/About.xml","ABD36B959D4E02F938EDE9A1DCFD105A1DAFCBD1BE10C9684FA780F61710CE4D","Installed relationship-export metadata only; preserve exact declaration/path/hash fields; not publisher/code confirmation or runtime result.","Conservative project rule derived from relationship type and profile presence; not an upstream claim or compatibility finding.","No ordering action while the target is outside this profile; do not add it solely for this declaration. If both packages are later active, preserve the declared order; infer no code/API integration.","","No","Target is outside the selected 294-row profile; no in-profile endpoint feature comparison is asserted.","Pending; not run; no compatibility claim."
"RIMREL-20260927-0655","655","277","Rebuild: Embrasures","Rebuild.Embrasures","RR-FAC;RR-OUT;RR-THREAT;RR-COMPAT","docs/research/reviews/mods/3500482839-Rebuild.Embrasures.md","LoadAfter","4","Core","Ludeon.RimWorld","True","In selected 294-mod profile","RR-SCEN;RR-FAC;RR-STA;RR-GATE;RR-EXP;RR-SPACE;RR-EVD;RR-THREAT;RR-MSN;RR-ECO;RR-OUT;RR-DLC;RR-UI;RR-COMPAT","docs/research/reviews/mods/official-4-Ludeon.RimWorld.md","workshop/294100/3500482839/About/About.xml","6FA271E4B744354B45D4425F9472F98C172C3FA43C3530C5118A7C22D5B75CEC","Installed relationship-export metadata only; preserve exact declaration/path/hash fields; not publisher/code confirmation or runtime result.","Conservative project rule derived from relationship type and profile presence; not an upstream claim or compatibility finding.","Preserve this order only when both source and target packages are active; infer no code/API integration from the ordering declaration.","RR-FAC;RR-OUT;RR-THREAT","Yes","In-profile endpoints share non-generic feature tag(s): RR-FAC;RR-OUT;RR-THREAT. Candidate only; runtime test pending.","Pending; not run; no compatibility claim."
"RIMREL-20260927-0656","656","277","Rebuild: Embrasures","Rebuild.Embrasures","RR-FAC;RR-OUT;RR-THREAT;RR-COMPAT","docs/research/reviews/mods/3500482839-Rebuild.Embrasures.md","LoadAfter","","","CETeam.CombatExtended","False","Outside selected 294-mod profile","","","workshop/294100/3500482839/About/About.xml","6FA271E4B744354B45D4425F9472F98C172C3FA43C3530C5118A7C22D5B75CEC","Installed relationship-export metadata only; preserve exact declaration/path/hash fields; not publisher/code confirmation or runtime result.","Conservative project rule derived from relationship type and profile presence; not an upstream claim or compatibility finding.","No ordering action while the target is outside this profile; do not add it solely for this declaration. If both packages are later active, preserve the declared order; infer no code/API integration.","","No","Target is outside the selected 294-row profile; no in-profile endpoint feature comparison is asserted.","Pending; not run; no compatibility claim."
"RIMREL-20260927-0657","657","277","Rebuild: Embrasures","Rebuild.Embrasures","RR-FAC;RR-OUT;RR-THREAT;RR-COMPAT","docs/research/reviews/mods/3500482839-Rebuild.Embrasures.md","LoadAfter","185","ReBuild: Doors and Corners","ReBuild.COTR.DoorsAndCorners","True","In selected 294-mod profile","RR-FAC;RR-GATE;RR-THREAT;RR-SPACEFLIGHT;RR-STYLE;RR-COMPAT","docs/research/reviews/mods/3262718980-ReBuild.COTR.DoorsAndCorners.md","workshop/294100/3500482839/About/About.xml","6FA271E4B744354B45D4425F9472F98C172C3FA43C3530C5118A7C22D5B75CEC","Installed relationship-export metadata only; preserve exact declaration/path/hash fields; not publisher/code confirmation or runtime result.","Conservative project rule derived from relationship type and profile presence; not an upstream claim or compatibility finding.","Preserve this order only when both source and target packages are active; infer no code/API integration from the ordering declaration.","RR-FAC;RR-THREAT","Yes","In-profile endpoints share non-generic feature tag(s): RR-FAC;RR-THREAT. Candidate only; runtime test pending.","Pending; not run; no compatibility claim."
"RIMREL-20260927-0658","658","278","Replace Stuff: Cooler And Vent Placement Fix","Deadmano.ReplaceStuffCoolerVentPlacementFix","RR-FAC;RR-COMPAT","docs/research/reviews/mods/3093303048-Deadmano.ReplaceStuffCoolerVentPlacementFix.md","Requires","1","Harmony","brrainz.harmony","True","In selected 294-mod profile","RR-MP;RR-COMPAT","docs/research/reviews/mods/2009463077-brrainz.harmony.md","workshop/294100/3093303048/About/About.xml","35D0852EC61B8E4457568189E89C138FDC263E0DE10FD569238F5BF127C5C216","Installed relationship-export metadata only; preserve exact declaration/path/hash fields; not publisher/code confirmation or runtime result.","Conservative project rule derived from relationship type and profile presence; not an upstream claim or compatibility finding.","Honor the source mod's declared dependency only while that source mod is enabled; do not make an optional source mod or optional dependency a Rimrooms hard dependency.","","No","No shared non-generic feature tags between in-profile endpoints; RR-COMPAT is excluded by rule.","Pending; not run; no compatibility claim."
"RIMREL-20260927-0659","659","278","Replace Stuff: Cooler And Vent Placement Fix","Deadmano.ReplaceStuffCoolerVentPlacementFix","RR-FAC;RR-COMPAT","docs/research/reviews/mods/3093303048-Deadmano.ReplaceStuffCoolerVentPlacementFix.md","Requires","189","Replace Stuff - Continued","Memegoddess.ReplaceStuff","True","In selected 294-mod profile","RR-FAC;RR-OUT;RR-SPACE;RR-COMPAT","docs/research/reviews/mods/3526354009-Memegoddess.ReplaceStuff.md","workshop/294100/3093303048/About/About.xml","35D0852EC61B8E4457568189E89C138FDC263E0DE10FD569238F5BF127C5C216","Installed relationship-export metadata only; preserve exact declaration/path/hash fields; not publisher/code confirmation or runtime result.","Conservative project rule derived from relationship type and profile presence; not an upstream claim or compatibility finding.","Honor the source mod's declared dependency only while that source mod is enabled; do not make an optional source mod or optional dependency a Rimrooms hard dependency.","RR-FAC","Yes","In-profile endpoints share non-generic feature tag(s): RR-FAC. Candidate only; runtime test pending.","Pending; not run; no compatibility claim."
"RIMREL-20260927-0660","660","278","Replace Stuff: Cooler And Vent Placement Fix","Deadmano.ReplaceStuffCoolerVentPlacementFix","RR-FAC;RR-COMPAT","docs/research/reviews/mods/3093303048-Deadmano.ReplaceStuffCoolerVentPlacementFix.md","LoadAfter","189","Replace Stuff - Continued","Memegoddess.ReplaceStuff","True","In selected 294-mod profile","RR-FAC;RR-OUT;RR-SPACE;RR-COMPAT","docs/research/reviews/mods/3526354009-Memegoddess.ReplaceStuff.md","workshop/294100/3093303048/About/About.xml","35D0852EC61B8E4457568189E89C138FDC263E0DE10FD569238F5BF127C5C216","Installed relationship-export metadata only; preserve exact declaration/path/hash fields; not publisher/code confirmation or runtime result.","Conservative project rule derived from relationship type and profile presence; not an upstream claim or compatibility finding.","Preserve this order only when both source and target packages are active; infer no code/API integration from the ordering declaration.","RR-FAC","Yes","In-profile endpoints share non-generic feature tag(s): RR-FAC. Candidate only; runtime test pending.","Pending; not run; no compatibility claim."
"RIMREL-20260927-0661","661","278","Replace Stuff: Cooler And Vent Placement Fix","Deadmano.ReplaceStuffCoolerVentPlacementFix","RR-FAC;RR-COMPAT","docs/research/reviews/mods/3093303048-Deadmano.ReplaceStuffCoolerVentPlacementFix.md","LoadAfter","","","Garethp.ReplaceStuffCompatibility","False","Outside selected 294-mod profile","","","workshop/294100/3093303048/About/About.xml","35D0852EC61B8E4457568189E89C138FDC263E0DE10FD569238F5BF127C5C216","Installed relationship-export metadata only; preserve exact declaration/path/hash fields; not publisher/code confirmation or runtime result.","Conservative project rule derived from relationship type and profile presence; not an upstream claim or compatibility finding.","No ordering action while the target is outside this profile; do not add it solely for this declaration. If both packages are later active, preserve the declared order; infer no code/API integration.","","No","Target is outside the selected 294-row profile; no in-profile endpoint feature comparison is asserted.","Pending; not run; no compatibility claim."
"RIMREL-20260927-0662","662","279","Research Whatever","avilmask.ResearchWhatever","RR-FAC;RR-GATE;RR-COMPAT","docs/research/reviews/mods/2552092060-avilmask.ResearchWhatever.md","Requires","1","Harmony","brrainz.harmony","True","In selected 294-mod profile","RR-MP;RR-COMPAT","docs/research/reviews/mods/2009463077-brrainz.harmony.md","workshop/294100/2552092060/About/About.xml","089DAA121D5800B083439E5253BCED46626B76BFB32556601FA2F82A44A0C03F","Installed relationship-export metadata only; preserve exact declaration/path/hash fields; not publisher/code confirmation or runtime result.","Conservative project rule derived from relationship type and profile presence; not an upstream claim or compatibility finding.","Honor the source mod's declared dependency only while that source mod is enabled; do not make an optional source mod or optional dependency a Rimrooms hard dependency.","","No","No shared non-generic feature tags between in-profile endpoints; RR-COMPAT is excluded by rule.","Pending; not run; no compatibility claim."
"RIMREL-20260927-0663","663","279","Research Whatever","avilmask.ResearchWhatever","RR-FAC;RR-GATE;RR-COMPAT","docs/research/reviews/mods/2552092060-avilmask.ResearchWhatever.md","LoadAfter","247","Vanilla Gravship Expanded - Chapter 1","vanillaexpanded.gravship","True","In selected 294-mod profile","RR-OUT;RR-SPACEFLIGHT;RR-COMPAT","docs/research/reviews/mods/3609835606-vanillaexpanded.gravship.md","workshop/294100/2552092060/About/About.xml","089DAA121D5800B083439E5253BCED46626B76BFB32556601FA2F82A44A0C03F","Installed relationship-export metadata only; preserve exact declaration/path/hash fields; not publisher/code confirmation or runtime result.","Conservative project rule derived from relationship type and profile presence; not an upstream claim or compatibility finding.","Preserve this order only when both source and target packages are active; infer no code/API integration from the ordering declaration.","","No","No shared non-generic feature tags between in-profile endpoints; RR-COMPAT is excluded by rule.","Pending; not run; no compatibility claim."
"RIMREL-20260927-0664","664","279","Research Whatever","avilmask.ResearchWhatever","RR-FAC;RR-GATE;RR-COMPAT","docs/research/reviews/mods/2552092060-avilmask.ResearchWhatever.md","LoadBefore","","","PeteTimesSix.ResearchReinvented","False","Outside selected 294-mod profile","","","workshop/294100/2552092060/About/About.xml","089DAA121D5800B083439E5253BCED46626B76BFB32556601FA2F82A44A0C03F","Installed relationship-export metadata only; preserve exact declaration/path/hash fields; not publisher/code confirmation or runtime result.","Conservative project rule derived from relationship type and profile presence; not an upstream claim or compatibility finding.","No ordering action while the target is outside this profile; do not add it solely for this declaration. If both packages are later active, preserve the declared order; infer no code/API integration.","","No","Target is outside the selected 294-row profile; no in-profile endpoint feature comparison is asserted.","Pending; not run; no compatibility claim."
"RIMREL-20260927-0665","665","280","Van's Retexture : Misc. Training","SirVan.MiscTrainingRetexture","RR-STA;RR-COMPAT","docs/research/reviews/mods/2848956469-SirVan.MiscTrainingRetexture.md","LoadAfter","4","Core","Ludeon.RimWorld","True","In selected 294-mod profile","RR-SCEN;RR-FAC;RR-STA;RR-GATE;RR-EXP;RR-SPACE;RR-EVD;RR-THREAT;RR-MSN;RR-ECO;RR-OUT;RR-DLC;RR-UI;RR-COMPAT","docs/research/reviews/mods/official-4-Ludeon.RimWorld.md","workshop/294100/2848956469/About/About.xml","86A782861C1A2567B5AAE9F8416270EE287C6AD622DE45DCEDE02A6BA5744C6C","Installed relationship-export metadata only; preserve exact declaration/path/hash fields; not publisher/code confirmation or runtime result.","Conservative project rule derived from relationship type and profile presence; not an upstream claim or compatibility finding.","Preserve this order only when both source and target packages are active; infer no code/API integration from the ordering declaration.","RR-STA","Yes","In-profile endpoints share non-generic feature tag(s): RR-STA. Candidate only; runtime test pending.","Pending; not run; no compatibility claim."
"RIMREL-20260927-0666","666","280","Van's Retexture : Misc. Training","SirVan.MiscTrainingRetexture","RR-STA;RR-COMPAT","docs/research/reviews/mods/2848956469-SirVan.MiscTrainingRetexture.md","LoadAfter","5","Royalty","Ludeon.RimWorld.Royalty","True","In selected 294-mod profile","RR-STA;RR-MSN;RR-DLC;RR-COMPAT","docs/research/reviews/mods/official-5-Ludeon.RimWorld.Royalty.md","workshop/294100/2848956469/About/About.xml","86A782861C1A2567B5AAE9F8416270EE287C6AD622DE45DCEDE02A6BA5744C6C","Installed relationship-export metadata only; preserve exact declaration/path/hash fields; not publisher/code confirmation or runtime result.","Conservative project rule derived from relationship type and profile presence; not an upstream claim or compatibility finding.","Preserve this order only when both source and target packages are active; infer no code/API integration from the ordering declaration.","RR-STA","Yes","In-profile endpoints share non-generic feature tag(s): RR-STA. Candidate only; runtime test pending.","Pending; not run; no compatibility claim."
"RIMREL-20260927-0667","667","280","Van's Retexture : Misc. Training","SirVan.MiscTrainingRetexture","RR-STA;RR-COMPAT","docs/research/reviews/mods/2848956469-SirVan.MiscTrainingRetexture.md","LoadAfter","6","Ideology","Ludeon.RimWorld.Ideology","True","In selected 294-mod profile","RR-STA;RR-DLC;RR-COMPAT","docs/research/reviews/mods/official-6-Ludeon.RimWorld.Ideology.md","workshop/294100/2848956469/About/About.xml","86A782861C1A2567B5AAE9F8416270EE287C6AD622DE45DCEDE02A6BA5744C6C","Installed relationship-export metadata only; preserve exact declaration/path/hash fields; not publisher/code confirmation or runtime result.","Conservative project rule derived from relationship type and profile presence; not an upstream claim or compatibility finding.","Preserve this order only when both source and target packages are active; infer no code/API integration from the ordering declaration.","RR-STA","Yes","In-profile endpoints share non-generic feature tag(s): RR-STA. Candidate only; runtime test pending.","Pending; not run; no compatibility claim."
"RIMREL-20260927-0668","668","280","Van's Retexture : Misc. Training","SirVan.MiscTrainingRetexture","RR-STA;RR-COMPAT","docs/research/reviews/mods/2848956469-SirVan.MiscTrainingRetexture.md","LoadAfter","","","Haplo.Miscellaneous.TrainingNoTask","False","Outside selected 294-mod profile","","","workshop/294100/2848956469/About/About.xml","86A782861C1A2567B5AAE9F8416270EE287C6AD622DE45DCEDE02A6BA5744C6C","Installed relationship-export metadata only; preserve exact declaration/path/hash fields; not publisher/code confirmation or runtime result.","Conservative project rule derived from relationship type and profile presence; not an upstream claim or compatibility finding.","No ordering action while the target is outside this profile; do not add it solely for this declaration. If both packages are later active, preserve the declared order; infer no code/API integration.","","No","Target is outside the selected 294-row profile; no in-profile endpoint feature comparison is asserted.","Pending; not run; no compatibility claim."
"RIMREL-20260927-0669","669","280","Van's Retexture : Misc. Training","SirVan.MiscTrainingRetexture","RR-STA;RR-COMPAT","docs/research/reviews/mods/2848956469-SirVan.MiscTrainingRetexture.md","LoadAfter","129","Misc. Training","Haplo.Miscellaneous.Training","True","In selected 294-mod profile","RR-STA;RR-FAC;RR-COMPAT","docs/research/reviews/mods/717575199-Haplo.Miscellaneous.Training.md","workshop/294100/2848956469/About/About.xml","86A782861C1A2567B5AAE9F8416270EE287C6AD622DE45DCEDE02A6BA5744C6C","Installed relationship-export metadata only; preserve exact declaration/path/hash fields; not publisher/code confirmation or runtime result.","Conservative project rule derived from relationship type and profile presence; not an upstream claim or compatibility finding.","Preserve this order only when both source and target packages are active; infer no code/API integration from the ordering declaration.","RR-STA","Yes","In-profile endpoints share non-generic feature tag(s): RR-STA. Candidate only; runtime test pending.","Pending; not run; no compatibility claim."
"RIMREL-20260927-0670","670","281","Vanilla Gravship Expanded - Chapter 2","vanillaexpanded.gravship2","RR-OUT;RR-SPACEFLIGHT;RR-THREAT;RR-COMPAT","docs/research/reviews/mods/3799737423-vanillaexpanded.gravship2.md","Requires","1","Harmony","brrainz.harmony","True","In selected 294-mod profile","RR-MP;RR-COMPAT","docs/research/reviews/mods/2009463077-brrainz.harmony.md","workshop/294100/3799737423/About/About.xml","559658DC04E2891347122853990B48EACDD5E654A37AB2CE4D405B94F42560FA","Installed relationship-export metadata only; preserve exact declaration/path/hash fields; not publisher/code confirmation or runtime result.","Conservative project rule derived from relationship type and profile presence; not an upstream claim or compatibility finding.","Honor the source mod's declared dependency only while that source mod is enabled; do not make an optional source mod or optional dependency a Rimrooms hard dependency.","","No","No shared non-generic feature tags between in-profile endpoints; RR-COMPAT is excluded by rule.","Pending; not run; no compatibility claim."
"RIMREL-20260927-0671","671","281","Vanilla Gravship Expanded - Chapter 2","vanillaexpanded.gravship2","RR-OUT;RR-SPACEFLIGHT;RR-THREAT;RR-COMPAT","docs/research/reviews/mods/3799737423-vanillaexpanded.gravship2.md","Requires","9","Odyssey","Ludeon.RimWorld.Odyssey","True","In selected 294-mod profile","RR-SPACEFLIGHT;RR-OUT;RR-EXP;RR-MSN;RR-ECO;RR-DLC;RR-COMPAT","docs/research/reviews/mods/official-9-Ludeon.RimWorld.Odyssey.md","workshop/294100/3799737423/About/About.xml","559658DC04E2891347122853990B48EACDD5E654A37AB2CE4D405B94F42560FA","Installed relationship-export metadata only; preserve exact declaration/path/hash fields; not publisher/code confirmation or runtime result.","Conservative project rule derived from relationship type and profile presence; not an upstream claim or compatibility finding.","Honor the source mod's declared dependency only while that source mod is enabled; do not make an optional source mod or optional dependency a Rimrooms hard dependency.","RR-OUT;RR-SPACEFLIGHT","Yes","In-profile endpoints share non-generic feature tag(s): RR-OUT;RR-SPACEFLIGHT. Candidate only; runtime test pending.","Pending; not run; no compatibility claim."
"RIMREL-20260927-0672","672","281","Vanilla Gravship Expanded - Chapter 2","vanillaexpanded.gravship2","RR-OUT;RR-SPACEFLIGHT;RR-THREAT;RR-COMPAT","docs/research/reviews/mods/3799737423-vanillaexpanded.gravship2.md","Requires","14","Vanilla Expanded Framework","OskarPotocki.VanillaFactionsExpanded.Core","True","In selected 294-mod profile","RR-SPACEFLIGHT;RR-COMPAT","docs/research/reviews/mods/2023507013-OskarPotocki.VanillaFactionsExpanded.Core.md","workshop/294100/3799737423/About/About.xml","559658DC04E2891347122853990B48EACDD5E654A37AB2CE4D405B94F42560FA","Installed relationship-export metadata only; preserve exact declaration/path/hash fields; not publisher/code confirmation or runtime result.","Conservative project rule derived from relationship type and profile presence; not an upstream claim or compatibility finding.","Honor the source mod's declared dependency only while that source mod is enabled; do not make an optional source mod or optional dependency a Rimrooms hard dependency.","RR-SPACEFLIGHT","Yes","In-profile endpoints share non-generic feature tag(s): RR-SPACEFLIGHT. Candidate only; runtime test pending.","Pending; not run; no compatibility claim."
"RIMREL-20260927-0673","673","281","Vanilla Gravship Expanded - Chapter 2","vanillaexpanded.gravship2","RR-OUT;RR-SPACEFLIGHT;RR-THREAT;RR-COMPAT","docs/research/reviews/mods/3799737423-vanillaexpanded.gravship2.md","Requires","247","Vanilla Gravship Expanded - Chapter 1","vanillaexpanded.gravship","True","In selected 294-mod profile","RR-OUT;RR-SPACEFLIGHT;RR-COMPAT","docs/research/reviews/mods/3609835606-vanillaexpanded.gravship.md","workshop/294100/3799737423/About/About.xml","559658DC04E2891347122853990B48EACDD5E654A37AB2CE4D405B94F42560FA","Installed relationship-export metadata only; preserve exact declaration/path/hash fields; not publisher/code confirmation or runtime result.","Conservative project rule derived from relationship type and profile presence; not an upstream claim or compatibility finding.","Honor the source mod's declared dependency only while that source mod is enabled; do not make an optional source mod or optional dependency a Rimrooms hard dependency.","RR-OUT;RR-SPACEFLIGHT","Yes","In-profile endpoints share non-generic feature tag(s): RR-OUT;RR-SPACEFLIGHT. Candidate only; runtime test pending.","Pending; not run; no compatibility claim."
"RIMREL-20260927-0674","674","281","Vanilla Gravship Expanded - Chapter 2","vanillaexpanded.gravship2","RR-OUT;RR-SPACEFLIGHT;RR-THREAT;RR-COMPAT","docs/research/reviews/mods/3799737423-vanillaexpanded.gravship2.md","LoadAfter","14","Vanilla Expanded Framework","OskarPotocki.VanillaFactionsExpanded.Core","True","In selected 294-mod profile","RR-SPACEFLIGHT;RR-COMPAT","docs/research/reviews/mods/2023507013-OskarPotocki.VanillaFactionsExpanded.Core.md","workshop/294100/3799737423/About/About.xml","559658DC04E2891347122853990B48EACDD5E654A37AB2CE4D405B94F42560FA","Installed relationship-export metadata only; preserve exact declaration/path/hash fields; not publisher/code confirmation or runtime result.","Conservative project rule derived from relationship type and profile presence; not an upstream claim or compatibility finding.","Preserve this order only when both source and target packages are active; infer no code/API integration from the ordering declaration.","RR-SPACEFLIGHT","Yes","In-profile endpoints share non-generic feature tag(s): RR-SPACEFLIGHT. Candidate only; runtime test pending.","Pending; not run; no compatibility claim."
"RIMREL-20260927-0675","675","281","Vanilla Gravship Expanded - Chapter 2","vanillaexpanded.gravship2","RR-OUT;RR-SPACEFLIGHT;RR-THREAT;RR-COMPAT","docs/research/reviews/mods/3799737423-vanillaexpanded.gravship2.md","LoadAfter","247","Vanilla Gravship Expanded - Chapter 1","vanillaexpanded.gravship","True","In selected 294-mod profile","RR-OUT;RR-SPACEFLIGHT;RR-COMPAT","docs/research/reviews/mods/3609835606-vanillaexpanded.gravship.md","workshop/294100/3799737423/About/About.xml","559658DC04E2891347122853990B48EACDD5E654A37AB2CE4D405B94F42560FA","Installed relationship-export metadata only; preserve exact declaration/path/hash fields; not publisher/code confirmation or runtime result.","Conservative project rule derived from relationship type and profile presence; not an upstream claim or compatibility finding.","Preserve this order only when both source and target packages are active; infer no code/API integration from the ordering declaration.","RR-OUT;RR-SPACEFLIGHT","Yes","In-profile endpoints share non-generic feature tag(s): RR-OUT;RR-SPACEFLIGHT. Candidate only; runtime test pending.","Pending; not run; no compatibility claim."
"RIMREL-20260927-0676","676","281","Vanilla Gravship Expanded - Chapter 2","vanillaexpanded.gravship2","RR-OUT;RR-SPACEFLIGHT;RR-THREAT;RR-COMPAT","docs/research/reviews/mods/3799737423-vanillaexpanded.gravship2.md","LoadAfter","","","vanillaracesexpanded.insector","False","Outside selected 294-mod profile","","","workshop/294100/3799737423/About/About.xml","559658DC04E2891347122853990B48EACDD5E654A37AB2CE4D405B94F42560FA","Installed relationship-export metadata only; preserve exact declaration/path/hash fields; not publisher/code confirmation or runtime result.","Conservative project rule derived from relationship type and profile presence; not an upstream claim or compatibility finding.","No ordering action while the target is outside this profile; do not add it solely for this declaration. If both packages are later active, preserve the declared order; infer no code/API integration.","","No","Target is outside the selected 294-row profile; no in-profile endpoint feature comparison is asserted.","Pending; not run; no compatibility claim."
"RIMREL-20260927-0677","677","281","Vanilla Gravship Expanded - Chapter 2","vanillaexpanded.gravship2","RR-OUT;RR-SPACEFLIGHT;RR-THREAT;RR-COMPAT","docs/research/reviews/mods/3799737423-vanillaexpanded.gravship2.md","LoadAfter","","","OskarPotocki.VFE.Insectoid2","False","Outside selected 294-mod profile","","","workshop/294100/3799737423/About/About.xml","559658DC04E2891347122853990B48EACDD5E654A37AB2CE4D405B94F42560FA","Installed relationship-export metadata only; preserve exact declaration/path/hash fields; not publisher/code confirmation or runtime result.","Conservative project rule derived from relationship type and profile presence; not an upstream claim or compatibility finding.","No ordering action while the target is outside this profile; do not add it solely for this declaration. If both packages are later active, preserve the declared order; infer no code/API integration.","","No","Target is outside the selected 294-row profile; no in-profile endpoint feature comparison is asserted.","Pending; not run; no compatibility claim."
"RIMREL-20260927-0678","678","281","Vanilla Gravship Expanded - Chapter 2","vanillaexpanded.gravship2","RR-OUT;RR-SPACEFLIGHT;RR-THREAT;RR-COMPAT","docs/research/reviews/mods/3799737423-vanillaexpanded.gravship2.md","IncompatibleWith","","","Bulldog.VanillaChemfuelExpandedOdysseyPatch","False","Outside selected 294-mod profile","","","workshop/294100/3799737423/About/About.xml","559658DC04E2891347122853990B48EACDD5E654A37AB2CE4D405B94F42560FA","Installed relationship-export metadata only; preserve exact declaration/path/hash fields; not publisher/code confirmation or runtime result.","Conservative project rule derived from relationship type and profile presence; not an upstream claim or compatibility finding.","Keep the declared target outside the Rimrooms profile; do not auto-add it. If a future profile selects both endpoints, block the pair pending owner review and exact-profile testing.","","No","Target is outside the selected 294-row profile; no in-profile endpoint feature comparison is asserted.","Pending; not run; no compatibility claim."
"RIMREL-20260927-0679","679","282","Vanilla Vehicles Expanded - Tier 3","OskarPotocki.VanillaVehiclesExpandedTier3","RR-EXP;RR-MSN;RR-OUT;RR-SPACEFLIGHT;RR-COMPAT","docs/research/reviews/mods/3047892432-OskarPotocki.VanillaVehiclesExpandedTier3.md","Requires","1","Harmony","brrainz.harmony","True","In selected 294-mod profile","RR-MP;RR-COMPAT","docs/research/reviews/mods/2009463077-brrainz.harmony.md","workshop/294100/3047892432/About/About.xml","DA480FE4FD4DD939160B34E59DC19EF35FE303D1B9FFC4AA7BC0544313E65EAB","Installed relationship-export metadata only; preserve exact declaration/path/hash fields; not publisher/code confirmation or runtime result.","Conservative project rule derived from relationship type and profile presence; not an upstream claim or compatibility finding.","Honor the source mod's declared dependency only while that source mod is enabled; do not make an optional source mod or optional dependency a Rimrooms hard dependency.","","No","No shared non-generic feature tags between in-profile endpoints; RR-COMPAT is excluded by rule.","Pending; not run; no compatibility claim."
"RIMREL-20260927-0680","680","282","Vanilla Vehicles Expanded - Tier 3","OskarPotocki.VanillaVehiclesExpandedTier3","RR-EXP;RR-MSN;RR-OUT;RR-SPACEFLIGHT;RR-COMPAT","docs/research/reviews/mods/3047892432-OskarPotocki.VanillaVehiclesExpandedTier3.md","Requires","11","Vehicle Framework","SmashPhil.VehicleFramework","True","In selected 294-mod profile","RR-OUT;RR-SPACEFLIGHT;RR-COMPAT","docs/research/reviews/mods/3014915404-SmashPhil.VehicleFramework.md","workshop/294100/3047892432/About/About.xml","DA480FE4FD4DD939160B34E59DC19EF35FE303D1B9FFC4AA7BC0544313E65EAB","Installed relationship-export metadata only; preserve exact declaration/path/hash fields; not publisher/code confirmation or runtime result.","Conservative project rule derived from relationship type and profile presence; not an upstream claim or compatibility finding.","Honor the source mod's declared dependency only while that source mod is enabled; do not make an optional source mod or optional dependency a Rimrooms hard dependency.","RR-OUT;RR-SPACEFLIGHT","Yes","In-profile endpoints share non-generic feature tag(s): RR-OUT;RR-SPACEFLIGHT. Candidate only; runtime test pending.","Pending; not run; no compatibility claim."
"RIMREL-20260927-0681","681","282","Vanilla Vehicles Expanded - Tier 3","OskarPotocki.VanillaVehiclesExpandedTier3","RR-EXP;RR-MSN;RR-OUT;RR-SPACEFLIGHT;RR-COMPAT","docs/research/reviews/mods/3047892432-OskarPotocki.VanillaVehiclesExpandedTier3.md","Requires","249","Vanilla Vehicles Expanded","OskarPotocki.VanillaVehiclesExpanded","True","In selected 294-mod profile","RR-EXP;RR-OUT;RR-SPACEFLIGHT;RR-COMPAT","docs/research/reviews/mods/3014906877-OskarPotocki.VanillaVehiclesExpanded.md","workshop/294100/3047892432/About/About.xml","DA480FE4FD4DD939160B34E59DC19EF35FE303D1B9FFC4AA7BC0544313E65EAB","Installed relationship-export metadata only; preserve exact declaration/path/hash fields; not publisher/code confirmation or runtime result.","Conservative project rule derived from relationship type and profile presence; not an upstream claim or compatibility finding.","Honor the source mod's declared dependency only while that source mod is enabled; do not make an optional source mod or optional dependency a Rimrooms hard dependency.","RR-EXP;RR-OUT;RR-SPACEFLIGHT","Yes","In-profile endpoints share non-generic feature tag(s): RR-EXP;RR-OUT;RR-SPACEFLIGHT. Candidate only; runtime test pending.","Pending; not run; no compatibility claim."
"RIMREL-20260927-0682","682","282","Vanilla Vehicles Expanded - Tier 3","OskarPotocki.VanillaVehiclesExpandedTier3","RR-EXP;RR-MSN;RR-OUT;RR-SPACEFLIGHT;RR-COMPAT","docs/research/reviews/mods/3047892432-OskarPotocki.VanillaVehiclesExpandedTier3.md","LoadAfter","4","Core","Ludeon.RimWorld","True","In selected 294-mod profile","RR-SCEN;RR-FAC;RR-STA;RR-GATE;RR-EXP;RR-SPACE;RR-EVD;RR-THREAT;RR-MSN;RR-ECO;RR-OUT;RR-DLC;RR-UI;RR-COMPAT","docs/research/reviews/mods/official-4-Ludeon.RimWorld.md","workshop/294100/3047892432/About/About.xml","DA480FE4FD4DD939160B34E59DC19EF35FE303D1B9FFC4AA7BC0544313E65EAB","Installed relationship-export metadata only; preserve exact declaration/path/hash fields; not publisher/code confirmation or runtime result.","Conservative project rule derived from relationship type and profile presence; not an upstream claim or compatibility finding.","Preserve this order only when both source and target packages are active; infer no code/API integration from the ordering declaration.","RR-EXP;RR-MSN;RR-OUT","Yes","In-profile endpoints share non-generic feature tag(s): RR-EXP;RR-MSN;RR-OUT. Candidate only; runtime test pending.","Pending; not run; no compatibility claim."
"RIMREL-20260927-0683","683","282","Vanilla Vehicles Expanded - Tier 3","OskarPotocki.VanillaVehiclesExpandedTier3","RR-EXP;RR-MSN;RR-OUT;RR-SPACEFLIGHT;RR-COMPAT","docs/research/reviews/mods/3047892432-OskarPotocki.VanillaVehiclesExpandedTier3.md","LoadAfter","5","Royalty","Ludeon.RimWorld.Royalty","True","In selected 294-mod profile","RR-STA;RR-MSN;RR-DLC;RR-COMPAT","docs/research/reviews/mods/official-5-Ludeon.RimWorld.Royalty.md","workshop/294100/3047892432/About/About.xml","DA480FE4FD4DD939160B34E59DC19EF35FE303D1B9FFC4AA7BC0544313E65EAB","Installed relationship-export metadata only; preserve exact declaration/path/hash fields; not publisher/code confirmation or runtime result.","Conservative project rule derived from relationship type and profile presence; not an upstream claim or compatibility finding.","Preserve this order only when both source and target packages are active; infer no code/API integration from the ordering declaration.","RR-MSN","Yes","In-profile endpoints share non-generic feature tag(s): RR-MSN. Candidate only; runtime test pending.","Pending; not run; no compatibility claim."
"RIMREL-20260927-0684","684","282","Vanilla Vehicles Expanded - Tier 3","OskarPotocki.VanillaVehiclesExpandedTier3","RR-EXP;RR-MSN;RR-OUT;RR-SPACEFLIGHT;RR-COMPAT","docs/research/reviews/mods/3047892432-OskarPotocki.VanillaVehiclesExpandedTier3.md","LoadAfter","1","Harmony","brrainz.harmony","True","In selected 294-mod profile","RR-MP;RR-COMPAT","docs/research/reviews/mods/2009463077-brrainz.harmony.md","workshop/294100/3047892432/About/About.xml","DA480FE4FD4DD939160B34E59DC19EF35FE303D1B9FFC4AA7BC0544313E65EAB","Installed relationship-export metadata only; preserve exact declaration/path/hash fields; not publisher/code confirmation or runtime result.","Conservative project rule derived from relationship type and profile presence; not an upstream claim or compatibility finding.","Preserve this order only when both source and target packages are active; infer no code/API integration from the ordering declaration.","","No","No shared non-generic feature tags between in-profile endpoints; RR-COMPAT is excluded by rule.","Pending; not run; no compatibility claim."
"RIMREL-20260927-0685","685","282","Vanilla Vehicles Expanded - Tier 3","OskarPotocki.VanillaVehiclesExpandedTier3","RR-EXP;RR-MSN;RR-OUT;RR-SPACEFLIGHT;RR-COMPAT","docs/research/reviews/mods/3047892432-OskarPotocki.VanillaVehiclesExpandedTier3.md","LoadAfter","11","Vehicle Framework","SmashPhil.VehicleFramework","True","In selected 294-mod profile","RR-OUT;RR-SPACEFLIGHT;RR-COMPAT","docs/research/reviews/mods/3014915404-SmashPhil.VehicleFramework.md","workshop/294100/3047892432/About/About.xml","DA480FE4FD4DD939160B34E59DC19EF35FE303D1B9FFC4AA7BC0544313E65EAB","Installed relationship-export metadata only; preserve exact declaration/path/hash fields; not publisher/code confirmation or runtime result.","Conservative project rule derived from relationship type and profile presence; not an upstream claim or compatibility finding.","Preserve this order only when both source and target packages are active; infer no code/API integration from the ordering declaration.","RR-OUT;RR-SPACEFLIGHT","Yes","In-profile endpoints share non-generic feature tag(s): RR-OUT;RR-SPACEFLIGHT. Candidate only; runtime test pending.","Pending; not run; no compatibility claim."
"RIMREL-20260927-0686","686","282","Vanilla Vehicles Expanded - Tier 3","OskarPotocki.VanillaVehiclesExpandedTier3","RR-EXP;RR-MSN;RR-OUT;RR-SPACEFLIGHT;RR-COMPAT","docs/research/reviews/mods/3047892432-OskarPotocki.VanillaVehiclesExpandedTier3.md","LoadAfter","249","Vanilla Vehicles Expanded","OskarPotocki.VanillaVehiclesExpanded","True","In selected 294-mod profile","RR-EXP;RR-OUT;RR-SPACEFLIGHT;RR-COMPAT","docs/research/reviews/mods/3014906877-OskarPotocki.VanillaVehiclesExpanded.md","workshop/294100/3047892432/About/About.xml","DA480FE4FD4DD939160B34E59DC19EF35FE303D1B9FFC4AA7BC0544313E65EAB","Installed relationship-export metadata only; preserve exact declaration/path/hash fields; not publisher/code confirmation or runtime result.","Conservative project rule derived from relationship type and profile presence; not an upstream claim or compatibility finding.","Preserve this order only when both source and target packages are active; infer no code/API integration from the ordering declaration.","RR-EXP;RR-OUT;RR-SPACEFLIGHT","Yes","In-profile endpoints share non-generic feature tag(s): RR-EXP;RR-OUT;RR-SPACEFLIGHT. Candidate only; runtime test pending.","Pending; not run; no compatibility claim."
"RIMREL-20260927-0687","687","283","Vanilla Vehicles Expanded - Upgrades","OskarPotocki.VanillaVehiclesExpandedUpgrades","RR-EXP;RR-OUT;RR-ECO;RR-COMPAT","docs/research/reviews/mods/3302208420-OskarPotocki.VanillaVehiclesExpandedUpgrades.md","Requires","1","Harmony","brrainz.harmony","True","In selected 294-mod profile","RR-MP;RR-COMPAT","docs/research/reviews/mods/2009463077-brrainz.harmony.md","workshop/294100/3302208420/About/About.xml","DA8B6DB24CF957982923207BFE798517BB452836A41B220B554CCEE2FF9916B8","Installed relationship-export metadata only; preserve exact declaration/path/hash fields; not publisher/code confirmation or runtime result.","Conservative project rule derived from relationship type and profile presence; not an upstream claim or compatibility finding.","Honor the source mod's declared dependency only while that source mod is enabled; do not make an optional source mod or optional dependency a Rimrooms hard dependency.","","No","No shared non-generic feature tags between in-profile endpoints; RR-COMPAT is excluded by rule.","Pending; not run; no compatibility claim."
"RIMREL-20260927-0688","688","283","Vanilla Vehicles Expanded - Upgrades","OskarPotocki.VanillaVehiclesExpandedUpgrades","RR-EXP;RR-OUT;RR-ECO;RR-COMPAT","docs/research/reviews/mods/3302208420-OskarPotocki.VanillaVehiclesExpandedUpgrades.md","Requires","11","Vehicle Framework","SmashPhil.VehicleFramework","True","In selected 294-mod profile","RR-OUT;RR-SPACEFLIGHT;RR-COMPAT","docs/research/reviews/mods/3014915404-SmashPhil.VehicleFramework.md","workshop/294100/3302208420/About/About.xml","DA8B6DB24CF957982923207BFE798517BB452836A41B220B554CCEE2FF9916B8","Installed relationship-export metadata only; preserve exact declaration/path/hash fields; not publisher/code confirmation or runtime result.","Conservative project rule derived from relationship type and profile presence; not an upstream claim or compatibility finding.","Honor the source mod's declared dependency only while that source mod is enabled; do not make an optional source mod or optional dependency a Rimrooms hard dependency.","RR-OUT","Yes","In-profile endpoints share non-generic feature tag(s): RR-OUT. Candidate only; runtime test pending.","Pending; not run; no compatibility claim."
"RIMREL-20260927-0689","689","283","Vanilla Vehicles Expanded - Upgrades","OskarPotocki.VanillaVehiclesExpandedUpgrades","RR-EXP;RR-OUT;RR-ECO;RR-COMPAT","docs/research/reviews/mods/3302208420-OskarPotocki.VanillaVehiclesExpandedUpgrades.md","Requires","249","Vanilla Vehicles Expanded","OskarPotocki.VanillaVehiclesExpanded","True","In selected 294-mod profile","RR-EXP;RR-OUT;RR-SPACEFLIGHT;RR-COMPAT","docs/research/reviews/mods/3014906877-OskarPotocki.VanillaVehiclesExpanded.md","workshop/294100/3302208420/About/About.xml","DA8B6DB24CF957982923207BFE798517BB452836A41B220B554CCEE2FF9916B8","Installed relationship-export metadata only; preserve exact declaration/path/hash fields; not publisher/code confirmation or runtime result.","Conservative project rule derived from relationship type and profile presence; not an upstream claim or compatibility finding.","Honor the source mod's declared dependency only while that source mod is enabled; do not make an optional source mod or optional dependency a Rimrooms hard dependency.","RR-EXP;RR-OUT","Yes","In-profile endpoints share non-generic feature tag(s): RR-EXP;RR-OUT. Candidate only; runtime test pending.","Pending; not run; no compatibility claim."
"RIMREL-20260927-0690","690","283","Vanilla Vehicles Expanded - Upgrades","OskarPotocki.VanillaVehiclesExpandedUpgrades","RR-EXP;RR-OUT;RR-ECO;RR-COMPAT","docs/research/reviews/mods/3302208420-OskarPotocki.VanillaVehiclesExpandedUpgrades.md","LoadAfter","4","Core","Ludeon.RimWorld","True","In selected 294-mod profile","RR-SCEN;RR-FAC;RR-STA;RR-GATE;RR-EXP;RR-SPACE;RR-EVD;RR-THREAT;RR-MSN;RR-ECO;RR-OUT;RR-DLC;RR-UI;RR-COMPAT","docs/research/reviews/mods/official-4-Ludeon.RimWorld.md","workshop/294100/3302208420/About/About.xml","DA8B6DB24CF957982923207BFE798517BB452836A41B220B554CCEE2FF9916B8","Installed relationship-export metadata only; preserve exact declaration/path/hash fields; not publisher/code confirmation or runtime result.","Conservative project rule derived from relationship type and profile presence; not an upstream claim or compatibility finding.","Preserve this order only when both source and target packages are active; infer no code/API integration from the ordering declaration.","RR-ECO;RR-EXP;RR-OUT","Yes","In-profile endpoints share non-generic feature tag(s): RR-ECO;RR-EXP;RR-OUT. Candidate only; runtime test pending.","Pending; not run; no compatibility claim."
"RIMREL-20260927-0691","691","283","Vanilla Vehicles Expanded - Upgrades","OskarPotocki.VanillaVehiclesExpandedUpgrades","RR-EXP;RR-OUT;RR-ECO;RR-COMPAT","docs/research/reviews/mods/3302208420-OskarPotocki.VanillaVehiclesExpandedUpgrades.md","LoadAfter","5","Royalty","Ludeon.RimWorld.Royalty","True","In selected 294-mod profile","RR-STA;RR-MSN;RR-DLC;RR-COMPAT","docs/research/reviews/mods/official-5-Ludeon.RimWorld.Royalty.md","workshop/294100/3302208420/About/About.xml","DA8B6DB24CF957982923207BFE798517BB452836A41B220B554CCEE2FF9916B8","Installed relationship-export metadata only; preserve exact declaration/path/hash fields; not publisher/code confirmation or runtime result.","Conservative project rule derived from relationship type and profile presence; not an upstream claim or compatibility finding.","Preserve this order only when both source and target packages are active; infer no code/API integration from the ordering declaration.","","No","No shared non-generic feature tags between in-profile endpoints; RR-COMPAT is excluded by rule.","Pending; not run; no compatibility claim."
"RIMREL-20260927-0692","692","283","Vanilla Vehicles Expanded - Upgrades","OskarPotocki.VanillaVehiclesExpandedUpgrades","RR-EXP;RR-OUT;RR-ECO;RR-COMPAT","docs/research/reviews/mods/3302208420-OskarPotocki.VanillaVehiclesExpandedUpgrades.md","LoadAfter","1","Harmony","brrainz.harmony","True","In selected 294-mod profile","RR-MP;RR-COMPAT","docs/research/reviews/mods/2009463077-brrainz.harmony.md","workshop/294100/3302208420/About/About.xml","DA8B6DB24CF957982923207BFE798517BB452836A41B220B554CCEE2FF9916B8","Installed relationship-export metadata only; preserve exact declaration/path/hash fields; not publisher/code confirmation or runtime result.","Conservative project rule derived from relationship type and profile presence; not an upstream claim or compatibility finding.","Preserve this order only when both source and target packages are active; infer no code/API integration from the ordering declaration.","","No","No shared non-generic feature tags between in-profile endpoints; RR-COMPAT is excluded by rule.","Pending; not run; no compatibility claim."
"RIMREL-20260927-0693","693","283","Vanilla Vehicles Expanded - Upgrades","OskarPotocki.VanillaVehiclesExpandedUpgrades","RR-EXP;RR-OUT;RR-ECO;RR-COMPAT","docs/research/reviews/mods/3302208420-OskarPotocki.VanillaVehiclesExpandedUpgrades.md","LoadAfter","11","Vehicle Framework","SmashPhil.VehicleFramework","True","In selected 294-mod profile","RR-OUT;RR-SPACEFLIGHT;RR-COMPAT","docs/research/reviews/mods/3014915404-SmashPhil.VehicleFramework.md","workshop/294100/3302208420/About/About.xml","DA8B6DB24CF957982923207BFE798517BB452836A41B220B554CCEE2FF9916B8","Installed relationship-export metadata only; preserve exact declaration/path/hash fields; not publisher/code confirmation or runtime result.","Conservative project rule derived from relationship type and profile presence; not an upstream claim or compatibility finding.","Preserve this order only when both source and target packages are active; infer no code/API integration from the ordering declaration.","RR-OUT","Yes","In-profile endpoints share non-generic feature tag(s): RR-OUT. Candidate only; runtime test pending.","Pending; not run; no compatibility claim."
"RIMREL-20260927-0694","694","283","Vanilla Vehicles Expanded - Upgrades","OskarPotocki.VanillaVehiclesExpandedUpgrades","RR-EXP;RR-OUT;RR-ECO;RR-COMPAT","docs/research/reviews/mods/3302208420-OskarPotocki.VanillaVehiclesExpandedUpgrades.md","LoadAfter","249","Vanilla Vehicles Expanded","OskarPotocki.VanillaVehiclesExpanded","True","In selected 294-mod profile","RR-EXP;RR-OUT;RR-SPACEFLIGHT;RR-COMPAT","docs/research/reviews/mods/3014906877-OskarPotocki.VanillaVehiclesExpanded.md","workshop/294100/3302208420/About/About.xml","DA8B6DB24CF957982923207BFE798517BB452836A41B220B554CCEE2FF9916B8","Installed relationship-export metadata only; preserve exact declaration/path/hash fields; not publisher/code confirmation or runtime result.","Conservative project rule derived from relationship type and profile presence; not an upstream claim or compatibility finding.","Preserve this order only when both source and target packages are active; infer no code/API integration from the ordering declaration.","RR-EXP;RR-OUT","Yes","In-profile endpoints share non-generic feature tag(s): RR-EXP;RR-OUT. Candidate only; runtime test pending.","Pending; not run; no compatibility claim."
"RIMREL-20260927-0695","695","284","[FSF] FrozenSnowFox Tweaks","FrozenSnowFox.FrozenSnowFoxTweaks","RR-STA;RR-THREAT;RR-FAC;RR-COMPAT","docs/research/reviews/mods/2893432492-FrozenSnowFox.FrozenSnowFoxTweaks.md","Requires","12","XML Extensions","imranfish.xmlextensions","True","In selected 294-mod profile","RR-COMPAT","docs/research/reviews/mods/2574315206-imranfish.xmlextensions.md","workshop/294100/2893432492/About/About.xml","C526848600F3091CC6157F1A4CFAE6EA985B364FA3118FE390A9326D8863D877","Installed relationship-export metadata only; preserve exact declaration/path/hash fields; not publisher/code confirmation or runtime result.","Conservative project rule derived from relationship type and profile presence; not an upstream claim or compatibility finding.","Honor the source mod's declared dependency only while that source mod is enabled; do not make an optional source mod or optional dependency a Rimrooms hard dependency.","","No","No shared non-generic feature tags between in-profile endpoints; RR-COMPAT is excluded by rule.","Pending; not run; no compatibility claim."
"RIMREL-20260927-0696","696","284","[FSF] FrozenSnowFox Tweaks","FrozenSnowFox.FrozenSnowFoxTweaks","RR-STA;RR-THREAT;RR-FAC;RR-COMPAT","docs/research/reviews/mods/2893432492-FrozenSnowFox.FrozenSnowFoxTweaks.md","LoadAfter","25","Adaptive Primitive Storage","Adaptive.PrimitiveStorage","True","In selected 294-mod profile","RR-FAC;RR-EVD;RR-OUT;RR-COMPAT","docs/research/reviews/mods/3400037215-Adaptive.PrimitiveStorage.md","workshop/294100/2893432492/About/About.xml","C526848600F3091CC6157F1A4CFAE6EA985B364FA3118FE390A9326D8863D877","Installed relationship-export metadata only; preserve exact declaration/path/hash fields; not publisher/code confirmation or runtime result.","Conservative project rule derived from relationship type and profile presence; not an upstream claim or compatibility finding.","Preserve this order only when both source and target packages are active; infer no code/API integration from the ordering declaration.","RR-FAC","Yes","In-profile endpoints share non-generic feature tag(s): RR-FAC. Candidate only; runtime test pending.","Pending; not run; no compatibility claim."
"RIMREL-20260927-0697","697","284","[FSF] FrozenSnowFox Tweaks","FrozenSnowFox.FrozenSnowFoxTweaks","RR-STA;RR-THREAT;RR-FAC;RR-COMPAT","docs/research/reviews/mods/2893432492-FrozenSnowFox.FrozenSnowFoxTweaks.md","LoadAfter","","","adaptive.storage.neolithic","False","Outside selected 294-mod profile","","","workshop/294100/2893432492/About/About.xml","C526848600F3091CC6157F1A4CFAE6EA985B364FA3118FE390A9326D8863D877","Installed relationship-export metadata only; preserve exact declaration/path/hash fields; not publisher/code confirmation or runtime result.","Conservative project rule derived from relationship type and profile presence; not an upstream claim or compatibility finding.","No ordering action while the target is outside this profile; do not add it solely for this declaration. If both packages are later active, preserve the declared order; infer no code/API integration.","","No","Target is outside the selected 294-row profile; no in-profile endpoint feature comparison is asserted.","Pending; not run; no compatibility claim."
"RIMREL-20260927-0698","698","284","[FSF] FrozenSnowFox Tweaks","FrozenSnowFox.FrozenSnowFoxTweaks","RR-STA;RR-THREAT;RR-FAC;RR-COMPAT","docs/research/reviews/mods/2893432492-FrozenSnowFox.FrozenSnowFoxTweaks.md","LoadAfter","","","Aelanna.EccentricTech.Flares2","False","Outside selected 294-mod profile","","","workshop/294100/2893432492/About/About.xml","C526848600F3091CC6157F1A4CFAE6EA985B364FA3118FE390A9326D8863D877","Installed relationship-export metadata only; preserve exact declaration/path/hash fields; not publisher/code confirmation or runtime result.","Conservative project rule derived from relationship type and profile presence; not an upstream claim or compatibility finding.","No ordering action while the target is outside this profile; do not add it solely for this declaration. If both packages are later active, preserve the declared order; infer no code/API integration.","","No","Target is outside the selected 294-row profile; no in-profile endpoint feature comparison is asserted.","Pending; not run; no compatibility claim."
"RIMREL-20260927-0699","699","284","[FSF] FrozenSnowFox Tweaks","FrozenSnowFox.FrozenSnowFoxTweaks","RR-STA;RR-THREAT;RR-FAC;RR-COMPAT","docs/research/reviews/mods/2893432492-FrozenSnowFox.FrozenSnowFoxTweaks.md","LoadAfter","","","akaster.ivdruginfuser","False","Outside selected 294-mod profile","","","workshop/294100/2893432492/About/About.xml","C526848600F3091CC6157F1A4CFAE6EA985B364FA3118FE390A9326D8863D877","Installed relationship-export metadata only; preserve exact declaration/path/hash fields; not publisher/code confirmation or runtime result.","Conservative project rule derived from relationship type and profile presence; not an upstream claim or compatibility finding.","No ordering action while the target is outside this profile; do not add it solely for this declaration. If both packages are later active, preserve the declared order; infer no code/API integration.","","No","Target is outside the selected 294-row profile; no in-profile endpoint feature comparison is asserted.","Pending; not run; no compatibility claim."
"RIMREL-20260927-0700","700","284","[FSF] FrozenSnowFox Tweaks","FrozenSnowFox.FrozenSnowFoxTweaks","RR-STA;RR-THREAT;RR-FAC;RR-COMPAT","docs/research/reviews/mods/2893432492-FrozenSnowFox.FrozenSnowFoxTweaks.md","LoadAfter","","","Aranmaho.BetterDarkness","False","Outside selected 294-mod profile","","","workshop/294100/2893432492/About/About.xml","C526848600F3091CC6157F1A4CFAE6EA985B364FA3118FE390A9326D8863D877","Installed relationship-export metadata only; preserve exact declaration/path/hash fields; not publisher/code confirmation or runtime result.","Conservative project rule derived from relationship type and profile presence; not an upstream claim or compatibility finding.","No ordering action while the target is outside this profile; do not add it solely for this declaration. If both packages are later active, preserve the declared order; infer no code/API integration.","","No","Target is outside the selected 294-row profile; no in-profile endpoint feature comparison is asserted.","Pending; not run; no compatibility claim."
"RIMREL-20260927-0701","701","284","[FSF] FrozenSnowFox Tweaks","FrozenSnowFox.FrozenSnowFoxTweaks","RR-STA;RR-THREAT;RR-FAC;RR-COMPAT","docs/research/reviews/mods/2893432492-FrozenSnowFox.FrozenSnowFoxTweaks.md","LoadAfter","","","Arcjc007.WallStuffV2","False","Outside selected 294-mod profile","","","workshop/294100/2893432492/About/About.xml","C526848600F3091CC6157F1A4CFAE6EA985B364FA3118FE390A9326D8863D877","Installed relationship-export metadata only; preserve exact declaration/path/hash fields; not publisher/code confirmation or runtime result.","Conservative project rule derived from relationship type and profile presence; not an upstream claim or compatibility finding.","No ordering action while the target is outside this profile; do not add it solely for this declaration. If both packages are later active, preserve the declared order; infer no code/API integration.","","No","Target is outside the selected 294-row profile; no in-profile endpoint feature comparison is asserted.","Pending; not run; no compatibility claim."
"RIMREL-20260927-0702","702","284","[FSF] FrozenSnowFox Tweaks","FrozenSnowFox.FrozenSnowFoxTweaks","RR-STA;RR-THREAT;RR-FAC;RR-COMPAT","docs/research/reviews/mods/2893432492-FrozenSnowFox.FrozenSnowFoxTweaks.md","LoadAfter","","","ATK.Anthrosonae","False","Outside selected 294-mod profile","","","workshop/294100/2893432492/About/About.xml","C526848600F3091CC6157F1A4CFAE6EA985B364FA3118FE390A9326D8863D877","Installed relationship-export metadata only; preserve exact declaration/path/hash fields; not publisher/code confirmation or runtime result.","Conservative project rule derived from relationship type and profile presence; not an upstream claim or compatibility finding.","No ordering action while the target is outside this profile; do not add it solely for this declaration. If both packages are later active, preserve the declared order; infer no code/API integration.","","No","Target is outside the selected 294-row profile; no in-profile endpoint feature comparison is asserted.","Pending; not run; no compatibility claim."
"RIMREL-20260927-0703","703","284","[FSF] FrozenSnowFox Tweaks","FrozenSnowFox.FrozenSnowFoxTweaks","RR-STA;RR-THREAT;RR-FAC;RR-COMPAT","docs/research/reviews/mods/2893432492-FrozenSnowFox.FrozenSnowFoxTweaks.md","LoadAfter","66","Common Sense","avilmask.CommonSense","True","In selected 294-mod profile","RR-STA;RR-FAC;RR-EXP;RR-OUT;RR-COMPAT","docs/research/reviews/mods/1561769193-avilmask.CommonSense.md","workshop/294100/2893432492/About/About.xml","C526848600F3091CC6157F1A4CFAE6EA985B364FA3118FE390A9326D8863D877","Installed relationship-export metadata only; preserve exact declaration/path/hash fields; not publisher/code confirmation or runtime result.","Conservative project rule derived from relationship type and profile presence; not an upstream claim or compatibility finding.","Preserve this order only when both source and target packages are active; infer no code/API integration from the ordering declaration.","RR-FAC;RR-STA","Yes","In-profile endpoints share non-generic feature tag(s): RR-FAC;RR-STA. Candidate only; runtime test pending.","Pending; not run; no compatibility claim."
"RIMREL-20260927-0704","704","284","[FSF] FrozenSnowFox Tweaks","FrozenSnowFox.FrozenSnowFoxTweaks","RR-STA;RR-THREAT;RR-FAC;RR-COMPAT","docs/research/reviews/mods/2893432492-FrozenSnowFox.FrozenSnowFoxTweaks.md","LoadAfter","","","BiomesTeam.BiomesCore","False","Outside selected 294-mod profile","","","workshop/294100/2893432492/About/About.xml","C526848600F3091CC6157F1A4CFAE6EA985B364FA3118FE390A9326D8863D877","Installed relationship-export metadata only; preserve exact declaration/path/hash fields; not publisher/code confirmation or runtime result.","Conservative project rule derived from relationship type and profile presence; not an upstream claim or compatibility finding.","No ordering action while the target is outside this profile; do not add it solely for this declaration. If both packages are later active, preserve the declared order; infer no code/API integration.","","No","Target is outside the selected 294-row profile; no in-profile endpoint feature comparison is asserted.","Pending; not run; no compatibility claim."
"RIMREL-20260927-0705","705","284","[FSF] FrozenSnowFox Tweaks","FrozenSnowFox.FrozenSnowFoxTweaks","RR-STA;RR-THREAT;RR-FAC;RR-COMPAT","docs/research/reviews/mods/2893432492-FrozenSnowFox.FrozenSnowFoxTweaks.md","LoadAfter","","","BiomesTeam.BiomesCaverns","False","Outside selected 294-mod profile","","","workshop/294100/2893432492/About/About.xml","C526848600F3091CC6157F1A4CFAE6EA985B364FA3118FE390A9326D8863D877","Installed relationship-export metadata only; preserve exact declaration/path/hash fields; not publisher/code confirmation or runtime result.","Conservative project rule derived from relationship type and profile presence; not an upstream claim or compatibility finding.","No ordering action while the target is outside this profile; do not add it solely for this declaration. If both packages are later active, preserve the declared order; infer no code/API integration.","","No","Target is outside the selected 294-row profile; no in-profile endpoint feature comparison is asserted.","Pending; not run; no compatibility claim."
"RIMREL-20260927-0706","706","284","[FSF] FrozenSnowFox Tweaks","FrozenSnowFox.FrozenSnowFoxTweaks","RR-STA;RR-THREAT;RR-FAC;RR-COMPAT","docs/research/reviews/mods/2893432492-FrozenSnowFox.FrozenSnowFoxTweaks.md","LoadAfter","126","Medical IVs Fork","cantaloupetheclown.MedicalIVsFork","True","In selected 294-mod profile","RR-STA;RR-EXP;RR-FAC;RR-COMPAT","docs/research/reviews/mods/3480177412-cantaloupetheclown.MedicalIVsFork.md","workshop/294100/2893432492/About/About.xml","C526848600F3091CC6157F1A4CFAE6EA985B364FA3118FE390A9326D8863D877","Installed relationship-export metadata only; preserve exact declaration/path/hash fields; not publisher/code confirmation or runtime result.","Conservative project rule derived from relationship type and profile presence; not an upstream claim or compatibility finding.","Preserve this order only when both source and target packages are active; infer no code/API integration from the ordering declaration.","RR-FAC;RR-STA","Yes","In-profile endpoints share non-generic feature tag(s): RR-FAC;RR-STA. Candidate only; runtime test pending.","Pending; not run; no compatibility claim."
"RIMREL-20260927-0707","707","284","[FSF] FrozenSnowFox Tweaks","FrozenSnowFox.FrozenSnowFoxTweaks","RR-STA;RR-THREAT;RR-FAC;RR-COMPAT","docs/research/reviews/mods/2893432492-FrozenSnowFox.FrozenSnowFoxTweaks.md","LoadAfter","","","Crustypeanut.RC2.Core","False","Outside selected 294-mod profile","","","workshop/294100/2893432492/About/About.xml","C526848600F3091CC6157F1A4CFAE6EA985B364FA3118FE390A9326D8863D877","Installed relationship-export metadata only; preserve exact declaration/path/hash fields; not publisher/code confirmation or runtime result.","Conservative project rule derived from relationship type and profile presence; not an upstream claim or compatibility finding.","No ordering action while the target is outside this profile; do not add it solely for this declaration. If both packages are later active, preserve the declared order; infer no code/API integration.","","No","Target is outside the selected 294-row profile; no in-profile endpoint feature comparison is asserted.","Pending; not run; no compatibility claim."
"RIMREL-20260927-0708","708","284","[FSF] FrozenSnowFox Tweaks","FrozenSnowFox.FrozenSnowFoxTweaks","RR-STA;RR-THREAT;RR-FAC;RR-COMPAT","docs/research/reviews/mods/2893432492-FrozenSnowFox.FrozenSnowFoxTweaks.md","LoadAfter","","","DankPyon.Medieval.Overhaul","False","Outside selected 294-mod profile","","","workshop/294100/2893432492/About/About.xml","C526848600F3091CC6157F1A4CFAE6EA985B364FA3118FE390A9326D8863D877","Installed relationship-export metadata only; preserve exact declaration/path/hash fields; not publisher/code confirmation or runtime result.","Conservative project rule derived from relationship type and profile presence; not an upstream claim or compatibility finding.","No ordering action while the target is outside this profile; do not add it solely for this declaration. If both packages are later active, preserve the declared order; infer no code/API integration.","","No","Target is outside the selected 294-row profile; no in-profile endpoint feature comparison is asserted.","Pending; not run; no compatibility claim."
"RIMREL-20260927-0709","709","284","[FSF] FrozenSnowFox Tweaks","FrozenSnowFox.FrozenSnowFoxTweaks","RR-STA;RR-THREAT;RR-FAC;RR-COMPAT","docs/research/reviews/mods/2893432492-FrozenSnowFox.FrozenSnowFoxTweaks.md","LoadAfter","","","Devdesigner.Elves.Continued","False","Outside selected 294-mod profile","","","workshop/294100/2893432492/About/About.xml","C526848600F3091CC6157F1A4CFAE6EA985B364FA3118FE390A9326D8863D877","Installed relationship-export metadata only; preserve exact declaration/path/hash fields; not publisher/code confirmation or runtime result.","Conservative project rule derived from relationship type and profile presence; not an upstream claim or compatibility finding.","No ordering action while the target is outside this profile; do not add it solely for this declaration. If both packages are later active, preserve the declared order; infer no code/API integration.","","No","Target is outside the selected 294-row profile; no in-profile endpoint feature comparison is asserted.","Pending; not run; no compatibility claim."
"RIMREL-20260927-0710","710","284","[FSF] FrozenSnowFox Tweaks","FrozenSnowFox.FrozenSnowFoxTweaks","RR-STA;RR-THREAT;RR-FAC;RR-COMPAT","docs/research/reviews/mods/2893432492-FrozenSnowFox.FrozenSnowFoxTweaks.md","LoadAfter","","","DimonSever000.AnimaObelisk.Specific","False","Outside selected 294-mod profile","","","workshop/294100/2893432492/About/About.xml","C526848600F3091CC6157F1A4CFAE6EA985B364FA3118FE390A9326D8863D877","Installed relationship-export metadata only; preserve exact declaration/path/hash fields; not publisher/code confirmation or runtime result.","Conservative project rule derived from relationship type and profile presence; not an upstream claim or compatibility finding.","No ordering action while the target is outside this profile; do not add it solely for this declaration. If both packages are later active, preserve the declared order; infer no code/API integration.","","No","Target is outside the selected 294-row profile; no in-profile endpoint feature comparison is asserted.","Pending; not run; no compatibility claim."
"RIMREL-20260927-0711","711","284","[FSF] FrozenSnowFox Tweaks","FrozenSnowFox.FrozenSnowFoxTweaks","RR-STA;RR-THREAT;RR-FAC;RR-COMPAT","docs/research/reviews/mods/2893432492-FrozenSnowFox.FrozenSnowFoxTweaks.md","LoadAfter","","","dismarzero.VGP.VGPThreeSistersPlants","False","Outside selected 294-mod profile","","","workshop/294100/2893432492/About/About.xml","C526848600F3091CC6157F1A4CFAE6EA985B364FA3118FE390A9326D8863D877","Installed relationship-export metadata only; preserve exact declaration/path/hash fields; not publisher/code confirmation or runtime result.","Conservative project rule derived from relationship type and profile presence; not an upstream claim or compatibility finding.","No ordering action while the target is outside this profile; do not add it solely for this declaration. If both packages are later active, preserve the declared order; infer no code/API integration.","","No","Target is outside the selected 294-row profile; no in-profile endpoint feature comparison is asserted.","Pending; not run; no compatibility claim."
"RIMREL-20260927-0712","712","284","[FSF] FrozenSnowFox Tweaks","FrozenSnowFox.FrozenSnowFoxTweaks","RR-STA;RR-THREAT;RR-FAC;RR-COMPAT","docs/research/reviews/mods/2893432492-FrozenSnowFox.FrozenSnowFoxTweaks.md","LoadAfter","","","dismarzero.VGP.VGPVegetableGarden","False","Outside selected 294-mod profile","","","workshop/294100/2893432492/About/About.xml","C526848600F3091CC6157F1A4CFAE6EA985B364FA3118FE390A9326D8863D877","Installed relationship-export metadata only; preserve exact declaration/path/hash fields; not publisher/code confirmation or runtime result.","Conservative project rule derived from relationship type and profile presence; not an upstream claim or compatibility finding.","No ordering action while the target is outside this profile; do not add it solely for this declaration. If both packages are later active, preserve the declared order; infer no code/API integration.","","No","Target is outside the selected 294-row profile; no in-profile endpoint feature comparison is asserted.","Pending; not run; no compatibility claim."
"RIMREL-20260927-0713","713","284","[FSF] FrozenSnowFox Tweaks","FrozenSnowFox.FrozenSnowFoxTweaks","RR-STA;RR-THREAT;RR-FAC;RR-COMPAT","docs/research/reviews/mods/2893432492-FrozenSnowFox.FrozenSnowFoxTweaks.md","LoadAfter","","","Ddismarzero.VGP.XtraTreesandFlowers","False","Outside selected 294-mod profile","","","workshop/294100/2893432492/About/About.xml","C526848600F3091CC6157F1A4CFAE6EA985B364FA3118FE390A9326D8863D877","Installed relationship-export metadata only; preserve exact declaration/path/hash fields; not publisher/code confirmation or runtime result.","Conservative project rule derived from relationship type and profile presence; not an upstream claim or compatibility finding.","No ordering action while the target is outside this profile; do not add it solely for this declaration. If both packages are later active, preserve the declared order; infer no code/API integration.","","No","Target is outside the selected 294-row profile; no in-profile endpoint feature comparison is asserted.","Pending; not run; no compatibility claim."
"RIMREL-20260927-0714","714","284","[FSF] FrozenSnowFox Tweaks","FrozenSnowFox.FrozenSnowFoxTweaks","RR-STA;RR-THREAT;RR-FAC;RR-COMPAT","docs/research/reviews/mods/2893432492-FrozenSnowFox.FrozenSnowFoxTweaks.md","LoadAfter","","","dubwise.dubsbadhygiene","False","Outside selected 294-mod profile","","","workshop/294100/2893432492/About/About.xml","C526848600F3091CC6157F1A4CFAE6EA985B364FA3118FE390A9326D8863D877","Installed relationship-export metadata only; preserve exact declaration/path/hash fields; not publisher/code confirmation or runtime result.","Conservative project rule derived from relationship type and profile presence; not an upstream claim or compatibility finding.","No ordering action while the target is outside this profile; do not add it solely for this declaration. If both packages are later active, preserve the declared order; infer no code/API integration.","","No","Target is outside the selected 294-row profile; no in-profile endpoint feature comparison is asserted.","Pending; not run; no compatibility claim."
"RIMREL-20260927-0715","715","284","[FSF] FrozenSnowFox Tweaks","FrozenSnowFox.FrozenSnowFoxTweaks","RR-STA;RR-THREAT;RR-FAC;RR-COMPAT","docs/research/reviews/mods/2893432492-FrozenSnowFox.FrozenSnowFoxTweaks.md","LoadAfter","84","Dubs Rimkit","Dubwise.DubsRimkit","True","In selected 294-mod profile","RR-STA;RR-FAC;RR-COMPAT","docs/research/reviews/mods/832333531-Dubwise.DubsRimkit.md","workshop/294100/2893432492/About/About.xml","C526848600F3091CC6157F1A4CFAE6EA985B364FA3118FE390A9326D8863D877","Installed relationship-export metadata only; preserve exact declaration/path/hash fields; not publisher/code confirmation or runtime result.","Conservative project rule derived from relationship type and profile presence; not an upstream claim or compatibility finding.","Preserve this order only when both source and target packages are active; infer no code/API integration from the ordering declaration.","RR-FAC;RR-STA","Yes","In-profile endpoints share non-generic feature tag(s): RR-FAC;RR-STA. Candidate only; runtime test pending.","Pending; not run; no compatibility claim."
"RIMREL-20260927-0716","716","284","[FSF] FrozenSnowFox Tweaks","FrozenSnowFox.FrozenSnowFoxTweaks","RR-STA;RR-THREAT;RR-FAC;RR-COMPAT","docs/research/reviews/mods/2893432492-FrozenSnowFox.FrozenSnowFoxTweaks.md","LoadAfter","","","Fuu.UncompromisingTribalFaction","False","Outside selected 294-mod profile","","","workshop/294100/2893432492/About/About.xml","C526848600F3091CC6157F1A4CFAE6EA985B364FA3118FE390A9326D8863D877","Installed relationship-export metadata only; preserve exact declaration/path/hash fields; not publisher/code confirmation or runtime result.","Conservative project rule derived from relationship type and profile presence; not an upstream claim or compatibility finding.","No ordering action while the target is outside this profile; do not add it solely for this declaration. If both packages are later active, preserve the declared order; infer no code/API integration.","","No","Target is outside the selected 294-row profile; no in-profile endpoint feature comparison is asserted.","Pending; not run; no compatibility claim."
"RIMREL-20260927-0717","717","284","[FSF] FrozenSnowFox Tweaks","FrozenSnowFox.FrozenSnowFoxTweaks","RR-STA;RR-THREAT;RR-FAC;RR-COMPAT","docs/research/reviews/mods/2893432492-FrozenSnowFox.FrozenSnowFoxTweaks.md","LoadAfter","","","GarryFlowers.ResearchAppropriation","False","Outside selected 294-mod profile","","","workshop/294100/2893432492/About/About.xml","C526848600F3091CC6157F1A4CFAE6EA985B364FA3118FE390A9326D8863D877","Installed relationship-export metadata only; preserve exact declaration/path/hash fields; not publisher/code confirmation or runtime result.","Conservative project rule derived from relationship type and profile presence; not an upstream claim or compatibility finding.","No ordering action while the target is outside this profile; do not add it solely for this declaration. If both packages are later active, preserve the declared order; infer no code/API integration.","","No","Target is outside the selected 294-row profile; no in-profile endpoint feature comparison is asserted.","Pending; not run; no compatibility claim."
"RIMREL-20260927-0718","718","284","[FSF] FrozenSnowFox Tweaks","FrozenSnowFox.FrozenSnowFoxTweaks","RR-STA;RR-THREAT;RR-FAC;RR-COMPAT","docs/research/reviews/mods/2893432492-FrozenSnowFox.FrozenSnowFoxTweaks.md","LoadAfter","","","Gerrymon.StylizedSlaveCollar","False","Outside selected 294-mod profile","","","workshop/294100/2893432492/About/About.xml","C526848600F3091CC6157F1A4CFAE6EA985B364FA3118FE390A9326D8863D877","Installed relationship-export metadata only; preserve exact declaration/path/hash fields; not publisher/code confirmation or runtime result.","Conservative project rule derived from relationship type and profile presence; not an upstream claim or compatibility finding.","No ordering action while the target is outside this profile; do not add it solely for this declaration. If both packages are later active, preserve the declared order; infer no code/API integration.","","No","Target is outside the selected 294-row profile; no in-profile endpoint feature comparison is asserted.","Pending; not run; no compatibility claim."
"RIMREL-20260927-0719","719","284","[FSF] FrozenSnowFox Tweaks","FrozenSnowFox.FrozenSnowFoxTweaks","RR-STA;RR-THREAT;RR-FAC;RR-COMPAT","docs/research/reviews/mods/2893432492-FrozenSnowFox.FrozenSnowFoxTweaks.md","LoadAfter","","","Harkon.VEAddOn.VanillaExpandedExtraEmbrasures","False","Outside selected 294-mod profile","","","workshop/294100/2893432492/About/About.xml","C526848600F3091CC6157F1A4CFAE6EA985B364FA3118FE390A9326D8863D877","Installed relationship-export metadata only; preserve exact declaration/path/hash fields; not publisher/code confirmation or runtime result.","Conservative project rule derived from relationship type and profile presence; not an upstream claim or compatibility finding.","No ordering action while the target is outside this profile; do not add it solely for this declaration. If both packages are later active, preserve the declared order; infer no code/API integration.","","No","Target is outside the selected 294-row profile; no in-profile endpoint feature comparison is asserted.","Pending; not run; no compatibility claim."
"RIMREL-20260927-0720","720","284","[FSF] FrozenSnowFox Tweaks","FrozenSnowFox.FrozenSnowFoxTweaks","RR-STA;RR-THREAT;RR-FAC;RR-COMPAT","docs/research/reviews/mods/2893432492-FrozenSnowFox.FrozenSnowFoxTweaks.md","LoadAfter","","","Hautarche.HautsTraits","False","Outside selected 294-mod profile","","","workshop/294100/2893432492/About/About.xml","C526848600F3091CC6157F1A4CFAE6EA985B364FA3118FE390A9326D8863D877","Installed relationship-export metadata only; preserve exact declaration/path/hash fields; not publisher/code confirmation or runtime result.","Conservative project rule derived from relationship type and profile presence; not an upstream claim or compatibility finding.","No ordering action while the target is outside this profile; do not add it solely for this declaration. If both packages are later active, preserve the declared order; infer no code/API integration.","","No","Target is outside the selected 294-row profile; no in-profile endpoint feature comparison is asserted.","Pending; not run; no compatibility claim."
"RIMREL-20260927-0721","721","284","[FSF] FrozenSnowFox Tweaks","FrozenSnowFox.FrozenSnowFoxTweaks","RR-STA;RR-THREAT;RR-FAC;RR-COMPAT","docs/research/reviews/mods/2893432492-FrozenSnowFox.FrozenSnowFoxTweaks.md","LoadAfter","","","hlx.UltratechAlteredCarbon","False","Outside selected 294-mod profile","","","workshop/294100/2893432492/About/About.xml","C526848600F3091CC6157F1A4CFAE6EA985B364FA3118FE390A9326D8863D877","Installed relationship-export metadata only; preserve exact declaration/path/hash fields; not publisher/code confirmation or runtime result.","Conservative project rule derived from relationship type and profile presence; not an upstream claim or compatibility finding.","No ordering action while the target is outside this profile; do not add it solely for this declaration. If both packages are later active, preserve the declared order; infer no code/API integration.","","No","Target is outside the selected 294-row profile; no in-profile endpoint feature comparison is asserted.","Pending; not run; no compatibility claim."
"RIMREL-20260927-0722","722","284","[FSF] FrozenSnowFox Tweaks","FrozenSnowFox.FrozenSnowFoxTweaks","RR-STA;RR-THREAT;RR-FAC;RR-COMPAT","docs/research/reviews/mods/2893432492-FrozenSnowFox.FrozenSnowFoxTweaks.md","LoadAfter","12","XML Extensions","imranfish.xmlextensions","True","In selected 294-mod profile","RR-COMPAT","docs/research/reviews/mods/2574315206-imranfish.xmlextensions.md","workshop/294100/2893432492/About/About.xml","C526848600F3091CC6157F1A4CFAE6EA985B364FA3118FE390A9326D8863D877","Installed relationship-export metadata only; preserve exact declaration/path/hash fields; not publisher/code confirmation or runtime result.","Conservative project rule derived from relationship type and profile presence; not an upstream claim or compatibility finding.","Preserve this order only when both source and target packages are active; infer no code/API integration from the ordering declaration.","","No","No shared non-generic feature tags between in-profile endpoints; RR-COMPAT is excluded by rule.","Pending; not run; no compatibility claim."
"RIMREL-20260927-0723","723","284","[FSF] FrozenSnowFox Tweaks","FrozenSnowFox.FrozenSnowFoxTweaks","RR-STA;RR-THREAT;RR-FAC;RR-COMPAT","docs/research/reviews/mods/2893432492-FrozenSnowFox.FrozenSnowFoxTweaks.md","LoadAfter","","","KIT.BrazilianCrops","False","Outside selected 294-mod profile","","","workshop/294100/2893432492/About/About.xml","C526848600F3091CC6157F1A4CFAE6EA985B364FA3118FE390A9326D8863D877","Installed relationship-export metadata only; preserve exact declaration/path/hash fields; not publisher/code confirmation or runtime result.","Conservative project rule derived from relationship type and profile presence; not an upstream claim or compatibility finding.","No ordering action while the target is outside this profile; do not add it solely for this declaration. If both packages are later active, preserve the declared order; infer no code/API integration.","","No","Target is outside the selected 294-row profile; no in-profile endpoint feature comparison is asserted.","Pending; not run; no compatibility claim."
"RIMREL-20260927-0724","724","284","[FSF] FrozenSnowFox Tweaks","FrozenSnowFox.FrozenSnowFoxTweaks","RR-STA;RR-THREAT;RR-FAC;RR-COMPAT","docs/research/reviews/mods/2893432492-FrozenSnowFox.FrozenSnowFoxTweaks.md","LoadAfter","","","KYD.EvenMoreFoodFilters","False","Outside selected 294-mod profile","","","workshop/294100/2893432492/About/About.xml","C526848600F3091CC6157F1A4CFAE6EA985B364FA3118FE390A9326D8863D877","Installed relationship-export metadata only; preserve exact declaration/path/hash fields; not publisher/code confirmation or runtime result.","Conservative project rule derived from relationship type and profile presence; not an upstream claim or compatibility finding.","No ordering action while the target is outside this profile; do not add it solely for this declaration. If both packages are later active, preserve the declared order; infer no code/API integration.","","No","Target is outside the selected 294-row profile; no in-profile endpoint feature comparison is asserted.","Pending; not run; no compatibility claim."
"RIMREL-20260927-0725","725","284","[FSF] FrozenSnowFox Tweaks","FrozenSnowFox.FrozenSnowFoxTweaks","RR-STA;RR-THREAT;RR-FAC;RR-COMPAT","docs/research/reviews/mods/2893432492-FrozenSnowFox.FrozenSnowFoxTweaks.md","LoadAfter","","","LimeTreeSnake.Ammo","False","Outside selected 294-mod profile","","","workshop/294100/2893432492/About/About.xml","C526848600F3091CC6157F1A4CFAE6EA985B364FA3118FE390A9326D8863D877","Installed relationship-export metadata only; preserve exact declaration/path/hash fields; not publisher/code confirmation or runtime result.","Conservative project rule derived from relationship type and profile presence; not an upstream claim or compatibility finding.","No ordering action while the target is outside this profile; do not add it solely for this declaration. If both packages are later active, preserve the declared order; infer no code/API integration.","","No","Target is outside the selected 294-row profile; no in-profile endpoint feature comparison is asserted.","Pending; not run; no compatibility claim."
"RIMREL-20260927-0726","726","284","[FSF] FrozenSnowFox Tweaks","FrozenSnowFox.FrozenSnowFoxTweaks","RR-STA;RR-THREAT;RR-FAC;RR-COMPAT","docs/research/reviews/mods/2893432492-FrozenSnowFox.FrozenSnowFoxTweaks.md","LoadAfter","","","LimeTreeSnake.Furnishing","False","Outside selected 294-mod profile","","","workshop/294100/2893432492/About/About.xml","C526848600F3091CC6157F1A4CFAE6EA985B364FA3118FE390A9326D8863D877","Installed relationship-export metadata only; preserve exact declaration/path/hash fields; not publisher/code confirmation or runtime result.","Conservative project rule derived from relationship type and profile presence; not an upstream claim or compatibility finding.","No ordering action while the target is outside this profile; do not add it solely for this declaration. If both packages are later active, preserve the declared order; infer no code/API integration.","","No","Target is outside the selected 294-row profile; no in-profile endpoint feature comparison is asserted.","Pending; not run; no compatibility claim."
"RIMREL-20260927-0727","727","284","[FSF] FrozenSnowFox Tweaks","FrozenSnowFox.FrozenSnowFoxTweaks","RR-STA;RR-THREAT;RR-FAC;RR-COMPAT","docs/research/reviews/mods/2893432492-FrozenSnowFox.FrozenSnowFoxTweaks.md","LoadAfter","","","LovelyDovey.Sex.WithEuterpe","False","Outside selected 294-mod profile","","","workshop/294100/2893432492/About/About.xml","C526848600F3091CC6157F1A4CFAE6EA985B364FA3118FE390A9326D8863D877","Installed relationship-export metadata only; preserve exact declaration/path/hash fields; not publisher/code confirmation or runtime result.","Conservative project rule derived from relationship type and profile presence; not an upstream claim or compatibility finding.","No ordering action while the target is outside this profile; do not add it solely for this declaration. If both packages are later active, preserve the declared order; infer no code/API integration.","","No","Target is outside the selected 294-row profile; no in-profile endpoint feature comparison is asserted.","Pending; not run; no compatibility claim."
"RIMREL-20260927-0728","728","284","[FSF] FrozenSnowFox Tweaks","FrozenSnowFox.FrozenSnowFoxTweaks","RR-STA;RR-THREAT;RR-FAC;RR-COMPAT","docs/research/reviews/mods/2893432492-FrozenSnowFox.FrozenSnowFoxTweaks.md","LoadAfter","","","Meltup.NopowerCommsSimplified","False","Outside selected 294-mod profile","","","workshop/294100/2893432492/About/About.xml","C526848600F3091CC6157F1A4CFAE6EA985B364FA3118FE390A9326D8863D877","Installed relationship-export metadata only; preserve exact declaration/path/hash fields; not publisher/code confirmation or runtime result.","Conservative project rule derived from relationship type and profile presence; not an upstream claim or compatibility finding.","No ordering action while the target is outside this profile; do not add it solely for this declaration. If both packages are later active, preserve the declared order; infer no code/API integration.","","No","Target is outside the selected 294-row profile; no in-profile endpoint feature comparison is asserted.","Pending; not run; no compatibility claim."
"RIMREL-20260927-0729","729","284","[FSF] FrozenSnowFox Tweaks","FrozenSnowFox.FrozenSnowFoxTweaks","RR-STA;RR-THREAT;RR-FAC;RR-COMPAT","docs/research/reviews/mods/2893432492-FrozenSnowFox.FrozenSnowFoxTweaks.md","LoadAfter","","","Mlie.Apothecary","False","Outside selected 294-mod profile","","","workshop/294100/2893432492/About/About.xml","C526848600F3091CC6157F1A4CFAE6EA985B364FA3118FE390A9326D8863D877","Installed relationship-export metadata only; preserve exact declaration/path/hash fields; not publisher/code confirmation or runtime result.","Conservative project rule derived from relationship type and profile presence; not an upstream claim or compatibility finding.","No ordering action while the target is outside this profile; do not add it solely for this declaration. If both packages are later active, preserve the declared order; infer no code/API integration.","","No","Target is outside the selected 294-row profile; no in-profile endpoint feature comparison is asserted.","Pending; not run; no compatibility claim."
"RIMREL-20260927-0730","730","284","[FSF] FrozenSnowFox Tweaks","FrozenSnowFox.FrozenSnowFoxTweaks","RR-STA;RR-THREAT;RR-FAC;RR-COMPAT","docs/research/reviews/mods/2893432492-FrozenSnowFox.FrozenSnowFoxTweaks.md","LoadAfter","","","Mlie.ReinforcedMechanoid2","False","Outside selected 294-mod profile","","","workshop/294100/2893432492/About/About.xml","C526848600F3091CC6157F1A4CFAE6EA985B364FA3118FE390A9326D8863D877","Installed relationship-export metadata only; preserve exact declaration/path/hash fields; not publisher/code confirmation or runtime result.","Conservative project rule derived from relationship type and profile presence; not an upstream claim or compatibility finding.","No ordering action while the target is outside this profile; do not add it solely for this declaration. If both packages are later active, preserve the declared order; infer no code/API integration.","","No","Target is outside the selected 294-row profile; no in-profile endpoint feature comparison is asserted.","Pending; not run; no compatibility claim."
"RIMREL-20260927-0731","731","284","[FSF] FrozenSnowFox Tweaks","FrozenSnowFox.FrozenSnowFoxTweaks","RR-STA;RR-THREAT;RR-FAC;RR-COMPAT","docs/research/reviews/mods/2893432492-FrozenSnowFox.FrozenSnowFoxTweaks.md","LoadAfter","","","Mlie.RimworldSpartanFoundry","False","Outside selected 294-mod profile","","","workshop/294100/2893432492/About/About.xml","C526848600F3091CC6157F1A4CFAE6EA985B364FA3118FE390A9326D8863D877","Installed relationship-export metadata only; preserve exact declaration/path/hash fields; not publisher/code confirmation or runtime result.","Conservative project rule derived from relationship type and profile presence; not an upstream claim or compatibility finding.","No ordering action while the target is outside this profile; do not add it solely for this declaration. If both packages are later active, preserve the declared order; infer no code/API integration.","","No","Target is outside the selected 294-row profile; no in-profile endpoint feature comparison is asserted.","Pending; not run; no compatibility claim."
"RIMREL-20260927-0732","732","284","[FSF] FrozenSnowFox Tweaks","FrozenSnowFox.FrozenSnowFoxTweaks","RR-STA;RR-THREAT;RR-FAC;RR-COMPAT","docs/research/reviews/mods/2893432492-FrozenSnowFox.FrozenSnowFoxTweaks.md","LoadAfter","","","Mlie.TropickappRainforestMod","False","Outside selected 294-mod profile","","","workshop/294100/2893432492/About/About.xml","C526848600F3091CC6157F1A4CFAE6EA985B364FA3118FE390A9326D8863D877","Installed relationship-export metadata only; preserve exact declaration/path/hash fields; not publisher/code confirmation or runtime result.","Conservative project rule derived from relationship type and profile presence; not an upstream claim or compatibility finding.","No ordering action while the target is outside this profile; do not add it solely for this declaration. If both packages are later active, preserve the declared order; infer no code/API integration.","","No","Target is outside the selected 294-row profile; no in-profile endpoint feature comparison is asserted.","Pending; not run; no compatibility claim."
"RIMREL-20260927-0733","733","284","[FSF] FrozenSnowFox Tweaks","FrozenSnowFox.FrozenSnowFoxTweaks","RR-STA;RR-THREAT;RR-FAC;RR-COMPAT","docs/research/reviews/mods/2893432492-FrozenSnowFox.FrozenSnowFoxTweaks.md","LoadAfter","38","Animals Logic","Oblitus.AnimalsLogic","True","In selected 294-mod profile","RR-THREAT;RR-COMPAT","docs/research/reviews/mods/1098354593-Oblitus.AnimalsLogic.md","workshop/294100/2893432492/About/About.xml","C526848600F3091CC6157F1A4CFAE6EA985B364FA3118FE390A9326D8863D877","Installed relationship-export metadata only; preserve exact declaration/path/hash fields; not publisher/code confirmation or runtime result.","Conservative project rule derived from relationship type and profile presence; not an upstream claim or compatibility finding.","Preserve this order only when both source and target packages are active; infer no code/API integration from the ordering declaration.","RR-THREAT","Yes","In-profile endpoints share non-generic feature tag(s): RR-THREAT. Candidate only; runtime test pending.","Pending; not run; no compatibility claim."
"RIMREL-20260927-0734","734","284","[FSF] FrozenSnowFox Tweaks","FrozenSnowFox.FrozenSnowFoxTweaks","RR-STA;RR-THREAT;RR-FAC;RR-COMPAT","docs/research/reviews/mods/2893432492-FrozenSnowFox.FrozenSnowFoxTweaks.md","LoadAfter","","","ONegative.CommunicableDiseases","False","Outside selected 294-mod profile","","","workshop/294100/2893432492/About/About.xml","C526848600F3091CC6157F1A4CFAE6EA985B364FA3118FE390A9326D8863D877","Installed relationship-export metadata only; preserve exact declaration/path/hash fields; not publisher/code confirmation or runtime result.","Conservative project rule derived from relationship type and profile presence; not an upstream claim or compatibility finding.","No ordering action while the target is outside this profile; do not add it solely for this declaration. If both packages are later active, preserve the declared order; infer no code/API integration.","","No","Target is outside the selected 294-row profile; no in-profile endpoint feature comparison is asserted.","Pending; not run; no compatibility claim."
"RIMREL-20260927-0735","735","284","[FSF] FrozenSnowFox Tweaks","FrozenSnowFox.FrozenSnowFoxTweaks","RR-STA;RR-THREAT;RR-FAC;RR-COMPAT","docs/research/reviews/mods/2893432492-FrozenSnowFox.FrozenSnowFoxTweaks.md","LoadAfter","","","OskarPotocki.VFE.Classical","False","Outside selected 294-mod profile","","","workshop/294100/2893432492/About/About.xml","C526848600F3091CC6157F1A4CFAE6EA985B364FA3118FE390A9326D8863D877","Installed relationship-export metadata only; preserve exact declaration/path/hash fields; not publisher/code confirmation or runtime result.","Conservative project rule derived from relationship type and profile presence; not an upstream claim or compatibility finding.","No ordering action while the target is outside this profile; do not add it solely for this declaration. If both packages are later active, preserve the declared order; infer no code/API integration.","","No","Target is outside the selected 294-row profile; no in-profile endpoint feature comparison is asserted.","Pending; not run; no compatibility claim."
"RIMREL-20260927-0736","736","284","[FSF] FrozenSnowFox Tweaks","FrozenSnowFox.FrozenSnowFoxTweaks","RR-STA;RR-THREAT;RR-FAC;RR-COMPAT","docs/research/reviews/mods/2893432492-FrozenSnowFox.FrozenSnowFoxTweaks.md","LoadAfter","","","OskarPotocki.VFE.Deserters","False","Outside selected 294-mod profile","","","workshop/294100/2893432492/About/About.xml","C526848600F3091CC6157F1A4CFAE6EA985B364FA3118FE390A9326D8863D877","Installed relationship-export metadata only; preserve exact declaration/path/hash fields; not publisher/code confirmation or runtime result.","Conservative project rule derived from relationship type and profile presence; not an upstream claim or compatibility finding.","No ordering action while the target is outside this profile; do not add it solely for this declaration. If both packages are later active, preserve the declared order; infer no code/API integration.","","No","Target is outside the selected 294-row profile; no in-profile endpoint feature comparison is asserted.","Pending; not run; no compatibility claim."
"RIMREL-20260927-0737","737","284","[FSF] FrozenSnowFox Tweaks","FrozenSnowFox.FrozenSnowFoxTweaks","RR-STA;RR-THREAT;RR-FAC;RR-COMPAT","docs/research/reviews/mods/2893432492-FrozenSnowFox.FrozenSnowFoxTweaks.md","LoadAfter","","","OskarPotocki.VFE.Empire","False","Outside selected 294-mod profile","","","workshop/294100/2893432492/About/About.xml","C526848600F3091CC6157F1A4CFAE6EA985B364FA3118FE390A9326D8863D877","Installed relationship-export metadata only; preserve exact declaration/path/hash fields; not publisher/code confirmation or runtime result.","Conservative project rule derived from relationship type and profile presence; not an upstream claim or compatibility finding.","No ordering action while the target is outside this profile; do not add it solely for this declaration. If both packages are later active, preserve the declared order; infer no code/API integration.","","No","Target is outside the selected 294-row profile; no in-profile endpoint feature comparison is asserted.","Pending; not run; no compatibility claim."
"RIMREL-20260927-0738","738","284","[FSF] FrozenSnowFox Tweaks","FrozenSnowFox.FrozenSnowFoxTweaks","RR-STA;RR-THREAT;RR-FAC;RR-COMPAT","docs/research/reviews/mods/2893432492-FrozenSnowFox.FrozenSnowFoxTweaks.md","LoadAfter","","","OskarPotocki.VFE.Insectoid","False","Outside selected 294-mod profile","","","workshop/294100/2893432492/About/About.xml","C526848600F3091CC6157F1A4CFAE6EA985B364FA3118FE390A9326D8863D877","Installed relationship-export metadata only; preserve exact declaration/path/hash fields; not publisher/code confirmation or runtime result.","Conservative project rule derived from relationship type and profile presence; not an upstream claim or compatibility finding.","No ordering action while the target is outside this profile; do not add it solely for this declaration. If both packages are later active, preserve the declared order; infer no code/API integration.","","No","Target is outside the selected 294-row profile; no in-profile endpoint feature comparison is asserted.","Pending; not run; no compatibility claim."
"RIMREL-20260927-0739","739","284","[FSF] FrozenSnowFox Tweaks","FrozenSnowFox.FrozenSnowFoxTweaks","RR-STA;RR-THREAT;RR-FAC;RR-COMPAT","docs/research/reviews/mods/2893432492-FrozenSnowFox.FrozenSnowFoxTweaks.md","LoadAfter","","","OskarPotocki.VFE.Medieval2","False","Outside selected 294-mod profile","","","workshop/294100/2893432492/About/About.xml","C526848600F3091CC6157F1A4CFAE6EA985B364FA3118FE390A9326D8863D877","Installed relationship-export metadata only; preserve exact declaration/path/hash fields; not publisher/code confirmation or runtime result.","Conservative project rule derived from relationship type and profile presence; not an upstream claim or compatibility finding.","No ordering action while the target is outside this profile; do not add it solely for this declaration. If both packages are later active, preserve the declared order; infer no code/API integration.","","No","Target is outside the selected 294-row profile; no in-profile endpoint feature comparison is asserted.","Pending; not run; no compatibility claim."
"RIMREL-20260927-0740","740","284","[FSF] FrozenSnowFox Tweaks","FrozenSnowFox.FrozenSnowFoxTweaks","RR-STA;RR-THREAT;RR-FAC;RR-COMPAT","docs/research/reviews/mods/2893432492-FrozenSnowFox.FrozenSnowFoxTweaks.md","LoadAfter","","","OskarPotocki.VanillaFactionsExpanded.SettlersModule","False","Outside selected 294-mod profile","","","workshop/294100/2893432492/About/About.xml","C526848600F3091CC6157F1A4CFAE6EA985B364FA3118FE390A9326D8863D877","Installed relationship-export metadata only; preserve exact declaration/path/hash fields; not publisher/code confirmation or runtime result.","Conservative project rule derived from relationship type and profile presence; not an upstream claim or compatibility finding.","No ordering action while the target is outside this profile; do not add it solely for this declaration. If both packages are later active, preserve the declared order; infer no code/API integration.","","No","Target is outside the selected 294-row profile; no in-profile endpoint feature comparison is asserted.","Pending; not run; no compatibility claim."
"RIMREL-20260927-0741","741","284","[FSF] FrozenSnowFox Tweaks","FrozenSnowFox.FrozenSnowFoxTweaks","RR-STA;RR-THREAT;RR-FAC;RR-COMPAT","docs/research/reviews/mods/2893432492-FrozenSnowFox.FrozenSnowFoxTweaks.md","LoadAfter","","","OskarPotocki.VFE.Tribals","False","Outside selected 294-mod profile","","","workshop/294100/2893432492/About/About.xml","C526848600F3091CC6157F1A4CFAE6EA985B364FA3118FE390A9326D8863D877","Installed relationship-export metadata only; preserve exact declaration/path/hash fields; not publisher/code confirmation or runtime result.","Conservative project rule derived from relationship type and profile presence; not an upstream claim or compatibility finding.","No ordering action while the target is outside this profile; do not add it solely for this declaration. If both packages are later active, preserve the declared order; infer no code/API integration.","","No","Target is outside the selected 294-row profile; no in-profile endpoint feature comparison is asserted.","Pending; not run; no compatibility claim."
"RIMREL-20260927-0742","742","284","[FSF] FrozenSnowFox Tweaks","FrozenSnowFox.FrozenSnowFoxTweaks","RR-STA;RR-THREAT;RR-FAC;RR-COMPAT","docs/research/reviews/mods/2893432492-FrozenSnowFox.FrozenSnowFoxTweaks.md","LoadAfter","249","Vanilla Vehicles Expanded","OskarPotocki.VanillaVehiclesExpanded","True","In selected 294-mod profile","RR-EXP;RR-OUT;RR-SPACEFLIGHT;RR-COMPAT","docs/research/reviews/mods/3014906877-OskarPotocki.VanillaVehiclesExpanded.md","workshop/294100/2893432492/About/About.xml","C526848600F3091CC6157F1A4CFAE6EA985B364FA3118FE390A9326D8863D877","Installed relationship-export metadata only; preserve exact declaration/path/hash fields; not publisher/code confirmation or runtime result.","Conservative project rule derived from relationship type and profile presence; not an upstream claim or compatibility finding.","Preserve this order only when both source and target packages are active; infer no code/API integration from the ordering declaration.","","No","No shared non-generic feature tags between in-profile endpoints; RR-COMPAT is excluded by rule.","Pending; not run; no compatibility claim."
"RIMREL-20260927-0743","743","284","[FSF] FrozenSnowFox Tweaks","FrozenSnowFox.FrozenSnowFoxTweaks","RR-STA;RR-THREAT;RR-FAC;RR-COMPAT","docs/research/reviews/mods/2893432492-FrozenSnowFox.FrozenSnowFoxTweaks.md","LoadAfter","282","Vanilla Vehicles Expanded - Tier 3","OskarPotocki.VanillaVehiclesExpandedTier3","True","In selected 294-mod profile","RR-EXP;RR-MSN;RR-OUT;RR-SPACEFLIGHT;RR-COMPAT","docs/research/reviews/mods/3047892432-OskarPotocki.VanillaVehiclesExpandedTier3.md","workshop/294100/2893432492/About/About.xml","C526848600F3091CC6157F1A4CFAE6EA985B364FA3118FE390A9326D8863D877","Installed relationship-export metadata only; preserve exact declaration/path/hash fields; not publisher/code confirmation or runtime result.","Conservative project rule derived from relationship type and profile presence; not an upstream claim or compatibility finding.","Preserve this order only when both source and target packages are active; infer no code/API integration from the ordering declaration.","","No","No shared non-generic feature tags between in-profile endpoints; RR-COMPAT is excluded by rule.","Pending; not run; no compatibility claim."
"RIMREL-20260927-0744","744","284","[FSF] FrozenSnowFox Tweaks","FrozenSnowFox.FrozenSnowFoxTweaks","RR-STA;RR-THREAT;RR-FAC;RR-COMPAT","docs/research/reviews/mods/2893432492-FrozenSnowFox.FrozenSnowFoxTweaks.md","LoadAfter","","","Owlchemist.CeilingUtilities","False","Outside selected 294-mod profile","","","workshop/294100/2893432492/About/About.xml","C526848600F3091CC6157F1A4CFAE6EA985B364FA3118FE390A9326D8863D877","Installed relationship-export metadata only; preserve exact declaration/path/hash fields; not publisher/code confirmation or runtime result.","Conservative project rule derived from relationship type and profile presence; not an upstream claim or compatibility finding.","No ordering action while the target is outside this profile; do not add it solely for this declaration. If both packages are later active, preserve the declared order; infer no code/API integration.","","No","Target is outside the selected 294-row profile; no in-profile endpoint feature comparison is asserted.","Pending; not run; no compatibility claim."
"RIMREL-20260927-0745","745","284","[FSF] FrozenSnowFox Tweaks","FrozenSnowFox.FrozenSnowFoxTweaks","RR-STA;RR-THREAT;RR-FAC;RR-COMPAT","docs/research/reviews/mods/2893432492-FrozenSnowFox.FrozenSnowFoxTweaks.md","LoadAfter","","","Owlchemist.FridgeUtilities","False","Outside selected 294-mod profile","","","workshop/294100/2893432492/About/About.xml","C526848600F3091CC6157F1A4CFAE6EA985B364FA3118FE390A9326D8863D877","Installed relationship-export metadata only; preserve exact declaration/path/hash fields; not publisher/code confirmation or runtime result.","Conservative project rule derived from relationship type and profile presence; not an upstream claim or compatibility finding.","No ordering action while the target is outside this profile; do not add it solely for this declaration. If both packages are later active, preserve the declared order; infer no code/API integration.","","No","Target is outside the selected 294-row profile; no in-profile endpoint feature comparison is asserted.","Pending; not run; no compatibility claim."
"RIMREL-20260927-0746","746","284","[FSF] FrozenSnowFox Tweaks","FrozenSnowFox.FrozenSnowFoxTweaks","RR-STA;RR-THREAT;RR-FAC;RR-COMPAT","docs/research/reviews/mods/2893432492-FrozenSnowFox.FrozenSnowFoxTweaks.md","LoadAfter","","","PeteTimesSix.ResearchReinvented.SteppingStones","False","Outside selected 294-mod profile","","","workshop/294100/2893432492/About/About.xml","C526848600F3091CC6157F1A4CFAE6EA985B364FA3118FE390A9326D8863D877","Installed relationship-export metadata only; preserve exact declaration/path/hash fields; not publisher/code confirmation or runtime result.","Conservative project rule derived from relationship type and profile presence; not an upstream claim or compatibility finding.","No ordering action while the target is outside this profile; do not add it solely for this declaration. If both packages are later active, preserve the declared order; infer no code/API integration.","","No","Target is outside the selected 294-row profile; no in-profile endpoint feature comparison is asserted.","Pending; not run; no compatibility claim."
"RIMREL-20260927-0747","747","284","[FSF] FrozenSnowFox Tweaks","FrozenSnowFox.FrozenSnowFoxTweaks","RR-STA;RR-THREAT;RR-FAC;RR-COMPAT","docs/research/reviews/mods/2893432492-FrozenSnowFox.FrozenSnowFoxTweaks.md","LoadAfter","","","pphhyy.ExpandedMechsScyther","False","Outside selected 294-mod profile","","","workshop/294100/2893432492/About/About.xml","C526848600F3091CC6157F1A4CFAE6EA985B364FA3118FE390A9326D8863D877","Installed relationship-export metadata only; preserve exact declaration/path/hash fields; not publisher/code confirmation or runtime result.","Conservative project rule derived from relationship type and profile presence; not an upstream claim or compatibility finding.","No ordering action while the target is outside this profile; do not add it solely for this declaration. If both packages are later active, preserve the declared order; infer no code/API integration.","","No","Target is outside the selected 294-row profile; no in-profile endpoint feature comparison is asserted.","Pending; not run; no compatibility claim."
"RIMREL-20260927-0748","748","284","[FSF] FrozenSnowFox Tweaks","FrozenSnowFox.FrozenSnowFoxTweaks","RR-STA;RR-THREAT;RR-FAC;RR-COMPAT","docs/research/reviews/mods/2893432492-FrozenSnowFox.FrozenSnowFoxTweaks.md","LoadAfter","","","pphhyy.GuldenNew","False","Outside selected 294-mod profile","","","workshop/294100/2893432492/About/About.xml","C526848600F3091CC6157F1A4CFAE6EA985B364FA3118FE390A9326D8863D877","Installed relationship-export metadata only; preserve exact declaration/path/hash fields; not publisher/code confirmation or runtime result.","Conservative project rule derived from relationship type and profile presence; not an upstream claim or compatibility finding.","No ordering action while the target is outside this profile; do not add it solely for this declaration. If both packages are later active, preserve the declared order; infer no code/API integration.","","No","Target is outside the selected 294-row profile; no in-profile endpoint feature comparison is asserted.","Pending; not run; no compatibility claim."
"RIMREL-20260927-0749","749","284","[FSF] FrozenSnowFox Tweaks","FrozenSnowFox.FrozenSnowFoxTweaks","RR-STA;RR-THREAT;RR-FAC;RR-COMPAT","docs/research/reviews/mods/2893432492-FrozenSnowFox.FrozenSnowFoxTweaks.md","LoadAfter","","","pphhyy.lightlessempyrean","False","Outside selected 294-mod profile","","","workshop/294100/2893432492/About/About.xml","C526848600F3091CC6157F1A4CFAE6EA985B364FA3118FE390A9326D8863D877","Installed relationship-export metadata only; preserve exact declaration/path/hash fields; not publisher/code confirmation or runtime result.","Conservative project rule derived from relationship type and profile presence; not an upstream claim or compatibility finding.","No ordering action while the target is outside this profile; do not add it solely for this declaration. If both packages are later active, preserve the declared order; infer no code/API integration.","","No","Target is outside the selected 294-row profile; no in-profile endpoint feature comparison is asserted.","Pending; not run; no compatibility claim."
"RIMREL-20260927-0750","750","284","[FSF] FrozenSnowFox Tweaks","FrozenSnowFox.FrozenSnowFoxTweaks","RR-STA;RR-THREAT;RR-FAC;RR-COMPAT","docs/research/reviews/mods/2893432492-FrozenSnowFox.FrozenSnowFoxTweaks.md","LoadAfter","185","ReBuild: Doors and Corners","ReBuild.COTR.DoorsAndCorners","True","In selected 294-mod profile","RR-FAC;RR-GATE;RR-THREAT;RR-SPACEFLIGHT;RR-STYLE;RR-COMPAT","docs/research/reviews/mods/3262718980-ReBuild.COTR.DoorsAndCorners.md","workshop/294100/2893432492/About/About.xml","C526848600F3091CC6157F1A4CFAE6EA985B364FA3118FE390A9326D8863D877","Installed relationship-export metadata only; preserve exact declaration/path/hash fields; not publisher/code confirmation or runtime result.","Conservative project rule derived from relationship type and profile presence; not an upstream claim or compatibility finding.","Preserve this order only when both source and target packages are active; infer no code/API integration from the ordering declaration.","RR-FAC;RR-THREAT","Yes","In-profile endpoints share non-generic feature tag(s): RR-FAC;RR-THREAT. Candidate only; runtime test pending.","Pending; not run; no compatibility claim."
"RIMREL-20260927-0751","751","284","[FSF] FrozenSnowFox Tweaks","FrozenSnowFox.FrozenSnowFoxTweaks","RR-STA;RR-THREAT;RR-FAC;RR-COMPAT","docs/research/reviews/mods/2893432492-FrozenSnowFox.FrozenSnowFoxTweaks.md","LoadAfter","158","Oops All Gene Banks","redundant.oopsallgenepacks","True","In selected 294-mod profile","RR-FAC;RR-EVD;RR-ECO;RR-DLC;RR-COMPAT","docs/research/reviews/mods/2883683444-redundant.oopsallgenepacks.md","workshop/294100/2893432492/About/About.xml","C526848600F3091CC6157F1A4CFAE6EA985B364FA3118FE390A9326D8863D877","Installed relationship-export metadata only; preserve exact declaration/path/hash fields; not publisher/code confirmation or runtime result.","Conservative project rule derived from relationship type and profile presence; not an upstream claim or compatibility finding.","Preserve this order only when both source and target packages are active; infer no code/API integration from the ordering declaration.","RR-FAC","Yes","In-profile endpoints share non-generic feature tag(s): RR-FAC. Candidate only; runtime test pending.","Pending; not run; no compatibility claim."
"RIMREL-20260927-0752","752","284","[FSF] FrozenSnowFox Tweaks","FrozenSnowFox.FrozenSnowFoxTweaks","RR-STA;RR-THREAT;RR-FAC;RR-COMPAT","docs/research/reviews/mods/2893432492-FrozenSnowFox.FrozenSnowFoxTweaks.md","LoadAfter","","","RedMattis.BigSmall.Core","False","Outside selected 294-mod profile","","","workshop/294100/2893432492/About/About.xml","C526848600F3091CC6157F1A4CFAE6EA985B364FA3118FE390A9326D8863D877","Installed relationship-export metadata only; preserve exact declaration/path/hash fields; not publisher/code confirmation or runtime result.","Conservative project rule derived from relationship type and profile presence; not an upstream claim or compatibility finding.","No ordering action while the target is outside this profile; do not add it solely for this declaration. If both packages are later active, preserve the declared order; infer no code/API integration.","","No","Target is outside the selected 294-row profile; no in-profile endpoint feature comparison is asserted.","Pending; not run; no compatibility claim."
"RIMREL-20260927-0753","753","284","[FSF] FrozenSnowFox Tweaks","FrozenSnowFox.FrozenSnowFoxTweaks","RR-STA;RR-THREAT;RR-FAC;RR-COMPAT","docs/research/reviews/mods/2893432492-FrozenSnowFox.FrozenSnowFoxTweaks.md","LoadAfter","","","ReGrowth.BOTR.Core","False","Outside selected 294-mod profile","","","workshop/294100/2893432492/About/About.xml","C526848600F3091CC6157F1A4CFAE6EA985B364FA3118FE390A9326D8863D877","Installed relationship-export metadata only; preserve exact declaration/path/hash fields; not publisher/code confirmation or runtime result.","Conservative project rule derived from relationship type and profile presence; not an upstream claim or compatibility finding.","No ordering action while the target is outside this profile; do not add it solely for this declaration. If both packages are later active, preserve the declared order; infer no code/API integration.","","No","Target is outside the selected 294-row profile; no in-profile endpoint feature comparison is asserted.","Pending; not run; no compatibility claim."
"RIMREL-20260927-0754","754","284","[FSF] FrozenSnowFox Tweaks","FrozenSnowFox.FrozenSnowFoxTweaks","RR-STA;RR-THREAT;RR-FAC;RR-COMPAT","docs/research/reviews/mods/2893432492-FrozenSnowFox.FrozenSnowFoxTweaks.md","LoadAfter","","","ReSplice.XOTR.Core","False","Outside selected 294-mod profile","","","workshop/294100/2893432492/About/About.xml","C526848600F3091CC6157F1A4CFAE6EA985B364FA3118FE390A9326D8863D877","Installed relationship-export metadata only; preserve exact declaration/path/hash fields; not publisher/code confirmation or runtime result.","Conservative project rule derived from relationship type and profile presence; not an upstream claim or compatibility finding.","No ordering action while the target is outside this profile; do not add it solely for this declaration. If both packages are later active, preserve the declared order; infer no code/API integration.","","No","Target is outside the selected 294-row profile; no in-profile endpoint feature comparison is asserted.","Pending; not run; no compatibility claim."
"RIMREL-20260927-0755","755","284","[FSF] FrozenSnowFox Tweaks","FrozenSnowFox.FrozenSnowFoxTweaks","RR-STA;RR-THREAT;RR-FAC;RR-COMPAT","docs/research/reviews/mods/2893432492-FrozenSnowFox.FrozenSnowFoxTweaks.md","LoadAfter","","","RimThunderTeams.RimThunder.FlyingChariot","False","Outside selected 294-mod profile","","","workshop/294100/2893432492/About/About.xml","C526848600F3091CC6157F1A4CFAE6EA985B364FA3118FE390A9326D8863D877","Installed relationship-export metadata only; preserve exact declaration/path/hash fields; not publisher/code confirmation or runtime result.","Conservative project rule derived from relationship type and profile presence; not an upstream claim or compatibility finding.","No ordering action while the target is outside this profile; do not add it solely for this declaration. If both packages are later active, preserve the declared order; infer no code/API integration.","","No","Target is outside the selected 294-row profile; no in-profile endpoint feature comparison is asserted.","Pending; not run; no compatibility claim."
"RIMREL-20260927-0756","756","284","[FSF] FrozenSnowFox Tweaks","FrozenSnowFox.FrozenSnowFoxTweaks","RR-STA;RR-THREAT;RR-FAC;RR-COMPAT","docs/research/reviews/mods/2893432492-FrozenSnowFox.FrozenSnowFoxTweaks.md","LoadAfter","","","RimThunderTeams.RimThunder.LibertyOfDelivery","False","Outside selected 294-mod profile","","","workshop/294100/2893432492/About/About.xml","C526848600F3091CC6157F1A4CFAE6EA985B364FA3118FE390A9326D8863D877","Installed relationship-export metadata only; preserve exact declaration/path/hash fields; not publisher/code confirmation or runtime result.","Conservative project rule derived from relationship type and profile presence; not an upstream claim or compatibility finding.","No ordering action while the target is outside this profile; do not add it solely for this declaration. If both packages are later active, preserve the declared order; infer no code/API integration.","","No","Target is outside the selected 294-row profile; no in-profile endpoint feature comparison is asserted.","Pending; not run; no compatibility claim."
"RIMREL-20260927-0757","757","284","[FSF] FrozenSnowFox Tweaks","FrozenSnowFox.FrozenSnowFoxTweaks","RR-STA;RR-THREAT;RR-FAC;RR-COMPAT","docs/research/reviews/mods/2893432492-FrozenSnowFox.FrozenSnowFoxTweaks.md","LoadAfter","","","River.Tribal.Mittens","False","Outside selected 294-mod profile","","","workshop/294100/2893432492/About/About.xml","C526848600F3091CC6157F1A4CFAE6EA985B364FA3118FE390A9326D8863D877","Installed relationship-export metadata only; preserve exact declaration/path/hash fields; not publisher/code confirmation or runtime result.","Conservative project rule derived from relationship type and profile presence; not an upstream claim or compatibility finding.","No ordering action while the target is outside this profile; do not add it solely for this declaration. If both packages are later active, preserve the declared order; infer no code/API integration.","","No","Target is outside the selected 294-row profile; no in-profile endpoint feature comparison is asserted.","Pending; not run; no compatibility claim."
"RIMREL-20260927-0758","758","284","[FSF] FrozenSnowFox Tweaks","FrozenSnowFox.FrozenSnowFoxTweaks","RR-STA;RR-THREAT;RR-FAC;RR-COMPAT","docs/research/reviews/mods/2893432492-FrozenSnowFox.FrozenSnowFoxTweaks.md","LoadAfter","","","River.Tribal.Shoes","False","Outside selected 294-mod profile","","","workshop/294100/2893432492/About/About.xml","C526848600F3091CC6157F1A4CFAE6EA985B364FA3118FE390A9326D8863D877","Installed relationship-export metadata only; preserve exact declaration/path/hash fields; not publisher/code confirmation or runtime result.","Conservative project rule derived from relationship type and profile presence; not an upstream claim or compatibility finding.","No ordering action while the target is outside this profile; do not add it solely for this declaration. If both packages are later active, preserve the declared order; infer no code/API integration.","","No","Target is outside the selected 294-row profile; no in-profile endpoint feature comparison is asserted.","Pending; not run; no compatibility claim."
"RIMREL-20260927-0759","759","284","[FSF] FrozenSnowFox Tweaks","FrozenSnowFox.FrozenSnowFoxTweaks","RR-STA;RR-THREAT;RR-FAC;RR-COMPAT","docs/research/reviews/mods/2893432492-FrozenSnowFox.FrozenSnowFoxTweaks.md","LoadAfter","","","RooAndGloomy.YuranRaceMod","False","Outside selected 294-mod profile","","","workshop/294100/2893432492/About/About.xml","C526848600F3091CC6157F1A4CFAE6EA985B364FA3118FE390A9326D8863D877","Installed relationship-export metadata only; preserve exact declaration/path/hash fields; not publisher/code confirmation or runtime result.","Conservative project rule derived from relationship type and profile presence; not an upstream claim or compatibility finding.","No ordering action while the target is outside this profile; do not add it solely for this declaration. If both packages are later active, preserve the declared order; infer no code/API integration.","","No","Target is outside the selected 294-row profile; no in-profile endpoint feature comparison is asserted.","Pending; not run; no compatibility claim."
"RIMREL-20260927-0760","760","284","[FSF] FrozenSnowFox Tweaks","FrozenSnowFox.FrozenSnowFoxTweaks","RR-STA;RR-THREAT;RR-FAC;RR-COMPAT","docs/research/reviews/mods/2893432492-FrozenSnowFox.FrozenSnowFoxTweaks.md","LoadAfter","","","safe.job.world","False","Outside selected 294-mod profile","","","workshop/294100/2893432492/About/About.xml","C526848600F3091CC6157F1A4CFAE6EA985B364FA3118FE390A9326D8863D877","Installed relationship-export metadata only; preserve exact declaration/path/hash fields; not publisher/code confirmation or runtime result.","Conservative project rule derived from relationship type and profile presence; not an upstream claim or compatibility finding.","No ordering action while the target is outside this profile; do not add it solely for this declaration. If both packages are later active, preserve the declared order; infer no code/API integration.","","No","Target is outside the selected 294-row profile; no in-profile endpoint feature comparison is asserted.","Pending; not run; no compatibility claim."
"RIMREL-20260927-0761","761","284","[FSF] FrozenSnowFox Tweaks","FrozenSnowFox.FrozenSnowFoxTweaks","RR-STA;RR-THREAT;RR-FAC;RR-COMPAT","docs/research/reviews/mods/2893432492-FrozenSnowFox.FrozenSnowFoxTweaks.md","LoadAfter","","","rim.job.world","False","Outside selected 294-mod profile","","","workshop/294100/2893432492/About/About.xml","C526848600F3091CC6157F1A4CFAE6EA985B364FA3118FE390A9326D8863D877","Installed relationship-export metadata only; preserve exact declaration/path/hash fields; not publisher/code confirmation or runtime result.","Conservative project rule derived from relationship type and profile presence; not an upstream claim or compatibility finding.","No ordering action while the target is outside this profile; do not add it solely for this declaration. If both packages are later active, preserve the declared order; infer no code/API integration.","","No","Target is outside the selected 294-row profile; no in-profile endpoint feature comparison is asserted.","Pending; not run; no compatibility claim."
"RIMREL-20260927-0762","762","284","[FSF] FrozenSnowFox Tweaks","FrozenSnowFox.FrozenSnowFoxTweaks","RR-STA;RR-THREAT;RR-FAC;RR-COMPAT","docs/research/reviews/mods/2893432492-FrozenSnowFox.FrozenSnowFoxTweaks.md","LoadAfter","","","sarg.alphaanimals","False","Outside selected 294-mod profile","","","workshop/294100/2893432492/About/About.xml","C526848600F3091CC6157F1A4CFAE6EA985B364FA3118FE390A9326D8863D877","Installed relationship-export metadata only; preserve exact declaration/path/hash fields; not publisher/code confirmation or runtime result.","Conservative project rule derived from relationship type and profile presence; not an upstream claim or compatibility finding.","No ordering action while the target is outside this profile; do not add it solely for this declaration. If both packages are later active, preserve the declared order; infer no code/API integration.","","No","Target is outside the selected 294-row profile; no in-profile endpoint feature comparison is asserted.","Pending; not run; no compatibility claim."
"RIMREL-20260927-0763","763","284","[FSF] FrozenSnowFox Tweaks","FrozenSnowFox.FrozenSnowFoxTweaks","RR-STA;RR-THREAT;RR-FAC;RR-COMPAT","docs/research/reviews/mods/2893432492-FrozenSnowFox.FrozenSnowFoxTweaks.md","LoadAfter","","","sarg.alphabiomes","False","Outside selected 294-mod profile","","","workshop/294100/2893432492/About/About.xml","C526848600F3091CC6157F1A4CFAE6EA985B364FA3118FE390A9326D8863D877","Installed relationship-export metadata only; preserve exact declaration/path/hash fields; not publisher/code confirmation or runtime result.","Conservative project rule derived from relationship type and profile presence; not an upstream claim or compatibility finding.","No ordering action while the target is outside this profile; do not add it solely for this declaration. If both packages are later active, preserve the declared order; infer no code/API integration.","","No","Target is outside the selected 294-row profile; no in-profile endpoint feature comparison is asserted.","Pending; not run; no compatibility claim."
"RIMREL-20260927-0764","764","284","[FSF] FrozenSnowFox Tweaks","FrozenSnowFox.FrozenSnowFoxTweaks","RR-STA;RR-THREAT;RR-FAC;RR-COMPAT","docs/research/reviews/mods/2893432492-FrozenSnowFox.FrozenSnowFoxTweaks.md","LoadAfter","","","sarg.alphacrafts","False","Outside selected 294-mod profile","","","workshop/294100/2893432492/About/About.xml","C526848600F3091CC6157F1A4CFAE6EA985B364FA3118FE390A9326D8863D877","Installed relationship-export metadata only; preserve exact declaration/path/hash fields; not publisher/code confirmation or runtime result.","Conservative project rule derived from relationship type and profile presence; not an upstream claim or compatibility finding.","No ordering action while the target is outside this profile; do not add it solely for this declaration. If both packages are later active, preserve the declared order; infer no code/API integration.","","No","Target is outside the selected 294-row profile; no in-profile endpoint feature comparison is asserted.","Pending; not run; no compatibility claim."
"RIMREL-20260927-0765","765","284","[FSF] FrozenSnowFox Tweaks","FrozenSnowFox.FrozenSnowFoxTweaks","RR-STA;RR-THREAT;RR-FAC;RR-COMPAT","docs/research/reviews/mods/2893432492-FrozenSnowFox.FrozenSnowFoxTweaks.md","LoadAfter","","","sarg.alphagenes","False","Outside selected 294-mod profile","","","workshop/294100/2893432492/About/About.xml","C526848600F3091CC6157F1A4CFAE6EA985B364FA3118FE390A9326D8863D877","Installed relationship-export metadata only; preserve exact declaration/path/hash fields; not publisher/code confirmation or runtime result.","Conservative project rule derived from relationship type and profile presence; not an upstream claim or compatibility finding.","No ordering action while the target is outside this profile; do not add it solely for this declaration. If both packages are later active, preserve the declared order; infer no code/API integration.","","No","Target is outside the selected 294-row profile; no in-profile endpoint feature comparison is asserted.","Pending; not run; no compatibility claim."
"RIMREL-20260927-0766","766","284","[FSF] FrozenSnowFox Tweaks","FrozenSnowFox.FrozenSnowFoxTweaks","RR-STA;RR-THREAT;RR-FAC;RR-COMPAT","docs/research/reviews/mods/2893432492-FrozenSnowFox.FrozenSnowFoxTweaks.md","LoadAfter","","","Scorpio.Shields","False","Outside selected 294-mod profile","","","workshop/294100/2893432492/About/About.xml","C526848600F3091CC6157F1A4CFAE6EA985B364FA3118FE390A9326D8863D877","Installed relationship-export metadata only; preserve exact declaration/path/hash fields; not publisher/code confirmation or runtime result.","Conservative project rule derived from relationship type and profile presence; not an upstream claim or compatibility finding.","No ordering action while the target is outside this profile; do not add it solely for this declaration. If both packages are later active, preserve the declared order; infer no code/API integration.","","No","Target is outside the selected 294-row profile; no in-profile endpoint feature comparison is asserted.","Pending; not run; no compatibility claim."
"RIMREL-20260927-0767","767","284","[FSF] FrozenSnowFox Tweaks","FrozenSnowFox.FrozenSnowFoxTweaks","RR-STA;RR-THREAT;RR-FAC;RR-COMPAT","docs/research/reviews/mods/2893432492-FrozenSnowFox.FrozenSnowFoxTweaks.md","LoadAfter","","","silencer59.timekills","False","Outside selected 294-mod profile","","","workshop/294100/2893432492/About/About.xml","C526848600F3091CC6157F1A4CFAE6EA985B364FA3118FE390A9326D8863D877","Installed relationship-export metadata only; preserve exact declaration/path/hash fields; not publisher/code confirmation or runtime result.","Conservative project rule derived from relationship type and profile presence; not an upstream claim or compatibility finding.","No ordering action while the target is outside this profile; do not add it solely for this declaration. If both packages are later active, preserve the declared order; infer no code/API integration.","","No","Target is outside the selected 294-row profile; no in-profile endpoint feature comparison is asserted.","Pending; not run; no compatibility claim."
"RIMREL-20260927-0768","768","284","[FSF] FrozenSnowFox Tweaks","FrozenSnowFox.FrozenSnowFoxTweaks","RR-STA;RR-THREAT;RR-FAC;RR-COMPAT","docs/research/reviews/mods/2893432492-FrozenSnowFox.FrozenSnowFoxTweaks.md","LoadAfter","","","SirMashedPotato.MorrowRim.TelvanniTechnology","False","Outside selected 294-mod profile","","","workshop/294100/2893432492/About/About.xml","C526848600F3091CC6157F1A4CFAE6EA985B364FA3118FE390A9326D8863D877","Installed relationship-export metadata only; preserve exact declaration/path/hash fields; not publisher/code confirmation or runtime result.","Conservative project rule derived from relationship type and profile presence; not an upstream claim or compatibility finding.","No ordering action while the target is outside this profile; do not add it solely for this declaration. If both packages are later active, preserve the declared order; infer no code/API integration.","","No","Target is outside the selected 294-row profile; no in-profile endpoint feature comparison is asserted.","Pending; not run; no compatibility claim."
"RIMREL-20260927-0769","769","284","[FSF] FrozenSnowFox Tweaks","FrozenSnowFox.FrozenSnowFoxTweaks","RR-STA;RR-THREAT;RR-FAC;RR-COMPAT","docs/research/reviews/mods/2893432492-FrozenSnowFox.FrozenSnowFoxTweaks.md","LoadAfter","11","Vehicle Framework","SmashPhil.VehicleFramework","True","In selected 294-mod profile","RR-OUT;RR-SPACEFLIGHT;RR-COMPAT","docs/research/reviews/mods/3014915404-SmashPhil.VehicleFramework.md","workshop/294100/2893432492/About/About.xml","C526848600F3091CC6157F1A4CFAE6EA985B364FA3118FE390A9326D8863D877","Installed relationship-export metadata only; preserve exact declaration/path/hash fields; not publisher/code confirmation or runtime result.","Conservative project rule derived from relationship type and profile presence; not an upstream claim or compatibility finding.","Preserve this order only when both source and target packages are active; infer no code/API integration from the ordering declaration.","","No","No shared non-generic feature tags between in-profile endpoints; RR-COMPAT is excluded by rule.","Pending; not run; no compatibility claim."
"RIMREL-20260927-0770","770","284","[FSF] FrozenSnowFox Tweaks","FrozenSnowFox.FrozenSnowFoxTweaks","RR-STA;RR-THREAT;RR-FAC;RR-COMPAT","docs/research/reviews/mods/2893432492-FrozenSnowFox.FrozenSnowFoxTweaks.md","LoadAfter","","","Solaris.FurnitureBase","False","Outside selected 294-mod profile","","","workshop/294100/2893432492/About/About.xml","C526848600F3091CC6157F1A4CFAE6EA985B364FA3118FE390A9326D8863D877","Installed relationship-export metadata only; preserve exact declaration/path/hash fields; not publisher/code confirmation or runtime result.","Conservative project rule derived from relationship type and profile presence; not an upstream claim or compatibility finding.","No ordering action while the target is outside this profile; do not add it solely for this declaration. If both packages are later active, preserve the declared order; infer no code/API integration.","","No","Target is outside the selected 294-row profile; no in-profile endpoint feature comparison is asserted.","Pending; not run; no compatibility claim."
"RIMREL-20260927-0771","771","284","[FSF] FrozenSnowFox Tweaks","FrozenSnowFox.FrozenSnowFoxTweaks","RR-STA;RR-THREAT;RR-FAC;RR-COMPAT","docs/research/reviews/mods/2893432492-FrozenSnowFox.FrozenSnowFoxTweaks.md","LoadAfter","","","teri.attractcreepjoinerritual","False","Outside selected 294-mod profile","","","workshop/294100/2893432492/About/About.xml","C526848600F3091CC6157F1A4CFAE6EA985B364FA3118FE390A9326D8863D877","Installed relationship-export metadata only; preserve exact declaration/path/hash fields; not publisher/code confirmation or runtime result.","Conservative project rule derived from relationship type and profile presence; not an upstream claim or compatibility finding.","No ordering action while the target is outside this profile; do not add it solely for this declaration. If both packages are later active, preserve the declared order; infer no code/API integration.","","No","Target is outside the selected 294-row profile; no in-profile endpoint feature comparison is asserted.","Pending; not run; no compatibility claim."
"RIMREL-20260927-0772","772","284","[FSF] FrozenSnowFox Tweaks","FrozenSnowFox.FrozenSnowFoxTweaks","RR-STA;RR-THREAT;RR-FAC;RR-COMPAT","docs/research/reviews/mods/2893432492-FrozenSnowFox.FrozenSnowFoxTweaks.md","LoadAfter","","","TheVillain.Animalfoodsextended","False","Outside selected 294-mod profile","","","workshop/294100/2893432492/About/About.xml","C526848600F3091CC6157F1A4CFAE6EA985B364FA3118FE390A9326D8863D877","Installed relationship-export metadata only; preserve exact declaration/path/hash fields; not publisher/code confirmation or runtime result.","Conservative project rule derived from relationship type and profile presence; not an upstream claim or compatibility finding.","No ordering action while the target is outside this profile; do not add it solely for this declaration. If both packages are later active, preserve the declared order; infer no code/API integration.","","No","Target is outside the selected 294-row profile; no in-profile endpoint feature comparison is asserted.","Pending; not run; no compatibility claim."
"RIMREL-20260927-0773","773","284","[FSF] FrozenSnowFox Tweaks","FrozenSnowFox.FrozenSnowFoxTweaks","RR-STA;RR-THREAT;RR-FAC;RR-COMPAT","docs/research/reviews/mods/2893432492-FrozenSnowFox.FrozenSnowFoxTweaks.md","LoadAfter","","","Trimming.The.Fat","False","Outside selected 294-mod profile","","","workshop/294100/2893432492/About/About.xml","C526848600F3091CC6157F1A4CFAE6EA985B364FA3118FE390A9326D8863D877","Installed relationship-export metadata only; preserve exact declaration/path/hash fields; not publisher/code confirmation or runtime result.","Conservative project rule derived from relationship type and profile presence; not an upstream claim or compatibility finding.","No ordering action while the target is outside this profile; do not add it solely for this declaration. If both packages are later active, preserve the declared order; infer no code/API integration.","","No","Target is outside the selected 294-row profile; no in-profile endpoint feature comparison is asserted.","Pending; not run; no compatibility claim."
"RIMREL-20260927-0774","774","284","[FSF] FrozenSnowFox Tweaks","FrozenSnowFox.FrozenSnowFoxTweaks","RR-STA;RR-THREAT;RR-FAC;RR-COMPAT","docs/research/reviews/mods/2893432492-FrozenSnowFox.FrozenSnowFoxTweaks.md","LoadAfter","160","Packs Are Not Belts","turnovus.submod.backpacksarenotbelts","True","In selected 294-mod profile","RR-STA;RR-EXP;RR-SPACEFLIGHT;RR-DLC;RR-COMPAT","docs/research/reviews/mods/2509511179-turnovus.submod.backpacksarenotbelts.md","workshop/294100/2893432492/About/About.xml","C526848600F3091CC6157F1A4CFAE6EA985B364FA3118FE390A9326D8863D877","Installed relationship-export metadata only; preserve exact declaration/path/hash fields; not publisher/code confirmation or runtime result.","Conservative project rule derived from relationship type and profile presence; not an upstream claim or compatibility finding.","Preserve this order only when both source and target packages are active; infer no code/API integration from the ordering declaration.","RR-STA","Yes","In-profile endpoints share non-generic feature tag(s): RR-STA. Candidate only; runtime test pending.","Pending; not run; no compatibility claim."
"RIMREL-20260927-0775","775","284","[FSF] FrozenSnowFox Tweaks","FrozenSnowFox.FrozenSnowFoxTweaks","RR-STA;RR-THREAT;RR-FAC;RR-COMPAT","docs/research/reviews/mods/2893432492-FrozenSnowFox.FrozenSnowFoxTweaks.md","LoadAfter","","","UNKNOWN.CIWS.Core","False","Outside selected 294-mod profile","","","workshop/294100/2893432492/About/About.xml","C526848600F3091CC6157F1A4CFAE6EA985B364FA3118FE390A9326D8863D877","Installed relationship-export metadata only; preserve exact declaration/path/hash fields; not publisher/code confirmation or runtime result.","Conservative project rule derived from relationship type and profile presence; not an upstream claim or compatibility finding.","No ordering action while the target is outside this profile; do not add it solely for this declaration. If both packages are later active, preserve the declared order; infer no code/API integration.","","No","Target is outside the selected 294-row profile; no in-profile endpoint feature comparison is asserted.","Pending; not run; no compatibility claim."
"RIMREL-20260927-0776","776","284","[FSF] FrozenSnowFox Tweaks","FrozenSnowFox.FrozenSnowFoxTweaks","RR-STA;RR-THREAT;RR-FAC;RR-COMPAT","docs/research/reviews/mods/2893432492-FrozenSnowFox.FrozenSnowFoxTweaks.md","LoadAfter","","","Ushanka.BiologicalWarfare","False","Outside selected 294-mod profile","","","workshop/294100/2893432492/About/About.xml","C526848600F3091CC6157F1A4CFAE6EA985B364FA3118FE390A9326D8863D877","Installed relationship-export metadata only; preserve exact declaration/path/hash fields; not publisher/code confirmation or runtime result.","Conservative project rule derived from relationship type and profile presence; not an upstream claim or compatibility finding.","No ordering action while the target is outside this profile; do not add it solely for this declaration. If both packages are later active, preserve the declared order; infer no code/API integration.","","No","Target is outside the selected 294-row profile; no in-profile endpoint feature comparison is asserted.","Pending; not run; no compatibility claim."
"RIMREL-20260927-0777","777","284","[FSF] FrozenSnowFox Tweaks","FrozenSnowFox.FrozenSnowFoxTweaks","RR-STA;RR-THREAT;RR-FAC;RR-COMPAT","docs/research/reviews/mods/2893432492-FrozenSnowFox.FrozenSnowFoxTweaks.md","LoadAfter","","","Ushanka.NecroaArchovirus","False","Outside selected 294-mod profile","","","workshop/294100/2893432492/About/About.xml","C526848600F3091CC6157F1A4CFAE6EA985B364FA3118FE390A9326D8863D877","Installed relationship-export metadata only; preserve exact declaration/path/hash fields; not publisher/code confirmation or runtime result.","Conservative project rule derived from relationship type and profile presence; not an upstream claim or compatibility finding.","No ordering action while the target is outside this profile; do not add it solely for this declaration. If both packages are later active, preserve the declared order; infer no code/API integration.","","No","Target is outside the selected 294-row profile; no in-profile endpoint feature comparison is asserted.","Pending; not run; no compatibility claim."
"RIMREL-20260927-0778","778","284","[FSF] FrozenSnowFox Tweaks","FrozenSnowFox.FrozenSnowFoxTweaks","RR-STA;RR-THREAT;RR-FAC;RR-COMPAT","docs/research/reviews/mods/2893432492-FrozenSnowFox.FrozenSnowFoxTweaks.md","LoadAfter","","","vanillaexpanded.skills","False","Outside selected 294-mod profile","","","workshop/294100/2893432492/About/About.xml","C526848600F3091CC6157F1A4CFAE6EA985B364FA3118FE390A9326D8863D877","Installed relationship-export metadata only; preserve exact declaration/path/hash fields; not publisher/code confirmation or runtime result.","Conservative project rule derived from relationship type and profile presence; not an upstream claim or compatibility finding.","No ordering action while the target is outside this profile; do not add it solely for this declaration. If both packages are later active, preserve the declared order; infer no code/API integration.","","No","Target is outside the selected 294-row profile; no in-profile endpoint feature comparison is asserted.","Pending; not run; no compatibility claim."
"RIMREL-20260927-0779","779","284","[FSF] FrozenSnowFox Tweaks","FrozenSnowFox.FrozenSnowFoxTweaks","RR-STA;RR-THREAT;RR-FAC;RR-COMPAT","docs/research/reviews/mods/2893432492-FrozenSnowFox.FrozenSnowFoxTweaks.md","LoadAfter","243","Vanilla Apparel Expanded — Accessories","VanillaExpanded.VAEAccessories","True","In selected 294-mod profile","RR-STA;RR-EXP;RR-THREAT;RR-DLC;RR-COMPAT","docs/research/reviews/mods/2521176396-VanillaExpanded.VAEAccessories.md","workshop/294100/2893432492/About/About.xml","C526848600F3091CC6157F1A4CFAE6EA985B364FA3118FE390A9326D8863D877","Installed relationship-export metadata only; preserve exact declaration/path/hash fields; not publisher/code confirmation or runtime result.","Conservative project rule derived from relationship type and profile presence; not an upstream claim or compatibility finding.","Preserve this order only when both source and target packages are active; infer no code/API integration from the ordering declaration.","RR-STA;RR-THREAT","Yes","In-profile endpoints share non-generic feature tag(s): RR-STA;RR-THREAT. Candidate only; runtime test pending.","Pending; not run; no compatibility claim."
"RIMREL-20260927-0780","780","284","[FSF] FrozenSnowFox Tweaks","FrozenSnowFox.FrozenSnowFoxTweaks","RR-STA;RR-THREAT;RR-FAC;RR-COMPAT","docs/research/reviews/mods/2893432492-FrozenSnowFox.FrozenSnowFoxTweaks.md","LoadAfter","242","Vanilla Apparel Expanded","VanillaExpanded.VAPPE","True","In selected 294-mod profile","RR-STA;RR-EXP;RR-THREAT;RR-COMPAT","docs/research/reviews/mods/1814987817-VanillaExpanded.VAPPE.md","workshop/294100/2893432492/About/About.xml","C526848600F3091CC6157F1A4CFAE6EA985B364FA3118FE390A9326D8863D877","Installed relationship-export metadata only; preserve exact declaration/path/hash fields; not publisher/code confirmation or runtime result.","Conservative project rule derived from relationship type and profile presence; not an upstream claim or compatibility finding.","Preserve this order only when both source and target packages are active; infer no code/API integration from the ordering declaration.","RR-STA;RR-THREAT","Yes","In-profile endpoints share non-generic feature tag(s): RR-STA;RR-THREAT. Candidate only; runtime test pending.","Pending; not run; no compatibility claim."
"RIMREL-20260927-0781","781","284","[FSF] FrozenSnowFox Tweaks","FrozenSnowFox.FrozenSnowFoxTweaks","RR-STA;RR-THREAT;RR-FAC;RR-COMPAT","docs/research/reviews/mods/2893432492-FrozenSnowFox.FrozenSnowFoxTweaks.md","LoadAfter","244","Vanilla Armour Expanded","vanillaexpanded.varme","True","In selected 294-mod profile","RR-STA;RR-EXP;RR-THREAT;RR-COMPAT","docs/research/reviews/mods/1814988282-VanillaExpanded.VARME.md","workshop/294100/2893432492/About/About.xml","C526848600F3091CC6157F1A4CFAE6EA985B364FA3118FE390A9326D8863D877","Installed relationship-export metadata only; preserve exact declaration/path/hash fields; not publisher/code confirmation or runtime result.","Conservative project rule derived from relationship type and profile presence; not an upstream claim or compatibility finding.","Preserve this order only when both source and target packages are active; infer no code/API integration from the ordering declaration.","RR-STA;RR-THREAT","Yes","In-profile endpoints share non-generic feature tag(s): RR-STA;RR-THREAT. Candidate only; runtime test pending.","Pending; not run; no compatibility claim."
"RIMREL-20260927-0782","782","284","[FSF] FrozenSnowFox Tweaks","FrozenSnowFox.FrozenSnowFoxTweaks","RR-STA;RR-THREAT;RR-FAC;RR-COMPAT","docs/research/reviews/mods/2893432492-FrozenSnowFox.FrozenSnowFoxTweaks.md","LoadAfter","","","vanillaexpanded.vbrewe","False","Outside selected 294-mod profile","","","workshop/294100/2893432492/About/About.xml","C526848600F3091CC6157F1A4CFAE6EA985B364FA3118FE390A9326D8863D877","Installed relationship-export metadata only; preserve exact declaration/path/hash fields; not publisher/code confirmation or runtime result.","Conservative project rule derived from relationship type and profile presence; not an upstream claim or compatibility finding.","No ordering action while the target is outside this profile; do not add it solely for this declaration. If both packages are later active, preserve the declared order; infer no code/API integration.","","No","Target is outside the selected 294-row profile; no in-profile endpoint feature comparison is asserted.","Pending; not run; no compatibility claim."
"RIMREL-20260927-0783","783","284","[FSF] FrozenSnowFox Tweaks","FrozenSnowFox.FrozenSnowFoxTweaks","RR-STA;RR-THREAT;RR-FAC;RR-COMPAT","docs/research/reviews/mods/2893432492-FrozenSnowFox.FrozenSnowFoxTweaks.md","LoadAfter","","","vanillaexpanded.vchemfuele","False","Outside selected 294-mod profile","","","workshop/294100/2893432492/About/About.xml","C526848600F3091CC6157F1A4CFAE6EA985B364FA3118FE390A9326D8863D877","Installed relationship-export metadata only; preserve exact declaration/path/hash fields; not publisher/code confirmation or runtime result.","Conservative project rule derived from relationship type and profile presence; not an upstream claim or compatibility finding.","No ordering action while the target is outside this profile; do not add it solely for this declaration. If both packages are later active, preserve the declared order; infer no code/API integration.","","No","Target is outside the selected 294-row profile; no in-profile endpoint feature comparison is asserted.","Pending; not run; no compatibility claim."
"RIMREL-20260927-0784","784","284","[FSF] FrozenSnowFox Tweaks","FrozenSnowFox.FrozenSnowFoxTweaks","RR-STA;RR-THREAT;RR-FAC;RR-COMPAT","docs/research/reviews/mods/2893432492-FrozenSnowFox.FrozenSnowFoxTweaks.md","LoadAfter","","","VanillaExpanded.VCookE","False","Outside selected 294-mod profile","","","workshop/294100/2893432492/About/About.xml","C526848600F3091CC6157F1A4CFAE6EA985B364FA3118FE390A9326D8863D877","Installed relationship-export metadata only; preserve exact declaration/path/hash fields; not publisher/code confirmation or runtime result.","Conservative project rule derived from relationship type and profile presence; not an upstream claim or compatibility finding.","No ordering action while the target is outside this profile; do not add it solely for this declaration. If both packages are later active, preserve the declared order; infer no code/API integration.","","No","Target is outside the selected 294-row profile; no in-profile endpoint feature comparison is asserted.","Pending; not run; no compatibility claim."
"RIMREL-20260927-0785","785","284","[FSF] FrozenSnowFox Tweaks","FrozenSnowFox.FrozenSnowFoxTweaks","RR-STA;RR-THREAT;RR-FAC;RR-COMPAT","docs/research/reviews/mods/2893432492-FrozenSnowFox.FrozenSnowFoxTweaks.md","LoadAfter","","","VanillaExpanded.VCookESushi","False","Outside selected 294-mod profile","","","workshop/294100/2893432492/About/About.xml","C526848600F3091CC6157F1A4CFAE6EA985B364FA3118FE390A9326D8863D877","Installed relationship-export metadata only; preserve exact declaration/path/hash fields; not publisher/code confirmation or runtime result.","Conservative project rule derived from relationship type and profile presence; not an upstream claim or compatibility finding.","No ordering action while the target is outside this profile; do not add it solely for this declaration. If both packages are later active, preserve the declared order; infer no code/API integration.","","No","Target is outside the selected 294-row profile; no in-profile endpoint feature comparison is asserted.","Pending; not run; no compatibility claim."
"RIMREL-20260927-0786","786","284","[FSF] FrozenSnowFox Tweaks","FrozenSnowFox.FrozenSnowFoxTweaks","RR-STA;RR-THREAT;RR-FAC;RR-COMPAT","docs/research/reviews/mods/2893432492-FrozenSnowFox.FrozenSnowFoxTweaks.md","LoadAfter","","","VanillaExpanded.Ideo.Dryads","False","Outside selected 294-mod profile","","","workshop/294100/2893432492/About/About.xml","C526848600F3091CC6157F1A4CFAE6EA985B364FA3118FE390A9326D8863D877","Installed relationship-export metadata only; preserve exact declaration/path/hash fields; not publisher/code confirmation or runtime result.","Conservative project rule derived from relationship type and profile presence; not an upstream claim or compatibility finding.","No ordering action while the target is outside this profile; do not add it solely for this declaration. If both packages are later active, preserve the declared order; infer no code/API integration.","","No","Target is outside the selected 294-row profile; no in-profile endpoint feature comparison is asserted.","Pending; not run; no compatibility claim."
"RIMREL-20260927-0787","787","284","[FSF] FrozenSnowFox Tweaks","FrozenSnowFox.FrozenSnowFoxTweaks","RR-STA;RR-THREAT;RR-FAC;RR-COMPAT","docs/research/reviews/mods/2893432492-FrozenSnowFox.FrozenSnowFoxTweaks.md","LoadAfter","","","vanillaracesexpanded.archon","False","Outside selected 294-mod profile","","","workshop/294100/2893432492/About/About.xml","C526848600F3091CC6157F1A4CFAE6EA985B364FA3118FE390A9326D8863D877","Installed relationship-export metadata only; preserve exact declaration/path/hash fields; not publisher/code confirmation or runtime result.","Conservative project rule derived from relationship type and profile presence; not an upstream claim or compatibility finding.","No ordering action while the target is outside this profile; do not add it solely for this declaration. If both packages are later active, preserve the declared order; infer no code/API integration.","","No","Target is outside the selected 294-row profile; no in-profile endpoint feature comparison is asserted.","Pending; not run; no compatibility claim."
"RIMREL-20260927-0788","788","284","[FSF] FrozenSnowFox Tweaks","FrozenSnowFox.FrozenSnowFoxTweaks","RR-STA;RR-THREAT;RR-FAC;RR-COMPAT","docs/research/reviews/mods/2893432492-FrozenSnowFox.FrozenSnowFoxTweaks.md","LoadAfter","","","vanillaracesexpanded.genie","False","Outside selected 294-mod profile","","","workshop/294100/2893432492/About/About.xml","C526848600F3091CC6157F1A4CFAE6EA985B364FA3118FE390A9326D8863D877","Installed relationship-export metadata only; preserve exact declaration/path/hash fields; not publisher/code confirmation or runtime result.","Conservative project rule derived from relationship type and profile presence; not an upstream claim or compatibility finding.","No ordering action while the target is outside this profile; do not add it solely for this declaration. If both packages are later active, preserve the declared order; infer no code/API integration.","","No","Target is outside the selected 294-row profile; no in-profile endpoint feature comparison is asserted.","Pending; not run; no compatibility claim."
"RIMREL-20260927-0789","789","284","[FSF] FrozenSnowFox Tweaks","FrozenSnowFox.FrozenSnowFoxTweaks","RR-STA;RR-THREAT;RR-FAC;RR-COMPAT","docs/research/reviews/mods/2893432492-FrozenSnowFox.FrozenSnowFoxTweaks.md","LoadAfter","","","vanillaracesexpanded.highmate","False","Outside selected 294-mod profile","","","workshop/294100/2893432492/About/About.xml","C526848600F3091CC6157F1A4CFAE6EA985B364FA3118FE390A9326D8863D877","Installed relationship-export metadata only; preserve exact declaration/path/hash fields; not publisher/code confirmation or runtime result.","Conservative project rule derived from relationship type and profile presence; not an upstream claim or compatibility finding.","No ordering action while the target is outside this profile; do not add it solely for this declaration. If both packages are later active, preserve the declared order; infer no code/API integration.","","No","Target is outside the selected 294-row profile; no in-profile endpoint feature comparison is asserted.","Pending; not run; no compatibility claim."
"RIMREL-20260927-0790","790","284","[FSF] FrozenSnowFox Tweaks","FrozenSnowFox.FrozenSnowFoxTweaks","RR-STA;RR-THREAT;RR-FAC;RR-COMPAT","docs/research/reviews/mods/2893432492-FrozenSnowFox.FrozenSnowFoxTweaks.md","LoadAfter","","","vanillaracesexpanded.phytokin","False","Outside selected 294-mod profile","","","workshop/294100/2893432492/About/About.xml","C526848600F3091CC6157F1A4CFAE6EA985B364FA3118FE390A9326D8863D877","Installed relationship-export metadata only; preserve exact declaration/path/hash fields; not publisher/code confirmation or runtime result.","Conservative project rule derived from relationship type and profile presence; not an upstream claim or compatibility finding.","No ordering action while the target is outside this profile; do not add it solely for this declaration. If both packages are later active, preserve the declared order; infer no code/API integration.","","No","Target is outside the selected 294-row profile; no in-profile endpoint feature comparison is asserted.","Pending; not run; no compatibility claim."
"RIMREL-20260927-0791","791","284","[FSF] FrozenSnowFox Tweaks","FrozenSnowFox.FrozenSnowFoxTweaks","RR-STA;RR-THREAT;RR-FAC;RR-COMPAT","docs/research/reviews/mods/2893432492-FrozenSnowFox.FrozenSnowFoxTweaks.md","LoadAfter","","","vanillaracesexpanded.sanguophage","False","Outside selected 294-mod profile","","","workshop/294100/2893432492/About/About.xml","C526848600F3091CC6157F1A4CFAE6EA985B364FA3118FE390A9326D8863D877","Installed relationship-export metadata only; preserve exact declaration/path/hash fields; not publisher/code confirmation or runtime result.","Conservative project rule derived from relationship type and profile presence; not an upstream claim or compatibility finding.","No ordering action while the target is outside this profile; do not add it solely for this declaration. If both packages are later active, preserve the declared order; infer no code/API integration.","","No","Target is outside the selected 294-row profile; no in-profile endpoint feature comparison is asserted.","Pending; not run; no compatibility claim."
"RIMREL-20260927-0792","792","284","[FSF] FrozenSnowFox Tweaks","FrozenSnowFox.FrozenSnowFoxTweaks","RR-STA;RR-THREAT;RR-FAC;RR-COMPAT","docs/research/reviews/mods/2893432492-FrozenSnowFox.FrozenSnowFoxTweaks.md","LoadAfter","","","vanillaracesexpanded.saurid","False","Outside selected 294-mod profile","","","workshop/294100/2893432492/About/About.xml","C526848600F3091CC6157F1A4CFAE6EA985B364FA3118FE390A9326D8863D877","Installed relationship-export metadata only; preserve exact declaration/path/hash fields; not publisher/code confirmation or runtime result.","Conservative project rule derived from relationship type and profile presence; not an upstream claim or compatibility finding.","No ordering action while the target is outside this profile; do not add it solely for this declaration. If both packages are later active, preserve the declared order; infer no code/API integration.","","No","Target is outside the selected 294-row profile; no in-profile endpoint feature comparison is asserted.","Pending; not run; no compatibility claim."
"RIMREL-20260927-0793","793","284","[FSF] FrozenSnowFox Tweaks","FrozenSnowFox.FrozenSnowFoxTweaks","RR-STA;RR-THREAT;RR-FAC;RR-COMPAT","docs/research/reviews/mods/2893432492-FrozenSnowFox.FrozenSnowFoxTweaks.md","LoadAfter","","","VanillaExpanded.VBooksE","False","Outside selected 294-mod profile","","","workshop/294100/2893432492/About/About.xml","C526848600F3091CC6157F1A4CFAE6EA985B364FA3118FE390A9326D8863D877","Installed relationship-export metadata only; preserve exact declaration/path/hash fields; not publisher/code confirmation or runtime result.","Conservative project rule derived from relationship type and profile presence; not an upstream claim or compatibility finding.","No ordering action while the target is outside this profile; do not add it solely for this declaration. If both packages are later active, preserve the declared order; infer no code/API integration.","","No","Target is outside the selected 294-row profile; no in-profile endpoint feature comparison is asserted.","Pending; not run; no compatibility claim."
"RIMREL-20260927-0794","794","284","[FSF] FrozenSnowFox Tweaks","FrozenSnowFox.FrozenSnowFoxTweaks","RR-STA;RR-THREAT;RR-FAC;RR-COMPAT","docs/research/reviews/mods/2893432492-FrozenSnowFox.FrozenSnowFoxTweaks.md","LoadAfter","247","Vanilla Gravship Expanded - Chapter 1","vanillaexpanded.gravship","True","In selected 294-mod profile","RR-OUT;RR-SPACEFLIGHT;RR-COMPAT","docs/research/reviews/mods/3609835606-vanillaexpanded.gravship.md","workshop/294100/2893432492/About/About.xml","C526848600F3091CC6157F1A4CFAE6EA985B364FA3118FE390A9326D8863D877","Installed relationship-export metadata only; preserve exact declaration/path/hash fields; not publisher/code confirmation or runtime result.","Conservative project rule derived from relationship type and profile presence; not an upstream claim or compatibility finding.","Preserve this order only when both source and target packages are active; infer no code/API integration from the ordering declaration.","","No","No shared non-generic feature tags between in-profile endpoints; RR-COMPAT is excluded by rule.","Pending; not run; no compatibility claim."
"RIMREL-20260927-0795","795","284","[FSF] FrozenSnowFox Tweaks","FrozenSnowFox.FrozenSnowFoxTweaks","RR-STA;RR-THREAT;RR-FAC;RR-COMPAT","docs/research/reviews/mods/2893432492-FrozenSnowFox.FrozenSnowFoxTweaks.md","LoadAfter","","","VanillaExpanded.HelixienGas","False","Outside selected 294-mod profile","","","workshop/294100/2893432492/About/About.xml","C526848600F3091CC6157F1A4CFAE6EA985B364FA3118FE390A9326D8863D877","Installed relationship-export metadata only; preserve exact declaration/path/hash fields; not publisher/code confirmation or runtime result.","Conservative project rule derived from relationship type and profile presence; not an upstream claim or compatibility finding.","No ordering action while the target is outside this profile; do not add it solely for this declaration. If both packages are later active, preserve the declared order; infer no code/API integration.","","No","Target is outside the selected 294-row profile; no in-profile endpoint feature comparison is asserted.","Pending; not run; no compatibility claim."
"RIMREL-20260927-0796","796","284","[FSF] FrozenSnowFox Tweaks","FrozenSnowFox.FrozenSnowFoxTweaks","RR-STA;RR-THREAT;RR-FAC;RR-COMPAT","docs/research/reviews/mods/2893432492-FrozenSnowFox.FrozenSnowFoxTweaks.md","LoadAfter","","","VanillaExpanded.VEE","False","Outside selected 294-mod profile","","","workshop/294100/2893432492/About/About.xml","C526848600F3091CC6157F1A4CFAE6EA985B364FA3118FE390A9326D8863D877","Installed relationship-export metadata only; preserve exact declaration/path/hash fields; not publisher/code confirmation or runtime result.","Conservative project rule derived from relationship type and profile presence; not an upstream claim or compatibility finding.","No ordering action while the target is outside this profile; do not add it solely for this declaration. If both packages are later active, preserve the declared order; infer no code/API integration.","","No","Target is outside the selected 294-row profile; no in-profile endpoint feature comparison is asserted.","Pending; not run; no compatibility claim."
"RIMREL-20260927-0797","797","284","[FSF] FrozenSnowFox Tweaks","FrozenSnowFox.FrozenSnowFoxTweaks","RR-STA;RR-THREAT;RR-FAC;RR-COMPAT","docs/research/reviews/mods/2893432492-FrozenSnowFox.FrozenSnowFoxTweaks.md","LoadAfter","","","VanillaExpanded.VFEA","False","Outside selected 294-mod profile","","","workshop/294100/2893432492/About/About.xml","C526848600F3091CC6157F1A4CFAE6EA985B364FA3118FE390A9326D8863D877","Installed relationship-export metadata only; preserve exact declaration/path/hash fields; not publisher/code confirmation or runtime result.","Conservative project rule derived from relationship type and profile presence; not an upstream claim or compatibility finding.","No ordering action while the target is outside this profile; do not add it solely for this declaration. If both packages are later active, preserve the declared order; infer no code/API integration.","","No","Target is outside the selected 294-row profile; no in-profile endpoint feature comparison is asserted.","Pending; not run; no compatibility claim."
"RIMREL-20260927-0798","798","284","[FSF] FrozenSnowFox Tweaks","FrozenSnowFox.FrozenSnowFoxTweaks","RR-STA;RR-THREAT;RR-FAC;RR-COMPAT","docs/research/reviews/mods/2893432492-FrozenSnowFox.FrozenSnowFoxTweaks.md","LoadAfter","","","VanillaExpanded.VFEArchitect","False","Outside selected 294-mod profile","","","workshop/294100/2893432492/About/About.xml","C526848600F3091CC6157F1A4CFAE6EA985B364FA3118FE390A9326D8863D877","Installed relationship-export metadata only; preserve exact declaration/path/hash fields; not publisher/code confirmation or runtime result.","Conservative project rule derived from relationship type and profile presence; not an upstream claim or compatibility finding.","No ordering action while the target is outside this profile; do not add it solely for this declaration. If both packages are later active, preserve the declared order; infer no code/API integration.","","No","Target is outside the selected 294-row profile; no in-profile endpoint feature comparison is asserted.","Pending; not run; no compatibility claim."
"RIMREL-20260927-0799","799","284","[FSF] FrozenSnowFox Tweaks","FrozenSnowFox.FrozenSnowFoxTweaks","RR-STA;RR-THREAT;RR-FAC;RR-COMPAT","docs/research/reviews/mods/2893432492-FrozenSnowFox.FrozenSnowFoxTweaks.md","LoadAfter","","","VanillaExpanded.VFEPower","False","Outside selected 294-mod profile","","","workshop/294100/2893432492/About/About.xml","C526848600F3091CC6157F1A4CFAE6EA985B364FA3118FE390A9326D8863D877","Installed relationship-export metadata only; preserve exact declaration/path/hash fields; not publisher/code confirmation or runtime result.","Conservative project rule derived from relationship type and profile presence; not an upstream claim or compatibility finding.","No ordering action while the target is outside this profile; do not add it solely for this declaration. If both packages are later active, preserve the declared order; infer no code/API integration.","","No","Target is outside the selected 294-row profile; no in-profile endpoint feature comparison is asserted.","Pending; not run; no compatibility claim."
"RIMREL-20260927-0800","800","284","[FSF] FrozenSnowFox Tweaks","FrozenSnowFox.FrozenSnowFoxTweaks","RR-STA;RR-THREAT;RR-FAC;RR-COMPAT","docs/research/reviews/mods/2893432492-FrozenSnowFox.FrozenSnowFoxTweaks.md","LoadAfter","","","VanillaExpanded.VAERoy","False","Outside selected 294-mod profile","","","workshop/294100/2893432492/About/About.xml","C526848600F3091CC6157F1A4CFAE6EA985B364FA3118FE390A9326D8863D877","Installed relationship-export metadata only; preserve exact declaration/path/hash fields; not publisher/code confirmation or runtime result.","Conservative project rule derived from relationship type and profile presence; not an upstream claim or compatibility finding.","No ordering action while the target is outside this profile; do not add it solely for this declaration. If both packages are later active, preserve the declared order; infer no code/API integration.","","No","Target is outside the selected 294-row profile; no in-profile endpoint feature comparison is asserted.","Pending; not run; no compatibility claim."
"RIMREL-20260927-0801","801","284","[FSF] FrozenSnowFox Tweaks","FrozenSnowFox.FrozenSnowFoxTweaks","RR-STA;RR-THREAT;RR-FAC;RR-COMPAT","docs/research/reviews/mods/2893432492-FrozenSnowFox.FrozenSnowFoxTweaks.md","LoadAfter","","","VanillaExpanded.VFESecurity","False","Outside selected 294-mod profile","","","workshop/294100/2893432492/About/About.xml","C526848600F3091CC6157F1A4CFAE6EA985B364FA3118FE390A9326D8863D877","Installed relationship-export metadata only; preserve exact declaration/path/hash fields; not publisher/code confirmation or runtime result.","Conservative project rule derived from relationship type and profile presence; not an upstream claim or compatibility finding.","No ordering action while the target is outside this profile; do not add it solely for this declaration. If both packages are later active, preserve the declared order; infer no code/API integration.","","No","Target is outside the selected 294-row profile; no in-profile endpoint feature comparison is asserted.","Pending; not run; no compatibility claim."
"RIMREL-20260927-0802","802","284","[FSF] FrozenSnowFox Tweaks","FrozenSnowFox.FrozenSnowFoxTweaks","RR-STA;RR-THREAT;RR-FAC;RR-COMPAT","docs/research/reviews/mods/2893432492-FrozenSnowFox.FrozenSnowFoxTweaks.md","LoadAfter","","","VanillaExpanded.VExplorationE","False","Outside selected 294-mod profile","","","workshop/294100/2893432492/About/About.xml","C526848600F3091CC6157F1A4CFAE6EA985B364FA3118FE390A9326D8863D877","Installed relationship-export metadata only; preserve exact declaration/path/hash fields; not publisher/code confirmation or runtime result.","Conservative project rule derived from relationship type and profile presence; not an upstream claim or compatibility finding.","No ordering action while the target is outside this profile; do not add it solely for this declaration. If both packages are later active, preserve the declared order; infer no code/API integration.","","No","Target is outside the selected 294-row profile; no in-profile endpoint feature comparison is asserted.","Pending; not run; no compatibility claim."
"RIMREL-20260927-0803","803","284","[FSF] FrozenSnowFox Tweaks","FrozenSnowFox.FrozenSnowFoxTweaks","RR-STA;RR-THREAT;RR-FAC;RR-COMPAT","docs/research/reviews/mods/2893432492-FrozenSnowFox.FrozenSnowFoxTweaks.md","LoadAfter","","","VanillaExpanded.VMemesE","False","Outside selected 294-mod profile","","","workshop/294100/2893432492/About/About.xml","C526848600F3091CC6157F1A4CFAE6EA985B364FA3118FE390A9326D8863D877","Installed relationship-export metadata only; preserve exact declaration/path/hash fields; not publisher/code confirmation or runtime result.","Conservative project rule derived from relationship type and profile presence; not an upstream claim or compatibility finding.","No ordering action while the target is outside this profile; do not add it solely for this declaration. If both packages are later active, preserve the declared order; infer no code/API integration.","","No","Target is outside the selected 294-row profile; no in-profile endpoint feature comparison is asserted.","Pending; not run; no compatibility claim."
"RIMREL-20260927-0804","804","284","[FSF] FrozenSnowFox Tweaks","FrozenSnowFox.FrozenSnowFoxTweaks","RR-STA;RR-THREAT;RR-FAC;RR-COMPAT","docs/research/reviews/mods/2893432492-FrozenSnowFox.FrozenSnowFoxTweaks.md","LoadAfter","","","VanillaExpanded.VNutrientE","False","Outside selected 294-mod profile","","","workshop/294100/2893432492/About/About.xml","C526848600F3091CC6157F1A4CFAE6EA985B364FA3118FE390A9326D8863D877","Installed relationship-export metadata only; preserve exact declaration/path/hash fields; not publisher/code confirmation or runtime result.","Conservative project rule derived from relationship type and profile presence; not an upstream claim or compatibility finding.","No ordering action while the target is outside this profile; do not add it solely for this declaration. If both packages are later active, preserve the declared order; infer no code/API integration.","","No","Target is outside the selected 294-row profile; no in-profile endpoint feature comparison is asserted.","Pending; not run; no compatibility claim."
"RIMREL-20260927-0805","805","284","[FSF] FrozenSnowFox Tweaks","FrozenSnowFox.FrozenSnowFoxTweaks","RR-STA;RR-THREAT;RR-FAC;RR-COMPAT","docs/research/reviews/mods/2893432492-FrozenSnowFox.FrozenSnowFoxTweaks.md","LoadAfter","","","VanillaExpanded.VPlantsE","False","Outside selected 294-mod profile","","","workshop/294100/2893432492/About/About.xml","C526848600F3091CC6157F1A4CFAE6EA985B364FA3118FE390A9326D8863D877","Installed relationship-export metadata only; preserve exact declaration/path/hash fields; not publisher/code confirmation or runtime result.","Conservative project rule derived from relationship type and profile presence; not an upstream claim or compatibility finding.","No ordering action while the target is outside this profile; do not add it solely for this declaration. If both packages are later active, preserve the declared order; infer no code/API integration.","","No","Target is outside the selected 294-row profile; no in-profile endpoint feature comparison is asserted.","Pending; not run; no compatibility claim."
"RIMREL-20260927-0806","806","284","[FSF] FrozenSnowFox Tweaks","FrozenSnowFox.FrozenSnowFoxTweaks","RR-STA;RR-THREAT;RR-FAC;RR-COMPAT","docs/research/reviews/mods/2893432492-FrozenSnowFox.FrozenSnowFoxTweaks.md","LoadAfter","","","VanillaExpanded.VPlantsEMore","False","Outside selected 294-mod profile","","","workshop/294100/2893432492/About/About.xml","C526848600F3091CC6157F1A4CFAE6EA985B364FA3118FE390A9326D8863D877","Installed relationship-export metadata only; preserve exact declaration/path/hash fields; not publisher/code confirmation or runtime result.","Conservative project rule derived from relationship type and profile presence; not an upstream claim or compatibility finding.","No ordering action while the target is outside this profile; do not add it solely for this declaration. If both packages are later active, preserve the declared order; infer no code/API integration.","","No","Target is outside the selected 294-row profile; no in-profile endpoint feature comparison is asserted.","Pending; not run; no compatibility claim."
"RIMREL-20260927-0807","807","284","[FSF] FrozenSnowFox Tweaks","FrozenSnowFox.FrozenSnowFoxTweaks","RR-STA;RR-THREAT;RR-FAC;RR-COMPAT","docs/research/reviews/mods/2893432492-FrozenSnowFox.FrozenSnowFoxTweaks.md","LoadAfter","","","VanillaExpanded.VPE.Puppeteer","False","Outside selected 294-mod profile","","","workshop/294100/2893432492/About/About.xml","C526848600F3091CC6157F1A4CFAE6EA985B364FA3118FE390A9326D8863D877","Installed relationship-export metadata only; preserve exact declaration/path/hash fields; not publisher/code confirmation or runtime result.","Conservative project rule derived from relationship type and profile presence; not an upstream claim or compatibility finding.","No ordering action while the target is outside this profile; do not add it solely for this declaration. If both packages are later active, preserve the declared order; infer no code/API integration.","","No","Target is outside the selected 294-row profile; no in-profile endpoint feature comparison is asserted.","Pending; not run; no compatibility claim."
"RIMREL-20260927-0808","808","284","[FSF] FrozenSnowFox Tweaks","FrozenSnowFox.FrozenSnowFoxTweaks","RR-STA;RR-THREAT;RR-FAC;RR-COMPAT","docs/research/reviews/mods/2893432492-FrozenSnowFox.FrozenSnowFoxTweaks.md","LoadAfter","","","VanillaExpanded.VPsycastsE","False","Outside selected 294-mod profile","","","workshop/294100/2893432492/About/About.xml","C526848600F3091CC6157F1A4CFAE6EA985B364FA3118FE390A9326D8863D877","Installed relationship-export metadata only; preserve exact declaration/path/hash fields; not publisher/code confirmation or runtime result.","Conservative project rule derived from relationship type and profile presence; not an upstream claim or compatibility finding.","No ordering action while the target is outside this profile; do not add it solely for this declaration. If both packages are later active, preserve the declared order; infer no code/API integration.","","No","Target is outside the selected 294-row profile; no in-profile endpoint feature comparison is asserted.","Pending; not run; no compatibility claim."
"RIMREL-20260927-0809","809","284","[FSF] FrozenSnowFox Tweaks","FrozenSnowFox.FrozenSnowFoxTweaks","RR-STA;RR-THREAT;RR-FAC;RR-COMPAT","docs/research/reviews/mods/2893432492-FrozenSnowFox.FrozenSnowFoxTweaks.md","LoadAfter","","","VanillaExpanded.VWE","False","Outside selected 294-mod profile","","","workshop/294100/2893432492/About/About.xml","C526848600F3091CC6157F1A4CFAE6EA985B364FA3118FE390A9326D8863D877","Installed relationship-export metadata only; preserve exact declaration/path/hash fields; not publisher/code confirmation or runtime result.","Conservative project rule derived from relationship type and profile presence; not an upstream claim or compatibility finding.","No ordering action while the target is outside this profile; do not add it solely for this declaration. If both packages are later active, preserve the declared order; infer no code/API integration.","","No","Target is outside the selected 294-row profile; no in-profile endpoint feature comparison is asserted.","Pending; not run; no compatibility claim."
"RIMREL-20260927-0810","810","284","[FSF] FrozenSnowFox Tweaks","FrozenSnowFox.FrozenSnowFoxTweaks","RR-STA;RR-THREAT;RR-FAC;RR-COMPAT","docs/research/reviews/mods/2893432492-FrozenSnowFox.FrozenSnowFoxTweaks.md","LoadAfter","","","VanillaExpanded.VWEG","False","Outside selected 294-mod profile","","","workshop/294100/2893432492/About/About.xml","C526848600F3091CC6157F1A4CFAE6EA985B364FA3118FE390A9326D8863D877","Installed relationship-export metadata only; preserve exact declaration/path/hash fields; not publisher/code confirmation or runtime result.","Conservative project rule derived from relationship type and profile presence; not an upstream claim or compatibility finding.","No ordering action while the target is outside this profile; do not add it solely for this declaration. If both packages are later active, preserve the declared order; infer no code/API integration.","","No","Target is outside the selected 294-row profile; no in-profile endpoint feature comparison is asserted.","Pending; not run; no compatibility claim."
"RIMREL-20260927-0811","811","284","[FSF] FrozenSnowFox Tweaks","FrozenSnowFox.FrozenSnowFoxTweaks","RR-STA;RR-THREAT;RR-FAC;RR-COMPAT","docs/research/reviews/mods/2893432492-FrozenSnowFox.FrozenSnowFoxTweaks.md","LoadAfter","","","VanillaExpanded.VWEHW","False","Outside selected 294-mod profile","","","workshop/294100/2893432492/About/About.xml","C526848600F3091CC6157F1A4CFAE6EA985B364FA3118FE390A9326D8863D877","Installed relationship-export metadata only; preserve exact declaration/path/hash fields; not publisher/code confirmation or runtime result.","Conservative project rule derived from relationship type and profile presence; not an upstream claim or compatibility finding.","No ordering action while the target is outside this profile; do not add it solely for this declaration. If both packages are later active, preserve the declared order; infer no code/API integration.","","No","Target is outside the selected 294-row profile; no in-profile endpoint feature comparison is asserted.","Pending; not run; no compatibility claim."
"RIMREL-20260927-0812","812","284","[FSF] FrozenSnowFox Tweaks","FrozenSnowFox.FrozenSnowFoxTweaks","RR-STA;RR-THREAT;RR-FAC;RR-COMPAT","docs/research/reviews/mods/2893432492-FrozenSnowFox.FrozenSnowFoxTweaks.md","LoadAfter","250","Vanilla Weapons Expanded - Non-Lethal","VanillaExpanded.VWENL","True","In selected 294-mod profile","RR-STA;RR-THREAT;RR-COMPAT","docs/research/reviews/mods/2454918354-VanillaExpanded.VWENL.md","workshop/294100/2893432492/About/About.xml","C526848600F3091CC6157F1A4CFAE6EA985B364FA3118FE390A9326D8863D877","Installed relationship-export metadata only; preserve exact declaration/path/hash fields; not publisher/code confirmation or runtime result.","Conservative project rule derived from relationship type and profile presence; not an upstream claim or compatibility finding.","Preserve this order only when both source and target packages are active; infer no code/API integration from the ordering declaration.","RR-STA;RR-THREAT","Yes","In-profile endpoints share non-generic feature tag(s): RR-STA;RR-THREAT. Candidate only; runtime test pending.","Pending; not run; no compatibility claim."
"RIMREL-20260927-0813","813","284","[FSF] FrozenSnowFox Tweaks","FrozenSnowFox.FrozenSnowFoxTweaks","RR-STA;RR-THREAT;RR-FAC;RR-COMPAT","docs/research/reviews/mods/2893432492-FrozenSnowFox.FrozenSnowFoxTweaks.md","LoadAfter","","","vanillaquestsexpanded.ancients","False","Outside selected 294-mod profile","","","workshop/294100/2893432492/About/About.xml","C526848600F3091CC6157F1A4CFAE6EA985B364FA3118FE390A9326D8863D877","Installed relationship-export metadata only; preserve exact declaration/path/hash fields; not publisher/code confirmation or runtime result.","Conservative project rule derived from relationship type and profile presence; not an upstream claim or compatibility finding.","No ordering action while the target is outside this profile; do not add it solely for this declaration. If both packages are later active, preserve the declared order; infer no code/API integration.","","No","Target is outside the selected 294-row profile; no in-profile endpoint feature comparison is asserted.","Pending; not run; no compatibility claim."
"RIMREL-20260927-0814","814","284","[FSF] FrozenSnowFox Tweaks","FrozenSnowFox.FrozenSnowFoxTweaks","RR-STA;RR-THREAT;RR-FAC;RR-COMPAT","docs/research/reviews/mods/2893432492-FrozenSnowFox.FrozenSnowFoxTweaks.md","LoadAfter","","","vanillaquestsexpanded.deadlife","False","Outside selected 294-mod profile","","","workshop/294100/2893432492/About/About.xml","C526848600F3091CC6157F1A4CFAE6EA985B364FA3118FE390A9326D8863D877","Installed relationship-export metadata only; preserve exact declaration/path/hash fields; not publisher/code confirmation or runtime result.","Conservative project rule derived from relationship type and profile presence; not an upstream claim or compatibility finding.","No ordering action while the target is outside this profile; do not add it solely for this declaration. If both packages are later active, preserve the declared order; infer no code/API integration.","","No","Target is outside the selected 294-row profile; no in-profile endpoint feature comparison is asserted.","Pending; not run; no compatibility claim."
"RIMREL-20260927-0815","815","284","[FSF] FrozenSnowFox Tweaks","FrozenSnowFox.FrozenSnowFoxTweaks","RR-STA;RR-THREAT;RR-FAC;RR-COMPAT","docs/research/reviews/mods/2893432492-FrozenSnowFox.FrozenSnowFoxTweaks.md","LoadAfter","","","vanillaquestsexpanded.cryptoforge","False","Outside selected 294-mod profile","","","workshop/294100/2893432492/About/About.xml","C526848600F3091CC6157F1A4CFAE6EA985B364FA3118FE390A9326D8863D877","Installed relationship-export metadata only; preserve exact declaration/path/hash fields; not publisher/code confirmation or runtime result.","Conservative project rule derived from relationship type and profile presence; not an upstream claim or compatibility finding.","No ordering action while the target is outside this profile; do not add it solely for this declaration. If both packages are later active, preserve the declared order; infer no code/API integration.","","No","Target is outside the selected 294-row profile; no in-profile endpoint feature comparison is asserted.","Pending; not run; no compatibility claim."
"RIMREL-20260927-0816","816","284","[FSF] FrozenSnowFox Tweaks","FrozenSnowFox.FrozenSnowFoxTweaks","RR-STA;RR-THREAT;RR-FAC;RR-COMPAT","docs/research/reviews/mods/2893432492-FrozenSnowFox.FrozenSnowFoxTweaks.md","LoadAfter","","","vanillaquestsexpanded.generator","False","Outside selected 294-mod profile","","","workshop/294100/2893432492/About/About.xml","C526848600F3091CC6157F1A4CFAE6EA985B364FA3118FE390A9326D8863D877","Installed relationship-export metadata only; preserve exact declaration/path/hash fields; not publisher/code confirmation or runtime result.","Conservative project rule derived from relationship type and profile presence; not an upstream claim or compatibility finding.","No ordering action while the target is outside this profile; do not add it solely for this declaration. If both packages are later active, preserve the declared order; infer no code/API integration.","","No","Target is outside the selected 294-row profile; no in-profile endpoint feature comparison is asserted.","Pending; not run; no compatibility claim."
"RIMREL-20260927-0817","817","284","[FSF] FrozenSnowFox Tweaks","FrozenSnowFox.FrozenSnowFoxTweaks","RR-STA;RR-THREAT;RR-FAC;RR-COMPAT","docs/research/reviews/mods/2893432492-FrozenSnowFox.FrozenSnowFoxTweaks.md","LoadAfter","","","XMB.AncientHydroponicFarmFacilities.MO","False","Outside selected 294-mod profile","","","workshop/294100/2893432492/About/About.xml","C526848600F3091CC6157F1A4CFAE6EA985B364FA3118FE390A9326D8863D877","Installed relationship-export metadata only; preserve exact declaration/path/hash fields; not publisher/code confirmation or runtime result.","Conservative project rule derived from relationship type and profile presence; not an upstream claim or compatibility finding.","No ordering action while the target is outside this profile; do not add it solely for this declaration. If both packages are later active, preserve the declared order; infer no code/API integration.","","No","Target is outside the selected 294-row profile; no in-profile endpoint feature comparison is asserted.","Pending; not run; no compatibility claim."
"RIMREL-20260927-0818","818","284","[FSF] FrozenSnowFox Tweaks","FrozenSnowFox.FrozenSnowFoxTweaks","RR-STA;RR-THREAT;RR-FAC;RR-COMPAT","docs/research/reviews/mods/2893432492-FrozenSnowFox.FrozenSnowFoxTweaks.md","LoadAfter","","","XMB.AncientUrbanrUins.MO","False","Outside selected 294-mod profile","","","workshop/294100/2893432492/About/About.xml","C526848600F3091CC6157F1A4CFAE6EA985B364FA3118FE390A9326D8863D877","Installed relationship-export metadata only; preserve exact declaration/path/hash fields; not publisher/code confirmation or runtime result.","Conservative project rule derived from relationship type and profile presence; not an upstream claim or compatibility finding.","No ordering action while the target is outside this profile; do not add it solely for this declaration. If both packages are later active, preserve the declared order; infer no code/API integration.","","No","Target is outside the selected 294-row profile; no in-profile endpoint feature comparison is asserted.","Pending; not run; no compatibility claim."
"RIMREL-20260927-0819","819","284","[FSF] FrozenSnowFox Tweaks","FrozenSnowFox.FrozenSnowFoxTweaks","RR-STA;RR-THREAT;RR-FAC;RR-COMPAT","docs/research/reviews/mods/2893432492-FrozenSnowFox.FrozenSnowFoxTweaks.md","LoadAfter","","","zhrocks11.letstrade","False","Outside selected 294-mod profile","","","workshop/294100/2893432492/About/About.xml","C526848600F3091CC6157F1A4CFAE6EA985B364FA3118FE390A9326D8863D877","Installed relationship-export metadata only; preserve exact declaration/path/hash fields; not publisher/code confirmation or runtime result.","Conservative project rule derived from relationship type and profile presence; not an upstream claim or compatibility finding.","No ordering action while the target is outside this profile; do not add it solely for this declaration. If both packages are later active, preserve the declared order; infer no code/API integration.","","No","Target is outside the selected 294-row profile; no in-profile endpoint feature comparison is asserted.","Pending; not run; no compatibility claim."
"RIMREL-20260927-0820","820","284","[FSF] FrozenSnowFox Tweaks","FrozenSnowFox.FrozenSnowFoxTweaks","RR-STA;RR-THREAT;RR-FAC;RR-COMPAT","docs/research/reviews/mods/2893432492-FrozenSnowFox.FrozenSnowFoxTweaks.md","IncompatibleWith","","","FrozenSnowFox.BetterPawnLendingQuest","False","Outside selected 294-mod profile","","","workshop/294100/2893432492/About/About.xml","C526848600F3091CC6157F1A4CFAE6EA985B364FA3118FE390A9326D8863D877","Installed relationship-export metadata only; preserve exact declaration/path/hash fields; not publisher/code confirmation or runtime result.","Conservative project rule derived from relationship type and profile presence; not an upstream claim or compatibility finding.","Keep the declared target outside the Rimrooms profile; do not auto-add it. If a future profile selects both endpoints, block the pair pending owner review and exact-profile testing.","","No","Target is outside the selected 294-row profile; no in-profile endpoint feature comparison is asserted.","Pending; not run; no compatibility claim."
"RIMREL-20260927-0821","821","284","[FSF] FrozenSnowFox Tweaks","FrozenSnowFox.FrozenSnowFoxTweaks","RR-STA;RR-THREAT;RR-FAC;RR-COMPAT","docs/research/reviews/mods/2893432492-FrozenSnowFox.FrozenSnowFoxTweaks.md","IncompatibleWith","","","FrozenSnowFox.EncounterMapResources","False","Outside selected 294-mod profile","","","workshop/294100/2893432492/About/About.xml","C526848600F3091CC6157F1A4CFAE6EA985B364FA3118FE390A9326D8863D877","Installed relationship-export metadata only; preserve exact declaration/path/hash fields; not publisher/code confirmation or runtime result.","Conservative project rule derived from relationship type and profile presence; not an upstream claim or compatibility finding.","Keep the declared target outside the Rimrooms profile; do not auto-add it. If a future profile selects both endpoints, block the pair pending owner review and exact-profile testing.","","No","Target is outside the selected 294-row profile; no in-profile endpoint feature comparison is asserted.","Pending; not run; no compatibility claim."
"RIMREL-20260927-0822","822","284","[FSF] FrozenSnowFox Tweaks","FrozenSnowFox.FrozenSnowFoxTweaks","RR-STA;RR-THREAT;RR-FAC;RR-COMPAT","docs/research/reviews/mods/2893432492-FrozenSnowFox.FrozenSnowFoxTweaks.md","IncompatibleWith","","","FrozenSnowFox.FilthVanishesWithRainAndTime","False","Outside selected 294-mod profile","","","workshop/294100/2893432492/About/About.xml","C526848600F3091CC6157F1A4CFAE6EA985B364FA3118FE390A9326D8863D877","Installed relationship-export metadata only; preserve exact declaration/path/hash fields; not publisher/code confirmation or runtime result.","Conservative project rule derived from relationship type and profile presence; not an upstream claim or compatibility finding.","Keep the declared target outside the Rimrooms profile; do not auto-add it. If a future profile selects both endpoints, block the pair pending owner review and exact-profile testing.","","No","Target is outside the selected 294-row profile; no in-profile endpoint feature comparison is asserted.","Pending; not run; no compatibility claim."
"RIMREL-20260927-0823","823","284","[FSF] FrozenSnowFox Tweaks","FrozenSnowFox.FrozenSnowFoxTweaks","RR-STA;RR-THREAT;RR-FAC;RR-COMPAT","docs/research/reviews/mods/2893432492-FrozenSnowFox.FrozenSnowFoxTweaks.md","IncompatibleWith","","","FrozenSnowFox.GrowableAmbrosia","False","Outside selected 294-mod profile","","","workshop/294100/2893432492/About/About.xml","C526848600F3091CC6157F1A4CFAE6EA985B364FA3118FE390A9326D8863D877","Installed relationship-export metadata only; preserve exact declaration/path/hash fields; not publisher/code confirmation or runtime result.","Conservative project rule derived from relationship type and profile presence; not an upstream claim or compatibility finding.","Keep the declared target outside the Rimrooms profile; do not auto-add it. If a future profile selects both endpoints, block the pair pending owner review and exact-profile testing.","","No","Target is outside the selected 294-row profile; no in-profile endpoint feature comparison is asserted.","Pending; not run; no compatibility claim."
"RIMREL-20260927-0824","824","284","[FSF] FrozenSnowFox Tweaks","FrozenSnowFox.FrozenSnowFoxTweaks","RR-STA;RR-THREAT;RR-FAC;RR-COMPAT","docs/research/reviews/mods/2893432492-FrozenSnowFox.FrozenSnowFoxTweaks.md","IncompatibleWith","","","FrozenSnowFox.GrowableGrass","False","Outside selected 294-mod profile","","","workshop/294100/2893432492/About/About.xml","C526848600F3091CC6157F1A4CFAE6EA985B364FA3118FE390A9326D8863D877","Installed relationship-export metadata only; preserve exact declaration/path/hash fields; not publisher/code confirmation or runtime result.","Conservative project rule derived from relationship type and profile presence; not an upstream claim or compatibility finding.","Keep the declared target outside the Rimrooms profile; do not auto-add it. If a future profile selects both endpoints, block the pair pending owner review and exact-profile testing.","","No","Target is outside the selected 294-row profile; no in-profile endpoint feature comparison is asserted.","Pending; not run; no compatibility claim."
"RIMREL-20260927-0825","825","284","[FSF] FrozenSnowFox Tweaks","FrozenSnowFox.FrozenSnowFoxTweaks","RR-STA;RR-THREAT;RR-FAC;RR-COMPAT","docs/research/reviews/mods/2893432492-FrozenSnowFox.FrozenSnowFoxTweaks.md","IncompatibleWith","","","FrozenSnowFox.GrowableMushrooms","False","Outside selected 294-mod profile","","","workshop/294100/2893432492/About/About.xml","C526848600F3091CC6157F1A4CFAE6EA985B364FA3118FE390A9326D8863D877","Installed relationship-export metadata only; preserve exact declaration/path/hash fields; not publisher/code confirmation or runtime result.","Conservative project rule derived from relationship type and profile presence; not an upstream claim or compatibility finding.","Keep the declared target outside the Rimrooms profile; do not auto-add it. If a future profile selects both endpoints, block the pair pending owner review and exact-profile testing.","","No","Target is outside the selected 294-row profile; no in-profile endpoint feature comparison is asserted.","Pending; not run; no compatibility claim."
"RIMREL-20260927-0826","826","284","[FSF] FrozenSnowFox Tweaks","FrozenSnowFox.FrozenSnowFoxTweaks","RR-STA;RR-THREAT;RR-FAC;RR-COMPAT","docs/research/reviews/mods/2893432492-FrozenSnowFox.FrozenSnowFoxTweaks.md","IncompatibleWith","","","FrozenSnowFox.ImprovedVanometricPowerCells","False","Outside selected 294-mod profile","","","workshop/294100/2893432492/About/About.xml","C526848600F3091CC6157F1A4CFAE6EA985B364FA3118FE390A9326D8863D877","Installed relationship-export metadata only; preserve exact declaration/path/hash fields; not publisher/code confirmation or runtime result.","Conservative project rule derived from relationship type and profile presence; not an upstream claim or compatibility finding.","Keep the declared target outside the Rimrooms profile; do not auto-add it. If a future profile selects both endpoints, block the pair pending owner review and exact-profile testing.","","No","Target is outside the selected 294-row profile; no in-profile endpoint feature comparison is asserted.","Pending; not run; no compatibility claim."
"RIMREL-20260927-0827","827","284","[FSF] FrozenSnowFox Tweaks","FrozenSnowFox.FrozenSnowFoxTweaks","RR-STA;RR-THREAT;RR-FAC;RR-COMPAT","docs/research/reviews/mods/2893432492-FrozenSnowFox.FrozenSnowFoxTweaks.md","IncompatibleWith","","","FrozenSnowFox.IndoorTreeFarms","False","Outside selected 294-mod profile","","","workshop/294100/2893432492/About/About.xml","C526848600F3091CC6157F1A4CFAE6EA985B364FA3118FE390A9326D8863D877","Installed relationship-export metadata only; preserve exact declaration/path/hash fields; not publisher/code confirmation or runtime result.","Conservative project rule derived from relationship type and profile presence; not an upstream claim or compatibility finding.","Keep the declared target outside the Rimrooms profile; do not auto-add it. If a future profile selects both endpoints, block the pair pending owner review and exact-profile testing.","","No","Target is outside the selected 294-row profile; no in-profile endpoint feature comparison is asserted.","Pending; not run; no compatibility claim."
"RIMREL-20260927-0828","828","284","[FSF] FrozenSnowFox Tweaks","FrozenSnowFox.FrozenSnowFoxTweaks","RR-STA;RR-THREAT;RR-FAC;RR-COMPAT","docs/research/reviews/mods/2893432492-FrozenSnowFox.FrozenSnowFoxTweaks.md","IncompatibleWith","","","FrozenSnowFox.MeditationFreedom","False","Outside selected 294-mod profile","","","workshop/294100/2893432492/About/About.xml","C526848600F3091CC6157F1A4CFAE6EA985B364FA3118FE390A9326D8863D877","Installed relationship-export metadata only; preserve exact declaration/path/hash fields; not publisher/code confirmation or runtime result.","Conservative project rule derived from relationship type and profile presence; not an upstream claim or compatibility finding.","Keep the declared target outside the Rimrooms profile; do not auto-add it. If a future profile selects both endpoints, block the pair pending owner review and exact-profile testing.","","No","Target is outside the selected 294-row profile; no in-profile endpoint feature comparison is asserted.","Pending; not run; no compatibility claim."
"RIMREL-20260927-0829","829","284","[FSF] FrozenSnowFox Tweaks","FrozenSnowFox.FrozenSnowFoxTweaks","RR-STA;RR-THREAT;RR-FAC;RR-COMPAT","docs/research/reviews/mods/2893432492-FrozenSnowFox.FrozenSnowFoxTweaks.md","IncompatibleWith","","","FrozenSnowFox.MeditationFreedomNoStory","False","Outside selected 294-mod profile","","","workshop/294100/2893432492/About/About.xml","C526848600F3091CC6157F1A4CFAE6EA985B364FA3118FE390A9326D8863D877","Installed relationship-export metadata only; preserve exact declaration/path/hash fields; not publisher/code confirmation or runtime result.","Conservative project rule derived from relationship type and profile presence; not an upstream claim or compatibility finding.","Keep the declared target outside the Rimrooms profile; do not auto-add it. If a future profile selects both endpoints, block the pair pending owner review and exact-profile testing.","","No","Target is outside the selected 294-row profile; no in-profile endpoint feature comparison is asserted.","Pending; not run; no compatibility claim."
"RIMREL-20260927-0830","830","284","[FSF] FrozenSnowFox Tweaks","FrozenSnowFox.FrozenSnowFoxTweaks","RR-STA;RR-THREAT;RR-FAC;RR-COMPAT","docs/research/reviews/mods/2893432492-FrozenSnowFox.FrozenSnowFoxTweaks.md","IncompatibleWith","","","FrozenSnowFox.MoreQuests","False","Outside selected 294-mod profile","","","workshop/294100/2893432492/About/About.xml","C526848600F3091CC6157F1A4CFAE6EA985B364FA3118FE390A9326D8863D877","Installed relationship-export metadata only; preserve exact declaration/path/hash fields; not publisher/code confirmation or runtime result.","Conservative project rule derived from relationship type and profile presence; not an upstream claim or compatibility finding.","Keep the declared target outside the Rimrooms profile; do not auto-add it. If a future profile selects both endpoints, block the pair pending owner review and exact-profile testing.","","No","Target is outside the selected 294-row profile; no in-profile endpoint feature comparison is asserted.","Pending; not run; no compatibility claim."
"RIMREL-20260927-0831","831","284","[FSF] FrozenSnowFox Tweaks","FrozenSnowFox.FrozenSnowFoxTweaks","RR-STA;RR-THREAT;RR-FAC;RR-COMPAT","docs/research/reviews/mods/2893432492-FrozenSnowFox.FrozenSnowFoxTweaks.md","IncompatibleWith","","","FrozenSnowFox.NoEmpireTradingPermit","False","Outside selected 294-mod profile","","","workshop/294100/2893432492/About/About.xml","C526848600F3091CC6157F1A4CFAE6EA985B364FA3118FE390A9326D8863D877","Installed relationship-export metadata only; preserve exact declaration/path/hash fields; not publisher/code confirmation or runtime result.","Conservative project rule derived from relationship type and profile presence; not an upstream claim or compatibility finding.","Keep the declared target outside the Rimrooms profile; do not auto-add it. If a future profile selects both endpoints, block the pair pending owner review and exact-profile testing.","","No","Target is outside the selected 294-row profile; no in-profile endpoint feature comparison is asserted.","Pending; not run; no compatibility claim."
"RIMREL-20260927-0832","832","284","[FSF] FrozenSnowFox Tweaks","FrozenSnowFox.FrozenSnowFoxTweaks","RR-STA;RR-THREAT;RR-FAC;RR-COMPAT","docs/research/reviews/mods/2893432492-FrozenSnowFox.FrozenSnowFoxTweaks.md","IncompatibleWith","","","FrozenSnowFox.NoOneEverFlees","False","Outside selected 294-mod profile","","","workshop/294100/2893432492/About/About.xml","C526848600F3091CC6157F1A4CFAE6EA985B364FA3118FE390A9326D8863D877","Installed relationship-export metadata only; preserve exact declaration/path/hash fields; not publisher/code confirmation or runtime result.","Conservative project rule derived from relationship type and profile presence; not an upstream claim or compatibility finding.","Keep the declared target outside the Rimrooms profile; do not auto-add it. If a future profile selects both endpoints, block the pair pending owner review and exact-profile testing.","","No","Target is outside the selected 294-row profile; no in-profile endpoint feature comparison is asserted.","Pending; not run; no compatibility claim."
"RIMREL-20260927-0833","833","284","[FSF] FrozenSnowFox Tweaks","FrozenSnowFox.FrozenSnowFoxTweaks","RR-STA;RR-THREAT;RR-FAC;RR-COMPAT","docs/research/reviews/mods/2893432492-FrozenSnowFox.FrozenSnowFoxTweaks.md","IncompatibleWith","","","FrozenSnowFox.PowerGenMultiplier","False","Outside selected 294-mod profile","","","workshop/294100/2893432492/About/About.xml","C526848600F3091CC6157F1A4CFAE6EA985B364FA3118FE390A9326D8863D877","Installed relationship-export metadata only; preserve exact declaration/path/hash fields; not publisher/code confirmation or runtime result.","Conservative project rule derived from relationship type and profile presence; not an upstream claim or compatibility finding.","Keep the declared target outside the Rimrooms profile; do not auto-add it. If a future profile selects both endpoints, block the pair pending owner review and exact-profile testing.","","No","Target is outside the selected 294-row profile; no in-profile endpoint feature comparison is asserted.","Pending; not run; no compatibility claim."
"RIMREL-20260927-0834","834","285","Hospitality - Invite to Stay","gatoviejo.hospitality.invitetostay","RR-STA;RR-ECO;RR-MSN;RR-MP;RR-COMPAT","docs/research/reviews/mods/3783522506-gatoviejo.hospitality.invitetostay.md","Requires","1","Harmony","brrainz.harmony","True","In selected 294-mod profile","RR-MP;RR-COMPAT","docs/research/reviews/mods/2009463077-brrainz.harmony.md","workshop/294100/3783522506/About/About.xml","C8071C9C9BC22995074DC8149BAA891E372A86507DE93C60C9165EF28008C98B","Installed relationship-export metadata only; preserve exact declaration/path/hash fields; not publisher/code confirmation or runtime result.","Conservative project rule derived from relationship type and profile presence; not an upstream claim or compatibility finding.","Honor the source mod's declared dependency only while that source mod is enabled; do not make an optional source mod or optional dependency a Rimrooms hard dependency.","RR-MP","Yes","In-profile endpoints share non-generic feature tag(s): RR-MP. Candidate only; runtime test pending.","Pending; not run; no compatibility claim."
"RIMREL-20260927-0835","835","285","Hospitality - Invite to Stay","gatoviejo.hospitality.invitetostay","RR-STA;RR-ECO;RR-MSN;RR-MP;RR-COMPAT","docs/research/reviews/mods/3783522506-gatoviejo.hospitality.invitetostay.md","Requires","270","Hospitality (Continued)","Orion.Hospitality","True","In selected 294-mod profile","RR-FAC;RR-STA;RR-ECO;RR-MSN;RR-OUT;RR-SPACEFLIGHT;RR-MP;RR-COMPAT","docs/research/reviews/mods/3509486825-Orion.Hospitality.md","workshop/294100/3783522506/About/About.xml","C8071C9C9BC22995074DC8149BAA891E372A86507DE93C60C9165EF28008C98B","Installed relationship-export metadata only; preserve exact declaration/path/hash fields; not publisher/code confirmation or runtime result.","Conservative project rule derived from relationship type and profile presence; not an upstream claim or compatibility finding.","Honor the source mod's declared dependency only while that source mod is enabled; do not make an optional source mod or optional dependency a Rimrooms hard dependency.","RR-ECO;RR-MP;RR-MSN;RR-STA","Yes","In-profile endpoints share non-generic feature tag(s): RR-ECO;RR-MP;RR-MSN;RR-STA. Candidate only; runtime test pending.","Pending; not run; no compatibility claim."
"RIMREL-20260927-0836","836","285","Hospitality - Invite to Stay","gatoviejo.hospitality.invitetostay","RR-STA;RR-ECO;RR-MSN;RR-MP;RR-COMPAT","docs/research/reviews/mods/3783522506-gatoviejo.hospitality.invitetostay.md","LoadAfter","1","Harmony","brrainz.harmony","True","In selected 294-mod profile","RR-MP;RR-COMPAT","docs/research/reviews/mods/2009463077-brrainz.harmony.md","workshop/294100/3783522506/About/About.xml","C8071C9C9BC22995074DC8149BAA891E372A86507DE93C60C9165EF28008C98B","Installed relationship-export metadata only; preserve exact declaration/path/hash fields; not publisher/code confirmation or runtime result.","Conservative project rule derived from relationship type and profile presence; not an upstream claim or compatibility finding.","Preserve this order only when both source and target packages are active; infer no code/API integration from the ordering declaration.","RR-MP","Yes","In-profile endpoints share non-generic feature tag(s): RR-MP. Candidate only; runtime test pending.","Pending; not run; no compatibility claim."
"RIMREL-20260927-0837","837","285","Hospitality - Invite to Stay","gatoviejo.hospitality.invitetostay","RR-STA;RR-ECO;RR-MSN;RR-MP;RR-COMPAT","docs/research/reviews/mods/3783522506-gatoviejo.hospitality.invitetostay.md","LoadAfter","270","Hospitality (Continued)","Orion.Hospitality","True","In selected 294-mod profile","RR-FAC;RR-STA;RR-ECO;RR-MSN;RR-OUT;RR-SPACEFLIGHT;RR-MP;RR-COMPAT","docs/research/reviews/mods/3509486825-Orion.Hospitality.md","workshop/294100/3783522506/About/About.xml","C8071C9C9BC22995074DC8149BAA891E372A86507DE93C60C9165EF28008C98B","Installed relationship-export metadata only; preserve exact declaration/path/hash fields; not publisher/code confirmation or runtime result.","Conservative project rule derived from relationship type and profile presence; not an upstream claim or compatibility finding.","Preserve this order only when both source and target packages are active; infer no code/API integration from the ordering declaration.","RR-ECO;RR-MP;RR-MSN;RR-STA","Yes","In-profile endpoints share non-generic feature tag(s): RR-ECO;RR-MP;RR-MSN;RR-STA. Candidate only; runtime test pending.","Pending; not run; no compatibility claim."
"RIMREL-20260927-0838","838","286","Hospitality: Storefront","Adamas.Storefront","RR-SCEN;RR-ECO;RR-STA;RR-MP;RR-COMPAT","docs/research/reviews/mods/2952321484-Adamas.Storefront.md","Requires","62","Cash Register (Continued)","Orion.CashRegister","True","In selected 294-mod profile","RR-FAC;RR-ECO;RR-COMPAT","docs/research/reviews/mods/3509487668-Orion.CashRegister.md","workshop/294100/2952321484/About/About.xml","4C568C1AB193952550FD88CCE99F645D0653C13505B6D073DC24D51480D25718","Installed relationship-export metadata only; preserve exact declaration/path/hash fields; not publisher/code confirmation or runtime result.","Conservative project rule derived from relationship type and profile presence; not an upstream claim or compatibility finding.","Honor the source mod's declared dependency only while that source mod is enabled; do not make an optional source mod or optional dependency a Rimrooms hard dependency.","RR-ECO","Yes","In-profile endpoints share non-generic feature tag(s): RR-ECO. Candidate only; runtime test pending.","Pending; not run; no compatibility claim."
"RIMREL-20260927-0839","839","286","Hospitality: Storefront","Adamas.Storefront","RR-SCEN;RR-ECO;RR-STA;RR-MP;RR-COMPAT","docs/research/reviews/mods/2952321484-Adamas.Storefront.md","LoadAfter","270","Hospitality (Continued)","Orion.Hospitality","True","In selected 294-mod profile","RR-FAC;RR-STA;RR-ECO;RR-MSN;RR-OUT;RR-SPACEFLIGHT;RR-MP;RR-COMPAT","docs/research/reviews/mods/3509486825-Orion.Hospitality.md","workshop/294100/2952321484/About/About.xml","4C568C1AB193952550FD88CCE99F645D0653C13505B6D073DC24D51480D25718","Installed relationship-export metadata only; preserve exact declaration/path/hash fields; not publisher/code confirmation or runtime result.","Conservative project rule derived from relationship type and profile presence; not an upstream claim or compatibility finding.","Preserve this order only when both source and target packages are active; infer no code/API integration from the ordering declaration.","RR-ECO;RR-MP;RR-STA","Yes","In-profile endpoints share non-generic feature tag(s): RR-ECO;RR-MP;RR-STA. Candidate only; runtime test pending.","Pending; not run; no compatibility claim."
"RIMREL-20260927-0840","840","286","Hospitality: Storefront","Adamas.Storefront","RR-SCEN;RR-ECO;RR-STA;RR-MP;RR-COMPAT","docs/research/reviews/mods/2952321484-Adamas.Storefront.md","LoadAfter","62","Cash Register (Continued)","Orion.CashRegister","True","In selected 294-mod profile","RR-FAC;RR-ECO;RR-COMPAT","docs/research/reviews/mods/3509487668-Orion.CashRegister.md","workshop/294100/2952321484/About/About.xml","4C568C1AB193952550FD88CCE99F645D0653C13505B6D073DC24D51480D25718","Installed relationship-export metadata only; preserve exact declaration/path/hash fields; not publisher/code confirmation or runtime result.","Conservative project rule derived from relationship type and profile presence; not an upstream claim or compatibility finding.","Preserve this order only when both source and target packages are active; infer no code/API integration from the ordering declaration.","RR-ECO","Yes","In-profile endpoints share non-generic feature tag(s): RR-ECO. Candidate only; runtime test pending.","Pending; not run; no compatibility claim."
"RIMREL-20260927-0841","841","287","Imprisonment On The Go! (Continued)","AgentBlac.MakePawnsPrisoners","RR-EXP;RR-STA;RR-THREAT;RR-COMPAT","docs/research/reviews/mods/3358620558-AgentBlac.MakePawnsPrisoners.md","Requires","1","Harmony","brrainz.harmony","True","In selected 294-mod profile","RR-MP;RR-COMPAT","docs/research/reviews/mods/2009463077-brrainz.harmony.md","workshop/294100/3358620558/About/About.xml","00EF1B884B5B6B978C6E4E19F6AD4EFA0FF4CB97FED5A86F076FC8F2452267A7","Installed relationship-export metadata only; preserve exact declaration/path/hash fields; not publisher/code confirmation or runtime result.","Conservative project rule derived from relationship type and profile presence; not an upstream claim or compatibility finding.","Honor the source mod's declared dependency only while that source mod is enabled; do not make an optional source mod or optional dependency a Rimrooms hard dependency.","","No","No shared non-generic feature tags between in-profile endpoints; RR-COMPAT is excluded by rule.","Pending; not run; no compatibility claim."
"RIMREL-20260927-0842","842","287","Imprisonment On The Go! (Continued)","AgentBlac.MakePawnsPrisoners","RR-EXP;RR-STA;RR-THREAT;RR-COMPAT","docs/research/reviews/mods/3358620558-AgentBlac.MakePawnsPrisoners.md","LoadAfter","1","Harmony","brrainz.harmony","True","In selected 294-mod profile","RR-MP;RR-COMPAT","docs/research/reviews/mods/2009463077-brrainz.harmony.md","workshop/294100/3358620558/About/About.xml","00EF1B884B5B6B978C6E4E19F6AD4EFA0FF4CB97FED5A86F076FC8F2452267A7","Installed relationship-export metadata only; preserve exact declaration/path/hash fields; not publisher/code confirmation or runtime result.","Conservative project rule derived from relationship type and profile presence; not an upstream claim or compatibility finding.","Preserve this order only when both source and target packages are active; infer no code/API integration from the ordering declaration.","","No","No shared non-generic feature tags between in-profile endpoints; RR-COMPAT is excluded by rule.","Pending; not run; no compatibility claim."
"RIMREL-20260927-0843","843","287","Imprisonment On The Go! (Continued)","AgentBlac.MakePawnsPrisoners","RR-EXP;RR-STA;RR-THREAT;RR-COMPAT","docs/research/reviews/mods/3358620558-AgentBlac.MakePawnsPrisoners.md","LoadAfter","273","Locks","avius.locks","True","In selected 294-mod profile","RR-FAC;RR-THREAT;RR-STA;RR-COMPAT;RR-MP","docs/research/reviews/mods/1157085076-avius.locks.md","workshop/294100/3358620558/About/About.xml","00EF1B884B5B6B978C6E4E19F6AD4EFA0FF4CB97FED5A86F076FC8F2452267A7","Installed relationship-export metadata only; preserve exact declaration/path/hash fields; not publisher/code confirmation or runtime result.","Conservative project rule derived from relationship type and profile presence; not an upstream claim or compatibility finding.","Preserve this order only when both source and target packages are active; infer no code/API integration from the ordering declaration.","RR-STA;RR-THREAT","Yes","In-profile endpoints share non-generic feature tag(s): RR-STA;RR-THREAT. Candidate only; runtime test pending.","Pending; not run; no compatibility claim."
"RIMREL-20260927-0844","844","288","Prison Labor","avius.prisonlabor","RR-STA;RR-EVD;RR-COMPAT","docs/research/reviews/mods/1899474310-avius.prisonlabor.md","Requires","1","Harmony","brrainz.harmony","True","In selected 294-mod profile","RR-MP;RR-COMPAT","docs/research/reviews/mods/2009463077-brrainz.harmony.md","workshop/294100/1899474310/About/About.xml","BD2A96EE031151238EFED9EA75646553023EF42FBBC7CD41C98709BDC8389679","Installed relationship-export metadata only; preserve exact declaration/path/hash fields; not publisher/code confirmation or runtime result.","Conservative project rule derived from relationship type and profile presence; not an upstream claim or compatibility finding.","Honor the source mod's declared dependency only while that source mod is enabled; do not make an optional source mod or optional dependency a Rimrooms hard dependency.","","No","No shared non-generic feature tags between in-profile endpoints; RR-COMPAT is excluded by rule.","Pending; not run; no compatibility claim."
"RIMREL-20260927-0845","845","288","Prison Labor","avius.prisonlabor","RR-STA;RR-EVD;RR-COMPAT","docs/research/reviews/mods/1899474310-avius.prisonlabor.md","LoadAfter","1","Harmony","brrainz.harmony","True","In selected 294-mod profile","RR-MP;RR-COMPAT","docs/research/reviews/mods/2009463077-brrainz.harmony.md","workshop/294100/1899474310/About/About.xml","BD2A96EE031151238EFED9EA75646553023EF42FBBC7CD41C98709BDC8389679","Installed relationship-export metadata only; preserve exact declaration/path/hash fields; not publisher/code confirmation or runtime result.","Conservative project rule derived from relationship type and profile presence; not an upstream claim or compatibility finding.","Preserve this order only when both source and target packages are active; infer no code/API integration from the ordering declaration.","","No","No shared non-generic feature tags between in-profile endpoints; RR-COMPAT is excluded by rule.","Pending; not run; no compatibility claim."
"RIMREL-20260927-0846","846","288","Prison Labor","avius.prisonlabor","RR-STA;RR-EVD;RR-COMPAT","docs/research/reviews/mods/1899474310-avius.prisonlabor.md","LoadAfter","273","Locks","avius.locks","True","In selected 294-mod profile","RR-FAC;RR-THREAT;RR-STA;RR-COMPAT;RR-MP","docs/research/reviews/mods/1157085076-avius.locks.md","workshop/294100/1899474310/About/About.xml","BD2A96EE031151238EFED9EA75646553023EF42FBBC7CD41C98709BDC8389679","Installed relationship-export metadata only; preserve exact declaration/path/hash fields; not publisher/code confirmation or runtime result.","Conservative project rule derived from relationship type and profile presence; not an upstream claim or compatibility finding.","Preserve this order only when both source and target packages are active; infer no code/API integration from the ordering declaration.","RR-STA","Yes","In-profile endpoints share non-generic feature tag(s): RR-STA. Candidate only; runtime test pending.","Pending; not run; no compatibility claim."
"RIMREL-20260927-0847","847","288","Prison Labor","avius.prisonlabor","RR-STA;RR-EVD;RR-COMPAT","docs/research/reviews/mods/1899474310-avius.prisonlabor.md","LoadAfter","","","orion.therapy","False","Outside selected 294-mod profile","","","workshop/294100/1899474310/About/About.xml","BD2A96EE031151238EFED9EA75646553023EF42FBBC7CD41C98709BDC8389679","Installed relationship-export metadata only; preserve exact declaration/path/hash fields; not publisher/code confirmation or runtime result.","Conservative project rule derived from relationship type and profile presence; not an upstream claim or compatibility finding.","No ordering action while the target is outside this profile; do not add it solely for this declaration. If both packages are later active, preserve the declared order; infer no code/API integration.","","No","Target is outside the selected 294-row profile; no in-profile endpoint feature comparison is asserted.","Pending; not run; no compatibility claim."
"RIMREL-20260927-0848","848","288","Prison Labor","avius.prisonlabor","RR-STA;RR-EVD;RR-COMPAT","docs/research/reviews/mods/1899474310-avius.prisonlabor.md","LoadAfter","","","ogliss.thewhitecrayon.quarry","False","Outside selected 294-mod profile","","","workshop/294100/1899474310/About/About.xml","BD2A96EE031151238EFED9EA75646553023EF42FBBC7CD41C98709BDC8389679","Installed relationship-export metadata only; preserve exact declaration/path/hash fields; not publisher/code confirmation or runtime result.","Conservative project rule derived from relationship type and profile presence; not an upstream claim or compatibility finding.","No ordering action while the target is outside this profile; do not add it solely for this declaration. If both packages are later active, preserve the declared order; infer no code/API integration.","","No","Target is outside the selected 294-row profile; no in-profile endpoint feature comparison is asserted.","Pending; not run; no compatibility claim."
"RIMREL-20260927-0849","849","288","Prison Labor","avius.prisonlabor","RR-STA;RR-EVD;RR-COMPAT","docs/research/reviews/mods/1899474310-avius.prisonlabor.md","LoadAfter","","","ssulunge.kijinrace2","False","Outside selected 294-mod profile","","","workshop/294100/1899474310/About/About.xml","BD2A96EE031151238EFED9EA75646553023EF42FBBC7CD41C98709BDC8389679","Installed relationship-export metadata only; preserve exact declaration/path/hash fields; not publisher/code confirmation or runtime result.","Conservative project rule derived from relationship type and profile presence; not an upstream claim or compatibility finding.","No ordering action while the target is outside this profile; do not add it solely for this declaration. If both packages are later active, preserve the declared order; infer no code/API integration.","","No","Target is outside the selected 294-row profile; no in-profile endpoint feature comparison is asserted.","Pending; not run; no compatibility claim."
"RIMREL-20260927-0850","850","288","Prison Labor","avius.prisonlabor","RR-STA;RR-EVD;RR-COMPAT","docs/research/reviews/mods/1899474310-avius.prisonlabor.md","LoadAfter","","","ssulunge.kijinrace3","False","Outside selected 294-mod profile","","","workshop/294100/1899474310/About/About.xml","BD2A96EE031151238EFED9EA75646553023EF42FBBC7CD41C98709BDC8389679","Installed relationship-export metadata only; preserve exact declaration/path/hash fields; not publisher/code confirmation or runtime result.","Conservative project rule derived from relationship type and profile presence; not an upstream claim or compatibility finding.","No ordering action while the target is outside this profile; do not add it solely for this declaration. If both packages are later active, preserve the declared order; infer no code/API integration.","","No","Target is outside the selected 294-row profile; no in-profile endpoint feature comparison is asserted.","Pending; not run; no compatibility claim."
"RIMREL-20260927-0851","851","288","Prison Labor","avius.prisonlabor","RR-STA;RR-EVD;RR-COMPAT","docs/research/reviews/mods/1899474310-avius.prisonlabor.md","LoadAfter","62","Cash Register (Continued)","orion.cashregister","True","In selected 294-mod profile","RR-FAC;RR-ECO;RR-COMPAT","docs/research/reviews/mods/3509487668-Orion.CashRegister.md","workshop/294100/1899474310/About/About.xml","BD2A96EE031151238EFED9EA75646553023EF42FBBC7CD41C98709BDC8389679","Installed relationship-export metadata only; preserve exact declaration/path/hash fields; not publisher/code confirmation or runtime result.","Conservative project rule derived from relationship type and profile presence; not an upstream claim or compatibility finding.","Preserve this order only when both source and target packages are active; infer no code/API integration from the ordering declaration.","","No","No shared non-generic feature tags between in-profile endpoints; RR-COMPAT is excluded by rule.","Pending; not run; no compatibility claim."
"RIMREL-20260927-0852","852","288","Prison Labor","avius.prisonlabor","RR-STA;RR-EVD;RR-COMPAT","docs/research/reviews/mods/1899474310-avius.prisonlabor.md","LoadAfter","270","Hospitality (Continued)","orion.hospitality","True","In selected 294-mod profile","RR-FAC;RR-STA;RR-ECO;RR-MSN;RR-OUT;RR-SPACEFLIGHT;RR-MP;RR-COMPAT","docs/research/reviews/mods/3509486825-Orion.Hospitality.md","workshop/294100/1899474310/About/About.xml","BD2A96EE031151238EFED9EA75646553023EF42FBBC7CD41C98709BDC8389679","Installed relationship-export metadata only; preserve exact declaration/path/hash fields; not publisher/code confirmation or runtime result.","Conservative project rule derived from relationship type and profile presence; not an upstream claim or compatibility finding.","Preserve this order only when both source and target packages are active; infer no code/API integration from the ordering declaration.","RR-STA","Yes","In-profile endpoints share non-generic feature tag(s): RR-STA. Candidate only; runtime test pending.","Pending; not run; no compatibility claim."
"RIMREL-20260927-0853","853","288","Prison Labor","avius.prisonlabor","RR-STA;RR-EVD;RR-COMPAT","docs/research/reviews/mods/1899474310-avius.prisonlabor.md","LoadAfter","269","Gastronomy (Continued)","orion.gastronomy","True","In selected 294-mod profile","RR-FAC;RR-STA;RR-ECO;RR-COMPAT;RR-MP","docs/research/reviews/mods/3509488152-Orion.Gastronomy.md","workshop/294100/1899474310/About/About.xml","BD2A96EE031151238EFED9EA75646553023EF42FBBC7CD41C98709BDC8389679","Installed relationship-export metadata only; preserve exact declaration/path/hash fields; not publisher/code confirmation or runtime result.","Conservative project rule derived from relationship type and profile presence; not an upstream claim or compatibility finding.","Preserve this order only when both source and target packages are active; infer no code/API integration from the ordering declaration.","RR-STA","Yes","In-profile endpoints share non-generic feature tag(s): RR-STA. Candidate only; runtime test pending.","Pending; not run; no compatibility claim."
"RIMREL-20260927-0854","854","288","Prison Labor","avius.prisonlabor","RR-STA;RR-EVD;RR-COMPAT","docs/research/reviews/mods/1899474310-avius.prisonlabor.md","LoadAfter","","","hatti.cleaningarea","False","Outside selected 294-mod profile","","","workshop/294100/1899474310/About/About.xml","BD2A96EE031151238EFED9EA75646553023EF42FBBC7CD41C98709BDC8389679","Installed relationship-export metadata only; preserve exact declaration/path/hash fields; not publisher/code confirmation or runtime result.","Conservative project rule derived from relationship type and profile presence; not an upstream claim or compatibility finding.","No ordering action while the target is outside this profile; do not add it solely for this declaration. If both packages are later active, preserve the declared order; infer no code/API integration.","","No","Target is outside the selected 294-row profile; no in-profile endpoint feature comparison is asserted.","Pending; not run; no compatibility claim."
"RIMREL-20260927-0855","855","288","Prison Labor","avius.prisonlabor","RR-STA;RR-EVD;RR-COMPAT","docs/research/reviews/mods/1899474310-avius.prisonlabor.md","LoadAfter","","","s1.cleaningareatemp","False","Outside selected 294-mod profile","","","workshop/294100/1899474310/About/About.xml","BD2A96EE031151238EFED9EA75646553023EF42FBBC7CD41C98709BDC8389679","Installed relationship-export metadata only; preserve exact declaration/path/hash fields; not publisher/code confirmation or runtime result.","Conservative project rule derived from relationship type and profile presence; not an upstream claim or compatibility finding.","No ordering action while the target is outside this profile; do not add it solely for this declaration. If both packages are later active, preserve the declared order; infer no code/API integration.","","No","Target is outside the selected 294-row profile; no in-profile endpoint feature comparison is asserted.","Pending; not run; no compatibility claim."
"RIMREL-20260927-0856","856","288","Prison Labor","avius.prisonlabor","RR-STA;RR-EVD;RR-COMPAT","docs/research/reviews/mods/1899474310-avius.prisonlabor.md","IncompatibleWith","","","automatic.prisonerbedsetowner","False","Outside selected 294-mod profile","","","workshop/294100/1899474310/About/About.xml","BD2A96EE031151238EFED9EA75646553023EF42FBBC7CD41C98709BDC8389679","Installed relationship-export metadata only; preserve exact declaration/path/hash fields; not publisher/code confirmation or runtime result.","Conservative project rule derived from relationship type and profile presence; not an upstream claim or compatibility finding.","Keep the declared target outside the Rimrooms profile; do not auto-add it. If a future profile selects both endpoints, block the pair pending owner review and exact-profile testing.","","No","Target is outside the selected 294-row profile; no in-profile endpoint feature comparison is asserted.","Pending; not run; no compatibility claim."
"RIMREL-20260927-0857","857","289","Simple Ivory","LegendaryMinuteman.SimpleIvory.fork","RR-ECO;RR-EXP;RR-COMPAT","docs/research/reviews/mods/1724270693-LegendaryMinuteman.SimpleIvory.fork.md","LoadAfter","4","Core","Ludeon.RimWorld","True","In selected 294-mod profile","RR-SCEN;RR-FAC;RR-STA;RR-GATE;RR-EXP;RR-SPACE;RR-EVD;RR-THREAT;RR-MSN;RR-ECO;RR-OUT;RR-DLC;RR-UI;RR-COMPAT","docs/research/reviews/mods/official-4-Ludeon.RimWorld.md","workshop/294100/1724270693/About/About.xml","1388CA75E270A1A656EE048FB042D84E14B39A4A51306AD90E73E62285DFF5B6","Installed relationship-export metadata only; preserve exact declaration/path/hash fields; not publisher/code confirmation or runtime result.","Conservative project rule derived from relationship type and profile presence; not an upstream claim or compatibility finding.","Preserve this order only when both source and target packages are active; infer no code/API integration from the ordering declaration.","RR-ECO;RR-EXP","Yes","In-profile endpoints share non-generic feature tag(s): RR-ECO;RR-EXP. Candidate only; runtime test pending.","Pending; not run; no compatibility claim."
"RIMREL-20260927-0858","858","289","Simple Ivory","LegendaryMinuteman.SimpleIvory.fork","RR-ECO;RR-EXP;RR-COMPAT","docs/research/reviews/mods/1724270693-LegendaryMinuteman.SimpleIvory.fork.md","LoadAfter","5","Royalty","Ludeon.RimWorld.Royalty","True","In selected 294-mod profile","RR-STA;RR-MSN;RR-DLC;RR-COMPAT","docs/research/reviews/mods/official-5-Ludeon.RimWorld.Royalty.md","workshop/294100/1724270693/About/About.xml","1388CA75E270A1A656EE048FB042D84E14B39A4A51306AD90E73E62285DFF5B6","Installed relationship-export metadata only; preserve exact declaration/path/hash fields; not publisher/code confirmation or runtime result.","Conservative project rule derived from relationship type and profile presence; not an upstream claim or compatibility finding.","Preserve this order only when both source and target packages are active; infer no code/API integration from the ordering declaration.","","No","No shared non-generic feature tags between in-profile endpoints; RR-COMPAT is excluded by rule.","Pending; not run; no compatibility claim."
"RIMREL-20260927-0859","859","289","Simple Ivory","LegendaryMinuteman.SimpleIvory.fork","RR-ECO;RR-EXP;RR-COMPAT","docs/research/reviews/mods/1724270693-LegendaryMinuteman.SimpleIvory.fork.md","LoadAfter","9","Odyssey","Ludeon.RimWorld.Odyssey","True","In selected 294-mod profile","RR-SPACEFLIGHT;RR-OUT;RR-EXP;RR-MSN;RR-ECO;RR-DLC;RR-COMPAT","docs/research/reviews/mods/official-9-Ludeon.RimWorld.Odyssey.md","workshop/294100/1724270693/About/About.xml","1388CA75E270A1A656EE048FB042D84E14B39A4A51306AD90E73E62285DFF5B6","Installed relationship-export metadata only; preserve exact declaration/path/hash fields; not publisher/code confirmation or runtime result.","Conservative project rule derived from relationship type and profile presence; not an upstream claim or compatibility finding.","Preserve this order only when both source and target packages are active; infer no code/API integration from the ordering declaration.","RR-ECO;RR-EXP","Yes","In-profile endpoints share non-generic feature tag(s): RR-ECO;RR-EXP. Candidate only; runtime test pending.","Pending; not run; no compatibility claim."
"RIMREL-20260927-0860","860","289","Simple Ivory","LegendaryMinuteman.SimpleIvory.fork","RR-ECO;RR-EXP;RR-COMPAT","docs/research/reviews/mods/1724270693-LegendaryMinuteman.SimpleIvory.fork.md","LoadAfter","","","sarg.alphaanimals","False","Outside selected 294-mod profile","","","workshop/294100/1724270693/About/About.xml","1388CA75E270A1A656EE048FB042D84E14B39A4A51306AD90E73E62285DFF5B6","Installed relationship-export metadata only; preserve exact declaration/path/hash fields; not publisher/code confirmation or runtime result.","Conservative project rule derived from relationship type and profile presence; not an upstream claim or compatibility finding.","No ordering action while the target is outside this profile; do not add it solely for this declaration. If both packages are later active, preserve the declared order; infer no code/API integration.","","No","Target is outside the selected 294-row profile; no in-profile endpoint feature comparison is asserted.","Pending; not run; no compatibility claim."
"RIMREL-20260927-0861","861","289","Simple Ivory","LegendaryMinuteman.SimpleIvory.fork","RR-ECO;RR-EXP;RR-COMPAT","docs/research/reviews/mods/1724270693-LegendaryMinuteman.SimpleIvory.fork.md","LoadAfter","","","spino.megafauna","False","Outside selected 294-mod profile","","","workshop/294100/1724270693/About/About.xml","1388CA75E270A1A656EE048FB042D84E14B39A4A51306AD90E73E62285DFF5B6","Installed relationship-export metadata only; preserve exact declaration/path/hash fields; not publisher/code confirmation or runtime result.","Conservative project rule derived from relationship type and profile presence; not an upstream claim or compatibility finding.","No ordering action while the target is outside this profile; do not add it solely for this declaration. If both packages are later active, preserve the declared order; infer no code/API integration.","","No","Target is outside the selected 294-row profile; no in-profile endpoint feature comparison is asserted.","Pending; not run; no compatibility claim."
"RIMREL-20260927-0862","862","289","Simple Ivory","LegendaryMinuteman.SimpleIvory.fork","RR-ECO;RR-EXP;RR-COMPAT","docs/research/reviews/mods/1724270693-LegendaryMinuteman.SimpleIvory.fork.md","LoadAfter","","","vr.animaanimalscombined","False","Outside selected 294-mod profile","","","workshop/294100/1724270693/About/About.xml","1388CA75E270A1A656EE048FB042D84E14B39A4A51306AD90E73E62285DFF5B6","Installed relationship-export metadata only; preserve exact declaration/path/hash fields; not publisher/code confirmation or runtime result.","Conservative project rule derived from relationship type and profile presence; not an upstream claim or compatibility finding.","No ordering action while the target is outside this profile; do not add it solely for this declaration. If both packages are later active, preserve the declared order; infer no code/API integration.","","No","Target is outside the selected 294-row profile; no in-profile endpoint feature comparison is asserted.","Pending; not run; no compatibility claim."
"RIMREL-20260927-0863","863","289","Simple Ivory","LegendaryMinuteman.SimpleIvory.fork","RR-ECO;RR-EXP;RR-COMPAT","docs/research/reviews/mods/1724270693-LegendaryMinuteman.SimpleIvory.fork.md","LoadAfter","271","Jewelry","kikohi.jewelry","True","In selected 294-mod profile","RR-ECO;RR-STA;RR-FAC;RR-DLC;RR-COMPAT","docs/research/reviews/mods/3203280763-kikohi.jewelry.md","workshop/294100/1724270693/About/About.xml","1388CA75E270A1A656EE048FB042D84E14B39A4A51306AD90E73E62285DFF5B6","Installed relationship-export metadata only; preserve exact declaration/path/hash fields; not publisher/code confirmation or runtime result.","Conservative project rule derived from relationship type and profile presence; not an upstream claim or compatibility finding.","Preserve this order only when both source and target packages are active; infer no code/API integration from the ordering declaration.","RR-ECO","Yes","In-profile endpoints share non-generic feature tag(s): RR-ECO. Candidate only; runtime test pending.","Pending; not run; no compatibility claim."
"RIMREL-20260927-0864","864","289","Simple Ivory","LegendaryMinuteman.SimpleIvory.fork","RR-ECO;RR-EXP;RR-COMPAT","docs/research/reviews/mods/1724270693-LegendaryMinuteman.SimpleIvory.fork.md","LoadAfter","","","van.beasts","False","Outside selected 294-mod profile","","","workshop/294100/1724270693/About/About.xml","1388CA75E270A1A656EE048FB042D84E14B39A4A51306AD90E73E62285DFF5B6","Installed relationship-export metadata only; preserve exact declaration/path/hash fields; not publisher/code confirmation or runtime result.","Conservative project rule derived from relationship type and profile presence; not an upstream claim or compatibility finding.","No ordering action while the target is outside this profile; do not add it solely for this declaration. If both packages are later active, preserve the declared order; infer no code/API integration.","","No","Target is outside the selected 294-row profile; no in-profile endpoint feature comparison is asserted.","Pending; not run; no compatibility claim."
"RIMREL-20260927-0865","865","289","Simple Ivory","LegendaryMinuteman.SimpleIvory.fork","RR-ECO;RR-EXP;RR-COMPAT","docs/research/reviews/mods/1724270693-LegendaryMinuteman.SimpleIvory.fork.md","LoadAfter","","","veterano.mythicages.megafaunabestiary","False","Outside selected 294-mod profile","","","workshop/294100/1724270693/About/About.xml","1388CA75E270A1A656EE048FB042D84E14B39A4A51306AD90E73E62285DFF5B6","Installed relationship-export metadata only; preserve exact declaration/path/hash fields; not publisher/code confirmation or runtime result.","Conservative project rule derived from relationship type and profile presence; not an upstream claim or compatibility finding.","No ordering action while the target is outside this profile; do not add it solely for this declaration. If both packages are later active, preserve the declared order; infer no code/API integration.","","No","Target is outside the selected 294-row profile; no in-profile endpoint feature comparison is asserted.","Pending; not run; no compatibility claim."
"RIMREL-20260927-0866","866","289","Simple Ivory","LegendaryMinuteman.SimpleIvory.fork","RR-ECO;RR-EXP;RR-COMPAT","docs/research/reviews/mods/1724270693-LegendaryMinuteman.SimpleIvory.fork.md","LoadAfter","","","abrolo.grimstone.beasts","False","Outside selected 294-mod profile","","","workshop/294100/1724270693/About/About.xml","1388CA75E270A1A656EE048FB042D84E14B39A4A51306AD90E73E62285DFF5B6","Installed relationship-export metadata only; preserve exact declaration/path/hash fields; not publisher/code confirmation or runtime result.","Conservative project rule derived from relationship type and profile presence; not an upstream claim or compatibility finding.","No ordering action while the target is outside this profile; do not add it solely for this declaration. If both packages are later active, preserve the declared order; infer no code/API integration.","","No","Target is outside the selected 294-row profile; no in-profile endpoint feature comparison is asserted.","Pending; not run; no compatibility claim."
"RIMREL-20260927-0867","867","290","Vehicles Wrecks Expanded","Explorern11.VehiclesWrecksExpanded","RR-EVD;RR-MSN;RR-OUT;RR-EXP;RR-COMPAT","docs/research/reviews/mods/3299034372-Explorern11.VehiclesWrecksExpanded.md","Requires","11","Vehicle Framework","SmashPhil.VehicleFramework","True","In selected 294-mod profile","RR-OUT;RR-SPACEFLIGHT;RR-COMPAT","docs/research/reviews/mods/3014915404-SmashPhil.VehicleFramework.md","workshop/294100/3299034372/About/About.xml","A9D5AE973543FF571C3F634D09E9E5B3BC4BFBF7CFDF5E14A08E123384BEBFA7","Installed relationship-export metadata only; preserve exact declaration/path/hash fields; not publisher/code confirmation or runtime result.","Conservative project rule derived from relationship type and profile presence; not an upstream claim or compatibility finding.","Honor the source mod's declared dependency only while that source mod is enabled; do not make an optional source mod or optional dependency a Rimrooms hard dependency.","RR-OUT","Yes","In-profile endpoints share non-generic feature tag(s): RR-OUT. Candidate only; runtime test pending.","Pending; not run; no compatibility claim."
"RIMREL-20260927-0868","868","290","Vehicles Wrecks Expanded","Explorern11.VehiclesWrecksExpanded","RR-EVD;RR-MSN;RR-OUT;RR-EXP;RR-COMPAT","docs/research/reviews/mods/3299034372-Explorern11.VehiclesWrecksExpanded.md","Requires","249","Vanilla Vehicles Expanded","OskarPotocki.VanillaVehiclesExpanded","True","In selected 294-mod profile","RR-EXP;RR-OUT;RR-SPACEFLIGHT;RR-COMPAT","docs/research/reviews/mods/3014906877-OskarPotocki.VanillaVehiclesExpanded.md","workshop/294100/3299034372/About/About.xml","A9D5AE973543FF571C3F634D09E9E5B3BC4BFBF7CFDF5E14A08E123384BEBFA7","Installed relationship-export metadata only; preserve exact declaration/path/hash fields; not publisher/code confirmation or runtime result.","Conservative project rule derived from relationship type and profile presence; not an upstream claim or compatibility finding.","Honor the source mod's declared dependency only while that source mod is enabled; do not make an optional source mod or optional dependency a Rimrooms hard dependency.","RR-EXP;RR-OUT","Yes","In-profile endpoints share non-generic feature tag(s): RR-EXP;RR-OUT. Candidate only; runtime test pending.","Pending; not run; no compatibility claim."
"RIMREL-20260927-0869","869","290","Vehicles Wrecks Expanded","Explorern11.VehiclesWrecksExpanded","RR-EVD;RR-MSN;RR-OUT;RR-EXP;RR-COMPAT","docs/research/reviews/mods/3299034372-Explorern11.VehiclesWrecksExpanded.md","Requires","282","Vanilla Vehicles Expanded - Tier 3","OskarPotocki.VanillaVehiclesExpandedTier3","True","In selected 294-mod profile","RR-EXP;RR-MSN;RR-OUT;RR-SPACEFLIGHT;RR-COMPAT","docs/research/reviews/mods/3047892432-OskarPotocki.VanillaVehiclesExpandedTier3.md","workshop/294100/3299034372/About/About.xml","A9D5AE973543FF571C3F634D09E9E5B3BC4BFBF7CFDF5E14A08E123384BEBFA7","Installed relationship-export metadata only; preserve exact declaration/path/hash fields; not publisher/code confirmation or runtime result.","Conservative project rule derived from relationship type and profile presence; not an upstream claim or compatibility finding.","Honor the source mod's declared dependency only while that source mod is enabled; do not make an optional source mod or optional dependency a Rimrooms hard dependency.","RR-EXP;RR-MSN;RR-OUT","Yes","In-profile endpoints share non-generic feature tag(s): RR-EXP;RR-MSN;RR-OUT. Candidate only; runtime test pending.","Pending; not run; no compatibility claim."
"RIMREL-20260927-0870","870","290","Vehicles Wrecks Expanded","Explorern11.VehiclesWrecksExpanded","RR-EVD;RR-MSN;RR-OUT;RR-EXP;RR-COMPAT","docs/research/reviews/mods/3299034372-Explorern11.VehiclesWrecksExpanded.md","LoadAfter","4","Core","Ludeon.RimWorld","True","In selected 294-mod profile","RR-SCEN;RR-FAC;RR-STA;RR-GATE;RR-EXP;RR-SPACE;RR-EVD;RR-THREAT;RR-MSN;RR-ECO;RR-OUT;RR-DLC;RR-UI;RR-COMPAT","docs/research/reviews/mods/official-4-Ludeon.RimWorld.md","workshop/294100/3299034372/About/About.xml","A9D5AE973543FF571C3F634D09E9E5B3BC4BFBF7CFDF5E14A08E123384BEBFA7","Installed relationship-export metadata only; preserve exact declaration/path/hash fields; not publisher/code confirmation or runtime result.","Conservative project rule derived from relationship type and profile presence; not an upstream claim or compatibility finding.","Preserve this order only when both source and target packages are active; infer no code/API integration from the ordering declaration.","RR-EVD;RR-EXP;RR-MSN;RR-OUT","Yes","In-profile endpoints share non-generic feature tag(s): RR-EVD;RR-EXP;RR-MSN;RR-OUT. Candidate only; runtime test pending.","Pending; not run; no compatibility claim."
"RIMREL-20260927-0871","871","290","Vehicles Wrecks Expanded","Explorern11.VehiclesWrecksExpanded","RR-EVD;RR-MSN;RR-OUT;RR-EXP;RR-COMPAT","docs/research/reviews/mods/3299034372-Explorern11.VehiclesWrecksExpanded.md","LoadAfter","5","Royalty","Ludeon.RimWorld.Royalty","True","In selected 294-mod profile","RR-STA;RR-MSN;RR-DLC;RR-COMPAT","docs/research/reviews/mods/official-5-Ludeon.RimWorld.Royalty.md","workshop/294100/3299034372/About/About.xml","A9D5AE973543FF571C3F634D09E9E5B3BC4BFBF7CFDF5E14A08E123384BEBFA7","Installed relationship-export metadata only; preserve exact declaration/path/hash fields; not publisher/code confirmation or runtime result.","Conservative project rule derived from relationship type and profile presence; not an upstream claim or compatibility finding.","Preserve this order only when both source and target packages are active; infer no code/API integration from the ordering declaration.","RR-MSN","Yes","In-profile endpoints share non-generic feature tag(s): RR-MSN. Candidate only; runtime test pending.","Pending; not run; no compatibility claim."
"RIMREL-20260927-0872","872","290","Vehicles Wrecks Expanded","Explorern11.VehiclesWrecksExpanded","RR-EVD;RR-MSN;RR-OUT;RR-EXP;RR-COMPAT","docs/research/reviews/mods/3299034372-Explorern11.VehiclesWrecksExpanded.md","LoadAfter","1","Harmony","brrainz.harmony","True","In selected 294-mod profile","RR-MP;RR-COMPAT","docs/research/reviews/mods/2009463077-brrainz.harmony.md","workshop/294100/3299034372/About/About.xml","A9D5AE973543FF571C3F634D09E9E5B3BC4BFBF7CFDF5E14A08E123384BEBFA7","Installed relationship-export metadata only; preserve exact declaration/path/hash fields; not publisher/code confirmation or runtime result.","Conservative project rule derived from relationship type and profile presence; not an upstream claim or compatibility finding.","Preserve this order only when both source and target packages are active; infer no code/API integration from the ordering declaration.","","No","No shared non-generic feature tags between in-profile endpoints; RR-COMPAT is excluded by rule.","Pending; not run; no compatibility claim."
"RIMREL-20260927-0873","873","290","Vehicles Wrecks Expanded","Explorern11.VehiclesWrecksExpanded","RR-EVD;RR-MSN;RR-OUT;RR-EXP;RR-COMPAT","docs/research/reviews/mods/3299034372-Explorern11.VehiclesWrecksExpanded.md","LoadAfter","11","Vehicle Framework","SmashPhil.VehicleFramework","True","In selected 294-mod profile","RR-OUT;RR-SPACEFLIGHT;RR-COMPAT","docs/research/reviews/mods/3014915404-SmashPhil.VehicleFramework.md","workshop/294100/3299034372/About/About.xml","A9D5AE973543FF571C3F634D09E9E5B3BC4BFBF7CFDF5E14A08E123384BEBFA7","Installed relationship-export metadata only; preserve exact declaration/path/hash fields; not publisher/code confirmation or runtime result.","Conservative project rule derived from relationship type and profile presence; not an upstream claim or compatibility finding.","Preserve this order only when both source and target packages are active; infer no code/API integration from the ordering declaration.","RR-OUT","Yes","In-profile endpoints share non-generic feature tag(s): RR-OUT. Candidate only; runtime test pending.","Pending; not run; no compatibility claim."
"RIMREL-20260927-0874","874","290","Vehicles Wrecks Expanded","Explorern11.VehiclesWrecksExpanded","RR-EVD;RR-MSN;RR-OUT;RR-EXP;RR-COMPAT","docs/research/reviews/mods/3299034372-Explorern11.VehiclesWrecksExpanded.md","LoadAfter","249","Vanilla Vehicles Expanded","OskarPotocki.VanillaVehiclesExpanded","True","In selected 294-mod profile","RR-EXP;RR-OUT;RR-SPACEFLIGHT;RR-COMPAT","docs/research/reviews/mods/3014906877-OskarPotocki.VanillaVehiclesExpanded.md","workshop/294100/3299034372/About/About.xml","A9D5AE973543FF571C3F634D09E9E5B3BC4BFBF7CFDF5E14A08E123384BEBFA7","Installed relationship-export metadata only; preserve exact declaration/path/hash fields; not publisher/code confirmation or runtime result.","Conservative project rule derived from relationship type and profile presence; not an upstream claim or compatibility finding.","Preserve this order only when both source and target packages are active; infer no code/API integration from the ordering declaration.","RR-EXP;RR-OUT","Yes","In-profile endpoints share non-generic feature tag(s): RR-EXP;RR-OUT. Candidate only; runtime test pending.","Pending; not run; no compatibility claim."
"RIMREL-20260927-0875","875","290","Vehicles Wrecks Expanded","Explorern11.VehiclesWrecksExpanded","RR-EVD;RR-MSN;RR-OUT;RR-EXP;RR-COMPAT","docs/research/reviews/mods/3299034372-Explorern11.VehiclesWrecksExpanded.md","LoadAfter","282","Vanilla Vehicles Expanded - Tier 3","OskarPotocki.VanillaVehiclesExpandedTier3","True","In selected 294-mod profile","RR-EXP;RR-MSN;RR-OUT;RR-SPACEFLIGHT;RR-COMPAT","docs/research/reviews/mods/3047892432-OskarPotocki.VanillaVehiclesExpandedTier3.md","workshop/294100/3299034372/About/About.xml","A9D5AE973543FF571C3F634D09E9E5B3BC4BFBF7CFDF5E14A08E123384BEBFA7","Installed relationship-export metadata only; preserve exact declaration/path/hash fields; not publisher/code confirmation or runtime result.","Conservative project rule derived from relationship type and profile presence; not an upstream claim or compatibility finding.","Preserve this order only when both source and target packages are active; infer no code/API integration from the ordering declaration.","RR-EXP;RR-MSN;RR-OUT","Yes","In-profile endpoints share non-generic feature tag(s): RR-EXP;RR-MSN;RR-OUT. Candidate only; runtime test pending.","Pending; not run; no compatibility claim."
"RIMREL-20260927-0876","876","291","VVE - Secondary Weapons","tgbm.vve.secondary.weapons","RR-EXP;RR-OUT;RR-THREAT;RR-COMPAT","docs/research/reviews/mods/3459650108-tgbm.vve.secondary.weapons.md","Requires","249","Vanilla Vehicles Expanded","OskarPotocki.VanillaVehiclesExpanded","True","In selected 294-mod profile","RR-EXP;RR-OUT;RR-SPACEFLIGHT;RR-COMPAT","docs/research/reviews/mods/3014906877-OskarPotocki.VanillaVehiclesExpanded.md","workshop/294100/3459650108/About/About.xml","8EBD6E996FC3DBAE0ED5E0453E4A4581BAE739AC3AA130C36FB3B80A86FF5712","Installed relationship-export metadata only; preserve exact declaration/path/hash fields; not publisher/code confirmation or runtime result.","Conservative project rule derived from relationship type and profile presence; not an upstream claim or compatibility finding.","Honor the source mod's declared dependency only while that source mod is enabled; do not make an optional source mod or optional dependency a Rimrooms hard dependency.","RR-EXP;RR-OUT","Yes","In-profile endpoints share non-generic feature tag(s): RR-EXP;RR-OUT. Candidate only; runtime test pending.","Pending; not run; no compatibility claim."
"RIMREL-20260927-0877","877","291","VVE - Secondary Weapons","tgbm.vve.secondary.weapons","RR-EXP;RR-OUT;RR-THREAT;RR-COMPAT","docs/research/reviews/mods/3459650108-tgbm.vve.secondary.weapons.md","Requires","14","Vanilla Expanded Framework","OskarPotocki.VanillaFactionsExpanded.Core","True","In selected 294-mod profile","RR-SPACEFLIGHT;RR-COMPAT","docs/research/reviews/mods/2023507013-OskarPotocki.VanillaFactionsExpanded.Core.md","workshop/294100/3459650108/About/About.xml","8EBD6E996FC3DBAE0ED5E0453E4A4581BAE739AC3AA130C36FB3B80A86FF5712","Installed relationship-export metadata only; preserve exact declaration/path/hash fields; not publisher/code confirmation or runtime result.","Conservative project rule derived from relationship type and profile presence; not an upstream claim or compatibility finding.","Honor the source mod's declared dependency only while that source mod is enabled; do not make an optional source mod or optional dependency a Rimrooms hard dependency.","","No","No shared non-generic feature tags between in-profile endpoints; RR-COMPAT is excluded by rule.","Pending; not run; no compatibility claim."
"RIMREL-20260927-0878","878","291","VVE - Secondary Weapons","tgbm.vve.secondary.weapons","RR-EXP;RR-OUT;RR-THREAT;RR-COMPAT","docs/research/reviews/mods/3459650108-tgbm.vve.secondary.weapons.md","LoadAfter","","","limetreesnake.ammo","False","Outside selected 294-mod profile","","","workshop/294100/3459650108/About/About.xml","8EBD6E996FC3DBAE0ED5E0453E4A4581BAE739AC3AA130C36FB3B80A86FF5712","Installed relationship-export metadata only; preserve exact declaration/path/hash fields; not publisher/code confirmation or runtime result.","Conservative project rule derived from relationship type and profile presence; not an upstream claim or compatibility finding.","No ordering action while the target is outside this profile; do not add it solely for this declaration. If both packages are later active, preserve the declared order; infer no code/API integration.","","No","Target is outside the selected 294-row profile; no in-profile endpoint feature comparison is asserted.","Pending; not run; no compatibility claim."
"RIMREL-20260927-0879","879","291","VVE - Secondary Weapons","tgbm.vve.secondary.weapons","RR-EXP;RR-OUT;RR-THREAT;RR-COMPAT","docs/research/reviews/mods/3459650108-tgbm.vve.secondary.weapons.md","LoadAfter","","","CETeam.CombatExtended","False","Outside selected 294-mod profile","","","workshop/294100/3459650108/About/About.xml","8EBD6E996FC3DBAE0ED5E0453E4A4581BAE739AC3AA130C36FB3B80A86FF5712","Installed relationship-export metadata only; preserve exact declaration/path/hash fields; not publisher/code confirmation or runtime result.","Conservative project rule derived from relationship type and profile presence; not an upstream claim or compatibility finding.","No ordering action while the target is outside this profile; do not add it solely for this declaration. If both packages are later active, preserve the declared order; infer no code/API integration.","","No","Target is outside the selected 294-row profile; no in-profile endpoint feature comparison is asserted.","Pending; not run; no compatibility claim."
"RIMREL-20260927-0880","880","291","VVE - Secondary Weapons","tgbm.vve.secondary.weapons","RR-EXP;RR-OUT;RR-THREAT;RR-COMPAT","docs/research/reviews/mods/3459650108-tgbm.vve.secondary.weapons.md","LoadAfter","249","Vanilla Vehicles Expanded","OskarPotocki.VanillaVehiclesExpanded","True","In selected 294-mod profile","RR-EXP;RR-OUT;RR-SPACEFLIGHT;RR-COMPAT","docs/research/reviews/mods/3014906877-OskarPotocki.VanillaVehiclesExpanded.md","workshop/294100/3459650108/About/About.xml","8EBD6E996FC3DBAE0ED5E0453E4A4581BAE739AC3AA130C36FB3B80A86FF5712","Installed relationship-export metadata only; preserve exact declaration/path/hash fields; not publisher/code confirmation or runtime result.","Conservative project rule derived from relationship type and profile presence; not an upstream claim or compatibility finding.","Preserve this order only when both source and target packages are active; infer no code/API integration from the ordering declaration.","RR-EXP;RR-OUT","Yes","In-profile endpoints share non-generic feature tag(s): RR-EXP;RR-OUT. Candidate only; runtime test pending.","Pending; not run; no compatibility claim."
"RIMREL-20260927-0881","881","291","VVE - Secondary Weapons","tgbm.vve.secondary.weapons","RR-EXP;RR-OUT;RR-THREAT;RR-COMPAT","docs/research/reviews/mods/3459650108-tgbm.vve.secondary.weapons.md","LoadAfter","282","Vanilla Vehicles Expanded - Tier 3","OskarPotocki.VanillaVehiclesExpandedTier3","True","In selected 294-mod profile","RR-EXP;RR-MSN;RR-OUT;RR-SPACEFLIGHT;RR-COMPAT","docs/research/reviews/mods/3047892432-OskarPotocki.VanillaVehiclesExpandedTier3.md","workshop/294100/3459650108/About/About.xml","8EBD6E996FC3DBAE0ED5E0453E4A4581BAE739AC3AA130C36FB3B80A86FF5712","Installed relationship-export metadata only; preserve exact declaration/path/hash fields; not publisher/code confirmation or runtime result.","Conservative project rule derived from relationship type and profile presence; not an upstream claim or compatibility finding.","Preserve this order only when both source and target packages are active; infer no code/API integration from the ordering declaration.","RR-EXP;RR-OUT","Yes","In-profile endpoints share non-generic feature tag(s): RR-EXP;RR-OUT. Candidate only; runtime test pending.","Pending; not run; no compatibility claim."
"RIMREL-20260927-0882","882","291","VVE - Secondary Weapons","tgbm.vve.secondary.weapons","RR-EXP;RR-OUT;RR-THREAT;RR-COMPAT","docs/research/reviews/mods/3459650108-tgbm.vve.secondary.weapons.md","LoadAfter","283","Vanilla Vehicles Expanded - Upgrades","OskarPotocki.VanillaVehiclesExpandedUpgrades","True","In selected 294-mod profile","RR-EXP;RR-OUT;RR-ECO;RR-COMPAT","docs/research/reviews/mods/3302208420-OskarPotocki.VanillaVehiclesExpandedUpgrades.md","workshop/294100/3459650108/About/About.xml","8EBD6E996FC3DBAE0ED5E0453E4A4581BAE739AC3AA130C36FB3B80A86FF5712","Installed relationship-export metadata only; preserve exact declaration/path/hash fields; not publisher/code confirmation or runtime result.","Conservative project rule derived from relationship type and profile presence; not an upstream claim or compatibility finding.","Preserve this order only when both source and target packages are active; infer no code/API integration from the ordering declaration.","RR-EXP;RR-OUT","Yes","In-profile endpoints share non-generic feature tag(s): RR-EXP;RR-OUT. Candidate only; runtime test pending.","Pending; not run; no compatibility claim."
"RIMREL-20260927-0883","883","291","VVE - Secondary Weapons","tgbm.vve.secondary.weapons","RR-EXP;RR-OUT;RR-THREAT;RR-COMPAT","docs/research/reviews/mods/3459650108-tgbm.vve.secondary.weapons.md","LoadAfter","","","IDontEvenReally.WannaDoThis.Anymore","False","Outside selected 294-mod profile","","","workshop/294100/3459650108/About/About.xml","8EBD6E996FC3DBAE0ED5E0453E4A4581BAE739AC3AA130C36FB3B80A86FF5712","Installed relationship-export metadata only; preserve exact declaration/path/hash fields; not publisher/code confirmation or runtime result.","Conservative project rule derived from relationship type and profile presence; not an upstream claim or compatibility finding.","No ordering action while the target is outside this profile; do not add it solely for this declaration. If both packages are later active, preserve the declared order; infer no code/API integration.","","No","Target is outside the selected 294-row profile; no in-profile endpoint feature comparison is asserted.","Pending; not run; no compatibility claim."
"RIMREL-20260927-0884","884","291","VVE - Secondary Weapons","tgbm.vve.secondary.weapons","RR-EXP;RR-OUT;RR-THREAT;RR-COMPAT","docs/research/reviews/mods/3459650108-tgbm.vve.secondary.weapons.md","IncompatibleWith","","","Froffy.MoreVanillaVehiclesExpandedUpgrades","False","Outside selected 294-mod profile","","","workshop/294100/3459650108/About/About.xml","8EBD6E996FC3DBAE0ED5E0453E4A4581BAE739AC3AA130C36FB3B80A86FF5712","Installed relationship-export metadata only; preserve exact declaration/path/hash fields; not publisher/code confirmation or runtime result.","Conservative project rule derived from relationship type and profile presence; not an upstream claim or compatibility finding.","Keep the declared target outside the Rimrooms profile; do not auto-add it. If a future profile selects both endpoints, block the pair pending owner review and exact-profile testing.","","No","Target is outside the selected 294-row profile; no in-profile endpoint feature comparison is asserted.","Pending; not run; no compatibility claim."
"RIMREL-20260927-0885","885","291","VVE - Secondary Weapons","tgbm.vve.secondary.weapons","RR-EXP;RR-OUT;RR-THREAT;RR-COMPAT","docs/research/reviews/mods/3459650108-tgbm.vve.secondary.weapons.md","IncompatibleWith","","","Sam.VVEUE","False","Outside selected 294-mod profile","","","workshop/294100/3459650108/About/About.xml","8EBD6E996FC3DBAE0ED5E0453E4A4581BAE739AC3AA130C36FB3B80A86FF5712","Installed relationship-export metadata only; preserve exact declaration/path/hash fields; not publisher/code confirmation or runtime result.","Conservative project rule derived from relationship type and profile presence; not an upstream claim or compatibility finding.","Keep the declared target outside the Rimrooms profile; do not auto-add it. If a future profile selects both endpoints, block the pair pending owner review and exact-profile testing.","","No","Target is outside the selected 294-row profile; no in-profile endpoint feature comparison is asserted.","Pending; not run; no compatibility claim."
"RIMREL-20260927-0886","886","292","Custom Prisoner Interactions","Mlie.CustomPrisonerInteractions","RR-STA;RR-THREAT;RR-ECO;RR-MP;RR-COMPAT","docs/research/reviews/mods/2841231775-Mlie.CustomPrisonerInteractions.md","Requires","1","Harmony","brrainz.harmony","True","In selected 294-mod profile","RR-MP;RR-COMPAT","docs/research/reviews/mods/2009463077-brrainz.harmony.md","workshop/294100/2841231775/About/About.xml","5E05F1D4523914EC5A9AD78EC1C2883246B6FD8468416A6193350F6DD4F3E4A1","Installed relationship-export metadata only; preserve exact declaration/path/hash fields; not publisher/code confirmation or runtime result.","Conservative project rule derived from relationship type and profile presence; not an upstream claim or compatibility finding.","Honor the source mod's declared dependency only while that source mod is enabled; do not make an optional source mod or optional dependency a Rimrooms hard dependency.","RR-MP","Yes","In-profile endpoints share non-generic feature tag(s): RR-MP. Candidate only; runtime test pending.","Pending; not run; no compatibility claim."
"RIMREL-20260927-0887","887","292","Custom Prisoner Interactions","Mlie.CustomPrisonerInteractions","RR-STA;RR-THREAT;RR-ECO;RR-MP;RR-COMPAT","docs/research/reviews/mods/2841231775-Mlie.CustomPrisonerInteractions.md","LoadAfter","1","Harmony","brrainz.harmony","True","In selected 294-mod profile","RR-MP;RR-COMPAT","docs/research/reviews/mods/2009463077-brrainz.harmony.md","workshop/294100/2841231775/About/About.xml","5E05F1D4523914EC5A9AD78EC1C2883246B6FD8468416A6193350F6DD4F3E4A1","Installed relationship-export metadata only; preserve exact declaration/path/hash fields; not publisher/code confirmation or runtime result.","Conservative project rule derived from relationship type and profile presence; not an upstream claim or compatibility finding.","Preserve this order only when both source and target packages are active; infer no code/API integration from the ordering declaration.","RR-MP","Yes","In-profile endpoints share non-generic feature tag(s): RR-MP. Candidate only; runtime test pending.","Pending; not run; no compatibility claim."
"RIMREL-20260927-0888","888","292","Custom Prisoner Interactions","Mlie.CustomPrisonerInteractions","RR-STA;RR-THREAT;RR-ECO;RR-MP;RR-COMPAT","docs/research/reviews/mods/2841231775-Mlie.CustomPrisonerInteractions.md","LoadAfter","6","Ideology","Ludeon.Rimworld.Ideology","True","In selected 294-mod profile","RR-STA;RR-DLC;RR-COMPAT","docs/research/reviews/mods/official-6-Ludeon.RimWorld.Ideology.md","workshop/294100/2841231775/About/About.xml","5E05F1D4523914EC5A9AD78EC1C2883246B6FD8468416A6193350F6DD4F3E4A1","Installed relationship-export metadata only; preserve exact declaration/path/hash fields; not publisher/code confirmation or runtime result.","Conservative project rule derived from relationship type and profile presence; not an upstream claim or compatibility finding.","Preserve this order only when both source and target packages are active; infer no code/API integration from the ordering declaration.","RR-STA","Yes","In-profile endpoints share non-generic feature tag(s): RR-STA. Candidate only; runtime test pending.","Pending; not run; no compatibility claim."
"RIMREL-20260927-0889","889","292","Custom Prisoner Interactions","Mlie.CustomPrisonerInteractions","RR-STA;RR-THREAT;RR-ECO;RR-MP;RR-COMPAT","docs/research/reviews/mods/2841231775-Mlie.CustomPrisonerInteractions.md","LoadAfter","288","Prison Labor","avius.prisonlabor","True","In selected 294-mod profile","RR-STA;RR-EVD;RR-COMPAT","docs/research/reviews/mods/1899474310-avius.prisonlabor.md","workshop/294100/2841231775/About/About.xml","5E05F1D4523914EC5A9AD78EC1C2883246B6FD8468416A6193350F6DD4F3E4A1","Installed relationship-export metadata only; preserve exact declaration/path/hash fields; not publisher/code confirmation or runtime result.","Conservative project rule derived from relationship type and profile presence; not an upstream claim or compatibility finding.","Preserve this order only when both source and target packages are active; infer no code/API integration from the ordering declaration.","RR-STA","Yes","In-profile endpoints share non-generic feature tag(s): RR-STA. Candidate only; runtime test pending.","Pending; not run; no compatibility claim."
"RIMREL-20260927-0890","890","292","Custom Prisoner Interactions","Mlie.CustomPrisonerInteractions","RR-STA;RR-THREAT;RR-ECO;RR-MP;RR-COMPAT","docs/research/reviews/mods/2841231775-Mlie.CustomPrisonerInteractions.md","IncompatibleWith","","","Mlie.ConvertThenEnslave","False","Outside selected 294-mod profile","","","workshop/294100/2841231775/About/About.xml","5E05F1D4523914EC5A9AD78EC1C2883246B6FD8468416A6193350F6DD4F3E4A1","Installed relationship-export metadata only; preserve exact declaration/path/hash fields; not publisher/code confirmation or runtime result.","Conservative project rule derived from relationship type and profile presence; not an upstream claim or compatibility finding.","Keep the declared target outside the Rimrooms profile; do not auto-add it. If a future profile selects both endpoints, block the pair pending owner review and exact-profile testing.","","No","Target is outside the selected 294-row profile; no in-profile endpoint feature comparison is asserted.","Pending; not run; no compatibility claim."
"RIMREL-20260927-0891","891","292","Custom Prisoner Interactions","Mlie.CustomPrisonerInteractions","RR-STA;RR-THREAT;RR-ECO;RR-MP;RR-COMPAT","docs/research/reviews/mods/2841231775-Mlie.CustomPrisonerInteractions.md","IncompatibleWith","","","Mlie.ConvertThenRecruit","False","Outside selected 294-mod profile","","","workshop/294100/2841231775/About/About.xml","5E05F1D4523914EC5A9AD78EC1C2883246B6FD8468416A6193350F6DD4F3E4A1","Installed relationship-export metadata only; preserve exact declaration/path/hash fields; not publisher/code confirmation or runtime result.","Conservative project rule derived from relationship type and profile presence; not an upstream claim or compatibility finding.","Keep the declared target outside the Rimrooms profile; do not auto-add it. If a future profile selects both endpoints, block the pair pending owner review and exact-profile testing.","","No","Target is outside the selected 294-row profile; no in-profile endpoint feature comparison is asserted.","Pending; not run; no compatibility claim."
"RIMREL-20260927-0892","892","292","Custom Prisoner Interactions","Mlie.CustomPrisonerInteractions","RR-STA;RR-THREAT;RR-ECO;RR-MP;RR-COMPAT","docs/research/reviews/mods/2841231775-Mlie.CustomPrisonerInteractions.md","IncompatibleWith","","","Mlie.ConvertThenRelease","False","Outside selected 294-mod profile","","","workshop/294100/2841231775/About/About.xml","5E05F1D4523914EC5A9AD78EC1C2883246B6FD8468416A6193350F6DD4F3E4A1","Installed relationship-export metadata only; preserve exact declaration/path/hash fields; not publisher/code confirmation or runtime result.","Conservative project rule derived from relationship type and profile presence; not an upstream claim or compatibility finding.","Keep the declared target outside the Rimrooms profile; do not auto-add it. If a future profile selects both endpoints, block the pair pending owner review and exact-profile testing.","","No","Target is outside the selected 294-row profile; no in-profile endpoint feature comparison is asserted.","Pending; not run; no compatibility claim."
"RIMREL-20260927-0893","893","292","Custom Prisoner Interactions","Mlie.CustomPrisonerInteractions","RR-STA;RR-THREAT;RR-ECO;RR-MP;RR-COMPAT","docs/research/reviews/mods/2841231775-Mlie.CustomPrisonerInteractions.md","IncompatibleWith","","","Mlie.ReleaseWhenHealthy","False","Outside selected 294-mod profile","","","workshop/294100/2841231775/About/About.xml","5E05F1D4523914EC5A9AD78EC1C2883246B6FD8468416A6193350F6DD4F3E4A1","Installed relationship-export metadata only; preserve exact declaration/path/hash fields; not publisher/code confirmation or runtime result.","Conservative project rule derived from relationship type and profile presence; not an upstream claim or compatibility finding.","Keep the declared target outside the Rimrooms profile; do not auto-add it. If a future profile selects both endpoints, block the pair pending owner review and exact-profile testing.","","No","Target is outside the selected 294-row profile; no in-profile endpoint feature comparison is asserted.","Pending; not run; no compatibility claim."
"RIMREL-20260927-0894","894","293","Dismantle Ancient Junk","proxyer.dismantleancientjunk","RR-EXP;RR-OUT;RR-ECO;RR-SPACE;RR-DLC;RR-COMPAT","docs/research/reviews/mods/2871064871-proxyer.dismantleancientjunk.md","Requires","6","Ideology","Ludeon.RimWorld.Ideology","True","In selected 294-mod profile","RR-STA;RR-DLC;RR-COMPAT","docs/research/reviews/mods/official-6-Ludeon.RimWorld.Ideology.md","workshop/294100/2871064871/About/About.xml","1C765DF63D61028378E9152C820F20C6F86FCF272F2D233937E155616949AA11","Installed relationship-export metadata only; preserve exact declaration/path/hash fields; not publisher/code confirmation or runtime result.","Conservative project rule derived from relationship type and profile presence; not an upstream claim or compatibility finding.","Honor the source mod's declared dependency only while that source mod is enabled; do not make an optional source mod or optional dependency a Rimrooms hard dependency.","RR-DLC","Yes","In-profile endpoints share non-generic feature tag(s): RR-DLC. Candidate only; runtime test pending.","Pending; not run; no compatibility claim."
"RIMREL-20260927-0895","895","293","Dismantle Ancient Junk","proxyer.dismantleancientjunk","RR-EXP;RR-OUT;RR-ECO;RR-SPACE;RR-DLC;RR-COMPAT","docs/research/reviews/mods/2871064871-proxyer.dismantleancientjunk.md","LoadAfter","1","Harmony","brrainz.harmony","True","In selected 294-mod profile","RR-MP;RR-COMPAT","docs/research/reviews/mods/2009463077-brrainz.harmony.md","workshop/294100/2871064871/About/About.xml","1C765DF63D61028378E9152C820F20C6F86FCF272F2D233937E155616949AA11","Installed relationship-export metadata only; preserve exact declaration/path/hash fields; not publisher/code confirmation or runtime result.","Conservative project rule derived from relationship type and profile presence; not an upstream claim or compatibility finding.","Preserve this order only when both source and target packages are active; infer no code/API integration from the ordering declaration.","","No","No shared non-generic feature tags between in-profile endpoints; RR-COMPAT is excluded by rule.","Pending; not run; no compatibility claim."
"RIMREL-20260927-0896","896","293","Dismantle Ancient Junk","proxyer.dismantleancientjunk","RR-EXP;RR-OUT;RR-ECO;RR-SPACE;RR-DLC;RR-COMPAT","docs/research/reviews/mods/2871064871-proxyer.dismantleancientjunk.md","LoadAfter","4","Core","Ludeon.RimWorld","True","In selected 294-mod profile","RR-SCEN;RR-FAC;RR-STA;RR-GATE;RR-EXP;RR-SPACE;RR-EVD;RR-THREAT;RR-MSN;RR-ECO;RR-OUT;RR-DLC;RR-UI;RR-COMPAT","docs/research/reviews/mods/official-4-Ludeon.RimWorld.md","workshop/294100/2871064871/About/About.xml","1C765DF63D61028378E9152C820F20C6F86FCF272F2D233937E155616949AA11","Installed relationship-export metadata only; preserve exact declaration/path/hash fields; not publisher/code confirmation or runtime result.","Conservative project rule derived from relationship type and profile presence; not an upstream claim or compatibility finding.","Preserve this order only when both source and target packages are active; infer no code/API integration from the ordering declaration.","RR-DLC;RR-ECO;RR-EXP;RR-OUT;RR-SPACE","Yes","In-profile endpoints share non-generic feature tag(s): RR-DLC;RR-ECO;RR-EXP;RR-OUT;RR-SPACE. Candidate only; runtime test pending.","Pending; not run; no compatibility claim."
"RIMREL-20260927-0897","897","293","Dismantle Ancient Junk","proxyer.dismantleancientjunk","RR-EXP;RR-OUT;RR-ECO;RR-SPACE;RR-DLC;RR-COMPAT","docs/research/reviews/mods/2871064871-proxyer.dismantleancientjunk.md","LoadAfter","5","Royalty","Ludeon.RimWorld.Royalty","True","In selected 294-mod profile","RR-STA;RR-MSN;RR-DLC;RR-COMPAT","docs/research/reviews/mods/official-5-Ludeon.RimWorld.Royalty.md","workshop/294100/2871064871/About/About.xml","1C765DF63D61028378E9152C820F20C6F86FCF272F2D233937E155616949AA11","Installed relationship-export metadata only; preserve exact declaration/path/hash fields; not publisher/code confirmation or runtime result.","Conservative project rule derived from relationship type and profile presence; not an upstream claim or compatibility finding.","Preserve this order only when both source and target packages are active; infer no code/API integration from the ordering declaration.","RR-DLC","Yes","In-profile endpoints share non-generic feature tag(s): RR-DLC. Candidate only; runtime test pending.","Pending; not run; no compatibility claim."
"RIMREL-20260927-0898","898","293","Dismantle Ancient Junk","proxyer.dismantleancientjunk","RR-EXP;RR-OUT;RR-ECO;RR-SPACE;RR-DLC;RR-COMPAT","docs/research/reviews/mods/2871064871-proxyer.dismantleancientjunk.md","LoadAfter","6","Ideology","Ludeon.Rimworld.Ideology","True","In selected 294-mod profile","RR-STA;RR-DLC;RR-COMPAT","docs/research/reviews/mods/official-6-Ludeon.RimWorld.Ideology.md","workshop/294100/2871064871/About/About.xml","1C765DF63D61028378E9152C820F20C6F86FCF272F2D233937E155616949AA11","Installed relationship-export metadata only; preserve exact declaration/path/hash fields; not publisher/code confirmation or runtime result.","Conservative project rule derived from relationship type and profile presence; not an upstream claim or compatibility finding.","Preserve this order only when both source and target packages are active; infer no code/API integration from the ordering declaration.","RR-DLC","Yes","In-profile endpoints share non-generic feature tag(s): RR-DLC. Candidate only; runtime test pending.","Pending; not run; no compatibility claim."
"RIMREL-20260927-0899","899","293","Dismantle Ancient Junk","proxyer.dismantleancientjunk","RR-EXP;RR-OUT;RR-ECO;RR-SPACE;RR-DLC;RR-COMPAT","docs/research/reviews/mods/2871064871-proxyer.dismantleancientjunk.md","LoadAfter","7","Biotech","Ludeon.RimWorld.Biotech","True","In selected 294-mod profile","RR-STA;RR-FAC;RR-DLC;RR-COMPAT","docs/research/reviews/mods/official-7-Ludeon.RimWorld.Biotech.md","workshop/294100/2871064871/About/About.xml","1C765DF63D61028378E9152C820F20C6F86FCF272F2D233937E155616949AA11","Installed relationship-export metadata only; preserve exact declaration/path/hash fields; not publisher/code confirmation or runtime result.","Conservative project rule derived from relationship type and profile presence; not an upstream claim or compatibility finding.","Preserve this order only when both source and target packages are active; infer no code/API integration from the ordering declaration.","RR-DLC","Yes","In-profile endpoints share non-generic feature tag(s): RR-DLC. Candidate only; runtime test pending.","Pending; not run; no compatibility claim."
"RIMREL-20260927-0900","900","293","Dismantle Ancient Junk","proxyer.dismantleancientjunk","RR-EXP;RR-OUT;RR-ECO;RR-SPACE;RR-DLC;RR-COMPAT","docs/research/reviews/mods/2871064871-proxyer.dismantleancientjunk.md","LoadAfter","8","Anomaly","Ludeon.RimWorld.Anomaly","True","In selected 294-mod profile","RR-THREAT;RR-EVD;RR-EXP;RR-MSN;RR-DLC;RR-COMPAT","docs/research/reviews/mods/official-8-Ludeon.RimWorld.Anomaly.md","workshop/294100/2871064871/About/About.xml","1C765DF63D61028378E9152C820F20C6F86FCF272F2D233937E155616949AA11","Installed relationship-export metadata only; preserve exact declaration/path/hash fields; not publisher/code confirmation or runtime result.","Conservative project rule derived from relationship type and profile presence; not an upstream claim or compatibility finding.","Preserve this order only when both source and target packages are active; infer no code/API integration from the ordering declaration.","RR-DLC;RR-EXP","Yes","In-profile endpoints share non-generic feature tag(s): RR-DLC;RR-EXP. Candidate only; runtime test pending.","Pending; not run; no compatibility claim."
"RIMREL-20260927-0901","901","293","Dismantle Ancient Junk","proxyer.dismantleancientjunk","RR-EXP;RR-OUT;RR-ECO;RR-SPACE;RR-DLC;RR-COMPAT","docs/research/reviews/mods/2871064871-proxyer.dismantleancientjunk.md","LoadAfter","14","Vanilla Expanded Framework","OskarPotocki.VanillaFactionsExpanded.Core","True","In selected 294-mod profile","RR-SPACEFLIGHT;RR-COMPAT","docs/research/reviews/mods/2023507013-OskarPotocki.VanillaFactionsExpanded.Core.md","workshop/294100/2871064871/About/About.xml","1C765DF63D61028378E9152C820F20C6F86FCF272F2D233937E155616949AA11","Installed relationship-export metadata only; preserve exact declaration/path/hash fields; not publisher/code confirmation or runtime result.","Conservative project rule derived from relationship type and profile presence; not an upstream claim or compatibility finding.","Preserve this order only when both source and target packages are active; infer no code/API integration from the ordering declaration.","","No","No shared non-generic feature tags between in-profile endpoints; RR-COMPAT is excluded by rule.","Pending; not run; no compatibility claim."
"RIMREL-20260927-0902","902","293","Dismantle Ancient Junk","proxyer.dismantleancientjunk","RR-EXP;RR-OUT;RR-ECO;RR-SPACE;RR-DLC;RR-COMPAT","docs/research/reviews/mods/2871064871-proxyer.dismantleancientjunk.md","LoadAfter","","","VanillaExpanded.VFEA","False","Outside selected 294-mod profile","","","workshop/294100/2871064871/About/About.xml","1C765DF63D61028378E9152C820F20C6F86FCF272F2D233937E155616949AA11","Installed relationship-export metadata only; preserve exact declaration/path/hash fields; not publisher/code confirmation or runtime result.","Conservative project rule derived from relationship type and profile presence; not an upstream claim or compatibility finding.","No ordering action while the target is outside this profile; do not add it solely for this declaration. If both packages are later active, preserve the declared order; infer no code/API integration.","","No","Target is outside the selected 294-row profile; no in-profile endpoint feature comparison is asserted.","Pending; not run; no compatibility claim."
"RIMREL-20260927-0903","903","293","Dismantle Ancient Junk","proxyer.dismantleancientjunk","RR-EXP;RR-OUT;RR-ECO;RR-SPACE;RR-DLC;RR-COMPAT","docs/research/reviews/mods/2871064871-proxyer.dismantleancientjunk.md","LoadAfter","","","GoGaTio.MechanoidUpgrades","False","Outside selected 294-mod profile","","","workshop/294100/2871064871/About/About.xml","1C765DF63D61028378E9152C820F20C6F86FCF272F2D233937E155616949AA11","Installed relationship-export metadata only; preserve exact declaration/path/hash fields; not publisher/code confirmation or runtime result.","Conservative project rule derived from relationship type and profile presence; not an upstream claim or compatibility finding.","No ordering action while the target is outside this profile; do not add it solely for this declaration. If both packages are later active, preserve the declared order; infer no code/API integration.","","No","Target is outside the selected 294-row profile; no in-profile endpoint feature comparison is asserted.","Pending; not run; no compatibility claim."
"RIMREL-20260927-0904","904","293","Dismantle Ancient Junk","proxyer.dismantleancientjunk","RR-EXP;RR-OUT;RR-ECO;RR-SPACE;RR-DLC;RR-COMPAT","docs/research/reviews/mods/2871064871-proxyer.dismantleancientjunk.md","LoadAfter","290","Vehicles Wrecks Expanded","Explorern11.VehiclesWrecksExpanded","True","In selected 294-mod profile","RR-EVD;RR-MSN;RR-OUT;RR-EXP;RR-COMPAT","docs/research/reviews/mods/3299034372-Explorern11.VehiclesWrecksExpanded.md","workshop/294100/2871064871/About/About.xml","1C765DF63D61028378E9152C820F20C6F86FCF272F2D233937E155616949AA11","Installed relationship-export metadata only; preserve exact declaration/path/hash fields; not publisher/code confirmation or runtime result.","Conservative project rule derived from relationship type and profile presence; not an upstream claim or compatibility finding.","Preserve this order only when both source and target packages are active; infer no code/API integration from the ordering declaration.","RR-EXP;RR-OUT","Yes","In-profile endpoints share non-generic feature tag(s): RR-EXP;RR-OUT. Candidate only; runtime test pending.","Pending; not run; no compatibility claim."
"RIMREL-20260927-0905","905","293","Dismantle Ancient Junk","proxyer.dismantleancientjunk","RR-EXP;RR-OUT;RR-ECO;RR-SPACE;RR-DLC;RR-COMPAT","docs/research/reviews/mods/2871064871-proxyer.dismantleancientjunk.md","LoadAfter","","","BreadMo.Cinders","False","Outside selected 294-mod profile","","","workshop/294100/2871064871/About/About.xml","1C765DF63D61028378E9152C820F20C6F86FCF272F2D233937E155616949AA11","Installed relationship-export metadata only; preserve exact declaration/path/hash fields; not publisher/code confirmation or runtime result.","Conservative project rule derived from relationship type and profile presence; not an upstream claim or compatibility finding.","No ordering action while the target is outside this profile; do not add it solely for this declaration. If both packages are later active, preserve the declared order; infer no code/API integration.","","No","Target is outside the selected 294-row profile; no in-profile endpoint feature comparison is asserted.","Pending; not run; no compatibility claim."
"RIMREL-20260927-0906","906","293","Dismantle Ancient Junk","proxyer.dismantleancientjunk","RR-EXP;RR-OUT;RR-ECO;RR-SPACE;RR-DLC;RR-COMPAT","docs/research/reviews/mods/2871064871-proxyer.dismantleancientjunk.md","LoadAfter","","","XMB.AncientThreat.MO","False","Outside selected 294-mod profile","","","workshop/294100/2871064871/About/About.xml","1C765DF63D61028378E9152C820F20C6F86FCF272F2D233937E155616949AA11","Installed relationship-export metadata only; preserve exact declaration/path/hash fields; not publisher/code confirmation or runtime result.","Conservative project rule derived from relationship type and profile presence; not an upstream claim or compatibility finding.","No ordering action while the target is outside this profile; do not add it solely for this declaration. If both packages are later active, preserve the declared order; infer no code/API integration.","","No","Target is outside the selected 294-row profile; no in-profile endpoint feature comparison is asserted.","Pending; not run; no compatibility claim."
"RIMREL-20260927-0907","907","293","Dismantle Ancient Junk","proxyer.dismantleancientjunk","RR-EXP;RR-OUT;RR-ECO;RR-SPACE;RR-DLC;RR-COMPAT","docs/research/reviews/mods/2871064871-proxyer.dismantleancientjunk.md","IncompatibleWith","","","FSBD.NAR","False","Outside selected 294-mod profile","","","workshop/294100/2871064871/About/About.xml","1C765DF63D61028378E9152C820F20C6F86FCF272F2D233937E155616949AA11","Installed relationship-export metadata only; preserve exact declaration/path/hash fields; not publisher/code confirmation or runtime result.","Conservative project rule derived from relationship type and profile presence; not an upstream claim or compatibility finding.","Keep the declared target outside the Rimrooms profile; do not auto-add it. If a future profile selects both endpoints, block the pair pending owner review and exact-profile testing.","","No","Target is outside the selected 294-row profile; no in-profile endpoint feature comparison is asserted.","Pending; not run; no compatibility claim."
"RIMREL-20260927-0908","908","293","Dismantle Ancient Junk","proxyer.dismantleancientjunk","RR-EXP;RR-OUT;RR-ECO;RR-SPACE;RR-DLC;RR-COMPAT","docs/research/reviews/mods/2871064871-proxyer.dismantleancientjunk.md","IncompatibleWith","","","DerekBickley.WorthlessJunk","False","Outside selected 294-mod profile","","","workshop/294100/2871064871/About/About.xml","1C765DF63D61028378E9152C820F20C6F86FCF272F2D233937E155616949AA11","Installed relationship-export metadata only; preserve exact declaration/path/hash fields; not publisher/code confirmation or runtime result.","Conservative project rule derived from relationship type and profile presence; not an upstream claim or compatibility finding.","Keep the declared target outside the Rimrooms profile; do not auto-add it. If a future profile selects both endpoints, block the pair pending owner review and exact-profile testing.","","No","Target is outside the selected 294-row profile; no in-profile endpoint feature comparison is asserted.","Pending; not run; no compatibility claim."
"RIMREL-20260927-0909","909","293","Dismantle Ancient Junk","proxyer.dismantleancientjunk","RR-EXP;RR-OUT;RR-ECO;RR-SPACE;RR-DLC;RR-COMPAT","docs/research/reviews/mods/2871064871-proxyer.dismantleancientjunk.md","IncompatibleWith","","","Amlifurx.FunnyPack.BARs","False","Outside selected 294-mod profile","","","workshop/294100/2871064871/About/About.xml","1C765DF63D61028378E9152C820F20C6F86FCF272F2D233937E155616949AA11","Installed relationship-export metadata only; preserve exact declaration/path/hash fields; not publisher/code confirmation or runtime result.","Conservative project rule derived from relationship type and profile presence; not an upstream claim or compatibility finding.","Keep the declared target outside the Rimrooms profile; do not auto-add it. If a future profile selects both endpoints, block the pair pending owner review and exact-profile testing.","","No","Target is outside the selected 294-row profile; no in-profile endpoint feature comparison is asserted.","Pending; not run; no compatibility claim."
"RIMREL-20260927-0910","910","293","Dismantle Ancient Junk","proxyer.dismantleancientjunk","RR-EXP;RR-OUT;RR-ECO;RR-SPACE;RR-DLC;RR-COMPAT","docs/research/reviews/mods/2871064871-proxyer.dismantleancientjunk.md","IncompatibleWith","","","zal.worthlessjunk","False","Outside selected 294-mod profile","","","workshop/294100/2871064871/About/About.xml","1C765DF63D61028378E9152C820F20C6F86FCF272F2D233937E155616949AA11","Installed relationship-export metadata only; preserve exact declaration/path/hash fields; not publisher/code confirmation or runtime result.","Conservative project rule derived from relationship type and profile presence; not an upstream claim or compatibility finding.","Keep the declared target outside the Rimrooms profile; do not auto-add it. If a future profile selects both endpoints, block the pair pending owner review and exact-profile testing.","","No","Target is outside the selected 294-row profile; no in-profile endpoint feature comparison is asserted.","Pending; not run; no compatibility claim."
"RIMREL-20260927-0911","911","294","Vehicles Wrecks Expanded - Revisited","VehiclesWrecksExpanded.Revisited","RR-STYLE;RR-COMPAT","docs/research/reviews/mods/3348827283-VehiclesWrecksExpanded.Revisited.md","Requires","290","Vehicles Wrecks Expanded","Explorern11.VehiclesWrecksExpanded","True","In selected 294-mod profile","RR-EVD;RR-MSN;RR-OUT;RR-EXP;RR-COMPAT","docs/research/reviews/mods/3299034372-Explorern11.VehiclesWrecksExpanded.md","workshop/294100/3348827283/About/About.xml","59B45A39559C85824356760944F3FF2CD0E14B0A9682CF6901CC5D36F7F518BE","Installed relationship-export metadata only; preserve exact declaration/path/hash fields; not publisher/code confirmation or runtime result.","Conservative project rule derived from relationship type and profile presence; not an upstream claim or compatibility finding.","Honor the source mod's declared dependency only while that source mod is enabled; do not make an optional source mod or optional dependency a Rimrooms hard dependency.","","No","No shared non-generic feature tags between in-profile endpoints; RR-COMPAT is excluded by rule.","Pending; not run; no compatibility claim."
"RIMREL-20260927-0912","912","294","Vehicles Wrecks Expanded - Revisited","VehiclesWrecksExpanded.Revisited","RR-STYLE;RR-COMPAT","docs/research/reviews/mods/3348827283-VehiclesWrecksExpanded.Revisited.md","LoadAfter","4","Core","Ludeon.RimWorld","True","In selected 294-mod profile","RR-SCEN;RR-FAC;RR-STA;RR-GATE;RR-EXP;RR-SPACE;RR-EVD;RR-THREAT;RR-MSN;RR-ECO;RR-OUT;RR-DLC;RR-UI;RR-COMPAT","docs/research/reviews/mods/official-4-Ludeon.RimWorld.md","workshop/294100/3348827283/About/About.xml","59B45A39559C85824356760944F3FF2CD0E14B0A9682CF6901CC5D36F7F518BE","Installed relationship-export metadata only; preserve exact declaration/path/hash fields; not publisher/code confirmation or runtime result.","Conservative project rule derived from relationship type and profile presence; not an upstream claim or compatibility finding.","Preserve this order only when both source and target packages are active; infer no code/API integration from the ordering declaration.","","No","No shared non-generic feature tags between in-profile endpoints; RR-COMPAT is excluded by rule.","Pending; not run; no compatibility claim."
"RIMREL-20260927-0913","913","294","Vehicles Wrecks Expanded - Revisited","VehiclesWrecksExpanded.Revisited","RR-STYLE;RR-COMPAT","docs/research/reviews/mods/3348827283-VehiclesWrecksExpanded.Revisited.md","LoadAfter","5","Royalty","Ludeon.RimWorld.Royalty","True","In selected 294-mod profile","RR-STA;RR-MSN;RR-DLC;RR-COMPAT","docs/research/reviews/mods/official-5-Ludeon.RimWorld.Royalty.md","workshop/294100/3348827283/About/About.xml","59B45A39559C85824356760944F3FF2CD0E14B0A9682CF6901CC5D36F7F518BE","Installed relationship-export metadata only; preserve exact declaration/path/hash fields; not publisher/code confirmation or runtime result.","Conservative project rule derived from relationship type and profile presence; not an upstream claim or compatibility finding.","Preserve this order only when both source and target packages are active; infer no code/API integration from the ordering declaration.","","No","No shared non-generic feature tags between in-profile endpoints; RR-COMPAT is excluded by rule.","Pending; not run; no compatibility claim."
"RIMREL-20260927-0914","914","294","Vehicles Wrecks Expanded - Revisited","VehiclesWrecksExpanded.Revisited","RR-STYLE;RR-COMPAT","docs/research/reviews/mods/3348827283-VehiclesWrecksExpanded.Revisited.md","LoadAfter","290","Vehicles Wrecks Expanded","Explorern11.VehiclesWrecksExpanded","True","In selected 294-mod profile","RR-EVD;RR-MSN;RR-OUT;RR-EXP;RR-COMPAT","docs/research/reviews/mods/3299034372-Explorern11.VehiclesWrecksExpanded.md","workshop/294100/3348827283/About/About.xml","59B45A39559C85824356760944F3FF2CD0E14B0A9682CF6901CC5D36F7F518BE","Installed relationship-export metadata only; preserve exact declaration/path/hash fields; not publisher/code confirmation or runtime result.","Conservative project rule derived from relationship type and profile presence; not an upstream claim or compatibility finding.","Preserve this order only when both source and target packages are active; infer no code/API integration from the ordering declaration.","","No","No shared non-generic feature tags between in-profile endpoints; RR-COMPAT is excluded by rule.","Pending; not run; no compatibility claim."
