"LoadOrder","InventoryName","InventoryID","InventoryType","WorkshopURL","SourceKind","MetadataName","PackageID","LocalModVersion","SupportedVersions","HardDependencies","LoadAfter","LoadBefore","IncompatibleWith","MetadataRelativePath","AboutXmlSHA256","MetadataStatus","LoadFolderVersions","LoadFolderConditionTypes","LoadFolderPathCount","MissingLoadFolderPaths","LoadFoldersStatus"
"1","Harmony","2009463077","1","https://steamcommunity.com/sharedfiles/filedetails/?id=2009463077","Installed Steam Workshop copy","Harmony","brrainz.harmony","2.4.2.0","1.2; 1.3; 1.4; 1.5; 1.6","","","Ludeon.RimWorld","","workshop/294100/2009463077/About/About.xml","280984AC4A391C12288D670B7F37DCEBBE8D0BD9FA2F576FC3B2424FED911A0A","About.xml parsed","v1.2; v1.3; v1.4; v1.5; v1.6","","3","","Parsed; all listed folders exist locally"
"2","SF Grim Reality","1543063349","1","https://steamcommunity.com/sharedfiles/filedetails/?id=1543063349","Installed Steam Workshop copy","SF Grim Reality","SF.Grim.Reality","","1.0; 1.1; 1.2; 1.3; 1.4","","","","","workshop/294100/1543063349/About/About.xml","9FDC6A623E7832300C7AEFA72519263488A7AED9B864B39D2DF1765F576A78D0","About.xml parsed","","","0","","No LoadFolders.xml; default version-folder discovery applies"
"3","Loading Progress","3535481557","1","https://steamcommunity.com/sharedfiles/filedetails/?id=3535481557","Installed Steam Workshop copy","Loading Progress","ilyvion.LoadingProgress","0.16.0","1.6","brrainz.harmony","brrainz.harmony","ludeon.rimworld","assassinsbro.startupimpactcontinued","workshop/294100/3535481557/About/About.xml","6730FA6151F1D0A3DB09AD24EE32E92F7C45D2C1B2EC0BB1502BDDED0F2929E3","About.xml parsed","v1.6","","2","","Parsed; all listed folders exist locally"
"4","Core","Core","1","","Installed RimWorld base game or DLC","","Ludeon.RimWorld","","","","","","","game/Data/Core/About/About.xml","62C5B721F0A562075A0109BA558AF22791D2B20B7A5E677592C1E7C138A21336","About.xml parsed","","","0","","No LoadFolders.xml; default version-folder discovery applies"
"5","Royalty","Royalty","1","","Installed RimWorld base game or DLC","","Ludeon.RimWorld.Royalty","","1.6","","","","","game/Data/Royalty/About/About.xml","A32609E0D1BABF43451876AD3FB32583CEAA83D1D3324FCDB500B9B69DC58B0F","About.xml parsed","","","0","","No LoadFolders.xml; default version-folder discovery applies"
"6","Ideology","Ideology","1","","Installed RimWorld base game or DLC","","Ludeon.RimWorld.Ideology","","1.6","","","","","game/Data/Ideology/About/About.xml","B01C25DE47B9D801F11BB2BEE14FC13577ED6223E38CF533510F14B72FD7FCB2","About.xml parsed","","","0","","No LoadFolders.xml; default version-folder discovery applies"
"7","Biotech","Biotech","1","","Installed RimWorld base game or DLC","","Ludeon.RimWorld.Biotech","","1.6","","","","","game/Data/Biotech/About/About.xml","E8BA1E7344B483AC10B237FE830B46EB8BEDC920633349406EFDBBD9502EFE29","About.xml parsed","","","0","","No LoadFolders.xml; default version-folder discovery applies"
"8","Anomaly","Anomaly","1","","Installed RimWorld base game or DLC","","Ludeon.RimWorld.Anomaly","","1.6","","","","","game/Data/Anomaly/About/About.xml","F0FB22E8719630B46C3B27CECDBD63BE6F195E6C22FA31CD10463E18B6DFED42","About.xml parsed","","","0","","No LoadFolders.xml; default version-folder discovery applies"
"9","Odyssey","Odyssey","1","","Installed RimWorld base game or DLC","","Ludeon.RimWorld.Odyssey","","1.6","","","","","game/Data/Odyssey/About/About.xml","3E66B9AAB7797FE187DFBC92E7837EDF4FA750EA30DBF952C609E6F3D90F1EDA","About.xml parsed","","","0","","No LoadFolders.xml; default version-folder discovery applies"
"10","Adaptive Storage Framework","3033901359","1","https://steamcommunity.com/sharedfiles/filedetails/?id=3033901359","Installed Steam Workshop copy","Adaptive Storage Framework","adaptive.storage.framework","","1.4; 1.5; 1.6","brrainz.harmony","brrainz.harmony; Ludeon.RimWorld; rwmt.Multiplayer","OskarPotocki.VanillaFactionsExpanded.Core","","workshop/294100/3033901359/About/About.xml","9B91FD2B149B5771A615CCFBBC2F1F09B5B00D2146C4386D988ED2D6E1F196CC","About.xml parsed","","","0","","No LoadFolders.xml; default version-folder discovery applies"
"11","Vehicle Framework","3014915404","1","https://steamcommunity.com/sharedfiles/filedetails/?id=3014915404","Installed Steam Workshop copy","Vehicle Framework","SmashPhil.VehicleFramework","1.6.2144","1.4; 1.5; 1.6","brrainz.harmony","brrainz.harmony","","majorhoff.rimthreaded","workshop/294100/3014915404/About/About.xml","FA0E5A37AF805B398005023FBFAEC3362E2C2E3DD5002CA4632E54E18EC68D25","About.xml parsed","v1.4; v1.5; v1.6","IfModActive","26","1.4/_Biotech; 1.6/Compatibility/Anomaly","Parsed; one or more listed folders are absent locally"
"12","XML Extensions","2574315206","1","https://steamcommunity.com/sharedfiles/filedetails/?id=2574315206","Installed Steam Workshop copy","XML Extensions","imranfish.xmlextensions","","1.2; 1.3; 1.4; 1.5; 1.6","brrainz.harmony","ludeon.rimworld","","","workshop/294100/2574315206/About/About.xml","76EE209F77A413047CB872CED25FBDE3734011B31CAC46F8AE7DD2D849E8EDE2","About.xml parsed","v1.2; v1.3; v1.4; v1.5; v1.6","","5","","Parsed; all listed folders exist locally"
"13","HugsLib","818773962","1","https://steamcommunity.com/sharedfiles/filedetails/?id=818773962","Installed Steam Workshop copy","HugsLib","UnlimitedHugs.HugsLib","","1.0; 1.1; 1.2; 1.3; 1.4; 1.5; 1.6","brrainz.harmony","Ludeon.RimWorld; Ludeon.RimWorld.Royalty; Ludeon.RimWorld.Ideology; Ludeon.RimWorld.Biotech; Ludeon.RimWorld.Anomaly; brrainz.harmony","","","workshop/294100/818773962/About/About.xml","AE88A805065C164A612844D4164BCA56A8BCDD3EA8D45AEE5D55BDEB88C4AF8E","About.xml parsed","v1.1; v1.2; v1.3; v1.4; v1.5; v1.6","","6","","Parsed; all listed folders exist locally"
"14","Vanilla Expanded Framework","2023507013","1","https://steamcommunity.com/sharedfiles/filedetails/?id=2023507013","Installed Steam Workshop copy","Vanilla Expanded Framework","OskarPotocki.VanillaFactionsExpanded.Core","","1.0; 1.1; 1.2; 1.3; 1.4; 1.5; 1.6","brrainz.harmony","Ludeon.RimWorld; Ludeon.RimWorld.Royalty; Ludeon.RimWorld.Ideology; Ludeon.RimWorld.Odyssey; Ludeon.RimWorld.Biotech; Ludeon.RimWorld.Anomaly; brrainz.harmony","","hatena.RangeAnimalFramework","workshop/294100/2023507013/About/About.xml","11F49A892573F407C51380A5287A4DF0B31D120B4259AB300B5DBD25C881B630","About.xml parsed","","","0","","No LoadFolders.xml; default version-folder discovery applies"
"15","[ARY] Automatic Stump Chopping [1.5 - 1.6]","3357749890","1","https://steamcommunity.com/sharedfiles/filedetails/?id=3357749890","Installed Steam Workshop copy","[ARY] Automatic Stump Chopping [1.5 - 1.6]","Arylice.Rimworld.AutomaticStumpChopping","1.0","1.5; 1.6","brrainz.harmony","brrainz.harmony; Ludeon.RimWorld; Ludeon.RimWorld.Royalty; Ludeon.RimWorld.Ideology; Ludeon.RimWorld.Biotech; Ludeon.RimWorld.Anomaly; Ludeon.RimWorld.Odyssey","","","workshop/294100/3357749890/About/About.xml","BE721B5257D4575785EBBEC5B0D6B77CC407958591F1A959454131246775751B","About.xml parsed","v1.5; v1.6","IfModActive","5","","Parsed; all listed folders exist locally"
"16","[Kit] Graze up","2302739121","1","https://steamcommunity.com/sharedfiles/filedetails/?id=2302739121","Installed Steam Workshop copy","[Kit] Graze up","kittahkhan.grazeup","","1.2; 1.3; 1.4; 1.5; 1.6","brrainz.harmony","","","","workshop/294100/2302739121/About/About.xml","81EAEBA8E60DDE089CC1A75F0E9EE5CC9AD640A03B305D021D94B83D82A8669D","About.xml parsed","v1.2; v1.3; v1.4; v1.5; v1.6","","4","","Parsed; all listed folders exist locally"
"17","[KV] Call Trade Ships (Continued)","3722921543","1","https://steamcommunity.com/sharedfiles/filedetails/?id=3722921543","Installed Steam Workshop copy","[KV] Call Trade Ships (Continued)","zal.calltradeships","1.0.1","1.6","brrainz.harmony","","","","workshop/294100/3722921543/About/About.xml","F10825618AB8B31D4F7EBC2A1192AC4DAE754BDB596DEB9F76B5E229CC743C10","About.xml parsed","","","0","","No LoadFolders.xml; default version-folder discovery applies"
"18","[Ling]Move Steam Geyser","1547361568","1","https://steamcommunity.com/sharedfiles/filedetails/?id=1547361568","Installed Steam Workshop copy","[Ling]Move Steam Geyser","LingLuo.MoveSteamGeyser","","1.6; 1.5; 1.4; 1.3; 1.2; 1.1; 1.0","","","","","workshop/294100/1547361568/About/About.xml","AAAA905571D2C72DB79173763BBA2EF64AD3C70F8112737F038CFC7E9B0A0D86","About.xml parsed","","","0","","No LoadFolders.xml; default version-folder discovery applies"
"19","[Og] Automatic Power Switch","3031634496","1","https://steamcommunity.com/sharedfiles/filedetails/?id=3031634496","Installed Steam Workshop copy","[Og] Automatic Power Switch","Og.AutomaticPowerSwitch","","1.4; 1.5; 1.6","","","","","workshop/294100/3031634496/About/About.xml","BA480E24DA880C2AA3B9CA93415E943706D312B105CDEB1E99E19556A62FBCB3","About.xml parsed","","","0","","No LoadFolders.xml; default version-folder discovery applies"
"20","[SR]Factional War (fork)","3423264477","1","https://steamcommunity.com/sharedfiles/filedetails/?id=3423264477","Installed Steam Workshop copy","[SR]Factional War (fork)","SR.ModRimworld.FactionalWarContinued","","1.2; 1.3; 1.4; 1.5; 1.6","","Ludeon.RimWorld","","","workshop/294100/3423264477/About/About.xml","813B576389A3182BE8680F43F100C98FF8280DF43B345FD4399E68D99EA513D0","About.xml parsed","v1.2; v1.3; v1.4; v1.5; v1.6","","4","","Parsed; all listed folders exist locally"
"21","[XND] Profitable Weapons (Continued)","2269697598","1","https://steamcommunity.com/sharedfiles/filedetails/?id=2269697598","Installed Steam Workshop copy","[XND] Profitable Weapons (Continued)","Mlie.XNDProfitableWeapons","1.6.0","1.0; 1.1; 1.2; 1.3; 1.4; 1.5; 1.6","brrainz.harmony","brrainz.harmony","","","workshop/294100/2269697598/About/About.xml","016426080BE1FEDF25DD3F4E08BC1F7280D61DC2611AC65956D9CCB43E35FC28","About.xml parsed","","","0","","No LoadFolders.xml; default version-folder discovery applies"
"22","[XND] Visible Pants","2264108215","1","https://steamcommunity.com/sharedfiles/filedetails/?id=2264108215","Installed Steam Workshop copy","[XND] Visible Pants","XeoNovaDan.VisiblePants","","1.1; 1.2; 1.3; 1.4; 1.5; 1.6","brrainz.harmony","Ludeon.RimWorld; Ludeon.RimWorld.Royalty; brrainz.harmony","","","workshop/294100/2264108215/About/About.xml","641C1BE551727D8ED7523ADF72B216E9592BEFC16C69043CDD809D6C13FCD53F","About.xml parsed","v1.1; v1.2; v1.3; v1.4; v1.5; v1.6","","7","","Parsed; all listed folders exist locally"
"23","A Dog Said... Animal Prosthetics 2","3238353862","1","https://steamcommunity.com/sharedfiles/filedetails/?id=3238353862","Installed Steam Workshop copy","A Dog Said... Animal Prosthetics 2","SamBucher.ADogSaidAnimalProsthetics2","1.3.7","1.4; 1.5; 1.6","","imranfish.xmlextensions; vat.epoeforked; mse2.core; v1024.ebframework; regrowth.botr.core; regrowth.botr.boilingforest; regrowth.botr.extinctanimalspack; regrowth.botr.wastelands; vanillaexpanded.vanillaanimalsexpanded; vanillaexpanded.vaeendandext; vanillaexpanded.vaeroy; vanillaexpanded.vaewaste; ACPteam.ACPVanillaStyle; Scurvyez.StevesLoons; Erin.FFAnimals; Erin.AzaphraeBiotech; Erin.LizzardDoggo; Erin.Ferret; Erin.Mountain; Erin.Palamutes; Erin.Valheim.Creatures; Erin.Wildlife; oblitus.housekeeperassistancecat; onyxae.dragonsdescent; Mlie.MoreThrumbos; Maximilian.MoreThrumbos; spincrus.dinosauria; el.kenshifauna; tachyonite.pawnmorpherpublic; Rihlsul.AlbinoFluffy; Rihlsul.BigFluffy","","spoonshortage.adogsaidanimalprosthetics","workshop/294100/3238353862/About/About.xml","1961D14413EA36E86E6FF63147D995358F6B20607961BF13DF0B4CD5A2B7534E","About.xml parsed","v1.4; v1.5; v1.6","IfModActive; IfModNotActive","101","","Parsed; all listed folders exist locally"
"24","Adaptive Ideology Storage","3301337278","1","https://steamcommunity.com/sharedfiles/filedetails/?id=3301337278","Installed Steam Workshop copy","Adaptive Ideology Storage","Adaptive.Ideology.Storage","","1.4; 1.5; 1.6","Ludeon.RimWorld.Ideology; adaptive.storage.framework","Ludeon.RimWorld; Ludeon.RimWorld.Ideology; adaptive.storage.framework","","","workshop/294100/3301337278/About/About.xml","D429127B303862C4014EB83CD45A9CD8FB18394FB0A2D6034E5233E1CEA26190","About.xml parsed","","","0","","No LoadFolders.xml; default version-folder discovery applies"
"25","Adaptive Primitive Storage","3400037215","1","https://steamcommunity.com/sharedfiles/filedetails/?id=3400037215","Installed Steam Workshop copy","Adaptive Primitive Storage","Adaptive.PrimitiveStorage","","1.5; 1.6","brrainz.harmony; adaptive.storage.framework","Ludeon.RimWorld; Ludeon.RimWorld.Ideology; adaptive.storage.framework; lat.rimstro","vanillaexpanded.vpsycastse","","workshop/294100/3400037215/About/About.xml","2FF5B6029C6B57991D8CDE1194811810D383A68BBDA86A9EF8EE10A06F4BAABC","About.xml parsed","","","0","","No LoadFolders.xml; default version-folder discovery applies"
"26","Adaptive Simple Storage","3297307747","1","https://steamcommunity.com/sharedfiles/filedetails/?id=3297307747","Installed Steam Workshop copy","Adaptive Simple Storage","Adaptive.SimpleStorage","","1.4; 1.5; 1.6","adaptive.storage.framework","Ludeon.RimWorld; adaptive.storage.framework","","","workshop/294100/3297307747/About/About.xml","5915021A21B0439458995571346C9F777C3984AFF96F33C253506A950D4FBE75","About.xml parsed","","","0","","No LoadFolders.xml; default version-folder discovery applies"
"27","Age Reversing Mech Serum","1826684801","1","https://steamcommunity.com/sharedfiles/filedetails/?id=1826684801","Installed Steam Workshop copy","Age Reversing Mech Serum","LegendaryMinuteman.AgeRMechSerum","","1.6; 1.5; 1.4; 1.3; 1.2; 1.1; 1.0","","","","","workshop/294100/1826684801/About/About.xml","C402400C52AF46D264A89AD90B008229267DF74A74A34DFDC9EB34429A07AEDB","About.xml parsed","v1.0; v1.1; v1.2; v1.3; v1.4; v1.5; v1.6","","7","","Parsed; all listed folders exist locally"
"28","All Memories Fade","2800155563","1","https://steamcommunity.com/sharedfiles/filedetails/?id=2800155563","Installed Steam Workshop copy","All Memories Fade","Mlie.AllMemoriesFade","1.6.0","1.3; 1.4; 1.5; 1.6","","","","","workshop/294100/2800155563/About/About.xml","BDA65E7663A180995C84A6B5EB4989352FDC138024B9267E355FAFB27E5FB868","About.xml parsed","","","0","","No LoadFolders.xml; default version-folder discovery applies"
"29","All Turrets Can Set Forced Target (Continued)","3256513109","1","https://steamcommunity.com/sharedfiles/filedetails/?id=3256513109","Installed Steam Workshop copy","All Turrets Can Set Forced Target (Continued)","Mlie.AllTurretsCanSetForcedTarget","1.6.0","1.1; 1.2; 1.3; 1.4; 1.5; 1.6","brrainz.harmony","brrainz.harmony","","","workshop/294100/3256513109/About/About.xml","1C1D1C415C5409481ABDA3BFF5F10B6F9BC85F55A770F166F51E392B29FBB88B","About.xml parsed","","","0","","No LoadFolders.xml; default version-folder discovery applies"
"30","Allow Tool","761421485","1","https://steamcommunity.com/sharedfiles/filedetails/?id=761421485","Installed Steam Workshop copy","Allow Tool","UnlimitedHugs.AllowTool","","1.0; 1.1; 1.2; 1.3; 1.4; 1.5; 1.6","UnlimitedHugs.HugsLib","UnlimitedHugs.HugsLib","","","workshop/294100/761421485/About/About.xml","0054DAF3B8466D87D2D6C3EE02F0345B240E92F2CC8656FC4DEB7665F984357B","About.xml parsed","v1.1; v1.2; v1.3; v1.4; v1.5; v1.6","","6","","Parsed; all listed folders exist locally"
"31","Animal Apparel: Framework","3513825850","1","https://steamcommunity.com/sharedfiles/filedetails/?id=3513825850","Installed Steam Workshop copy","Animal Apparel: Framework","Ingendum.AnimalApparelFramework","","1.6","brrainz.harmony","Sandy.RPGStyleInventory.avilmask.Revamped; Donald.VCR; owlchemist.giddyup","","Dylan.AnimalGear","workshop/294100/3513825850/About/About.xml","52C01BD5DDAB9710C95935373CABBAD20A6655635DF14F1C0B98DAF9718A36FD","About.xml parsed","v1.6","IfModActive","4","","Parsed; all listed folders exist locally"
"32","Animal Apparel: Vac Belt","3525740284","1","https://steamcommunity.com/sharedfiles/filedetails/?id=3525740284","Installed Steam Workshop copy","Animal Apparel: Vac Belt","Ingendum.AnimalArmorVacBelt","","1.6","Ingendum.AnimalApparelFramework","","","","workshop/294100/3525740284/About/About.xml","A95F844E764D66085C4AE72E56C6CF14D9643CD7A66F7ECF7F8ED284A0AA3BCE","About.xml parsed","v1.6","","1","","Parsed; all listed folders exist locally"
"33","Animal Controls","2426119067","1","https://steamcommunity.com/sharedfiles/filedetails/?id=2426119067","Installed Steam Workshop copy","Animal Controls","avilmask.AnimalControls","","1.2; 1.3; 1.4; 1.5; 1.6","brrainz.harmony","","","","workshop/294100/2426119067/About/About.xml","3898DFF7CAE17FE2B2C652482F899587CA0E07293F7D1915BFA01DB03A8D78FF","About.xml parsed","","","0","","No LoadFolders.xml; default version-folder discovery applies"
"34","Animal Medical Bed","3221610549","1","https://steamcommunity.com/sharedfiles/filedetails/?id=3221610549","Installed Steam Workshop copy","Animal Medical Bed","GodlyAnnihilator.AnimalMedicalBed","","1.1; 1.2; 1.3; 1.4; 1.5; 1.6","","","","","workshop/294100/3221610549/About/About.xml","41C392CEE3CDF07883A2DF9A4E36204D28656786EE03589979B2872967FE6434","About.xml parsed","","","0","","No LoadFolders.xml; default version-folder discovery applies"
"35","Animal Sarcophagus","2876565401","1","https://steamcommunity.com/sharedfiles/filedetails/?id=2876565401","Installed Steam Workshop copy","Animal Sarcophagus","overpl.AnimalSarcophagus","","1.3; 1.4; 1.5; 1.6","","","","","workshop/294100/2876565401/About/About.xml","6FF214815FFF83575EA54014E59C68060A807340512D54AA5D77EE5FEA6E2CFA","About.xml parsed","","","0","","No LoadFolders.xml; default version-folder discovery applies"
"36","Animal Tab (Continued 1.6)","3575480305","1","https://steamcommunity.com/sharedfiles/filedetails/?id=3575480305","Installed Steam Workshop copy","Animal Tab (Continued 1.6)","Fluffy.AnimalTab","","1.4; 1.5; 1.6","brrainz.harmony","brrainz.harmony","","","workshop/294100/3575480305/About/About.xml","3670C6AB3A7EF6046EC320F5B0464F02B530B1A71C66ACE7B3393805A6B15BF6","About.xml parsed","v1.4; v1.5; v1.6","","3","","Parsed; all listed folders exist locally"
"37","Animals are fun! (Continued)","3245454244","1","https://steamcommunity.com/sharedfiles/filedetails/?id=3245454244","Installed Steam Workshop copy","Animals are fun! (Continued)","ColossalFossil.AnimalsAreFunContinued","1.6.5","1.1; 1.2; 1.3; 1.4; 1.5; 1.6","","Ludeon.RimWorld","","","workshop/294100/3245454244/About/About.xml","933EBFC31972E6703985A21B284F0824AE66755692C7CC990E477257BBC064AF","About.xml parsed","v1.1; v1.2; v1.3; v1.4; v1.5; v1.6","","6","","Parsed; all listed folders exist locally"
"38","Animals Logic","1098354593","1","https://steamcommunity.com/sharedfiles/filedetails/?id=1098354593","Installed Steam Workshop copy","Animals Logic","Oblitus.AnimalsLogic","","0.19; 1.0; 1.1; 1.2; 1.3; 1.4; 1.5; 1.6","","","","Daniledman.HardworkingAnimals","workshop/294100/1098354593/About/About.xml","76874C400ABFC37E9CD68F68E27B830DB769956564EB705978AA1EE0A4B02C80","About.xml parsed","","","0","","No LoadFolders.xml; default version-folder discovery applies"
"39","Anomaly Research Asteroid","3527726648","1","https://steamcommunity.com/sharedfiles/filedetails/?id=3527726648","Installed Steam Workshop copy","Anomaly Research Asteroid","zoarak.anomalyplat","","1.6","Ludeon.RimWorld.Anomaly; Ludeon.RimWorld.Odyssey","Ludeon.RimWorld; Ludeon.RimWorld.Royalty; Ludeon.RimWorld.Ideology; Ludeon.RimWorld.Biotech; Ludeon.RimWorld.Anomaly; Ludeon.RimWorld.Odyssey","","","workshop/294100/3527726648/About/About.xml","3B75B6CD10B178E2221842E8C98052AA0E2FB91C4C43CDD1AB61328A585A483E","About.xml parsed","","","0","","No LoadFolders.xml; default version-folder discovery applies"
"40","Architect Icons","1195427067","1","https://steamcommunity.com/sharedfiles/filedetails/?id=1195427067","Installed Steam Workshop copy","Architect Icons","com.bymarcin.ArchitectIcons","","1.0; 1.1; 1.2; 1.3; 1.4; 1.5; 1.6","brrainz.harmony","brrainz.harmony","","","workshop/294100/1195427067/About/About.xml","D8C77467117FBECFCDE91CFF31780334BEA3A7A5B70A72907DD9E2D226B55E5A","About.xml parsed","v1.1; v1.2; v1.3; v1.4; v1.5; v1.6","","3","","Parsed; all listed folders exist locally"
"41","Area Unlocker (Continued)","3550817577","1","https://steamcommunity.com/sharedfiles/filedetails/?id=3550817577","Installed Steam Workshop copy","Area Unlocker (Continued)","Mlie.AreaUnlocker","1.6.2","1.0; 1.1; 1.2; 1.3; 1.4; 1.5; 1.6","brrainz.harmony","brrainz.harmony","","","workshop/294100/3550817577/About/About.xml","B17A72CDC3037D2AA28F86D294594347F64C092640CDF5C67C08B1445FE4D7DF","About.xml parsed","","","0","","No LoadFolders.xml; default version-folder discovery applies"
"42","Asteroid Mineral Scanner","3536585361","1","https://steamcommunity.com/sharedfiles/filedetails/?id=3536585361","Installed Steam Workshop copy","Asteroid Mineral Scanner","Broms.AsteroidMineralScanner","","1.6","Ludeon.RimWorld.Odyssey","Ludeon.RimWorld.Odyssey; guy762.mm.kotorcore","","","workshop/294100/3536585361/About/About.xml","058B95A9EC69A06086B71E3CEE5705CA34103BF48A13271D05DC73F5AF352861","About.xml parsed","","","0","","No LoadFolders.xml; default version-folder discovery applies"
"43","Auto links","2059389912","1","https://steamcommunity.com/sharedfiles/filedetails/?id=2059389912","Installed Steam Workshop copy","Auto links","automatic.autolinks","","1.1; 1.2; 1.3; 1.4; 1.5; 1.6","","","","","workshop/294100/2059389912/About/About.xml","90CA2B65BE9F2560439E92E8A6064ADC60277BBF701B718905DC7FFAF6439CBA","About.xml parsed","","","0","","No LoadFolders.xml; default version-folder discovery applies"
"44","Auto-Cut Blight - 1.6","3520167264","1","https://steamcommunity.com/sharedfiles/filedetails/?id=3520167264","Installed Steam Workshop copy","Auto-Cut Blight - 1.6","Defi.AutoCutBlight","","1.0; 1.1; 1.2; 1.3; 1.4; 1.5; 1.6","brrainz.harmony","","","","workshop/294100/3520167264/About/About.xml","0DC74FABB0292047D30EF1D60590087A29D81B1B1D9DE5A70FEB24C107376632","About.xml parsed","v1.1; v1.2; v1.3; v1.4; v1.5; v1.6","","5","","Parsed; all listed folders exist locally"
"45","Bad Can Be Good (Continued)","2889440091","1","https://steamcommunity.com/sharedfiles/filedetails/?id=2889440091","Installed Steam Workshop copy","Bad Can Be Good (Continued)","Mlie.BadCanBeGood","1.6.0","1.0; 1.1; 1.2; 1.3; 1.4; 1.5; 1.6","","","","","workshop/294100/2889440091/About/About.xml","25CCAB189155F7B0E51EEFEE9C39E759E48ED26581A4C7B6DE8EA2615BA95448","About.xml parsed","","","0","","No LoadFolders.xml; default version-folder discovery applies"
"46","Barky's Caravan Dogs","1497792975","1","https://steamcommunity.com/sharedfiles/filedetails/?id=1497792975","Installed Steam Workshop copy","Barky's Caravan Dogs","BinarySpark.CaravanDogs","","1.1; 1.2; 1.3; 1.4; 1.5; 1.6","","","","","workshop/294100/1497792975/About/About.xml","BCE464D19B864D55C4090EB5D3B35E08A42DA277F04E42D15A0061604F157EE9","About.xml parsed","v1.1; v1.2; v1.3; v1.4; v1.5; v1.6","","2","","Parsed; all listed folders exist locally"
"47","Beautiful Outdoors","2011794898","1","https://steamcommunity.com/sharedfiles/filedetails/?id=2011794898","Installed Steam Workshop copy","Beautiful Outdoors","Meltup.BeautifulOutdoors","","1.1; 1.2; 1.3; 1.4; 1.5; 1.6","","","","","workshop/294100/2011794898/About/About.xml","8F9943B65C108CAB8B61DEBB01035EFEE39E2083125D47E46E91B1CCA947B6CC","About.xml parsed","","","0","","No LoadFolders.xml; default version-folder discovery applies"
"48","Bed Rest For Food Poisoning","2567901366","1","https://steamcommunity.com/sharedfiles/filedetails/?id=2567901366","Installed Steam Workshop copy","Bed Rest For Food Poisoning","bedrestforfoodpoisoning.1trickPonyta","1.1.0","1.3; 1.4; 1.5; 1.6","brrainz.harmony","","","","workshop/294100/2567901366/About/About.xml","BD8B7AD8B3A37A7C15257A975502197ECEDE51A0E99A651E69637EBEE391A45D","About.xml parsed","","","0","","No LoadFolders.xml; default version-folder discovery applies"
"49","Better Electronics","1555743957","1","https://steamcommunity.com/sharedfiles/filedetails/?id=1555743957","Installed Steam Workshop copy","Better Electronics","AdamBucior.BetterElectronics","","1.0; 1.1; 1.2; 1.3; 1.4; 1.5; 1.6","UnlimitedHugs.HugsLib","UnlimitedHugs.HugsLib","","","workshop/294100/1555743957/About/About.xml","D7979912C1B03C667BA9D322E8C546441305AFC5419EFD0AD9F3DAD6C34D8ED5","About.xml parsed","","","0","","No LoadFolders.xml; default version-folder discovery applies"
"50","Better Explosions","2572683272","1","https://steamcommunity.com/sharedfiles/filedetails/?id=2572683272","Installed Steam Workshop copy","Better Explosions","nephlite.advexplosions","","1.3; 1.4; 1.5; 1.6","","","","","workshop/294100/2572683272/About/About.xml","8FE537EA208A92B94A804B66436E9CFE63D5C5602DEB25FC4BCBCD1B73506D17","About.xml parsed","","","0","","No LoadFolders.xml; default version-folder discovery applies"
"51","Better Gene Inheritance","3046776238","1","https://steamcommunity.com/sharedfiles/filedetails/?id=3046776238","Installed Steam Workshop copy","Better Gene Inheritance","RedMattis.BetterGeneInheritance","","1.4; 1.5; 1.6","Ludeon.RimWorld.Biotech; brrainz.harmony","Ludeon.RimWorld; Ludeon.RimWorld.Royalty; Ludeon.RimWorld.Ideology; Ludeon.RimWorld.Biotech; brrainz.harmony","","","workshop/294100/3046776238/About/About.xml","65E479A7FF43485CAF5EA41809DEE8F1FE5860DD523A4289E24FDF722C7614DD","About.xml parsed","","","0","","No LoadFolders.xml; default version-folder discovery applies"
"52","BetterWeight","2221387317","1","https://steamcommunity.com/sharedfiles/filedetails/?id=2221387317","Installed Steam Workshop copy","BetterWeight","ArchieV.BetterWeight","","1.1; 1.2; 1.3; 1.4; 1.5; 1.6","brrainz.harmony","Ludeon.RimWorld; Ludeon.RimWorld.Royalty; Ludeon.Rimworld.Ideology; Ludeon.Rimworld.Biotech; Ludeon.Rimworld.Anomaly; Ludeon.Rimworld.Odyssey; brrainz.harmony","","","workshop/294100/2221387317/About/About.xml","8AD99586DA146EAAE8573B1A40F6DEC0476FE9791415AFD0710773A2932C38ED","About.xml parsed","","","0","","No LoadFolders.xml; default version-folder discovery applies"
"53","Big Little Mod Patch","2710382569","1","https://steamcommunity.com/sharedfiles/filedetails/?id=2710382569","Installed Steam Workshop copy","Big Little Mod Patch","Daria40K.BigLittleModPatch","","1.3; 1.4; 1.5; 1.6","","dankpyon.medieval.overhaul; drenzyme.curiouscurios","","","workshop/294100/2710382569/About/About.xml","54E8371DA4FB8C28C235681F4CB9DC7C0F8E1E9981328B498D7B20C6A32589C6","About.xml parsed","v1.3; v1.4; v1.5; v1.6","IfModNotActive; IfModActive","5","","Parsed; all listed folders exist locally"
"54","Blood Animations","3228047321","1","https://steamcommunity.com/sharedfiles/filedetails/?id=3228047321","Installed Steam Workshop copy","Blood Animations","Fuu.BloodAnimations","","1.4; 1.5; 1.6","brrainz.harmony","Ludeon.RimWorld; Ludeon.RimWorld.Royalty; Ludeon.RimWorld.Ideology; Ludeon.RimWorld.Biotech; Ludeon.RimWorld.Anomaly; Ludeon.RimWorld.Odyssey; brrainz.harmony","","","workshop/294100/3228047321/About/About.xml","B8A995DB563778767D9ED3AB60136E648A58E14C3CE9199069CB6B7403122469","About.xml parsed","","","0","","No LoadFolders.xml; default version-folder discovery applies"
"55","Blueprints Forked - 1.6","3525001145","1","https://steamcommunity.com/sharedfiles/filedetails/?id=3525001145","Installed Steam Workshop copy","Blueprints Forked - 1.6","Defi.Blueprints.fork","","1.4; 1.5; 1.6","brrainz.harmony","","","","workshop/294100/3525001145/About/About.xml","4F6520E72571CE2F87D7228B0B7B07A538907793479713EC9D818307593015B1","About.xml parsed","v1.4; v1.5; v1.6","","3","","Parsed; all listed folders exist locally"
"56","Bo's Milkable Animals","841092540","1","https://steamcommunity.com/sharedfiles/filedetails/?id=841092540","Installed Steam Workshop copy","Bo's Milkable Animals","Bos.MilkableAnimals","","1.0; 1.1; 1.2; 1.3; 1.4; 1.5","","","","","workshop/294100/841092540/About/About.xml","2979A22559220FACF843F4E0600488958D1DC94CC8F6CE7B0329985E9E3B865E","About.xml parsed","","","0","","No LoadFolders.xml; default version-folder discovery applies"
"57","Build From Inventory - Continued","3534185281","1","https://steamcommunity.com/sharedfiles/filedetails/?id=3534185281","Installed Steam Workshop copy","Build From Inventory - Continued","Memegoddess.BuildFromInventory","","1.1; 1.2; 1.3; 1.4; 1.5; 1.6","brrainz.harmony","","","","workshop/294100/3534185281/About/About.xml","BAB42E55485ECFC3A9A665580201D9EFEE702A05864BF63AF77BACF41AF702AC","About.xml parsed","v1.1; v1.2; v1.3; v1.4; v1.5; v1.6","","6","","Parsed; all listed folders exist locally"
"58","Buildable Terrain v1","1420979918","1","https://steamcommunity.com/sharedfiles/filedetails/?id=1420979918","Installed Steam Workshop copy","Buildable Terrain v1","Buildable.Terrain","","1.0; 1.1; 1.2; 1.3; 1.4; 1.5; 1.6","","","","","workshop/294100/1420979918/About/About.xml","6A9063CAEDEECE9081A72FB55C9526497782EAC227B6B08D1D54AA0E7BCD295A","About.xml parsed","","","0","","No LoadFolders.xml; default version-folder discovery applies"
"59","Call A Trader","2784149999","1","https://steamcommunity.com/sharedfiles/filedetails/?id=2784149999","Installed Steam Workshop copy","Call A Trader","arakos.callatrader.acat","1.6.1","1.3; 1.4; 1.5; 1.6","brrainz.harmony","Ludeon.RimWorld; Ludeon.RimWorld.Royalty; Ludeon.RimWorld.Ideology; brrainz.harmony","","","workshop/294100/2784149999/About/About.xml","7292D7905D43B95A418AFDF01B88CFE215C895A949E393D5D143BF72555F940B","About.xml parsed","","","0","","No LoadFolders.xml; default version-folder discovery applies"
"60","Capture Them (Continued)","3255137581","1","https://steamcommunity.com/sharedfiles/filedetails/?id=3255137581","Installed Steam Workshop copy","Capture Them (Continued)","Mlie.CaptureThem","1.6.0","1.3; 1.4; 1.5; 1.6","brrainz.harmony","brrainz.harmony","","","workshop/294100/3255137581/About/About.xml","E7084CC1805CB3F0E31AE64F99B210A237B4C2FA4FD474C17AFB6D9B6EA6D076","About.xml parsed","","","0","","No LoadFolders.xml; default version-folder discovery applies"
"61","Carryalls | Intercontinental Transport (Continued)","3642349335","1","https://steamcommunity.com/sharedfiles/filedetails/?id=3642349335","Installed Steam Workshop copy","Carryalls | Intercontinental Transport (Continued)","Mlie.CarryallsIntercontinentalTransport","1.6.1","1.4; 1.5; 1.6","brrainz.harmony","brrainz.harmony","","Shashlichnik.srtsexpanded","workshop/294100/3642349335/About/About.xml","136DE75E56C7B8F5C54D01C762CE2F29746FC99ADF0374F827994E076DD6AF9B","About.xml parsed","v1.4; v1.5; v1.6","","5","","Parsed; all listed folders exist locally"
"62","Cash Register (Continued)","3509487668","1","https://steamcommunity.com/sharedfiles/filedetails/?id=3509487668","Installed Steam Workshop copy","Cash Register (Continued)","Orion.CashRegister","1.0.2","1.5; 1.6","brrainz.harmony","brrainz.harmony","","","workshop/294100/3509487668/About/About.xml","0AC49AD6A323DEC98D430A62E5AB62618BAC79636144D56BED44D36754B3880A","About.xml parsed","","","0","","No LoadFolders.xml; default version-folder discovery applies"
"63","Change map edge limit","1546494565","1","https://steamcommunity.com/sharedfiles/filedetails/?id=1546494565","Installed Steam Workshop copy","Change map edge limit","kapitanoczywisty.changemapedge","","1.0; 1.1; 1.2; 1.3; 1.4; 1.5; 1.6","brrainz.harmony","brrainz.Harmony","","","workshop/294100/1546494565/About/About.xml","8A7500D57E39F05A3F0832C4C8320E83A6AE9536054E5261560B46A782CE4DC2","About.xml parsed","v1.1; v1.3; v1.4; v1.5; v1.6","","4","","Parsed; all listed folders exist locally"
"64","Character Editor","1874644848","1","https://steamcommunity.com/sharedfiles/filedetails/?id=1874644848","Installed Steam Workshop copy","Character Editor","void.charactereditor","1.6.1","1.0; 1.1; 1.2; 1.3; 1.4; 1.5; 1.6","brrainz.harmony","brrainz.harmony; Ludeon.RimWorld; Ludeon.RimWorld.Royalty; Ludeon.RimWorld.Ideology; Ludeon.RimWorld.Biotech; Ludeon.RimWorld.Anomaly; UnlimitedHugs.HugsLib","","","workshop/294100/1874644848/About/About.xml","24436D3DB24EF85CC7329430ACD5CB4389A735701E51E5002209DEFC77EC0D13","About.xml parsed","v1.0; v1.1; v1.2; v1.3; v1.4; v1.5; v1.6","IfModActive","8","","Parsed; all listed folders exist locally"
"65","CM Color Coded Mood Bar [1.1+]","2006605356","1","https://steamcommunity.com/sharedfiles/filedetails/?id=2006605356","Installed Steam Workshop copy","CM Color Coded Mood Bar [1.1+]","CrashM.ColorCodedMoodBar.11","","1.1; 1.2; 1.3; 1.4; 1.5; 1.6","brrainz.harmony","DerekBickley.LTOColonyGroupsFinal; SaucyPigeon.PawnBadge; Dark.JobInBar","","","workshop/294100/2006605356/About/About.xml","4332D2E11E6D1F7B17EA849541E346AF7CF8EA896C9F9E4E672F8705930F7AF4","About.xml parsed","v1.1; v1.2; v1.3; v1.4; v1.5; v1.6","","6","","Parsed; all listed folders exist locally"
"66","Common Sense","1561769193","1","https://steamcommunity.com/sharedfiles/filedetails/?id=1561769193","Installed Steam Workshop copy","Common Sense","avilmask.CommonSense","","1.0; 1.1; 1.2; 1.3; 1.4; 1.5; 1.6","brrainz.harmony","UnlimitedHugs.HugsLib; sumghaiDubwise.Replimat; Dubwise.DubsBadHygiene; Owlchemist.BadHygieneLite; Atlas.AndroidTiers; aRandomKiwi.AndroidTiersTXSerie","","","workshop/294100/1561769193/About/About.xml","7D88D50091E0EBE694EB1C2118CF9B7496942352B1A11D8856B8A080F1D3220C","About.xml parsed","","","0","","No LoadFolders.xml; default version-folder discovery applies"
"67","Compact Work Tab (Continued)","3250322299","1","https://steamcommunity.com/sharedfiles/filedetails/?id=3250322299","Installed Steam Workshop copy","Compact Work Tab (Continued)","Mlie.CompactWorkTab","1.6.0","1.4; 1.5; 1.6","brrainz.harmony","brrainz.harmony","","","workshop/294100/3250322299/About/About.xml","F54DF1876CD8E6FA25030BC62491A45B0803FB12BA91631EA97D3179E21D01DA","About.xml parsed","","","0","","No LoadFolders.xml; default version-folder discovery applies"
"68","Corpse info","2913588675","1","https://steamcommunity.com/sharedfiles/filedetails/?id=2913588675","Installed Steam Workshop copy","Corpse info","arl85.CorpseInfo","","1.4; 1.5; 1.6","brrainz.harmony","brrainz.harmony","","","workshop/294100/2913588675/About/About.xml","70735DB53B82AC1FA1CE417062D577858D8EA13761A63509A87CF763BCA3AF23","About.xml parsed","","","0","","No LoadFolders.xml; default version-folder discovery applies"
"69","Craftable Mountains","2906276423","1","https://steamcommunity.com/sharedfiles/filedetails/?id=2906276423","Installed Steam Workshop copy","Craftable Mountains","GwinnBleidd.CraftableMountains","","1.4; 1.5; 1.6","","","","","workshop/294100/2906276423/About/About.xml","946F74F58A5BC6AD9890132038B6E3DA3AA03B297CE27EF46F0F3DCFAC14FEF2","About.xml parsed","","","0","","No LoadFolders.xml; default version-folder discovery applies"
"70","Damage Indicators [1.6]","2016331497","1","https://steamcommunity.com/sharedfiles/filedetails/?id=2016331497","Installed Steam Workshop copy","Damage Indicators [1.6]","CaesarV6.DamageIndicators","","1.1; 1.2; 1.3; 1.4; 1.5; 1.6","brrainz.harmony","","","","workshop/294100/2016331497/About/About.xml","D653D63E4F66E86489841EC3E7A1F531EB4F623B73C6E1DE112C6AB35D6CBB90","About.xml parsed","","","0","","No LoadFolders.xml; default version-folder discovery applies"
"71","Death Rattle Continued [1.2+]","2896207870","1","https://steamcommunity.com/sharedfiles/filedetails/?id=2896207870","Installed Steam Workshop copy","Death Rattle Continued [1.2+]","Troopersmith1.DeathRattle","","1.3; 1.4; 1.5; 1.6","brrainz.harmony","brrainz.harmony; vat.epoeforked","","","workshop/294100/2896207870/About/About.xml","A22178787D89CBEBCCDA2A164F8E280BDDEC34F2592C3F4D9CE27A7DD49AE379","About.xml parsed","v1.4; v1.4; v1.5; v1.6","IfModActive","6","","Parsed; all listed folders exist locally"
"72","Dependency Overdose Fix","3421951605","1","https://steamcommunity.com/sharedfiles/filedetails/?id=3421951605","Installed Steam Workshop copy","Dependency Overdose Fix","TheCafFiend.OverdoseDependencyFix","","1.5; 1.6","brrainz.harmony","brrainz.harmony; Ludeon.RimWorld; Ludeon.RimWorld.Royalty; Ludeon.RimWorld.Ideology; Ludeon.RimWorld.Biotech","","","workshop/294100/3421951605/About/About.xml","0001C4B431A5D851D2D7915F07B6CB1E97128675D64C264A8376F001F050EC58","About.xml parsed","","","0","","No LoadFolders.xml; default version-folder discovery applies"
"73","Destroy Item","2423311270","1","https://steamcommunity.com/sharedfiles/filedetails/?id=2423311270","Installed Steam Workshop copy","Destroy Item","Garwel.DestroyItem","","1.2; 1.3; 1.4; 1.5; 1.6","","Ludeon.RimWorld","","","workshop/294100/2423311270/About/About.xml","96DD309BC26FFC9EFEE470D60EB5C831E99DB14A760A59277253FA9FA0F3B8B5","About.xml parsed","","","0","","No LoadFolders.xml; default version-folder discovery applies"
"74","Ding On Game Loaded","2425530959","1","https://steamcommunity.com/sharedfiles/filedetails/?id=2425530959","Installed Steam Workshop copy","Ding On Game Loaded","Mlie.DingOnGameLoaded","1.6.1","1.1; 1.2; 1.3; 1.4; 1.5; 1.6","brrainz.harmony","brrainz.harmony","","","workshop/294100/2425530959/About/About.xml","D75242EE5C61E981901F5C716F1CB45C35EF78A69C4EB7EB2557167D7D93A321","About.xml parsed","","","0","","No LoadFolders.xml; default version-folder discovery applies"
"75","Do Recreation When Idle","3368214339","1","https://steamcommunity.com/sharedfiles/filedetails/?id=3368214339","Installed Steam Workshop copy","Do Recreation When Idle","Xercaine.DoRecreationWhenIdle","","1.4; 1.5; 1.6","brrainz.harmony","","","","workshop/294100/3368214339/About/About.xml","A33EC2140DCAB9A5CF21BAF67D0C72E6D4A3779041ACFE572E4E0F5C39BFD2E8","About.xml parsed","","","0","","No LoadFolders.xml; default version-folder discovery applies"
"76","Do Your F****** Research","3523205869","1","https://steamcommunity.com/sharedfiles/filedetails/?id=3523205869","Installed Steam Workshop copy","Do Your F****** Research","MD.PrioritizeResearch","","1.2; 1.3; 1.4; 1.5; 1.6","brrainz.harmony","Ludeon.RimWorld; brrainz.harmony","","","workshop/294100/3523205869/About/About.xml","2FECF758A032661283E200387D5E08A560B185468942C67593FE43100A034DBB","About.xml parsed","","","0","","No LoadFolders.xml; default version-folder discovery applies"
"77","Doors Expanded","3532342422","1","https://steamcommunity.com/sharedfiles/filedetails/?id=3532342422","Installed Steam Workshop copy","Doors Expanded","jecrell.doorsexpanded","","1.0; 1.1; 1.2; 1.3; 1.4; 1.5; 1.6","brrainz.harmony","","","","workshop/294100/3532342422/About/About.xml","05A074F39F75C154E9DA609EDF84887EDCBD1D3E483E8392A6E8E111A5D67184","About.xml parsed","v1.0; v1.1; v1.2; v1.3; v1.4; v1.5; v1.6","","8","","Parsed; all listed folders exist locally"
"78","Draftable Animals - Releashed","3534629428","1","https://steamcommunity.com/sharedfiles/filedetails/?id=3534629428","Installed Steam Workshop copy","Draftable Animals - Releashed","Wolfcub05.DraftableAnimals","","1.6","brrainz.harmony","","","","workshop/294100/3534629428/About/About.xml","A5A632BC93DC43478DA9BE4C986C8266F9FE394A0673CE0173E38654FD1C4D52","About.xml parsed","","","0","","No LoadFolders.xml; default version-folder discovery applies"
"79","DragSelect","2599942235","1","https://steamcommunity.com/sharedfiles/filedetails/?id=2599942235","Installed Steam Workshop copy","DragSelect","telardo.DragSelect","1.6.0.2","1.3; 1.4; 1.5; 1.6","brrainz.harmony","","","","workshop/294100/2599942235/About/About.xml","028853DFFC09A206159CBB98C7106951FBB2F29D22B4512853E7BD5D55121843","About.xml parsed","v1.3; v1.4; v1.5; v1.6","IfModActive","5","","Parsed; all listed folders exist locally"
"80","Dual Wield - Continued","3630049419","1","https://steamcommunity.com/sharedfiles/filedetails/?id=3630049419","Installed Steam Workshop copy","Dual Wield - Continued","MemeGoddess.DualWield","","1.0; 1.1; 1.2; 1.3; 1.4; 1.5; 1.6","brrainz.harmony","","","roolo.runandgun; roolo.runandgun.kotobike","workshop/294100/3630049419/About/About.xml","B6D26EDF546218F9AC026BB8216BEC1E91E45BA94C48F632122C0ACDFB543AA2","About.xml parsed","v1.1; v1.2; v1.3; v1.4; v1.5; v1.6","","5","","Parsed; all listed folders exist locally"
"81","Dubs Mint Menus","1446523594","1","https://steamcommunity.com/sharedfiles/filedetails/?id=1446523594","Installed Steam Workshop copy","Dubs Mint Menus","Dubwise.DubsMintMenus","1.3.1247","1.0; 1.1; 1.2; 1.3; 1.4; 1.5; 1.6","","","","","workshop/294100/1446523594/About/About.xml","1D6001ABD5582AE2873047C761936E6250E65B65D5AE1AFDAA09407A83397406","About.xml parsed","","","0","","No LoadFolders.xml; default version-folder discovery applies"
"82","Dubs Mint Minimap","1662119905","1","https://steamcommunity.com/sharedfiles/filedetails/?id=1662119905","Installed Steam Workshop copy","Dubs Mint Minimap","dubwise.dubsmintminimap","1.3.800","1.0; 1.1; 1.2; 1.3; 1.4; 1.5; 1.6","","","","","workshop/294100/1662119905/About/About.xml","A96E6D9C659E89141074ED31C0FC02FA39E189095EF28CD701B33BEC0BE5A58A","About.xml parsed","","","0","","No LoadFolders.xml; default version-folder discovery applies"
"83","Dubs Rimatomics","1127530465","1","https://steamcommunity.com/sharedfiles/filedetails/?id=1127530465","Installed Steam Workshop copy","Dubs Rimatomics","Dubwise.Rimatomics","1.7.3551","1.0; 1.1; 1.2; 1.3; 1.4; 1.5; 1.6","","","","","workshop/294100/1127530465/About/About.xml","E5054EDE7290B443CA82427EEEA94A0583519EBC9DE70CD940269A3428813ACB","About.xml parsed","","","0","","No LoadFolders.xml; default version-folder discovery applies"
"84","Dubs Rimkit","832333531","1","https://steamcommunity.com/sharedfiles/filedetails/?id=832333531","Installed Steam Workshop copy","Dubs Rimkit","Dubwise.DubsRimkit","1.5.2023","1.0; 1.1; 1.2; 1.3; 1.4; 1.5; 1.6","","","","","workshop/294100/832333531/About/About.xml","C073521ED5427D1C71E6EB1E8E77C085D675ABDA2DE06F9893D946FCFA072AF8","About.xml parsed","","","0","","No LoadFolders.xml; default version-folder discovery applies"
"85","EdB Prepare Carefully","735106432","1","https://steamcommunity.com/sharedfiles/filedetails/?id=735106432","Installed Steam Workshop copy","EdB Prepare Carefully","EdB.PrepareCarefully","","1.1; 1.2; 1.3; 1.4; 1.5; 1.6","","net.pardeike.rimworld.mod.harmony","","","workshop/294100/735106432/About/About.xml","C2329763ACE62AEBA5D898445430B89DAB5746EFC7F88186015D16CC7E05CEC0","About.xml parsed","v1.1; v1.2; v1.3; v1.4; v1.5; v1.6","","7","","Parsed; all listed folders exist locally"
"86","Efficient batteries","865497369","1","https://steamcommunity.com/sharedfiles/filedetails/?id=865497369","Installed Steam Workshop copy","Efficient batteries","efficient.batteries","","1.0; 1.1; 1.2; 1.3; 1.4; 1.5; 1.6","","","","","workshop/294100/865497369/About/About.xml","3D803E91E0C22735EF979E9D1BA52CFC35546655394B55F2A3C6BE7574AB6A03","About.xml parsed","","","0","","No LoadFolders.xml; default version-folder discovery applies"
"87","Egg Incubator","2505566813","1","https://steamcommunity.com/sharedfiles/filedetails/?id=2505566813","Installed Steam Workshop copy","Egg Incubator","Mlie.EggIncubator","1.6.0","1.1; 1.2; 1.3; 1.4; 1.5; 1.6","brrainz.harmony","brrainz.harmony","","","workshop/294100/2505566813/About/About.xml","E4F53337BBDED76E73378582F0248A0D2C2A8CFC26C9E834B02491D6893E3859","About.xml parsed","v1.1; v1.2; v1.3; v1.4; v1.5; v1.6","","8","","Parsed; all listed folders exist locally"
"88","Electric Stonecutting Table","1649368867","1","https://steamcommunity.com/sharedfiles/filedetails/?id=1649368867","Installed Steam Workshop copy","Electric Stonecutting Table","Cocaine.ElectricStonecuttingTable","","1.0; 1.1; 1.2; 1.3; 1.4; 1.5; 1.6","","","","","workshop/294100/1649368867/About/About.xml","65D19F1A518BDC6531C4F5311342E0B41B43EDED7F1AB4297EC6E4953AD40758","About.xml parsed","","","0","","No LoadFolders.xml; default version-folder discovery applies"
"89","Explosive Implant (Continued)","2162909284","1","https://steamcommunity.com/sharedfiles/filedetails/?id=2162909284","Installed Steam Workshop copy","Explosive Implant (Continued)","Mlie.ExplosiveImplant","1.6.1","1.0; 1.1; 1.2; 1.3; 1.4; 1.5; 1.6","brrainz.harmony","brrainz.harmony","","","workshop/294100/2162909284/About/About.xml","67A5ECD5F21EA9DD69C3F5C09FF5AF643B949974471875D6A837FA4642CCA548","About.xml parsed","","","0","","No LoadFolders.xml; default version-folder discovery applies"
"90","Fists Aren't Made of Steel","2845980214","1","https://steamcommunity.com/sharedfiles/filedetails/?id=2845980214","Installed Steam Workshop copy","Fists Aren't Made of Steel","Aelanna.FistNerf","","1.3; 1.4; 1.5; 1.6","","","","","workshop/294100/2845980214/About/About.xml","41B9307991D4D51B666993A97DC50ECFEC65727D824932861E2419E2B32D5BB2","About.xml parsed","","","0","","No LoadFolders.xml; default version-folder discovery applies"
"91","Flickable Storage","2497907804","1","https://steamcommunity.com/sharedfiles/filedetails/?id=2497907804","Installed Steam Workshop copy","Flickable Storage","Mlie.FlickableStorage","1.6.2","1.1; 1.2; 1.3; 1.4; 1.5; 1.6","brrainz.harmony","brrainz.harmony","","","workshop/294100/2497907804/About/About.xml","D8E29D09E7FA18945A604BC221DDC10B6739A6FCC77A1A3F0E08505823290A37","About.xml parsed","","","0","","No LoadFolders.xml; default version-folder discovery applies"
"92","Floors Are (Absolutely) Worthless","2960126462","1","https://steamcommunity.com/sharedfiles/filedetails/?id=2960126462","Installed Steam Workshop copy","Floors Are (Absolutely) Worthless","Hawkwood.FloorsAreAlmostWorthless","","1.4; 1.5; 1.6","","","","","workshop/294100/2960126462/About/About.xml","F34CC39D5FDD6CAF6AB938FD20C546922C189E904F994BFD246EABE207BDE2CF","About.xml parsed","","","0","","No LoadFolders.xml; default version-folder discovery applies"
"93","Food Poisoning Stack Fix (Continued)","2843483188","1","https://steamcommunity.com/sharedfiles/filedetails/?id=2843483188","Installed Steam Workshop copy","Food Poisoning Stack Fix (Continued)","Mlie.FoodPoisoningStackFix","1.6.1","1.3; 1.4; 1.5; 1.6","brrainz.harmony","brrainz.harmony","","","workshop/294100/2843483188/About/About.xml","7FFD8E646362451F53380447FCCF1C26FBADBAB5D6598658C620999E648D343A","About.xml parsed","","","0","","No LoadFolders.xml; default version-folder discovery applies"
"94","Force Xenogerm Implantation","2958300354","1","https://steamcommunity.com/sharedfiles/filedetails/?id=2958300354","Installed Steam Workshop copy","Force Xenogerm Implantation","zed.0xff.ForceXenogermImplantation","","1.4; 1.5; 1.6","Ludeon.RimWorld.Biotech; Ludeon.RimWorld.Ideology; brrainz.harmony","","","","workshop/294100/2958300354/About/About.xml","29523493E01212BD471FE8B873F826D64C2D641F45044AB30DD5ED7B757F53F1","About.xml parsed","v1.4; v1.5; v1.6","","3","","Parsed; all listed folders exist locally"
"95","FrameRateControl","1591142767","1","https://steamcommunity.com/sharedfiles/filedetails/?id=1591142767","Installed Steam Workshop copy","FrameRateControl","notfood.FrameRateControl","","1.0; 1.1; 1.2; 1.3; 1.4; 1.5; 1.6","","","","","workshop/294100/1591142767/About/About.xml","90A54DA05DFCDE09B34784787562BC37C6F937D4FFEA640CB07F56F318210D41","About.xml parsed","","","0","","No LoadFolders.xml; default version-folder discovery applies"
"96","Fueled Crematoriums","3286907608","1","https://steamcommunity.com/sharedfiles/filedetails/?id=3286907608","Installed Steam Workshop copy","Fueled Crematoriums","Xercaine.FueledCrematorium","","1.5; 1.6","","","","","workshop/294100/3286907608/About/About.xml","3E2AF3B20B59F94757902F691179A88D94B23CC7961CA4EC62549D2CA010E87E","About.xml parsed","","","0","","No LoadFolders.xml; default version-folder discovery applies"
"97","Gemstones","2000801414","1","https://steamcommunity.com/sharedfiles/filedetails/?id=2000801414","Installed Steam Workshop copy","Gemstones","zylle.Gemstones","","1.0; 1.1; 1.2; 1.3; 1.4; 1.5; 1.6","","","","","workshop/294100/2000801414/About/About.xml","1F8BD5082428ABDDDF6F3749A6F8D4130968211C9CD35719AF204A8EF2F31E31","About.xml parsed","","","0","","No LoadFolders.xml; default version-folder discovery applies"
"98","Giddy-Up 2 - Continued","3674332861","1","https://steamcommunity.com/sharedfiles/filedetails/?id=3674332861","Installed Steam Workshop copy","Giddy-Up 2 - Continued","MemeGoddess.GiddyUp","2.2.5","1.4; 1.5; 1.6","brrainz.harmony","Owlchemist.ToggleableOverlays","dylan.animalgear; com.yayo.yayoAni.continued","roolo.giddyupcore; roolo.giddyuprideandroll; roolo.giddyupcaravan; roolo.giddyupbattlemounts; Owlchemist.GiddyUp; PJerri.GiddyUpPatchLoadingSaves","workshop/294100/3674332861/About/About.xml","8483B32882CB44654CC0AEB985668DF872E1969EEEC7DF6448D9152947FD2848","About.xml parsed","","","0","","No LoadFolders.xml; default version-folder discovery applies"
"99","Glitterworld medicine craftable","1541794953","1","https://steamcommunity.com/sharedfiles/filedetails/?id=1541794953","Installed Steam Workshop copy","Glitterworld medicine craftable","amunra.gmc","","1.0; 1.1; 1.2; 1.3; 1.4; 1.5; 1.6","","","","","workshop/294100/1541794953/About/About.xml","5800979EA3D61DC773CF9CA5A8535301B7F72687D17088605EF2770D26C3ED72","About.xml parsed","","","0","","No LoadFolders.xml; default version-folder discovery applies"
"100","Go Explore!","1814100216","1","https://steamcommunity.com/sharedfiles/filedetails/?id=1814100216","Installed Steam Workshop copy","Go Explore!","Albion.GoExplore","","1.0; 1.1; 1.2; 1.3; 1.4; 1.5; 1.6","","","","","workshop/294100/1814100216/About/About.xml","C231AEA51F5738D9D95E1F7F852DD950110C3442928389AB2DE7FAA4347E2EC0","About.xml parsed","v1.0; v1.1; v1.2; v1.3; v1.4; v1.5; v1.6","","7","","Parsed; all listed folders exist locally"
"101","Gold & Silver Ingots","2527544142","1","https://steamcommunity.com/sharedfiles/filedetails/?id=2527544142","Installed Steam Workshop copy","Gold & Silver Ingots","kongkim.GSingots","","1.0; 1.1; 1.2; 1.3; 1.4; 1.5; 1.6","Ludeon.RimWorld.Royalty","","","","workshop/294100/2527544142/About/About.xml","D223D77B8D4EAA05270661E1AB8C17CE251FDCAFEC6D054A102F7A7732517E19","About.xml parsed","","","0","","No LoadFolders.xml; default version-folder discovery applies"
"102","Graying Hair","2807132773","1","https://steamcommunity.com/sharedfiles/filedetails/?id=2807132773","Installed Steam Workshop copy","Graying Hair","Arkymn.AgingVisuals","","1.3; 1.4; 1.5; 1.6","brrainz.harmony","brrainz.harmony; Ludeon.RimWorld; Ludeon.RimWorld.Royalty; Ludeon.RimWorld.Ideology; Ludeon.RimWorld.Biotech; Ludeon.RimWorld.Anomaly; vanillaexpanded.vpsycastse","","","workshop/294100/2807132773/About/About.xml","0B7268F4E5A494F42537347F6261DE4A77BD4F5ABB0339BC856F74F2C514080C","About.xml parsed","","","0","","No LoadFolders.xml; default version-folder discovery applies"
"103","Greyer morals (Continued)","2018947066","1","https://steamcommunity.com/sharedfiles/filedetails/?id=2018947066","Installed Steam Workshop copy","Greyer morals (Continued)","Mlie.GreyerMorals","1.6.1","1.0; 1.1; 1.2; 1.3; 1.4; 1.5; 1.6","","","","","workshop/294100/2018947066/About/About.xml","6B4987C2339DE0FF492568E3F2782126AB06A609E568CECD829741D8D1CB214B","About.xml parsed","","","0","","No LoadFolders.xml; default version-folder discovery applies"
"104","Hardened Armor","3515052580","1","https://steamcommunity.com/sharedfiles/filedetails/?id=3515052580","Installed Steam Workshop copy","Hardened Armor","Sirprook.HardenedArmor","","1.5; 1.6","brrainz.harmony","brrainz.harmony","","","workshop/294100/3515052580/About/About.xml","B9B963C5F94C4479CF1B95D7C47806420A1DB24ECEFCB45198575911AC4CC19A","About.xml parsed","v1.5; v1.6","","2","","Parsed; all listed folders exist locally"
"105","Harvest Organs Post Mortem Continued","1204502413","1","https://steamcommunity.com/sharedfiles/filedetails/?id=1204502413","Installed Steam Workshop copy","Harvest Organs Post Mortem Continued","Smuffle.HarvestOrgansPostMortem","","1.0; 1.1; 1.2; 1.3; 1.4; 1.5; 1.6","","","","","workshop/294100/1204502413/About/About.xml","05B30AAC47D60475C12F50187196A98AE5151CAD3CAE3E2DB1E2CCCF0AD62DBE","About.xml parsed","","","0","","No LoadFolders.xml; default version-folder discovery applies"
"106","Harvest When Butchering","2898826891","1","https://steamcommunity.com/sharedfiles/filedetails/?id=2898826891","Installed Steam Workshop copy","Harvest When Butchering","Mlie.HarvestWhenButchering","1.6.1","1.3; 1.4; 1.5; 1.6","brrainz.harmony","brrainz.harmony","","","workshop/294100/2898826891/About/About.xml","EF948151791131723AA16B31AD334CDC9E4F446F79F176E62D9624650A8E8F0A","About.xml parsed","","","0","","No LoadFolders.xml; default version-folder discovery applies"
"107","Haul to Stack","949498803","1","https://steamcommunity.com/sharedfiles/filedetails/?id=949498803","Installed Steam Workshop copy","Haul to Stack","jkluch.HaulToStack","","1.0; 1.1; 1.2; 1.3; 1.4; 1.5; 1.6","brrainz.harmony","Ludeon.RimWorld; Ludeon.RimWorld.Royalty; brrainz.harmony","","","workshop/294100/949498803/About/About.xml","287296991AB7C83747DC95AF1CB82B67822B561BF067716A49551E5176134E2D","About.xml parsed","v1.1; v1.2; v1.3; v1.4; v1.5; v1.6","","6","","Parsed; all listed folders exist locally"
"108","Healer Mech Serum Choice","2714095848","1","https://steamcommunity.com/sharedfiles/filedetails/?id=2714095848","Installed Steam Workshop copy","Healer Mech Serum Choice","Syrus.HMSChoice","","1.3; 1.4; 1.5; 1.6","brrainz.harmony","brrainz.harmony","","","workshop/294100/2714095848/About/About.xml","4189F33496658A7D3F6D399964CB7F4D3F5B7A707332AEC5D726510DA2C2DA5A","About.xml parsed","","","0","","No LoadFolders.xml; default version-folder discovery applies"
"109","Hospital","2992224079","1","https://steamcommunity.com/sharedfiles/filedetails/?id=2992224079","Installed Steam Workshop copy","Hospital","Adamas.Hospital","","1.4; 1.5; 1.6","brrainz.harmony","","","","workshop/294100/2992224079/About/About.xml","A85F70D3A6D9D8DB57D62059BBFDE3BFBD960BF8BE85D6AD93E6027967D78828","About.xml parsed","","","0","","No LoadFolders.xml; default version-folder discovery applies"
"110","Human Power Generator Mod","1706030487","1","https://steamcommunity.com/sharedfiles/filedetails/?id=1706030487","Installed Steam Workshop copy","Human Power Generator Mod","FLASHPOINT55.HumanPowerGeneratorMod","","1.0; 1.1; 1.2; 1.3; 1.4; 1.5; 1.6","","","","","workshop/294100/1706030487/About/About.xml","D1268B0BA80CCC886B8FBBED6E59902E4ED9D19057C00DB8079CE6A0E02F89BA","About.xml parsed","","","0","","No LoadFolders.xml; default version-folder discovery applies"
"111","I Clearly Have Enough! (Continued)","2023661266","1","https://steamcommunity.com/sharedfiles/filedetails/?id=2023661266","Installed Steam Workshop copy","I Clearly Have Enough! (Continued)","Mlie.IClearlyHaveEnough","1.6.3","1.0; 1.1; 1.2; 1.3; 1.4; 1.5; 1.6","brrainz.harmony","brrainz.harmony","","","workshop/294100/2023661266/About/About.xml","97C86776CB0F3530BB30F0160BF9E2960348F9639AB1CFB17291C5625124A6B6","About.xml parsed","","","0","","No LoadFolders.xml; default version-folder discovery applies"
"112","Inject Genes","2918091446","1","https://steamcommunity.com/sharedfiles/filedetails/?id=2918091446","Installed Steam Workshop copy","Inject Genes","Zaf.InjectGene","","1.4; 1.5; 1.6","","","","","workshop/294100/2918091446/About/About.xml","FE3F32595BF0134D2C5D2A07FE57000880495FA4B6767227A5CB1E799746176A","About.xml parsed","","","0","","No LoadFolders.xml; default version-folder discovery applies"
"113","Injured Carry","2413690575","1","https://steamcommunity.com/sharedfiles/filedetails/?id=2413690575","Installed Steam Workshop copy","Injured Carry","Haecriver.InjuredCarry","","1.2; 1.3; 1.4; 1.5; 1.6","brrainz.harmony","brrainz.harmony; SmashPhil.VehicleFramework","","","workshop/294100/2413690575/About/About.xml","3F2908C1F241A27A9AB5BE771AA974E70E82F4DEEA6C0AEFDF9A9693F43FDB90","About.xml parsed","","","0","","No LoadFolders.xml; default version-folder discovery applies"
"114","Integrated Genes","2884115974","1","https://steamcommunity.com/sharedfiles/filedetails/?id=2884115974","Installed Steam Workshop copy","Integrated Genes","Turnovus.Biotech.IntegratedGenes","1.8.0","1.4; 1.5; 1.6","Ludeon.RimWorld.Biotech","","","","workshop/294100/2884115974/About/About.xml","A13425D23E9FB930B57C94C7249816415E5055822D1744585E2D3DDE8FFFB179","About.xml parsed","v1.4; v1.5; v1.6","IfModActive","14","","Parsed; all listed folders exist locally"
"115","InterRim Ballistic Missile","3682304832","1","https://steamcommunity.com/sharedfiles/filedetails/?id=3682304832","Installed Steam Workshop copy","InterRim Ballistic Missile","kazepsi.irbm","","1.6","","brrainz.harmony; Ludeon.RimWorld","","","workshop/294100/3682304832/About/About.xml","AEAC3838D6DF83A1757C1B74A11DDB844683B0162E98D9466495E5FF637CBD7E","About.xml parsed","","","0","","No LoadFolders.xml; default version-folder discovery applies"
"116","Just Put It Over There","2856471776","1","https://steamcommunity.com/sharedfiles/filedetails/?id=2856471776","Installed Steam Workshop copy","Just Put It Over There","Mlie.JustPutItOverThere","1.6.1","1.3; 1.4; 1.5; 1.6","brrainz.harmony","brrainz.harmony","","","workshop/294100/2856471776/About/About.xml","C9F45B4321DA906E590B8C9E9A7256C470967FC895D9EAC882FA95532BA2336A","About.xml parsed","","","0","","No LoadFolders.xml; default version-folder discovery applies"
"117","Keep Converting","3461478214","1","https://steamcommunity.com/sharedfiles/filedetails/?id=3461478214","Installed Steam Workshop copy","Keep Converting","Linnun.KeepConverting","","1.5; 1.6","brrainz.harmony; Ludeon.RimWorld.Ideology","Ludeon.RimWorld; Ludeon.RimWorld.Royalty; Ludeon.RimWorld.Ideology; Ludeon.RimWorld.Biotech; Ludeon.RimWorld.Anomaly; Ludeon.RimWorld.Odyssey; brrainz.harmony","","","workshop/294100/3461478214/About/About.xml","EFAF242661154106A44EE370421275A1CE3E4AAFC71F0C994612F0980EE78F9E","About.xml parsed","v1.5; v1.6","","2","","Parsed; all listed folders exist locally"
"118","Ladies Can Flirt Too! (Continued)","3559816908","1","https://steamcommunity.com/sharedfiles/filedetails/?id=3559816908","Installed Steam Workshop copy","Ladies Can Flirt Too! (Continued)","Mlie.LadiesCanFlirtToo","1.6.1","1.3; 1.4; 1.5; 1.6","brrainz.harmony","brrainz.harmony","","Mlie.RationalRomance; Mlie.RationalRomance2; Community.Psychology.UnofficialUpdate","workshop/294100/3559816908/About/About.xml","AA40BE23B14B4FA4E57B77ED8371351F747A669F0362962015B1AE785D074DC4","About.xml parsed","","","0","","No LoadFolders.xml; default version-folder discovery applies"
"119","Less Stupid Romance Attempt (Continued)","2014603702","1","https://steamcommunity.com/sharedfiles/filedetails/?id=2014603702","Installed Steam Workshop copy","Less Stupid Romance Attempt (Continued)","Mlie.LessStupidRomanceAttempt","1.6.2","1.0; 1.1; 1.2; 1.3; 1.4; 1.5; 1.6","brrainz.harmony","brrainz.harmony","","","workshop/294100/2014603702/About/About.xml","A24F5A2DC5B84C5FEDA023A38E4856AAB1CE0A3011386128E03E314B911E3895","About.xml parsed","","","0","","No LoadFolders.xml; default version-folder discovery applies"
"120","Live With The Pain","2659985388","1","https://steamcommunity.com/sharedfiles/filedetails/?id=2659985388","Installed Steam Workshop copy","Live With The Pain","Mlie.LiveWithThePain","1.6.2","1.1; 1.2; 1.3; 1.4; 1.5; 1.6","brrainz.harmony","brrainz.harmony","","","workshop/294100/2659985388/About/About.xml","1B1D302BE16DD3FA87B32883730D5F780CB54C012F88A2D842A1ABEDF597D8F2","About.xml parsed","","","0","","No LoadFolders.xml; default version-folder discovery applies"
"121","Luciferium craftable","1541795146","1","https://steamcommunity.com/sharedfiles/filedetails/?id=1541795146","Installed Steam Workshop copy","Luciferium craftable","amunra.lc","","1.0; 1.1; 1.2; 1.3; 1.4; 1.5; 1.6","","","","","workshop/294100/1541795146/About/About.xml","51C6F7BA417E5D61FEE57ED7E5090978D6122EEC87ECDBC765CA28AFCB0DF760","About.xml parsed","","","0","","No LoadFolders.xml; default version-folder discovery applies"
"122","LWM's Adaptive Deep Storage","3373064575","1","https://steamcommunity.com/sharedfiles/filedetails/?id=3373064575","Installed Steam Workshop copy","LWM's Adaptive Deep Storage","ASF.DeepStorage","","1.4; 1.5; 1.6","adaptive.storage.framework","Ludeon.RimWorld; adaptive.storage.framework","","","workshop/294100/3373064575/About/About.xml","3F6B3E84997358D345126E4EE3D390FE2CE26277F6C9E9A3D19820D94AEC98F5","About.xml parsed","","","0","","No LoadFolders.xml; default version-folder discovery applies"
"123","Mad Skills","731111514","1","https://steamcommunity.com/sharedfiles/filedetails/?id=731111514","Installed Steam Workshop copy","Mad Skills","ratys.madskills","","1.0; 1.1; 1.2; 1.3; 1.4; 1.5; 1.6","brrainz.harmony","","","","workshop/294100/731111514/About/About.xml","5AE3FBAEC8EEC15BB51CDB8FAF28CB6A7770EAF14900BCDB60A07D1691D78E82","About.xml parsed","v1.1; v1.2; v1.3; v1.4; v1.5; v1.6","","6","","Parsed; all listed folders exist locally"
"124","Map Preview","2800857642","1","https://steamcommunity.com/sharedfiles/filedetails/?id=2800857642","Installed Steam Workshop copy","Map Preview","m00nl1ght.MapPreview","","1.3; 1.4; 1.5; 1.6","","Ludeon.RimWorld; Ludeon.RimWorld.Royalty; Ludeon.RimWorld.Ideology; Ludeon.RimWorld.Biotech; Ludeon.RimWorld.Anomaly; Ludeon.RimWorld.Odyssey; brrainz.harmony","","","workshop/294100/2800857642/About/About.xml","04BC5687850597CCACEBCE213BD04FEB5C867AD040FA0AB7D058E9971E03B90B","About.xml parsed","v1.3; v1.4; v1.5; v1.6","","4","","Parsed; all listed folders exist locally"
"125","Meals On Wheels - Continued","3538082807","1","https://steamcommunity.com/sharedfiles/filedetails/?id=3538082807","Installed Steam Workshop copy","Meals On Wheels - Continued","Memegoddess.MealsOnWheels","","1.1; 1.2; 1.3; 1.4; 1.5; 1.6","brrainz.harmony","","","","workshop/294100/3538082807/About/About.xml","B049AD3E1ACCED39F656BEB203E03AA97EA7AE7680974974E6D5F5675A7D67C0","About.xml parsed","v1.1; v1.2; v1.3; v1.4; v1.5; v1.6","","6","","Parsed; all listed folders exist locally"
"126","Medical IVs Fork","3480177412","1","https://steamcommunity.com/sharedfiles/filedetails/?id=3480177412","Installed Steam Workshop copy","Medical IVs Fork","cantaloupetheclown.MedicalIVsFork","","1.5; 1.6","brrainz.harmony","Oren.MedicalSystemExpansion; brrainz.harmony; Dubwise.DubsBadHygiene","","tophd7.MedicalIVs","workshop/294100/3480177412/About/About.xml","01FC47BDE1CB804EA06B33A8F52F4FB9C8791F4FE86CC3A127CC47F247CDA388","About.xml parsed","v1.5; v1.6","IfModNotActive","4","","Parsed; all listed folders exist locally"
"127","Mine Sight","3769804600","1","https://steamcommunity.com/sharedfiles/filedetails/?id=3769804600","Installed Steam Workshop copy","Mine Sight","rabiosus.minesight","","1.6","brrainz.harmony","brrainz.harmony","","","workshop/294100/3769804600/About/About.xml","CCF64AF91500DE64EBA14E04AA8A600CC58857D2543657A229BA59A00C9141B1","About.xml parsed","","","0","","No LoadFolders.xml; default version-folder discovery applies"
"128","MinifyEverything","872762753","1","https://steamcommunity.com/sharedfiles/filedetails/?id=872762753","Installed Steam Workshop copy","MinifyEverything","erdelf.MinifyEverything","","1.0; 1.1; 1.2; 1.3; 1.4; 1.5; 1.6","","","","","workshop/294100/872762753/About/About.xml","C274605B58EE5915845A17CFD692D674C7786F9BDA961151B349BDB455800407","About.xml parsed","","","0","","No LoadFolders.xml; default version-folder discovery applies"
"129","Misc. Training","717575199","1","https://steamcommunity.com/sharedfiles/filedetails/?id=717575199","Installed Steam Workshop copy","Misc. Training","Haplo.Miscellaneous.Training","1.6.6","1.0; 1.1; 1.2; 1.3; 1.4; 1.5; 1.6","","Haplo.Miscellaneous.Core","","Haplo.Miscellaneous.TrainingNoTask","workshop/294100/717575199/About/About.xml","D14094C09E4FADC84C5FDF81630A0F8F8AEC7C966A7E9253BC75A082BB271690","About.xml parsed","","","0","","No LoadFolders.xml; default version-folder discovery applies"
"130","More Beautiful Bodies","3341372760","1","https://steamcommunity.com/sharedfiles/filedetails/?id=3341372760","Installed Steam Workshop copy","More Beautiful Bodies","Burpee.MoreBeautifulBodies","","1.5; 1.6","Ludeon.RimWorld.Biotech","Ludeon.RimWorld.Biotech; vanillaracesexpanded.highmate; vanillaracesexpanded.phytokin; vanillaracesexpanded.pigskin; vanillaracesexpanded.saurid; vanillaracesexpanded.lycanthrope; vanillaracesexpanded.insector; vanillaexpanded.vtexe","mireia.bodies","","workshop/294100/3341372760/About/About.xml","3775700EF64EE6D287234B7E02FBA8C5FBC8372C290CA09EAFBEA0791DC06F12","About.xml parsed","v1.5","IfModActive","2","","Parsed; all listed folders exist locally"
"131","More Crashed Ship Parts","1638467041","1","https://steamcommunity.com/sharedfiles/filedetails/?id=1638467041","Installed Steam Workshop copy","More Crashed Ship Parts","AtamanDolinskaja.MoreCrashedShipParts","","1.0; 1.1; 1.2; 1.3; 1.4; 1.5; 1.6","brrainz.harmony","","","","workshop/294100/1638467041/About/About.xml","9AD7E3FF50E8EDF12F970CA05DF970035B85C9C146795A83FBFDD3D8F94E8D60","About.xml parsed","v1.1; v1.2; v1.3; v1.4; v1.5; v1.6","","7","","Parsed; all listed folders exist locally"
"132","More Faction Interaction (Continued)","2379076640","1","https://steamcommunity.com/sharedfiles/filedetails/?id=2379076640","Installed Steam Workshop copy","More Faction Interaction (Continued)","Mlie.MoreFactionInteraction","1.6.8","1.0; 1.2; 1.3; 1.4; 1.5; 1.6","brrainz.harmony","brrainz.harmony","","","workshop/294100/2379076640/About/About.xml","A3EA0B9A4D68AAE28E648D1D096D47C97BD1292311AD1FA931017E3169F33B0F","About.xml parsed","","","0","","No LoadFolders.xml; default version-folder discovery applies"
"133","More filters for animals' pen","2558978295","1","https://steamcommunity.com/sharedfiles/filedetails/?id=2558978295","Installed Steam Workshop copy","More filters for animals' pen","arl85.AnimalsAgeFilter","","1.3; 1.4; 1.5; 1.6","","","","","workshop/294100/2558978295/About/About.xml","03EEB05531E5A642E6F6D2E913049972DE03FD06F06C7CC9A30DFCDDB07F0D2D","About.xml parsed","","","0","","No LoadFolders.xml; default version-folder discovery applies"
"134","More Linkables","1103809207","1","https://steamcommunity.com/sharedfiles/filedetails/?id=1103809207","Installed Steam Workshop copy","More Linkables","4loris4.MoreLinkables","","1.0; 1.1; 1.2; 1.3; 1.4; 1.5; 1.6","","Xion.MoreToolboxes; VanillaExpanded.VFEPower; VanillaExpanded.HelixienGas; Farxmai2.ComputersNotJunk","","","workshop/294100/1103809207/About/About.xml","976A29726E774376660A2FC0A79CF22235FC576EB6489B87831BE2DBB3223D11","About.xml parsed","","","0","","No LoadFolders.xml; default version-folder discovery applies"
"135","More Milkable and Shearable Animals","3453878341","1","https://steamcommunity.com/sharedfiles/filedetails/?id=3453878341","Installed Steam Workshop copy","More Milkable and Shearable Animals","KobeRiddle.MilkAndWoolPatches","","1.5; 1.6","","ReGrowth.BOTR.ExtinctAnimalsPack","","","workshop/294100/3453878341/About/About.xml","64864B53006F2F4AEE62587CE2322C16AA51EA3661BE741C4B26B197A847DBBF","About.xml parsed","v1.5; v1.6","IfModActive","4","","Parsed; all listed folders exist locally"
"136","More Vanilla Biomes","1931453053","1","https://steamcommunity.com/sharedfiles/filedetails/?id=1931453053","Installed Steam Workshop copy","More Vanilla Biomes","zylle.MoreVanillaBiomes","","1.0; 1.1; 1.2; 1.3; 1.4; 1.5; 1.6","brrainz.harmony","","","","workshop/294100/1931453053/About/About.xml","6195D881E9CD6513319B7FABCE63769FFAA8387EDD357DD5BCC7B6D062120E33","About.xml parsed","v1.0; v1.1; v1.2; v1.3; v1.4; v1.5; v1.6","IfModActive","32","","Parsed; all listed folders exist locally"
"137","Mortar Accuracy","1729446857","1","https://steamcommunity.com/sharedfiles/filedetails/?id=1729446857","Installed Steam Workshop copy","Mortar Accuracy","hobtook.mortaraccuracy","","1.0; 1.1; 1.2; 1.3; 1.4; 1.5; 1.6","","","","CETeam.CombatExtended","workshop/294100/1729446857/About/About.xml","C5CD2382C803ECB5A7247245D153C8B4036E2CABDB7546D9DA37D70139CD71A1","About.xml parsed","v1.1; v1.2; v1.3; v1.4; v1.5; v1.6","","6","","Parsed; all listed folders exist locally"
"138","Move Your Monolith","3221480525","1","https://steamcommunity.com/sharedfiles/filedetails/?id=3221480525","Installed Steam Workshop copy","Move Your Monolith","ferny.moveyourmonolith","","1.5; 1.6","Ludeon.RimWorld.Anomaly","Ludeon.Rimworld; Ludeon.Rimworld.Royalty; Ludeon.Rimworld.Ideology; Ludeon.Rimworld.Biotech; Ludeon.Rimworld.Anomaly","","","workshop/294100/3221480525/About/About.xml","E6873803E3A5BB9687792928AA1A99AEE130FE14BD2A09FB0AEB988FBBC04108","About.xml parsed","","","0","","No LoadFolders.xml; default version-folder discovery applies"
"139","Muzzle Flash","2917732219","1","https://steamcommunity.com/sharedfiles/filedetails/?id=2917732219","Installed Steam Workshop copy","Muzzle Flash","IssacZhuang.MuzzleFlash","","1.4; 1.5; 1.6","","Ludeon.RimWorld","","","workshop/294100/2917732219/About/About.xml","760AE11964BEB0DCB1E82ED19CB168F6D6BEC6D28BB87E29CEDD1CE3DFA873CA","About.xml parsed","v1.4; v1.5; v1.6","","3","","Parsed; all listed folders exist locally"
"140","Name Your Entities","3229905841","1","https://steamcommunity.com/sharedfiles/filedetails/?id=3229905841","Installed Steam Workshop copy","Name Your Entities","ferny.NameYourEntities","","1.5; 1.6","","Ludeon.RimWorld; Ludeon.RimWorld.Anomaly","","","workshop/294100/3229905841/About/About.xml","9169C5A8629934A187DF410CC11D55C305DBA09AB88664BDA56A4D47E4753342","About.xml parsed","","","0","","No LoadFolders.xml; default version-folder discovery applies"
"141","NamesGalore (Continued)","3263018536","1","https://steamcommunity.com/sharedfiles/filedetails/?id=3263018536","Installed Steam Workshop copy","NamesGalore (Continued)","zal.namesgalore","1.0.1","1.5; 1.6","brrainz.harmony","","","","workshop/294100/3263018536/About/About.xml","C90ABB3961CF223A22F9F9A4F9DA04109C32546045029888111C5F243A79178A","About.xml parsed","","","0","","No LoadFolders.xml; default version-folder discovery applies"
"142","Need Bar Overflow","2566316158","1","https://steamcommunity.com/sharedfiles/filedetails/?id=2566316158","Installed Steam Workshop copy","Need Bar Overflow","AmCh.NeedBarOverflow","1.4.7","1.2; 1.3; 1.4; 1.5; 1.6","brrainz.harmony","brrainz.harmony; Ludeon.RimWorld","","","workshop/294100/2566316158/About/About.xml","38E21114DEF15F79DD8BEF38098FBA9224D704A21137E71843A04C4F2483BD85","About.xml parsed","","","0","","No LoadFolders.xml; default version-folder discovery applies"
"143","Neutroamine craftable","1541795281","1","https://steamcommunity.com/sharedfiles/filedetails/?id=1541795281","Installed Steam Workshop copy","Neutroamine craftable","amunra.nc","","1.0; 1.1; 1.2; 1.3; 1.4; 1.5; 1.6","","","","","workshop/294100/1541795281/About/About.xml","2A4CADFEA02B45DC5B6976C3B386809277A69A86036870A6758E4754D2836392","About.xml parsed","","","0","","No LoadFolders.xml; default version-folder discovery applies"
"144","No Burn Metal","1923990111","1","https://steamcommunity.com/sharedfiles/filedetails/?id=1923990111","Installed Steam Workshop copy","No Burn Metal","Unon.NoBurnMetal","","1.0; 1.1; 1.2; 1.3; 1.4; 1.5; 1.6","","","","","workshop/294100/1923990111/About/About.xml","46E44D82DF6C05C11E8CBB58564F352B81C2F24932B46AAF9403A3F71B0FD55C","About.xml parsed","","","0","","No LoadFolders.xml; default version-folder discovery applies"
"145","No Death Cooties On Armour","914638336","1","https://steamcommunity.com/sharedfiles/filedetails/?id=914638336","Installed Steam Workshop copy","No Death Cooties On Armour","cucumpear.cooties","","1.0; 1.1; 1.2; 1.3; 1.4; 1.5; 1.6","","","","","workshop/294100/914638336/About/About.xml","DD08682597183AC211A6C5FFF8F31FC92B7F6DCB7E0D9CA3F034CE472B5644B0","About.xml parsed","v1.0; v1.1; v1.2; v1.3; v1.4; v1.5; v1.6","","3","","Parsed; all listed folders exist locally"
"146","No Hemogen Farm Medical Alert","2887053053","1","https://steamcommunity.com/sharedfiles/filedetails/?id=2887053053","Installed Steam Workshop copy","No Hemogen Farm Medical Alert","Dark.NoHemogenFarmMedicalAlert","","1.4; 1.5; 1.6","ludeon.rimworld.biotech; brrainz.harmony","brrainz.harmony","","","workshop/294100/2887053053/About/About.xml","17513522D94E61ECB85CCF4EAAC04EDD267E08600FEB2BF87E1E806D80FC9B46","About.xml parsed","","","0","","No LoadFolders.xml; default version-folder discovery applies"
"147","No Infestation","2890080496","1","https://steamcommunity.com/sharedfiles/filedetails/?id=2890080496","Installed Steam Workshop copy","No Infestation","walkingproblem.noinfestation","","1.3; 1.4; 1.5; 1.6","","Ludeon.RimWorld; Ludeon.RimWorld.Biotech; OskarPotocki.VFE.Insectoid; OskarPotocki.VFE.Insectoid2; DankPyon.Medieval.Overhaul","","","workshop/294100/2890080496/About/About.xml","57800771586D95BEACD0662653CA9974C789AC3FBB148E2B02742C387B6B48B7","About.xml parsed","v1.3; v1.4; v1.5; v1.6","","4","","Parsed; all listed folders exist locally"
"148","No Quests Without Comms","2557302879","1","https://steamcommunity.com/sharedfiles/filedetails/?id=2557302879","Installed Steam Workshop copy","No Quests Without Comms","eBae.NoQuestsWithoutComms","","1.4; 1.5; 1.6","brrainz.harmony","brrainz.harmony; Compilatron.PowerTab","","","workshop/294100/2557302879/About/About.xml","0144929D49F5648B1421344AC0F2998F63E8FFA03D8968B0F0A59B44D64E14D2","About.xml parsed","","","0","","No LoadFolders.xml; default version-folder discovery applies"
"149","No Royal Clothing Reqs (1.6)","2558797536","1","https://steamcommunity.com/sharedfiles/filedetails/?id=2558797536","Installed Steam Workshop copy","No Royal Clothing Reqs (1.6)","No.Royal.Clothing.Reqs","","1.3; 1.4; 1.5; 1.6","","","","","workshop/294100/2558797536/About/About.xml","DFD6C4D9DEB9C8050CA976D0CC805E8D39EFD402209FDE8EB3E6B1A5E278203A","About.xml parsed","","","0","","No LoadFolders.xml; default version-folder discovery applies"
"150","No Solar Flares","2879659174","1","https://steamcommunity.com/sharedfiles/filedetails/?id=2879659174","Installed Steam Workshop copy","No Solar Flares","laura7z.noflares","","1.4; 1.5; 1.6","","","","","workshop/294100/2879659174/About/About.xml","DFECEEC2BD76E7013A387F8645BD307F3758B1E6F4E8E8010339216F55E05C03","About.xml parsed","","","0","","No LoadFolders.xml; default version-folder discovery applies"
"151","No Sympathy For Prisoners","3533769253","1","https://steamcommunity.com/sharedfiles/filedetails/?id=3533769253","Installed Steam Workshop copy","No Sympathy For Prisoners","sk.noprisonersympathy","1.5.0","1.6","brrainz.harmony","brrainz.harmony","","","workshop/294100/3533769253/About/About.xml","5A72B6B7E01D9B9D085CD5697D27485A1B37C01DA6C75F62447A79824E3968AE","About.xml parsed","","","0","","No LoadFolders.xml; default version-folder discovery applies"
"152","Non uno Pinata (don't drop items)","1778821244","1","https://steamcommunity.com/sharedfiles/filedetails/?id=1778821244","Installed Steam Workshop copy","Non uno Pinata (don't drop items)","avilmask.NonUnoPinata","","1.0; 1.1; 1.2; 1.3; 1.4; 1.5; 1.6","brrainz.harmony","","orion.hospitality","","workshop/294100/1778821244/About/About.xml","5C96642877F0D2A396E9C66D69954CC527DAD71952C7F6E5349AD313B14360EF","About.xml parsed","","","0","","No LoadFolders.xml; default version-folder discovery applies"
"153","Not My Fault","2870045856","1","https://steamcommunity.com/sharedfiles/filedetails/?id=2870045856","Installed Steam Workshop copy","Not My Fault","Vesper.NotMyFault","","1.3; 1.4; 1.5; 1.6","brrainz.harmony","","","","workshop/294100/2870045856/About/About.xml","E74E20FB0A161D493CF70004BCA769CBCD35BD53C0EEFF0CD0F302D4C57A81D4","About.xml parsed","v1.3; v1.4","","2","","Parsed; all listed folders exist locally"
"154","Not Only GeneBank in Orbit Trade","3465476199","1","https://steamcommunity.com/sharedfiles/filedetails/?id=3465476199","Installed Steam Workshop copy","Not Only GeneBank in Orbit Trade","io.github.cvrunmin.OrbitTradeNotOnlyGeneBank","1.0.0","1.5; 1.6","ludeon.rimworld.biotech; brrainz.harmony","","","","workshop/294100/3465476199/About/About.xml","0B291B9472E88B0AB66142D27A6A3C3634CFDC5AA9B0C27B19BE49871F2EAA9D","About.xml parsed","","","0","","No LoadFolders.xml; default version-folder discovery applies"
"155","Numbers","1414302321","1","https://steamcommunity.com/sharedfiles/filedetails/?id=1414302321","Installed Steam Workshop copy","Numbers","Mehni.Numbers","","1.0; 1.1; 1.2; 1.3; 1.4; 1.5; 1.6","brrainz.harmony","","","","workshop/294100/1414302321/About/About.xml","E7738B83BCA45B4538B6DFC5CB1ED68FD9124891ED37442C096C6AB9356070E5","About.xml parsed","","","0","","No LoadFolders.xml; default version-folder discovery applies"
"156","Offspring Inherit Xenogenes (Continued)","3266000468","1","https://steamcommunity.com/sharedfiles/filedetails/?id=3266000468","Installed Steam Workshop copy","Offspring Inherit Xenogenes (Continued)","Mlie.OffspringInheritXenogenes","1.6.0","1.4; 1.5; 1.6","brrainz.harmony","brrainz.harmony","","","workshop/294100/3266000468/About/About.xml","BBC841BD9020225A186F2FFA50D897999D37017E5B1D96C838A575B0E275C3F6","About.xml parsed","","","0","","No LoadFolders.xml; default version-folder discovery applies"
"157","OgreStack","1447140290","1","https://steamcommunity.com/sharedfiles/filedetails/?id=1447140290","Installed Steam Workshop copy","OgreStack","Ogre.OgreStack","","1.1; 1.2; 1.3; 1.4; 1.5; 1.6","","","","","workshop/294100/1447140290/About/About.xml","37B9C6686DB208B3F67DB1ED86898DBC4E9CD745D69B170A3B06D6184EAE66CA","About.xml parsed","","","0","","No LoadFolders.xml; default version-folder discovery applies"
"158","Oops All Gene Banks","2883683444","1","https://steamcommunity.com/sharedfiles/filedetails/?id=2883683444","Installed Steam Workshop copy","Oops All Gene Banks","redundant.oopsallgenepacks","","1.4; 1.5; 1.6","ludeon.rimworld.biotech; brrainz.harmony","ludeon.rimworld.biotech","","","workshop/294100/2883683444/About/About.xml","A40F0F47D0F8F7755FFB16C80927F5643F55A1CC1F989D36208B2D8C2192BAED","About.xml parsed","","","0","","No LoadFolders.xml; default version-folder discovery applies"
"159","Pack Mules Extended","1501052499","1","https://steamcommunity.com/sharedfiles/filedetails/?id=1501052499","Installed Steam Workshop copy","Pack Mules Extended","PackMulesExtended.Standard","","1.0; 1.1; 1.2; 1.3; 1.4; 1.5; 1.6","","","","","workshop/294100/1501052499/About/About.xml","F08CD9F6CB13A8657BD7AE2C9D091419334059BB9FB9E3A73B8165E50B16D55A","About.xml parsed","","","0","","No LoadFolders.xml; default version-folder discovery applies"
"160","Packs Are Not Belts","2509511179","1","https://steamcommunity.com/sharedfiles/filedetails/?id=2509511179","Installed Steam Workshop copy","Packs Are Not Belts","turnovus.submod.backpacksarenotbelts","2.5.0","1.2; 1.3; 1.4; 1.5; 1.6","brrainz.harmony","","","","workshop/294100/2509511179/About/About.xml","9C3B6363836A633FACB074EE7696CA9EEAFEFA950540062DB69DBA546BBB1C11","About.xml parsed","v1.2; v1.3; v1.4; v1.5; v1.6","IfModActive","47","","Parsed; all listed folders exist locally"
"161","Pass It Through The Window! (Continued)","3583129312","1","https://steamcommunity.com/sharedfiles/filedetails/?id=3583129312","Installed Steam Workshop copy","Pass It Through The Window! (Continued)","Mlie.PassItThroughTheWindow","1.6.1","1.5; 1.6","","","","","workshop/294100/3583129312/About/About.xml","A0A86367B927B4814F6ECD881A7E5D3C8947A615A900CC91B4804AF9A61488F4","About.xml parsed","","","0","","No LoadFolders.xml; default version-folder discovery applies"
"162","Pawn Target Fix","2014789938","1","https://steamcommunity.com/sharedfiles/filedetails/?id=2014789938","Installed Steam Workshop copy","Pawn Target Fix","fed1sPlay.PawnTargetFix","","1.1; 1.2; 1.3; 1.4; 1.5; 1.6","brrainz.harmony","brrainz.harmony","","","workshop/294100/2014789938/About/About.xml","5A616ED3C213EBE318C27EE0E5818C71D035C377DEECBB29C8FEFAD37C006A13","About.xml parsed","v1.1; v1.2; v1.3; v1.4; v1.5; v1.6","","4","","Parsed; all listed folders exist locally"
"163","Permeable Terrain","3261312042","1","https://steamcommunity.com/sharedfiles/filedetails/?id=3261312042","Installed Steam Workshop copy","Permeable Terrain","Owlchemist.PermeableTerrain","","1.3; 1.4; 1.5; 1.6","brrainz.harmony","ReGrowth.BOTR.Core","","","workshop/294100/3261312042/About/About.xml","FB92F7EE8276E80DBF1C72F51D654A9E29DB5E59E2CC41B5214092A5BF3199DE","About.xml parsed","","","0","","No LoadFolders.xml; default version-folder discovery applies"
"164","Pick Up And Haul","1279012058","1","https://steamcommunity.com/sharedfiles/filedetails/?id=1279012058","Installed Steam Workshop copy","Pick Up And Haul","Mehni.PickUpAndHaul","","1.0; 1.1; 1.2; 1.3; 1.4; 1.5; 1.6","","brrainz.harmony","","","workshop/294100/1279012058/About/About.xml","E38FE74FB2928DC20A893D8D6DD0F7294957407D66A68396EC7E9329B0D7B7D7","About.xml parsed","","","0","","No LoadFolders.xml; default version-folder discovery applies"
"165","Plant Growth Sync (Continued)","2807616911","1","https://steamcommunity.com/sharedfiles/filedetails/?id=2807616911","Installed Steam Workshop copy","Plant Growth Sync (Continued)","Mlie.PlantGrowthSync","1.6.1","1.1; 1.2; 1.3; 1.4; 1.5; 1.6","","","","","workshop/294100/2807616911/About/About.xml","CBDD2904DA91D9626DA1EA31991ABCC47D27875820707355867540857EACAD8E","About.xml parsed","","","0","","No LoadFolders.xml; default version-folder discovery applies"
"166","Plasteel Surgery (Continued)","2018276375","1","https://steamcommunity.com/sharedfiles/filedetails/?id=2018276375","Installed Steam Workshop copy","Plasteel Surgery (Continued)","Mlie.PlasteelSurgery","1.6.1","1.0; 1.1; 1.2; 1.3; 1.4; 1.5; 1.6","","","","","workshop/294100/2018276375/About/About.xml","8D8916B2B374F80F054D8A9A9BDA5C8A04CC731D61CC47145BF114E252A99C9E","About.xml parsed","","","0","","No LoadFolders.xml; default version-folder discovery applies"
"167","Power Poles","2507086460","1","https://steamcommunity.com/sharedfiles/filedetails/?id=2507086460","Installed Steam Workshop copy","Power Poles","co.uk.epicguru.rimforgepoles","","1.4; 1.5; 1.6","brrainz.harmony","brrainz.harmony","","","workshop/294100/2507086460/About/About.xml","E989E88E52444BD14FC634A3198FD9D6C7EE80DAE0E5144CB9D8BA70FAE71478","About.xml parsed","","","0","","No LoadFolders.xml; default version-folder discovery applies"
"168","Priority Treatment Ressurected","3009738919","1","https://steamcommunity.com/sharedfiles/filedetails/?id=3009738919","Installed Steam Workshop copy","Priority Treatment Ressurected","tk421storm.PriorityTreatmentRessurected","","1.4; 1.5; 1.6","brrainz.harmony","","","","workshop/294100/3009738919/About/About.xml","1F45A053BC08073FA07E1AFCAA0B04A14E256F0E508D57D230808429B8D5B376","About.xml parsed","","","0","","No LoadFolders.xml; default version-folder discovery applies"
"169","Prison Commons (Continued)","2898000489","1","https://steamcommunity.com/sharedfiles/filedetails/?id=2898000489","Installed Steam Workshop copy","Prison Commons (Continued)","Mlie.PrisonCommons","1.6.3","1.2; 1.3; 1.4; 1.5; 1.6","brrainz.harmony","brrainz.harmony","","","workshop/294100/2898000489/About/About.xml","2217441ADF9196BB16B54D5A58835CE0F00627FBF28B9A92BC860B6F9994206E","About.xml parsed","","","0","","No LoadFolders.xml; default version-folder discovery applies"
"170","Prisoner Arena (Continued)","2022581505","1","https://steamcommunity.com/sharedfiles/filedetails/?id=2022581505","Installed Steam Workshop copy","Prisoner Arena (Continued)","Mlie.PrisonerArena","1.6.1","1.0; 1.1; 1.2; 1.3; 1.4; 1.5; 1.6","","","","","workshop/294100/2022581505/About/About.xml","2D51638525D96782CD667540F7214AF517075CDC513403401DD35B870E212C35","About.xml parsed","","","0","","No LoadFolders.xml; default version-folder discovery applies"
"171","Prisoner Harvesting 1.5","3347850851","1","https://steamcommunity.com/sharedfiles/filedetails/?id=3347850851","Installed Steam Workshop copy","Prisoner Harvesting 1.5","Extracting.Organs.1.5","","1.5; 1.6","","","","","workshop/294100/3347850851/About/About.xml","3743990839D497543490C66BE6937D1E5D0F298E370E18628CF09DDC59C9EB41","About.xml parsed","","","0","","No LoadFolders.xml; default version-folder discovery applies"
"172","Prisoner Jumpsuits","3402467889","1","https://steamcommunity.com/sharedfiles/filedetails/?id=3402467889","Installed Steam Workshop copy","Prisoner Jumpsuits","ocarina.prisonerjumpsuits","","1.5; 1.4; 1.3; 1.2; 1.1; 1.0; 1.6","","Ludeon.RimWorld","","","workshop/294100/3402467889/About/About.xml","851E12197D1ADDDC94F5F54606CAA18D4F841973D8CB9E621B7245EAAC0FEDFA","About.xml parsed","","","0","","No LoadFolders.xml; default version-folder discovery applies"
"173","PrisonerRansom","794038005","1","https://steamcommunity.com/sharedfiles/filedetails/?id=794038005","Installed Steam Workshop copy","PrisonerRansom","erdelf.PrisonerRansom","","1.0; 1.1; 1.2; 1.3; 1.4; 1.5; 1.6","","","","","workshop/294100/794038005/About/About.xml","5A725B8D8458954A8D989DE0DC4134DB4B89BD6650BA8BD1017D6552B9DEBFE0","About.xml parsed","","","0","","No LoadFolders.xml; default version-folder discovery applies"
"174","Prisoners Can Read","3409290110","1","https://steamcommunity.com/sharedfiles/filedetails/?id=3409290110","Installed Steam Workshop copy","Prisoners Can Read","divineDerivative.PrisonerReading","","1.5; 1.6","brrainz.harmony","brrainz.harmony","","","workshop/294100/3409290110/About/About.xml","74655884BC0FDD75E6D0A4A0AEF6FCBF3A10E48E4BA0A7DD8411EB586FA91D79","About.xml parsed","","","0","","No LoadFolders.xml; default version-folder discovery applies"
"175","Prisoners Dont Have Keys","2595360307","1","https://steamcommunity.com/sharedfiles/filedetails/?id=2595360307","Installed Steam Workshop copy","Prisoners Dont Have Keys","Mlie.PrisonersDontHaveKeys","1.6.1","1.1; 1.2; 1.3; 1.4; 1.5; 1.6","brrainz.harmony","brrainz.harmony","","","workshop/294100/2595360307/About/About.xml","AA1372440435E53ACAA3C1FD51FD1E513872E2FA57DFC76D5AB638B64375E22E","About.xml parsed","v1.1; v1.2; v1.3; v1.4; v1.5; v1.6","IfModActive","8","","Parsed; all listed folders exist locally"
"176","Prisoners Need Recruiting","2076235181","1","https://steamcommunity.com/sharedfiles/filedetails/?id=2076235181","Installed Steam Workshop copy","Prisoners Need Recruiting","MadaraUchiha.PrisonersNeedRecruiting","","1.1; 1.2; 1.3; 1.4; 1.5; 1.6","","","","","workshop/294100/2076235181/About/About.xml","6D486C4E3AA8DE6BBF6BB6AD046E3877C94D2F692FCC07BB448488DD04DFDAD3","About.xml parsed","","","0","","No LoadFolders.xml; default version-folder discovery applies"
"177","Prisoners Should Fear Turrets","2602436826","1","https://steamcommunity.com/sharedfiles/filedetails/?id=2602436826","Installed Steam Workshop copy","Prisoners Should Fear Turrets","Mlie.PrisonersShouldFearTurrets","1.6.0","1.1; 1.2; 1.3; 1.4; 1.5; 1.6","brrainz.harmony","brrainz.harmony","","","workshop/294100/2602436826/About/About.xml","6D21A9B98D2AF72C0C7034258B4174C6978630E84B0EF837CB3EDBD1808FAC28","About.xml parsed","","","0","","No LoadFolders.xml; default version-folder discovery applies"
"178","Prosthetic Didgets (Continued)","2012507402","1","https://steamcommunity.com/sharedfiles/filedetails/?id=2012507402","Installed Steam Workshop copy","Prosthetic Didgets (Continued)","Mlie.ProstheticDidgets","1.6.1","1.0; 1.1; 1.2; 1.3; 1.4; 1.5; 1.6","","","","","workshop/294100/2012507402/About/About.xml","497AD0E1305AA7997BFE297CDF8D15C1573BCBEC4856D0D03A51A744AAE7291B","About.xml parsed","","","0","","No LoadFolders.xml; default version-folder discovery applies"
"179","Prosthetic No Missing Body Parts (Continued)","2739055353","1","https://steamcommunity.com/sharedfiles/filedetails/?id=2739055353","Installed Steam Workshop copy","Prosthetic No Missing Body Parts (Continued)","Mlie.ProstheticNoMissingBodyParts","1.6.1","1.1; 1.2; 1.3; 1.4; 1.5; 1.6","brrainz.harmony","brrainz.harmony; syrchalis.prosthetictable","","","workshop/294100/2739055353/About/About.xml","005D9883B87885869E6377335FAE88C72F767A5E481864D784D275153B043F51","About.xml parsed","","","0","","No LoadFolders.xml; default version-folder discovery applies"
"180","Quality Colors (Continued)","3513846773","1","https://steamcommunity.com/sharedfiles/filedetails/?id=3513846773","Installed Steam Workshop copy","Quality Colors (Continued)","DawnsGlow.qualcolor","","1.2; 1.3; 1.4; 1.5; 1.6","brrainz.harmony","brrainz.harmony; Ludeon.RimWorld; Ludeon.RimWorld.Royalty; Ludeon.RimWorld.Ideology; Ludeon.RimWorld.Biotech; Ludeon.RimWorld.Anomaly; Ludeon.RimWorld.Odyssey","","","workshop/294100/3513846773/About/About.xml","785C52767B75B51843894EFBCB8EFAC638C7EDEF3E7130D15E4A7339D5975C30","About.xml parsed","","","0","","No LoadFolders.xml; default version-folder discovery applies"
"181","QualityBuilder Unofficial 1.6","3512466087","1","https://steamcommunity.com/sharedfiles/filedetails/?id=3512466087","Installed Steam Workshop copy","QualityBuilder Unofficial 1.6","hatti.qualitybuilder","1.6.013","1.1; 1.2; 1.3; 1.4; 1.5; 1.6","brrainz.harmony","brrainz.harmony","","","workshop/294100/3512466087/About/About.xml","4B9F5352005098843357CBE6AA9764C1FBA7342D11E01170A1B843DD3A55B713","About.xml parsed","v1.1; v1.2; v1.3; v1.4; v1.5; v1.6","","5","","Parsed; all listed folders exist locally"
"182","Questionable Ethics Enhanced (Continued)","2850854272","1","https://steamcommunity.com/sharedfiles/filedetails/?id=2850854272","Installed Steam Workshop copy","Questionable Ethics Enhanced (Continued)","Mlie.QuestionableEthicsEnhanced","1.6.5","1.0; 1.1; 1.2; 1.3; 1.4; 1.5; 1.6","brrainz.harmony","brrainz.harmony","Scorpio.MakeAnythingCraftable","Ogliss.Ykara.HarvestEverything","workshop/294100/2850854272/About/About.xml","07A3C667B6B6729378D4EEDD5CACDBCC5F87A74B72546875D8ACD112CF982033","About.xml parsed","v1.0; v1.1; v1.2; v1.3; v1.4; v1.5; v1.6","","9","","Parsed; all listed folders exist locally"
"183","Real Faction Guest (Continued)","2886929245","1","https://steamcommunity.com/sharedfiles/filedetails/?id=2886929245","Installed Steam Workshop copy","Real Faction Guest (Continued)","Mlie.RealFactionGuest","1.6.1","1.2; 1.3; 1.4; 1.5; 1.6","brrainz.harmony","brrainz.harmony","","","workshop/294100/2886929245/About/About.xml","B40C72B4707FC6A637535D1378E3BDFAFF1D0EE3DA7EC220F790381570B19AC9","About.xml parsed","","","0","","No LoadFolders.xml; default version-folder discovery applies"
"184","Realistic Rooms Rewritten","2558042766","1","https://steamcommunity.com/sharedfiles/filedetails/?id=2558042766","Installed Steam Workshop copy","Realistic Rooms Rewritten","Lucifer.RealisticRooms","","1.3; 1.4; 1.5; 1.6","","","","","workshop/294100/2558042766/About/About.xml","BA8975FB3EBE405851ABB27CD3BC0D787C6CFAE7F0EB3BBB92D14971A065A4F6","About.xml parsed","","","0","","No LoadFolders.xml; default version-folder discovery applies"
"185","ReBuild: Doors and Corners","3262718980","1","https://steamcommunity.com/sharedfiles/filedetails/?id=3262718980","Installed Steam Workshop copy","ReBuild: Doors and Corners","ReBuild.COTR.DoorsAndCorners","1.5-Miller-rev1","1.5; 1.6","OskarPotocki.VanillaFactionsExpanded.Core","brrainz.harmony; Ludeon.RimWorld; Ludeon.RimWorld.Royalty; Ludeon.RimWorld.Ideology; Ludeon.RimWorld.Biotech; Ludeon.RimWorld.Anomaly; OskarPotocki.VanillaFactionsExpanded.Core; NanoCE.GlassLights; Neronix17.Outland.Core; Sarg.AlphaMemes; VanillaExpanded.VFEA; VanillaExpanded.VFEArchitect; VanillaExpanded.VFEArt; VanillaExpanded.VFEMedical; VanillaExpanded.VFESpacer; VanillaExpanded.VTEXVariations; kentington.saveourship2; GT.Sam.BasicDoubleDoors; VanillaExpanded.VTEXE.SOS2","","tikubonn.DontBlockDoor; Owlchemist.DoorClearance; Owlchemist.PerspectiveDoors; Mlie.SilentDoors","workshop/294100/3262718980/About/About.xml","AE26EFD376A1BD5DD6203C4A6E304F81026BC762EB55DE534B765D8505D57265","About.xml parsed","v1.5; v1.6","IfModActive","53","","Parsed; all listed folders exist locally"
"186","Recipe icons (Continued)","2904906618","1","https://steamcommunity.com/sharedfiles/filedetails/?id=2904906618","Installed Steam Workshop copy","Recipe icons (Continued)","Mlie.RecipeIcons","1.6.1","1.0; 1.1; 1.2; 1.3; 1.4; 1.5; 1.6","brrainz.harmony","brrainz.harmony","","","workshop/294100/2904906618/About/About.xml","C55ADA5EF0224831EECE9167E2EBA4EDE5B285F10A02BAD51208AB2CB80F0ABF","About.xml parsed","v1.0; v1.1; v1.2; v1.3; v1.4; v1.5; v1.6","","9","","Parsed; all listed folders exist locally"
"187","Remote Doors (Continued)","2243274070","1","https://steamcommunity.com/sharedfiles/filedetails/?id=2243274070","Installed Steam Workshop copy","Remote Doors (Continued)","Mlie.RemoteDoors","1.6.1","1.0; 1.1; 1.2; 1.3; 1.4; 1.5; 1.6","brrainz.harmony","brrainz.harmony","","","workshop/294100/2243274070/About/About.xml","07FB4C65A5F7FD51D95BB5B599932E01DFCD99C2C43FCA2AE0EA5A4B27930DD6","About.xml parsed","v1.0; v1.1; v1.2; v1.3; v1.4; v1.5; v1.6","","9","","Parsed; all listed folders exist locally"
"188","Removable Mt.Rock Roof Patch","1541438898","1","https://steamcommunity.com/sharedfiles/filedetails/?id=1541438898","Installed Steam Workshop copy","Removable Mt.Rock Roof Patch","Proxyer.RemovableMtRockRoofPatche","1.6.1","1.2; 1.3; 1.4; 1.5; 1.6","","Ludeon.RimWorld; Ludeon.RimWorld.Royalty; Ludeon.RimWorld.Ideology; Ludeon.RimWorld.Biotech; Ludeon.RimWorld.Anomaly","","machine.rtr","workshop/294100/1541438898/About/About.xml","770052E04A3EA04D7980F4545BA3BBCCC4A2CECFA6EBCFC420815B481C9266A1","About.xml parsed","v1.2; v1.3; v1.4; v1.5; v1.6","IfModActive","3","","Parsed; all listed folders exist locally"
"189","Replace Stuff - Continued","3526354009","1","https://steamcommunity.com/sharedfiles/filedetails/?id=3526354009","Installed Steam Workshop copy","Replace Stuff - Continued","Memegoddess.ReplaceStuff","","1.1; 1.2; 1.3; 1.4; 1.5; 1.6","brrainz.harmony","","","solaris.furniturebase; gloomy.furniture.continued","workshop/294100/3526354009/About/About.xml","739921B538122724DC8D0575EB5189D089252DC0E035DBA11044BC6C66E4E993","About.xml parsed","v1.1; v1.2; v1.3; v1.4; v1.5; v1.6","","6","","Parsed; all listed folders exist locally"
"190","Replantable Anima Trees (Continued)","3503586725","1","https://steamcommunity.com/sharedfiles/filedetails/?id=3503586725","Installed Steam Workshop copy","Replantable Anima Trees (Continued)","Spuffy.AnimaReplant","","1.3; 1.4; 1.5; 1.6","","Ludeon.RimWorld.Royalty","","","workshop/294100/3503586725/About/About.xml","8C47393E6663257A796ED7067B14F5409941BC5B3D0A66E82840667E30EBE996","About.xml parsed","","","0","","No LoadFolders.xml; default version-folder discovery applies"
"191","ResearchTree (Eheieh Version)","3569150345","1","https://steamcommunity.com/sharedfiles/filedetails/?id=3569150345","Installed Steam Workshop copy","ResearchTree (Eheieh Version)","eheieh.researchtree","1.6.2","1.6","brrainz.harmony","brrainz.harmony","","","workshop/294100/3569150345/About/About.xml","D8F817E00063EDEF8C5AAF51B821ED25D79646A9CF4FA97D1335831105088FF5","About.xml parsed","v1.6","","2","","Parsed; all listed folders exist locally"
"192","Restraints","1578234826","1","https://steamcommunity.com/sharedfiles/filedetails/?id=1578234826","Installed Steam Workshop copy","Restraints","BDew.Restraints","","1.0; 1.1; 1.2; 1.3; 1.4; 1.5; 1.6","UnlimitedHugs.HugsLib","UnlimitedHugs.HugsLib","","","workshop/294100/1578234826/About/About.xml","D3C1AD084603C817A51280EA4166F7E5153C0FCE4F23160A61CD64F78B61726C","About.xml parsed","v1.1; v1.2; v1.3; v1.4; v1.5; v1.6","","6","","Parsed; all listed folders exist locally"
"193","ReTend","3523724230","1","https://steamcommunity.com/sharedfiles/filedetails/?id=3523724230","Installed Steam Workshop copy","ReTend","temmie3754.retend.1","","1.2; 1.3; 1.4; 1.5; 1.6","brrainz.harmony","","","","workshop/294100/3523724230/About/About.xml","A5E5E96CDD762D319271E060DAF6958E152E9FB1D3BBB979401BCF805FBD0311","About.xml parsed","","","0","","No LoadFolders.xml; default version-folder discovery applies"
"194","Rimefeller","1321849735","1","https://steamcommunity.com/sharedfiles/filedetails/?id=1321849735","Installed Steam Workshop copy","Rimefeller","Dubwise.Rimefeller","1.2.2061","1.0; 1.1; 1.2; 1.3; 1.4; 1.5; 1.6","","","","","workshop/294100/1321849735/About/About.xml","AFF16453ACB0B7C21FC229C7FA13BC39DEC8B134A327FAA89659F78B9BC964C8","About.xml parsed","","","0","","No LoadFolders.xml; default version-folder discovery applies"
"195","RimFridge: Now with Shelves!","2898411376","1","https://steamcommunity.com/sharedfiles/filedetails/?id=2898411376","Installed Steam Workshop copy","RimFridge: Now with Shelves!","rimfridge.kv.rw","2.0.7","1.6; 1.5; 1.4","brrainz.harmony","","","","workshop/294100/2898411376/About/About.xml","A045EF76F0FAB2E5371A7F6EE5CB65F6CDE198060217C913703FBA1015DBF90B","About.xml parsed","","","0","","No LoadFolders.xml; default version-folder discovery applies"
"196","RimWorld Together","3005289691","1","https://steamcommunity.com/sharedfiles/filedetails/?id=3005289691","Installed Steam Workshop copy","RimWorld Together","nova.rimworldtogether","","1.5; 1.6","brrainz.harmony","brrainz.harmony; Ludeon.RimWorld; Ludeon.RimWorld.Royalty; Ludeon.Rimworld.Ideology; Ludeon.Rimworld.Biotech; Ludeon.Rimworld.Odyssey","","jikulopo.prepatcher","workshop/294100/3005289691/About/About.xml","1984F9F24432168DFE503D67A33209798227F3CB479B6022BCD2F11CFA60536F","About.xml parsed","v1.6","","1","","Parsed; all listed folders exist locally"
"197","Romance On The Rim","2654432921","1","https://steamcommunity.com/sharedfiles/filedetails/?id=2654432921","Installed Steam Workshop copy","Romance On The Rim","telardo.RomanceOnTheRim","1.6.1.0","1.3; 1.4; 1.5; 1.6","brrainz.harmony","Jaxe.Bubbles","","","workshop/294100/2654432921/About/About.xml","5652A9B70D233273F4447000721D3A26080C9900C8E1262F84779CBD75A10F2E","About.xml parsed","v1.3; v1.4; v1.5; v1.6","IfModActive","13","","Parsed; all listed folders exist locally"
"198","RunAndGun - Continued","3562365100","1","https://steamcommunity.com/sharedfiles/filedetails/?id=3562365100","Installed Steam Workshop copy","RunAndGun - Continued","MemeGoddess.RunAndGun","","1.0; 1.1; 1.2; 1.3; 1.4; 1.5; 1.6","","","","roolo.dualwield","workshop/294100/3562365100/About/About.xml","A1020E848EA46A28CAC98523F7B927D105E7AAF3111ABD285BACE0BBE2A43D6F","About.xml parsed","v1.0; v1.1; v1.2; v1.3; v1.4; v1.5; v1.6","","6","","Parsed; all listed folders exist locally"
"199","Safely Hidden Away (Continued)","3546378186","1","https://steamcommunity.com/sharedfiles/filedetails/?id=3546378186","Installed Steam Workshop copy","Safely Hidden Away (Continued)","Mlie.SafelyHiddenAway","1.6.1","1.1; 1.2; 1.3; 1.4; 1.5; 1.6","brrainz.harmony","brrainz.harmony","","","workshop/294100/3546378186/About/About.xml","C7D556A330B886263A847845057C9B6918472DAC46349C9CC63ED6C2E6F797E7","About.xml parsed","","","0","","No LoadFolders.xml; default version-folder discovery applies"
"200","Search and Destroy (Continued)","3232242247","1","https://steamcommunity.com/sharedfiles/filedetails/?id=3232242247","Installed Steam Workshop copy","Search and Destroy (Continued)","MemeGoddess.SearchAndDestroy","","1.0; 1.1; 1.2; 1.3; 1.4; 1.5; 1.6","brrainz.harmony","OskarPotocki.VanillaFactionsExpanded.Core; Aoba.DeadManSwitch.Core; onyxae.dragonsdescent","","","workshop/294100/3232242247/About/About.xml","0A91846977FEAA7C4CF032DA070D3546E911096838B4DF41EF8E874F3F9000F7","About.xml parsed","","","0","","No LoadFolders.xml; default version-folder discovery applies"
"201","Secret Passage Doors (Continued)","2412682633","1","https://steamcommunity.com/sharedfiles/filedetails/?id=2412682633","Installed Steam Workshop copy","Secret Passage Doors (Continued)","Mlie.SecretPassageDoors","1.6.3","1.0; 1.1; 1.2; 1.3; 1.4; 1.5; 1.6","brrainz.harmony","brrainz.harmony","","","workshop/294100/2412682633/About/About.xml","9E0A1E4E1AE6394CE4B0D45A2C96D65538A2119379589788F8E49EA4D74FDECD","About.xml parsed","v1.0; v1.1; v1.2; v1.3; v1.4; v1.5; v1.6","","9","","Parsed; all listed folders exist locally"
"202","Sentience Catalyst Filth Rate Reducer","3525790312","1","https://steamcommunity.com/sharedfiles/filedetails/?id=3525790312","Installed Steam Workshop copy","Sentience Catalyst Filth Rate Reducer","FlyingSloth.SCFilthReducer","","1.6","Ludeon.RimWorld.Odyssey","Ludeon.RimWorld; Ludeon.RimWorld.Royalty; Ludeon.RimWorld.Ideology; Ludeon.RimWorld.Biotech; Ludeon.RimWorld.Odyssey; brrainz.harmony","","","workshop/294100/3525790312/About/About.xml","EEFB8F08A0CAF80B89C1557268D99F47C3BA4BF0457A14083B65A3FA08005F22","About.xml parsed","","","0","","No LoadFolders.xml; default version-folder discovery applies"
"203","Shit Rimworld Says (Continued)","3374039039","1","https://steamcommunity.com/sharedfiles/filedetails/?id=3374039039","Installed Steam Workshop copy","Shit Rimworld Says (Continued)","Mlie.ShitRimworldSays","1.6.1","1.1; 1.2; 1.3; 1.4; 1.5; 1.6","brrainz.harmony","brrainz.harmony","","","workshop/294100/3374039039/About/About.xml","8929E0993C3F4F01ECEFA59CD53BC81E50A8C2E838AE80DD11AE23FD1909849C","About.xml parsed","","","0","","No LoadFolders.xml; default version-folder discovery applies"
"204","Show Me Your Hands","2475965842","1","https://steamcommunity.com/sharedfiles/filedetails/?id=2475965842","Installed Steam Workshop copy","Show Me Your Hands","Mlie.ShowMeYourHands","1.6.10","1.1; 1.2; 1.3; 1.4; 1.5; 1.6","brrainz.harmony","brrainz.harmony; MalteSchulze.RIMMSqol","","Mlie.ClutterWeaponHands","workshop/294100/2475965842/About/About.xml","1ABD2C04B8610D14BA4DEB5BB6AB99B264FE9D09C70C4ABEE86F3FB93F79FEB9","About.xml parsed","v1.1; v1.2; v1.3; v1.4; v1.5; v1.6","IfModActive","10","","Parsed; all listed folders exist locally"
"205","Simple sidearms","927155256","1","https://steamcommunity.com/sharedfiles/filedetails/?id=927155256","Installed Steam Workshop copy","Simple sidearms","PeteTimesSix.SimpleSidearms","","1.0; 1.1; 1.2; 1.3; 1.4; 1.5; 1.6","brrainz.harmony","brrainz.harmony; UnlimitedHugs.HugsLib","","","workshop/294100/927155256/About/About.xml","CAB676F9D34A1C8F32FB5ECEC9FDE26157DBE2E75A6EDF7912EB4A38C6C299A9","About.xml parsed","v1.1; v1.2; v1.3; v1.4; v1.5; v1.6","","6","","Parsed; all listed folders exist locally"
"206","Slave Outfit Fix","2926945131","1","https://steamcommunity.com/sharedfiles/filedetails/?id=2926945131","Installed Steam Workshop copy","Slave Outfit Fix","NightKosh.SlaveOutfitFix","","1.4; 1.5; 1.6; 1.7; 1.8; 1.9","","","","","workshop/294100/2926945131/About/About.xml","49387A308AF92B877931855B9F42F48896E169F3682EBE1AF0508BE4B7947770","About.xml parsed","","","0","","No LoadFolders.xml; default version-folder discovery applies"
"207","Small Furniture","3696700829","1","https://steamcommunity.com/sharedfiles/filedetails/?id=3696700829","Installed Steam Workshop copy","Small Furniture","Xercaine.Furniture.Small","","1.6","brrainz.harmony","brrainz.harmony","","","workshop/294100/3696700829/About/About.xml","D97E0EA089E25451DF03B84A4DFADAA6B3097F25A32DD4E1608B9620A671F824","About.xml parsed","","","0","","No LoadFolders.xml; default version-folder discovery applies"
"208","Smaller radius for Anima Trees, Shrines and Animus Stones","2812513517","1","https://steamcommunity.com/sharedfiles/filedetails/?id=2812513517","Installed Steam Workshop copy","Smaller radius for Anima Trees, Shrines and Animus Stones","Longman.SmallerRadiusForAnimaTreesAndShrines","","1.3; 1.4; 1.5; 1.6","","Ludeon.RimWorld.Royalty","","","workshop/294100/2812513517/About/About.xml","BED3E2B59811D009645FF6B0C1012772AF5C34BF84FD4DE680A84B03EA56C1EB","About.xml parsed","","","0","","No LoadFolders.xml; default version-folder discovery applies"
"209","Smart Medicine - Continued","3526251680","1","https://steamcommunity.com/sharedfiles/filedetails/?id=3526251680","Installed Steam Workshop copy","Smart Medicine - Continued","Memegoddess.SmartMedicine","","1.1; 1.2; 1.3; 1.4; 1.5; 1.6","brrainz.harmony","","","","workshop/294100/3526251680/About/About.xml","C365FCD3B65CCAA923D6778D078E9D0B5A9671AB119C53949BFA4EAFB3014044","About.xml parsed","v1.1; v1.2; v1.3; v1.4; v1.5; v1.6","","6","","Parsed; all listed folders exist locally"
"210","Smart Meditation","2800676538","1","https://steamcommunity.com/sharedfiles/filedetails/?id=2800676538","Installed Steam Workshop copy","Smart Meditation","PureMJ.MjRimMods.SmartMeditation","","1.3; 1.4; 1.5; 1.6","brrainz.harmony","brrainz.harmony","","","workshop/294100/2800676538/About/About.xml","7C06CB18D5100B8F1D9B4D720D7F16E8B464394B0CD6062DC42B4AFA1A3C4576","About.xml parsed","","","0","","No LoadFolders.xml; default version-folder discovery applies"
"211","Smart Turret Covering","2636621800","1","https://steamcommunity.com/sharedfiles/filedetails/?id=2636621800","Installed Steam Workshop copy","Smart Turret Covering","denev.SmartTurretCovering","","1.3; 1.4; 1.5; 1.6","brrainz.harmony","brrainz.harmony; Ludeon.RimWorld; Ludeon.RimWorld.Royalty; Ludeon.RimWorld.Ideology; Ludeon.RimWorld.Anomaly","","","workshop/294100/2636621800/About/About.xml","92F0942F34F8E16AEE32D0E76F813C7AA6ABCA25C1701F5615C2E6A8EBE8D6B1","About.xml parsed","v1.3; v1.4; v1.5; v1.6","","4","","Parsed; all listed folders exist locally"
"212","Smarter Construction","2202185773","1","https://steamcommunity.com/sharedfiles/filedetails/?id=2202185773","Installed Steam Workshop copy","Smarter Construction","dhultgren.smarterconstruction","","1.1; 1.2; 1.3; 1.4; 1.5; 1.6","brrainz.harmony","","","","workshop/294100/2202185773/About/About.xml","6C8D76871BDA78E997EF54DD0570387A8B471B51C90C6AF08867132806D61764","About.xml parsed","v1.1; v1.2; v1.3; v1.4; v1.5; v1.6","","5","","Parsed; all listed folders exist locally"
"213","Smarter Visitors","3012491521","1","https://steamcommunity.com/sharedfiles/filedetails/?id=3012491521","Installed Steam Workshop copy","Smarter Visitors","Mlie.SmarterVisitors","1.6.2","1.4; 1.5; 1.6","brrainz.harmony","brrainz.harmony","","","workshop/294100/3012491521/About/About.xml","22550AA9039AED6539D5F3049DC9E0F94B5FB83489BEB2090AFBF71C7076CBCC","About.xml parsed","","","0","","No LoadFolders.xml; default version-folder discovery applies"
"214","Snap Out!","1319782555","1","https://steamcommunity.com/sharedfiles/filedetails/?id=1319782555","Installed Steam Workshop copy","Snap Out!","weilbyte.snapout","","1.1; 1.0; 1.2; 1.3; 1.4; 1.5; 1.6","","","","","workshop/294100/1319782555/About/About.xml","9F2EF22C0351760923F074F0F29C24D5A80C072E3D6AFCA4C92C4689402A6467","About.xml parsed","","","0","","No LoadFolders.xml; default version-folder discovery applies"
"215","Social Experience from Trade","3400608063","1","https://steamcommunity.com/sharedfiles/filedetails/?id=3400608063","Installed Steam Workshop copy","Social Experience from Trade","Krelinos.SocialEXPFromTrade","","1.6; 1.5; 1.4; 1.3","brrainz.harmony","brrainz.harmony","","","workshop/294100/3400608063/About/About.xml","EA0A3EC4955BFA3A4A9D9CDF54105044281776FF0597EAE35B8CF0B8D7A44051","About.xml parsed","","","0","","No LoadFolders.xml; default version-folder discovery applies"
"216","Sparkling Worlds - Full Mod","1123043922","1","https://steamcommunity.com/sharedfiles/filedetails/?id=1123043922","Installed Steam Workshop copy","Sparkling Worlds - Full Mod","Albion.SparklingWorlds.Full","","1.0; 1.1; 1.2; 1.3; 1.4; 1.5; 1.6","","","","","workshop/294100/1123043922/About/About.xml","DAABB084F830948F023864C41A2AD15BD3CC03FB65B4AEE0EE438127A1D6ABE7","About.xml parsed","v1.0; v1.1; v1.2; v1.3; v1.4; v1.5; v1.6","","7","","Parsed; all listed folders exist locally"
"217","SS Lightning Rod (Continued)","2358261479","1","https://steamcommunity.com/sharedfiles/filedetails/?id=2358261479","Installed Steam Workshop copy","SS Lightning Rod (Continued)","Mlie.SSLightningRod","1.6.0","1.0; 1.1; 1.2; 1.3; 1.4; 1.5; 1.6","brrainz.harmony","brrainz.harmony","","","workshop/294100/2358261479/About/About.xml","B2A76DDDDEE0654586B268A075FCA99543B383CCDC9A7A55FB4FCC698F4EFC46","About.xml parsed","v1.0; v1.1; v1.2; v1.3; v1.4; v1.5; v1.6","","9","","Parsed; all listed folders exist locally"
"218","Stargates!","2831698056","1","https://steamcommunity.com/sharedfiles/filedetails/?id=2831698056","Installed Steam Workshop copy","Stargates!","ccyt.stargatesmod","","1.3; 1.4; 1.5; 1.6","OskarPotocki.VanillaFactionsExpanded.Core; brrainz.harmony","oskarpotocki.vanillafactionsexpanded.core","","","workshop/294100/2831698056/About/About.xml","CD5D5E5830FB02209F2A5D7732F77D3922E0CD493030C96770D17AE40BF9D883","About.xml parsed","v1.3; v1.4; v1.5; v1.6","IfModActive","5","","Parsed; all listed folders exist locally"
"219","Stonecutting Extended","2571676542","1","https://steamcommunity.com/sharedfiles/filedetails/?id=2571676542","Installed Steam Workshop copy","Stonecutting Extended","Scherub.StonecuttingExtended","1.13.0","1.3; 1.4; 1.5; 1.6","","Ludeon.RimWorld; Ludeon.RimWorld.Royalty; Ludeon.RimWorld.Ideology; Ludeon.RimWorld.Anomaly; Ludeon.RimWorld.Odyssey; brrainz.harmony; cucumpear.stonetweaks; DankPyon.Medieval.Overhaul; Harmonea.GlitterStone; Kura.ExtraStone; Kura.ExtraStoneOld; Kura.ExtraStoneCuproOld; Kura.ExtraStoneCupros; Ogliss.Cupro.CuprosStones; RadZerp.neoRimNauts; sarg.alphabiomes","","","workshop/294100/2571676542/About/About.xml","9C1EDB04C1096D8ED228FE02196C56442BDCE9165F804434CF3A550982CB6945","About.xml parsed","","","0","","No LoadFolders.xml; default version-folder discovery applies"
"220","Stop, Drop, And Roll! [BAL]","2362707956","1","https://steamcommunity.com/sharedfiles/filedetails/?id=2362707956","Installed Steam Workshop copy","Stop, Drop, And Roll! [BAL]","balistafreak.StopDropAndRoll","","1.2; 1.3; 1.4; 1.5; 1.6","","","","","workshop/294100/2362707956/About/About.xml","59BB2227910AA0FDE1C55074064C13F432CEE6E996C67BB1E278C88836A874B1","About.xml parsed","","","0","","No LoadFolders.xml; default version-folder discovery applies"
"221","Stuff Mass Matters","2787438435","1","https://steamcommunity.com/sharedfiles/filedetails/?id=2787438435","Installed Steam Workshop copy","Stuff Mass Matters","Mlie.StuffMassMatters","1.6.0","1.3; 1.4; 1.5; 1.6","brrainz.harmony","brrainz.harmony","","","workshop/294100/2787438435/About/About.xml","1FFBA2C54398E8B894DE1279D19740C56C6A889CD3175987EB2E3519143C99F7","About.xml parsed","","","0","","No LoadFolders.xml; default version-folder discovery applies"
"222","Stuff on Tables Forked","3289533061","1","https://steamcommunity.com/sharedfiles/filedetails/?id=3289533061","Installed Steam Workshop copy","Stuff on Tables Forked","moistestWhale.stuffOnTablesForked","2.7.7","1.3; 1.4; 1.5; 1.6","","Simmin.UronTables; Simmin.LampsonTables; Simmin.PotteryonTables; Simmin.StuffonTables","reel.expanded.storage","","workshop/294100/3289533061/About/About.xml","648337421D9DD88EF57B867451B7BEC182F8775AB809205B6B9321AC33F5A0F8","About.xml parsed","v1.3; v1.4; v1.5; v1.6","IfModActive","54","","Parsed; all listed folders exist locally"
"223","Surrogate Mechanoid","3246748490","1","https://steamcommunity.com/sharedfiles/filedetails/?id=3246748490","Installed Steam Workshop copy","Surrogate Mechanoid","sov.det.surrogatemech","","1.5; 1.6","brrainz.harmony; Ludeon.RimWorld.Biotech","Ludeon.RimWorld; Ludeon.RimWorld.Royalty; Ludeon.RimWorld.Ideology; Ludeon.RimWorld.Biotech; wvc.sergkart.biotech.MoreMechanoidsWorkModes","","","workshop/294100/3246748490/About/About.xml","A349E47519DA5C2A04BD3B45BAE84AA070D1373F98A967DA03C4A6032E1B86C3","About.xml parsed","","","0","","No LoadFolders.xml; default version-folder discovery applies"
"224","TakeCover","3749200746","1","https://steamcommunity.com/sharedfiles/filedetails/?id=3749200746","Installed Steam Workshop copy","TakeCover","rabiosus.TakeCover","","1.6","brrainz.harmony","brrainz.harmony; CETeam.CombatExtended","","brrainz.achtung","workshop/294100/3749200746/About/About.xml","E1D777767749A496CD83F923C57A8D29AE329AC791A64EC6747F35F24F6E63E9","About.xml parsed","v1.6","IfModActive","2","","Parsed; all listed folders exist locally"
"225","TendYourself","3476618866","1","https://steamcommunity.com/sharedfiles/filedetails/?id=3476618866","Installed Steam Workshop copy","TendYourself","msd.tendyourself","","1.6; 1.5; 1.4","","","","","workshop/294100/3476618866/About/About.xml","2CCD3D2B201BA795DD17926EDFE491665633B83B03788D33FB0A15317CE1E9D1","About.xml parsed","","","0","","No LoadFolders.xml; default version-folder discovery applies"
"226","The Cooler","3221592105","1","https://steamcommunity.com/sharedfiles/filedetails/?id=3221592105","Installed Steam Workshop copy","The Cooler","GodlyAnnihilator.TheLowCooler","","1.6; 1.5; 1.4; 1.3; 1.2; 1.1; 1.0","","","","","workshop/294100/3221592105/About/About.xml","CC8841A0446B7DCA634CAF8A60733DBC72CD7DDA709C0CEDF52D11CE677DC26A","About.xml parsed","","","0","","No LoadFolders.xml; default version-folder discovery applies"
"227","The Titan Treatment","3523427789","1","https://steamcommunity.com/sharedfiles/filedetails/?id=3523427789","Installed Steam Workshop copy","The Titan Treatment","santa.titantreatment","","1.6","Ludeon.RimWorld.Odyssey","","","","workshop/294100/3523427789/About/About.xml","C4FEF8D27841F66B5BD4B6FBDED90E862BBE71338D06A2ADCF5FF0BF661CDD9A","About.xml parsed","","","0","","No LoadFolders.xml; default version-folder discovery applies"
"228","Toggle Harvest","1499848654","1","https://steamcommunity.com/sharedfiles/filedetails/?id=1499848654","Installed Steam Workshop copy","Toggle Harvest","Jaxe.ToggleHarvest","","1.1; 1.2; 1.3; 1.4; 1.5; 1.6","brrainz.harmony","brrainz.harmony","","","workshop/294100/1499848654/About/About.xml","1D110ADD94FFA2C99332BD4EF93C19D4E5AAE9DE1A4335840E76623110BD1FF7","About.xml parsed","v1.1; v1.2; v1.3; v1.4; v1.5; v1.6","","3","","Parsed; all listed folders exist locally"
"229","Tradable Meals","1506931205","1","https://steamcommunity.com/sharedfiles/filedetails/?id=1506931205","Installed Steam Workshop copy","Tradable Meals","Meow.TradableMeals","","1.0; 1.1; 1.2; 1.3; 1.4; 1.5; 1.6","","","","","workshop/294100/1506931205/About/About.xml","4A4DED935A42839D33712B3AFA68D1300AA5358732AABDAAC89950A5C8E236DE","About.xml parsed","","","0","","No LoadFolders.xml; default version-folder discovery applies"
"230","Tradable Stone Blocks","1522257424","1","https://steamcommunity.com/sharedfiles/filedetails/?id=1522257424","Installed Steam Workshop copy","Tradable Stone Blocks","Meow.TradableStoneBlocks","","1.0; 1.1; 1.2; 1.3; 1.4; 1.5; 1.6","","","","","workshop/294100/1522257424/About/About.xml","70BF0F89FDBA4EDCFAEA5B6EE3E14CABE920A4F991C5662A9710C43CF508F000","About.xml parsed","","","0","","No LoadFolders.xml; default version-folder discovery applies"
"231","Trade Ships Drop Spot","1969732297","1","https://steamcommunity.com/sharedfiles/filedetails/?id=1969732297","Installed Steam Workshop copy","Trade Ships Drop Spot","smashphil.dropspot","","1.0; 1.1; 1.2; 1.3; 1.4; 1.5; 1.6","brrainz.harmony","","","","workshop/294100/1969732297/About/About.xml","7417CA47F1A508847E2BB81DD1294C3E031F2B165283203C86AF30440B19E1EF","About.xml parsed","v1.1; v1.3; v1.4; v1.5; v1.6","","5","","Parsed; all listed folders exist locally"
"232","Trade Ships No Matter What","2296557502","1","https://steamcommunity.com/sharedfiles/filedetails/?id=2296557502","Installed Steam Workshop copy","Trade Ships No Matter What","WindowsXP.TradeShipsNoMatterWhat","","1.6; 1.5; 1.4; 1.3; 1.2","brrainz.harmony","brrainz.harmony","","","workshop/294100/2296557502/About/About.xml","8CA8E17F573297C3E859030C7C05C160652823424D12F38E66693B9B053B77A3","About.xml parsed","","","0","","No LoadFolders.xml; default version-folder discovery applies"
"233","Trait Rarity Colors","1751884355","1","https://steamcommunity.com/sharedfiles/filedetails/?id=1751884355","Installed Steam Workshop copy","Trait Rarity Colors","CarnySenpai.TraitRarityColors","","1.1; 1.2; 1.3; 1.4; 1.5; 1.6","brrainz.harmony","brrainz.harmony","Andromeda.UsefulMarks","","workshop/294100/1751884355/About/About.xml","224BFD0A9933E8449795B19CD3DBE81CC3157C7C0E57577BC05B7939D214EEC9","About.xml parsed","v1.1; v1.2; v1.3; v1.4; v1.5; v1.6","","7","","Parsed; all listed folders exist locally"
"234","Turrets Shoot Hunting Predators","3221646589","1","https://steamcommunity.com/sharedfiles/filedetails/?id=3221646589","Installed Steam Workshop copy","Turrets Shoot Hunting Predators","archie.turrettargetpatch","","1.4; 1.5; 1.6","brrainz.harmony","brrainz.harmony","","","workshop/294100/3221646589/About/About.xml","61F1F956B913213AB93B721A95A3073EDA128906E610DE7E4B7472AEBBA8C94F","About.xml parsed","","","0","","No LoadFolders.xml; default version-folder discovery applies"
"235","TV is Educational","2921021769","1","https://steamcommunity.com/sharedfiles/filedetails/?id=2921021769","Installed Steam Workshop copy","TV is Educational","Mlie.TVIsEducational","1.6.1","1.4; 1.5; 1.6","Ludeon.Rimworld.Biotech","Ludeon.Rimworld.Biotech; vanillaexpanded.achievements","","","workshop/294100/2921021769/About/About.xml","16496F13B3B582E8B36DD2575D86476A1D8F07A29CC69DD2AF8578252440BF7E","About.xml parsed","v1.4; v1.5; v1.6","IfModActive","5","","Parsed; all listed folders exist locally"
"236","TVForPrison (Continued)","2194535018","1","https://steamcommunity.com/sharedfiles/filedetails/?id=2194535018","Installed Steam Workshop copy","TVForPrison (Continued)","Mlie.TVForPrison","1.6.0","1.1; 1.2; 1.3; 1.4; 1.5; 1.6","","aznplucky.RimFlix","","","workshop/294100/2194535018/About/About.xml","6C88E6582AE7AAECC12D362EE09D1D57E0D3713908D2A7D3309D13B99694CBE0","About.xml parsed","","","0","","No LoadFolders.xml; default version-folder discovery applies"
"237","Ugh You Got Me","1542424705","1","https://steamcommunity.com/sharedfiles/filedetails/?id=1542424705","Installed Steam Workshop copy","Ugh You Got Me","marvinkosh.ughyougotme","","1.0; 1.1; 1.2; 1.3; 1.4; 1.5; 1.6","brrainz.harmony","brrainz.harmony","","","workshop/294100/1542424705/About/About.xml","D1192E8C05AD168B3FE2A65F91F4816821960E2BF6A2E4A637FE7EBD6F2116BF","About.xml parsed","","","0","","No LoadFolders.xml; default version-folder discovery applies"
"238","Ugly Together","2884233923","1","https://steamcommunity.com/sharedfiles/filedetails/?id=2884233923","Installed Steam Workshop copy","Ugly Together","uglytogether.leeh","","1.4; 1.5; 1.6","","","","","workshop/294100/2884233923/About/About.xml","89311086F9E8E21671820EC96D0A7E71B5C594CACF674AAB436016EA8E4C4120","About.xml parsed","","","0","","No LoadFolders.xml; default version-folder discovery applies"
"239","Undraft After Tucking","2157495459","1","https://steamcommunity.com/sharedfiles/filedetails/?id=2157495459","Installed Steam Workshop copy","Undraft After Tucking","madarauchiha.undraftaftertucking","","1.1; 1.2; 1.3; 1.4; 1.5; 1.6","brrainz.harmony","brrainz.harmony","","","workshop/294100/2157495459/About/About.xml","0AC2557C9528584A8921203D0D5B892B633842F6AB0BA08AE4A65DA05C624EFD","About.xml parsed","","","0","","No LoadFolders.xml; default version-folder discovery applies"
"240","Unsterilize Animals","2895378449","1","https://steamcommunity.com/sharedfiles/filedetails/?id=2895378449","Installed Steam Workshop copy","Unsterilize Animals","BlackFranky.UnsterilizeAnimals","","1.4; 1.5; 1.6","","","","","workshop/294100/2895378449/About/About.xml","1AFE74A9E05999A7654318C1B908396FCF4E5AB063A4E98214C061B591937CF7","About.xml parsed","","","0","","No LoadFolders.xml; default version-folder discovery applies"
"241","Use Your Gun!","3229291869","1","https://steamcommunity.com/sharedfiles/filedetails/?id=3229291869","Installed Steam Workshop copy","Use Your Gun!","dd.useyourgun","","1.5; 1.6","brrainz.harmony","brrainz.harmony; UnlimitedHugs.HugsLib","","","workshop/294100/3229291869/About/About.xml","6756EBD18CB9E7A3EB9D1E8778CD5D319B22ADD21680BBE33406149480C8FE6B","About.xml parsed","v1.5","","1","","Parsed; all listed folders exist locally"
"242","Vanilla Apparel Expanded","1814987817","1","https://steamcommunity.com/sharedfiles/filedetails/?id=1814987817","Installed Steam Workshop copy","Vanilla Apparel Expanded","VanillaExpanded.VAPPE","","1.4; 1.5; 1.6","brrainz.harmony; OskarPotocki.VanillaFactionsExpanded.Core","OskarPotocki.VanillaFactionsExpanded.Core","","","workshop/294100/1814987817/About/About.xml","B0B9EA50E135B1F33D5CFC18DC2B92FEA8E81872F92A25FDAA00FA0C9C8F12ED","About.xml parsed","","","0","","No LoadFolders.xml; default version-folder discovery applies"
"243","Vanilla Apparel Expanded — Accessories","2521176396","1","https://steamcommunity.com/sharedfiles/filedetails/?id=2521176396","Installed Steam Workshop copy","Vanilla Apparel Expanded — Accessories","VanillaExpanded.VAEAccessories","","1.4; 1.5; 1.6","brrainz.harmony; OskarPotocki.VanillaFactionsExpanded.Core","OskarPotocki.VanillaFactionsExpanded.Core","","","workshop/294100/2521176396/About/About.xml","A1E0981B1C3113B98AA4487D04AB32429E0B4E27EFEC7A6FDF38D338F1B11233","About.xml parsed","v1.4; v1.5; v1.6","","3","","Parsed; all listed folders exist locally"
"244","Vanilla Armour Expanded","1814988282","1","https://steamcommunity.com/sharedfiles/filedetails/?id=1814988282","Installed Steam Workshop copy","Vanilla Armour Expanded","VanillaExpanded.VARME","","1.4; 1.5; 1.6","brrainz.harmony; OskarPotocki.VanillaFactionsExpanded.Core","vanillaexpanded.achievements; OskarPotocki.VanillaFactionsExpanded.Core; n7huntsman.combatshields","","","workshop/294100/1814988282/About/About.xml","56746742C5B6E6A923BB6A8121F61C3109D233B4833E1484A0C1B563D3043C22","About.xml parsed","v1.4; v1.5; v1.6","IfModActive","7","","Parsed; all listed folders exist locally"
"245","Vanilla Fix: Haul After Slaughter","2801452324","1","https://steamcommunity.com/sharedfiles/filedetails/?id=2801452324","Installed Steam Workshop copy","Vanilla Fix: Haul After Slaughter","PureMJ.MjRimMods.VanillaFixHaulAfterSlaughter","","1.3; 1.4; 1.5; 1.6","brrainz.harmony","brrainz.harmony","","","workshop/294100/2801452324/About/About.xml","414AFC04B448ECE81641E9E1962B0DEFE1BD78DE0EDAD3888B2B4AAE23D5E681","About.xml parsed","","","0","","No LoadFolders.xml; default version-folder discovery applies"
"246","Vanilla Furniture Expanded - Factory","3686924415","1","https://steamcommunity.com/sharedfiles/filedetails/?id=3686924415","Installed Steam Workshop copy","Vanilla Furniture Expanded - Factory","VanillaExpanded.VFEFactory","","1.6","brrainz.harmony; OskarPotocki.VanillaFactionsExpanded.Core","OskarPotocki.VanillaFactionsExpanded.Core","","","workshop/294100/3686924415/About/About.xml","4B5117D54C88C49F774950F2162BD6BA722251F48D6B9C7365130F0332C4CA0D","About.xml parsed","v1.6","IfModActive","3","","Parsed; all listed folders exist locally"
"247","Vanilla Gravship Expanded - Chapter 1","3609835606","1","https://steamcommunity.com/sharedfiles/filedetails/?id=3609835606","Installed Steam Workshop copy","Vanilla Gravship Expanded - Chapter 1","vanillaexpanded.gravship","","1.6","brrainz.harmony; Ludeon.RimWorld.Odyssey; OskarPotocki.VanillaFactionsExpanded.Core","OskarPotocki.VanillaFactionsExpanded.Core","","Bulldog.VanillaChemfuelExpandedOdysseyPatch","workshop/294100/3609835606/About/About.xml","483A2F11DFB86FA060C65DA7184B7D08228C02B34B60CC57C3EDCE5B924A6A1A","About.xml parsed","v1.6","IfModActive","5","","Parsed; all listed folders exist locally"
"248","Vanilla Hair Expanded","1888705256","1","https://steamcommunity.com/sharedfiles/filedetails/?id=1888705256","Installed Steam Workshop copy","Vanilla Hair Expanded","VanillaExpanded.VHE","","1.4; 1.5; 1.6","","","","","workshop/294100/1888705256/About/About.xml","3FF6A9C0CD52B244554C3443D752E68DFC442E9CFDF5B3CA0F43B5EB09D703F0","About.xml parsed","","","0","","No LoadFolders.xml; default version-folder discovery applies"
"249","Vanilla Vehicles Expanded","3014906877","1","https://steamcommunity.com/sharedfiles/filedetails/?id=3014906877","Installed Steam Workshop copy","Vanilla Vehicles Expanded","OskarPotocki.VanillaVehiclesExpanded","","1.4; 1.5; 1.6","brrainz.harmony; SmashPhil.VehicleFramework; OskarPotocki.VanillaFactionsExpanded.Core","Ludeon.RimWorld; Ludeon.RimWorld.Royalty; brrainz.harmony; SmashPhil.VehicleFramework; OskarPotocki.VanillaFactionsExpanded.Core","","","workshop/294100/3014906877/About/About.xml","53F97862719662845DBA0985903D8F4ED8C597A5BBF44F2EE782AB6995E212B7","About.xml parsed","v1.4; v1.5; v1.6","IfModActive","9","","Parsed; all listed folders exist locally"
"250","Vanilla Weapons Expanded - Non-Lethal","2454918354","1","https://steamcommunity.com/sharedfiles/filedetails/?id=2454918354","Installed Steam Workshop copy","Vanilla Weapons Expanded - Non-Lethal","VanillaExpanded.VWENL","","1.4; 1.5; 1.6","brrainz.harmony; OskarPotocki.VanillaFactionsExpanded.Core","OskarPotocki.VanillaFactionsExpanded.Core","","","workshop/294100/2454918354/About/About.xml","0E485B36FEEED9EE7085CC5DF6CE865F139BB2179CA9C9ED2616AF5D54FCEFDA","About.xml parsed","","","0","","No LoadFolders.xml; default version-folder discovery applies"
"251","Various Space Ship Chunk (Continued)","2014616487","1","https://steamcommunity.com/sharedfiles/filedetails/?id=2014616487","Installed Steam Workshop copy","Various Space Ship Chunk (Continued)","Mlie.VariousSpaceShipChunk","1.6.2","1.0; 1.1; 1.2; 1.3; 1.4; 1.5; 1.6","brrainz.harmony","brrainz.harmony","","","workshop/294100/2014616487/About/About.xml","787806915436FAED642024A2DA98FE8AC2C110999A964DABDD90B3368CA08423","About.xml parsed","v1.0; v1.1; v1.2; v1.3; v1.4; v1.5; v1.6","","9","","Parsed; all listed folders exist locally"
"252","Vault Walls and Doors","2000708343","1","https://steamcommunity.com/sharedfiles/filedetails/?id=2000708343","Installed Steam Workshop copy","Vault Walls and Doors","SickBoyWi.Vault.OnePointOne","","1.1; 1.2; 1.3; 1.4; 1.5; 1.6","","","","","workshop/294100/2000708343/About/About.xml","B08590227722B1380118C59ECE32A7CDA7E363D29F39556ECAAF0632E16A6EB7","About.xml parsed","","","0","","No LoadFolders.xml; default version-folder discovery applies"
"253","Walkable Solar Panels","2511096015","1","https://steamcommunity.com/sharedfiles/filedetails/?id=2511096015","Installed Steam Workshop copy","Walkable Solar Panels","Mlie.WalkableSolarPanels","1.6.0","1.1; 1.2; 1.3; 1.4; 1.5; 1.6","","","","","workshop/294100/2511096015/About/About.xml","CE2A1CB0A3CDADFF8EB5F2616F938D9D7C48369A656CDA811D42A4C4A3405501","About.xml parsed","","","0","","No LoadFolders.xml; default version-folder discovery applies"
"254","Wall Heater","3286518227","1","https://steamcommunity.com/sharedfiles/filedetails/?id=3286518227","Installed Steam Workshop copy","Wall Heater","Xercaine.WallHeater","","1.5; 1.6","","","","","workshop/294100/3286518227/About/About.xml","128E39D954F0E25C9ECD52B5B0D3CF232333AE850B48042CD79F7E25A7A2B7B0","About.xml parsed","","","0","","No LoadFolders.xml; default version-folder discovery applies"
"255","Wall Orbital Trade Beacon","3655704055","1","https://steamcommunity.com/sharedfiles/filedetails/?id=3655704055","Installed Steam Workshop copy","Wall Orbital Trade Beacon","Xercaine.WallOrbitalTradeBeacon","","1.6","","","","","workshop/294100/3655704055/About/About.xml","A163787ED2135586F8427A7FC4F61083F424B818D351432DE7EC4D5163602968","About.xml parsed","","","0","","No LoadFolders.xml; default version-folder discovery applies"
"256","Wall Televisions","3582096423","1","https://steamcommunity.com/sharedfiles/filedetails/?id=3582096423","Installed Steam Workshop copy","Wall Televisions","Xercaine.WallTelevisions","","1.6","brrainz.harmony","brrainz.harmony","","","workshop/294100/3582096423/About/About.xml","CE18804E98EEEEE0C8AC3EE2267F529AFD28B2A49D4C41CAFE01417F6D52841F","About.xml parsed","","","0","","No LoadFolders.xml; default version-folder discovery applies"
"257","Wall Vitals Monitor","3655382525","1","https://steamcommunity.com/sharedfiles/filedetails/?id=3655382525","Installed Steam Workshop copy","Wall Vitals Monitor","Xercaine.WallVitalsMonitor","","1.6","","","","","workshop/294100/3655382525/About/About.xml","248B05F9C3FA3BD48D08D28E407F8C0D9AB9C5107A43E6F461EAC3B165FA07F2","About.xml parsed","","","0","","No LoadFolders.xml; default version-folder discovery applies"
"258","War Crimes Expanded 2 Core (Updated)","3032870787","1","https://steamcommunity.com/sharedfiles/filedetails/?id=3032870787","Installed Steam Workshop copy","War Crimes Expanded 2 Core (Updated)","Mersid.WCE2Updated.Core","","1.1; 1.2; 1.3; 1.4; 1.5; 1.6","brrainz.harmony","brrainz.harmony","","","workshop/294100/3032870787/About/About.xml","7D165E37A0A25476FDF142CBCA59FA6359753AC5AE26F6BD27D10482FCF3DF40","About.xml parsed","","","0","","No LoadFolders.xml; default version-folder discovery applies"
"259","Warehouse Storage","3519963835","1","https://steamcommunity.com/sharedfiles/filedetails/?id=3519963835","Installed Steam Workshop copy","Warehouse Storage","vin.warehouse.storage","","1.4; 1.5; 1.6","adaptive.storage.framework","Ludeon.RimWorld; adaptive.storage.framework","","","workshop/294100/3519963835/About/About.xml","0B8E1449BE1A07E90FF86EE46F1523EA3E01E207A664FD7D3E3B6DD270745938","About.xml parsed","","","0","","No LoadFolders.xml; default version-folder discovery applies"
"260","While You Are Nearby","2784585275","1","https://steamcommunity.com/sharedfiles/filedetails/?id=2784585275","Installed Steam Workshop copy","While You Are Nearby","PureMJ.MjRimMods.WhileYouAreNearby","","1.3; 1.4; 1.5; 1.6","brrainz.harmony","brrainz.harmony","","","workshop/294100/2784585275/About/About.xml","BF46429A77A27D79527989265D8A7044D3808AC4FB191E619F70FF25A8C9A2F8","About.xml parsed","","","0","","No LoadFolders.xml; default version-folder discovery applies"
"261","Who shot my leg off?","3491552121","1","https://steamcommunity.com/sharedfiles/filedetails/?id=3491552121","Installed Steam Workshop copy","Who shot my leg off?","Tixiv.WhoShotMyLegOff","","1.5; 1.6","brrainz.harmony","brrainz.harmony; Ludeon.RimWorld","","","workshop/294100/3491552121/About/About.xml","D507497621022687D342CA71D62CD012C2CA9155C27DCE0F2C1E92C04783879D","About.xml parsed","","","0","","No LoadFolders.xml; default version-folder discovery applies"
"262","Wololoo - Better Conversion and Recruitment","3108763487","1","https://steamcommunity.com/sharedfiles/filedetails/?id=3108763487","Installed Steam Workshop copy","Wololoo - Better Conversion and Recruitment","RedMattis.BetterConversion","","1.4; 1.5; 1.6","brrainz.harmony; Ludeon.RimWorld.Ideology","ludeon.rimworld.Ideology","","","workshop/294100/3108763487/About/About.xml","62D6DC2B9742FC322ADD677BF7E735306604FD129A1F12061671DA58AB50C279","About.xml parsed","","","0","","No LoadFolders.xml; default version-folder discovery applies"
"263","You Drive, I Sleep","3324430833","1","https://steamcommunity.com/sharedfiles/filedetails/?id=3324430833","Installed Steam Workshop copy","You Drive, I Sleep","Spacemoth.YouDriveISleep","","1.5; 1.6","brrainz.harmony; SmashPhil.VehicleFramework","brrainz.harmony; SmashPhil.VehicleFramework","","","workshop/294100/3324430833/About/About.xml","A17C30E8CC8FF996377181A4D129B3B0E4518DDEE4BD2814548A73BC48847180","About.xml parsed","","","0","","No LoadFolders.xml; default version-folder discovery applies"
"264","Zone To Schedule","2436086611","1","https://steamcommunity.com/sharedfiles/filedetails/?id=2436086611","Installed Steam Workshop copy","Zone To Schedule","Mlie.ZoneToSchedule","1.6.1","1.1; 1.2; 1.3; 1.4; 1.5; 1.6","brrainz.harmony","brrainz.harmony","","","workshop/294100/2436086611/About/About.xml","2C13A04D9BA61BF84DC904E377F1E4FCF2CA3916363C6575DFAF0C2687DB7A27","About.xml parsed","","","0","","No LoadFolders.xml; default version-folder discovery applies"
"265","AirtightGarageDoors","3534740420","1","https://steamcommunity.com/sharedfiles/filedetails/?id=3534740420","Installed Steam Workshop copy","AirtightGarageDoors","Endy.Airtightgarage","","1.6","oskarpotocki.vanillavehiclesexpanded","oskarpotocki.vanillavehiclesexpanded","","","workshop/294100/3534740420/About/About.xml","B0CB577BBA31139323337745104048A80726427C53050E1637D096E3550225D8","About.xml parsed","","","0","","No LoadFolders.xml; default version-folder discovery applies"
"266","Alpha Vehicles - Age of Sail","3177395100","1","https://steamcommunity.com/sharedfiles/filedetails/?id=3177395100","Installed Steam Workshop copy","Alpha Vehicles - Age of Sail","sarg.alphavehiclesageofsail","","1.6; 1.5","brrainz.harmony; SmashPhil.VehicleFramework","SmashPhil.VehicleFramework; OskarPotocki.VanillaVehiclesExpanded","","","workshop/294100/3177395100/About/About.xml","26A07EC102B3814BED703E46F89146BFC082A01B03CD556D6DD2FC4F5CE582B1","About.xml parsed","","","0","","No LoadFolders.xml; default version-folder discovery applies"
"267","Animal Apparel: Basic Armor","3513849448","1","https://steamcommunity.com/sharedfiles/filedetails/?id=3513849448","Installed Steam Workshop copy","Animal Apparel: Basic Armor","Ingendum.AnimalArmorBasic","","1.6","Ingendum.AnimalApparelFramework","Ingendum.AnimalApparelFramework","","","workshop/294100/3513849448/About/About.xml","AADAAE86780E4CAB80767A1DEF791E49647F1967ED9F805E9835C482F090041C","About.xml parsed","v1.6","IfModActive","5","","Parsed; all listed folders exist locally"
"268","Beautiful Bodies","2068281501","1","https://steamcommunity.com/sharedfiles/filedetails/?id=2068281501","Installed Steam Workshop copy","Beautiful Bodies","mireia.bodies","","1.0; 1.1; 1.2; 1.3; 1.4; 1.5; 1.6; 1.7","","","","","workshop/294100/2068281501/About/About.xml","D79603374EC778F47CAE462A5593D7EF83C2F543F2FA370BEEB262FE8C201257","About.xml parsed","","","0","","No LoadFolders.xml; default version-folder discovery applies"
"269","Gastronomy (Continued)","3509488152","1","https://steamcommunity.com/sharedfiles/filedetails/?id=3509488152","Installed Steam Workshop copy","Gastronomy (Continued)","Orion.Gastronomy","1.0.4","1.6","brrainz.harmony; Orion.CashRegister","Orion.CashRegister","","","workshop/294100/3509488152/About/About.xml","EA54105FE02F6999DED94329FE320E4085DD9298357C14EA5605771A47A19845","About.xml parsed","","","0","","No LoadFolders.xml; default version-folder discovery applies"
"270","Hospitality (Continued)","3509486825","1","https://steamcommunity.com/sharedfiles/filedetails/?id=3509486825","Installed Steam Workshop copy","Hospitality (Continued)","Orion.Hospitality","1.1.4","1.5; 1.6","brrainz.harmony","Ludeon.RimWorld; Ludeon.RimWorld.Royalty; brrainz.harmony; OskarPotocki.VanillaFactionsExpanded.Core; VanillaExpanded.VNutrientE","","","workshop/294100/3509486825/About/About.xml","DDE45358A4AE0E95669B07DA75F1B5C67E849ADE0C6D3694F4062634F6BBC6F7","About.xml parsed","v1.5; v1.6","IfModActive","4","","Parsed; all listed folders exist locally"
"271","Jewelry","3203280763","1","https://steamcommunity.com/sharedfiles/filedetails/?id=3203280763","Installed Steam Workshop copy","Jewelry","kikohi.jewelry","","1.4; 1.5; 1.6","brrainz.harmony","Ludeon.RimWorld; Ludeon.RimWorld.Royalty; brrainz.harmony; vanillaexpanded.achievements","","","workshop/294100/3203280763/About/About.xml","E0D130BE63864812C210E41BD52AD1BA87FE77B8188FADD46209EE05D900B85D","About.xml parsed","v1.4; v1.5; v1.6","IfModActive","4","","Parsed; all listed folders exist locally"
"272","Life Support Continued [1.1+]","2937012139","1","https://steamcommunity.com/sharedfiles/filedetails/?id=2937012139","Installed Steam Workshop copy","Life Support Continued [1.1+]","Troopersmith1.LifeSupport","","1.1; 1.2; 1.3; 1.4; 1.5; 1.6","brrainz.harmony","brrainz.harmony; Troopersmith1.DeathRattle","","","workshop/294100/2937012139/About/About.xml","DFB02D1938A51DED86C3C7D030AF2AE9858C71C9B99C54851266B3596B84B0BE","About.xml parsed","v1.1; v1.2; v1.3; v1.4; v1.5; v1.6","","6","","Parsed; all listed folders exist locally"
"273","Locks","1157085076","1","https://steamcommunity.com/sharedfiles/filedetails/?id=1157085076","Installed Steam Workshop copy","Locks","avius.locks","","1.0; 1.1; 1.2; 1.3; 1.4; 1.5; 1.6","brrainz.harmony","brrainz.harmony; haplo.miscellaneous.robots; kentington.saveourship2; linkolas.linkabledoors; jecrell.doorsexpanded; vanillaquestsexpanded.dronefactory","","","workshop/294100/1157085076/About/About.xml","EE495A1BFE9E46D88B80070D36A4234E864956960F3D2D8CCEDCD2BBB64FC26D","About.xml parsed","v1.0; v1.1; v1.2; v1.3; v1.4; v1.5; v1.6","IfModActive","8","","Parsed; all listed folders exist locally"
"274","Medical Dissection","1328216966","1","https://steamcommunity.com/sharedfiles/filedetails/?id=1328216966","Installed Steam Workshop copy","Medical Dissection","Heremeus.MedicalDissection","","1.0; 1.1; 1.2; 1.3; 1.4; 1.5; 1.6","brrainz.harmony","Ludeon.RimWorld; Ludeon.RimWorld.Royalty; brrainz.harmony; Smuffle.HarvestOrgansPostMortem","","","workshop/294100/1328216966/About/About.xml","2462E577F12FC4ED84B1CEC0118A258883194A5468C74143302B571F5A4F427E","About.xml parsed","v1.1; v1.2; v1.3; v1.4; v1.5; v1.6","","7","","Parsed; all listed folders exist locally"
"275","Non-Lethal: Re-Examined","3455926746","1","https://steamcommunity.com/sharedfiles/filedetails/?id=3455926746","Installed Steam Workshop copy","Non-Lethal: Re-Examined","Smxrez.nonlethalreexamined","","1.5; 1.6","vanillaexpanded.vwenl","vanillaexpanded.vwenl","","","workshop/294100/3455926746/About/About.xml","ED5E80D0A81BF1192D6415E21179ADCF75DCC4F245C40C19AF2A7CA8D3DCE32A","About.xml parsed","","","0","","No LoadFolders.xml; default version-folder discovery applies"
"276","Power Poles Extended","3339142899","1","https://steamcommunity.com/sharedfiles/filedetails/?id=3339142899","Installed Steam Workshop copy","Power Poles Extended","gy.ppextend","","1.4; 1.5; 1.6","","co.uk.epicguru.rimforgepoles; Aoba.Fortress.Industrial","","","workshop/294100/3339142899/About/About.xml","ABD36B959D4E02F938EDE9A1DCFD105A1DAFCBD1BE10C9684FA780F61710CE4D","About.xml parsed","v1.5","IfModActive","2","","Parsed; all listed folders exist locally"
"277","Rebuild: Embrasures","3500482839","1","https://steamcommunity.com/sharedfiles/filedetails/?id=3500482839","Installed Steam Workshop copy","Rebuild: Embrasures","Rebuild.Embrasures","1","1.5; 1.6","","Ludeon.RimWorld; CETeam.CombatExtended; ReBuild.COTR.DoorsAndCorners","","","workshop/294100/3500482839/About/About.xml","6FA271E4B744354B45D4425F9472F98C172C3FA43C3530C5118A7C22D5B75CEC","About.xml parsed","","","0","","No LoadFolders.xml; default version-folder discovery applies"
"278","Replace Stuff: Cooler And Vent Placement Fix","3093303048","1","https://steamcommunity.com/sharedfiles/filedetails/?id=3093303048","Installed Steam Workshop copy","Replace Stuff: Cooler And Vent Placement Fix","Deadmano.ReplaceStuffCoolerVentPlacementFix","1.6.0","1.4; 1.5; 1.6","brrainz.harmony; Memegoddess.ReplaceStuff","Memegoddess.ReplaceStuff; Garethp.ReplaceStuffCompatibility","","","workshop/294100/3093303048/About/About.xml","35D0852EC61B8E4457568189E89C138FDC263E0DE10FD569238F5BF127C5C216","About.xml parsed","v1.4; v1.5; v1.6","","3","","Parsed; all listed folders exist locally"
"279","Research Whatever","2552092060","1","https://steamcommunity.com/sharedfiles/filedetails/?id=2552092060","Installed Steam Workshop copy","Research Whatever","avilmask.ResearchWhatever","","1.3; 1.4; 1.5; 1.6","brrainz.harmony","vanillaexpanded.gravship","PeteTimesSix.ResearchReinvented","","workshop/294100/2552092060/About/About.xml","089DAA121D5800B083439E5253BCED46626B76BFB32556601FA2F82A44A0C03F","About.xml parsed","v1.3; v1.4; v1.5; v1.6","IfModActive","5","","Parsed; all listed folders exist locally"
"280","Van's Retexture : Misc. Training","2848956469","1","https://steamcommunity.com/sharedfiles/filedetails/?id=2848956469","Installed Steam Workshop copy","Van's Retexture : Misc. Training","SirVan.MiscTrainingRetexture","","1.3; 1.4; 1.5; 1.6","","Ludeon.RimWorld; Ludeon.RimWorld.Royalty; Ludeon.RimWorld.Ideology; Haplo.Miscellaneous.TrainingNoTask; Haplo.Miscellaneous.Training","","","workshop/294100/2848956469/About/About.xml","86A782861C1A2567B5AAE9F8416270EE287C6AD622DE45DCEDE02A6BA5744C6C","About.xml parsed","v1.3","","1","","Parsed; all listed folders exist locally"
"281","Vanilla Gravship Expanded - Chapter 2","3799737423","1","https://steamcommunity.com/sharedfiles/filedetails/?id=3799737423","Installed Steam Workshop copy","Vanilla Gravship Expanded - Chapter 2","vanillaexpanded.gravship2","","1.6","brrainz.harmony; Ludeon.RimWorld.Odyssey; OskarPotocki.VanillaFactionsExpanded.Core; vanillaexpanded.gravship","OskarPotocki.VanillaFactionsExpanded.Core; vanillaexpanded.gravship; vanillaracesexpanded.insector; OskarPotocki.VFE.Insectoid2","","Bulldog.VanillaChemfuelExpandedOdysseyPatch","workshop/294100/3799737423/About/About.xml","559658DC04E2891347122853990B48EACDD5E654A37AB2CE4D405B94F42560FA","About.xml parsed","v1.6","IfModActive","2","","Parsed; all listed folders exist locally"
"282","Vanilla Vehicles Expanded - Tier 3","3047892432","1","https://steamcommunity.com/sharedfiles/filedetails/?id=3047892432","Installed Steam Workshop copy","Vanilla Vehicles Expanded - Tier 3","OskarPotocki.VanillaVehiclesExpandedTier3","","1.4; 1.5; 1.6","brrainz.harmony; SmashPhil.VehicleFramework; OskarPotocki.VanillaVehiclesExpanded","Ludeon.RimWorld; Ludeon.RimWorld.Royalty; brrainz.harmony; SmashPhil.VehicleFramework; OskarPotocki.VanillaVehiclesExpanded","","","workshop/294100/3047892432/About/About.xml","DA480FE4FD4DD939160B34E59DC19EF35FE303D1B9FFC4AA7BC0544313E65EAB","About.xml parsed","","","0","","No LoadFolders.xml; default version-folder discovery applies"
"283","Vanilla Vehicles Expanded - Upgrades","3302208420","1","https://steamcommunity.com/sharedfiles/filedetails/?id=3302208420","Installed Steam Workshop copy","Vanilla Vehicles Expanded - Upgrades","OskarPotocki.VanillaVehiclesExpandedUpgrades","","1.5; 1.6","brrainz.harmony; SmashPhil.VehicleFramework; OskarPotocki.VanillaVehiclesExpanded","Ludeon.RimWorld; Ludeon.RimWorld.Royalty; brrainz.harmony; SmashPhil.VehicleFramework; OskarPotocki.VanillaVehiclesExpanded","","","workshop/294100/3302208420/About/About.xml","DA8B6DB24CF957982923207BFE798517BB452836A41B220B554CCEE2FF9916B8","About.xml parsed","v1.5; v1.6","","2","","Parsed; all listed folders exist locally"
"284","[FSF] FrozenSnowFox Tweaks","2893432492","1","https://steamcommunity.com/sharedfiles/filedetails/?id=2893432492","Installed Steam Workshop copy","[FSF] FrozenSnowFox Tweaks","FrozenSnowFox.FrozenSnowFoxTweaks","","1.4; 1.5; 1.6","imranfish.xmlextensions","Adaptive.PrimitiveStorage; adaptive.storage.neolithic; Aelanna.EccentricTech.Flares2; akaster.ivdruginfuser; Aranmaho.BetterDarkness; Arcjc007.WallStuffV2; ATK.Anthrosonae; avilmask.CommonSense; BiomesTeam.BiomesCore; BiomesTeam.BiomesCaverns; cantaloupetheclown.MedicalIVsFork; Crustypeanut.RC2.Core; DankPyon.Medieval.Overhaul; Devdesigner.Elves.Continued; DimonSever000.AnimaObelisk.Specific; dismarzero.VGP.VGPThreeSistersPlants; dismarzero.VGP.VGPVegetableGarden; Ddismarzero.VGP.XtraTreesandFlowers; dubwise.dubsbadhygiene; Dubwise.DubsRimkit; Fuu.UncompromisingTribalFaction; GarryFlowers.ResearchAppropriation; Gerrymon.StylizedSlaveCollar; Harkon.VEAddOn.VanillaExpandedExtraEmbrasures; Hautarche.HautsTraits; hlx.UltratechAlteredCarbon; imranfish.xmlextensions; KIT.BrazilianCrops; KYD.EvenMoreFoodFilters; LimeTreeSnake.Ammo; LimeTreeSnake.Furnishing; LovelyDovey.Sex.WithEuterpe; Meltup.NopowerCommsSimplified; Mlie.Apothecary; Mlie.ReinforcedMechanoid2; Mlie.RimworldSpartanFoundry; Mlie.TropickappRainforestMod; Oblitus.AnimalsLogic; ONegative.CommunicableDiseases; OskarPotocki.VFE.Classical; OskarPotocki.VFE.Deserters; OskarPotocki.VFE.Empire; OskarPotocki.VFE.Insectoid; OskarPotocki.VFE.Medieval2; OskarPotocki.VanillaFactionsExpanded.SettlersModule; OskarPotocki.VFE.Tribals; OskarPotocki.VanillaVehiclesExpanded; OskarPotocki.VanillaVehiclesExpandedTier3; Owlchemist.CeilingUtilities; Owlchemist.FridgeUtilities; PeteTimesSix.ResearchReinvented.SteppingStones; pphhyy.ExpandedMechsScyther; pphhyy.GuldenNew; pphhyy.lightlessempyrean; ReBuild.COTR.DoorsAndCorners; redundant.oopsallgenepacks; RedMattis.BigSmall.Core; ReGrowth.BOTR.Core; ReSplice.XOTR.Core; RimThunderTeams.RimThunder.FlyingChariot; RimThunderTeams.RimThunder.LibertyOfDelivery; River.Tribal.Mittens; River.Tribal.Shoes; RooAndGloomy.YuranRaceMod; safe.job.world; rim.job.world; sarg.alphaanimals; sarg.alphabiomes; sarg.alphacrafts; sarg.alphagenes; Scorpio.Shields; silencer59.timekills; SirMashedPotato.MorrowRim.TelvanniTechnology; SmashPhil.VehicleFramework; Solaris.FurnitureBase; teri.attractcreepjoinerritual; TheVillain.Animalfoodsextended; Trimming.The.Fat; turnovus.submod.backpacksarenotbelts; UNKNOWN.CIWS.Core; Ushanka.BiologicalWarfare; Ushanka.NecroaArchovirus; vanillaexpanded.skills; VanillaExpanded.VAEAccessories; VanillaExpanded.VAPPE; vanillaexpanded.varme; vanillaexpanded.vbrewe; vanillaexpanded.vchemfuele; VanillaExpanded.VCookE; VanillaExpanded.VCookESushi; VanillaExpanded.Ideo.Dryads; vanillaracesexpanded.archon; vanillaracesexpanded.genie; vanillaracesexpanded.highmate; vanillaracesexpanded.phytokin; vanillaracesexpanded.sanguophage; vanillaracesexpanded.saurid; VanillaExpanded.VBooksE; vanillaexpanded.gravship; VanillaExpanded.HelixienGas; VanillaExpanded.VEE; VanillaExpanded.VFEA; VanillaExpanded.VFEArchitect; VanillaExpanded.VFEPower; VanillaExpanded.VAERoy; VanillaExpanded.VFESecurity; VanillaExpanded.VExplorationE; VanillaExpanded.VMemesE; VanillaExpanded.VNutrientE; VanillaExpanded.VPlantsE; VanillaExpanded.VPlantsEMore; VanillaExpanded.VPE.Puppeteer; VanillaExpanded.VPsycastsE; VanillaExpanded.VWE; VanillaExpanded.VWEG; VanillaExpanded.VWEHW; VanillaExpanded.VWENL; vanillaquestsexpanded.ancients; vanillaquestsexpanded.deadlife; vanillaquestsexpanded.cryptoforge; vanillaquestsexpanded.generator; XMB.AncientHydroponicFarmFacilities.MO; XMB.AncientUrbanrUins.MO; zhrocks11.letstrade","","FrozenSnowFox.BetterPawnLendingQuest; FrozenSnowFox.EncounterMapResources; FrozenSnowFox.FilthVanishesWithRainAndTime; FrozenSnowFox.GrowableAmbrosia; FrozenSnowFox.GrowableGrass; FrozenSnowFox.GrowableMushrooms; FrozenSnowFox.ImprovedVanometricPowerCells; FrozenSnowFox.IndoorTreeFarms; FrozenSnowFox.MeditationFreedom; FrozenSnowFox.MeditationFreedomNoStory; FrozenSnowFox.MoreQuests; FrozenSnowFox.NoEmpireTradingPermit; FrozenSnowFox.NoOneEverFlees; FrozenSnowFox.PowerGenMultiplier","workshop/294100/2893432492/About/About.xml","C526848600F3091CC6157F1A4CFAE6EA985B364FA3118FE390A9326D8863D877","About.xml parsed","v1.4; v1.5; v1.6","IfModActive","106","","Parsed; all listed folders exist locally"
"285","Hospitality - Invite to Stay","3783522506","1","https://steamcommunity.com/sharedfiles/filedetails/?id=3783522506","Installed Steam Workshop copy","Hospitality - Invite to Stay","gatoviejo.hospitality.invitetostay","1.1.0","1.6","brrainz.harmony; Orion.Hospitality","brrainz.harmony; Orion.Hospitality","","","workshop/294100/3783522506/About/About.xml","C8071C9C9BC22995074DC8149BAA891E372A86507DE93C60C9165EF28008C98B","About.xml parsed","v1.6","","1","","Parsed; all listed folders exist locally"
"286","Hospitality: Storefront","2952321484","1","https://steamcommunity.com/sharedfiles/filedetails/?id=2952321484","Installed Steam Workshop copy","Hospitality: Storefront","Adamas.Storefront","","1.4; 1.5; 1.6","Orion.CashRegister","Orion.Hospitality; Orion.CashRegister","","","workshop/294100/2952321484/About/About.xml","4C568C1AB193952550FD88CCE99F645D0653C13505B6D073DC24D51480D25718","About.xml parsed","","","0","","No LoadFolders.xml; default version-folder discovery applies"
"287","Imprisonment On The Go! (Continued)","3358620558","1","https://steamcommunity.com/sharedfiles/filedetails/?id=3358620558","Installed Steam Workshop copy","Imprisonment On The Go! (Continued)","AgentBlac.MakePawnsPrisoners","","1.3; 1.4; 1.5; 1.6","brrainz.harmony","brrainz.harmony; avius.locks","","","workshop/294100/3358620558/About/About.xml","00EF1B884B5B6B978C6E4E19F6AD4EFA0FF4CB97FED5A86F076FC8F2452267A7","About.xml parsed","","","0","","No LoadFolders.xml; default version-folder discovery applies"
"288","Prison Labor","1899474310","1","https://steamcommunity.com/sharedfiles/filedetails/?id=1899474310","Installed Steam Workshop copy","Prison Labor","avius.prisonlabor","","1.0; 1.1; 1.2; 1.3; 1.4; 1.5; 1.6","brrainz.harmony","brrainz.harmony; avius.locks; orion.therapy; ogliss.thewhitecrayon.quarry; ssulunge.kijinrace2; ssulunge.kijinrace3; orion.cashregister; orion.hospitality; orion.gastronomy; hatti.cleaningarea; s1.cleaningareatemp","","automatic.prisonerbedsetowner","workshop/294100/1899474310/About/About.xml","BD2A96EE031151238EFED9EA75646553023EF42FBBC7CD41C98709BDC8389679","About.xml parsed","v1.0; v1.1; v1.2; v1.3; v1.4; v1.5; v1.6","IfModActive","36","1.5/Biotech; 1.6/Biotech","Parsed; one or more listed folders are absent locally"
"289","Simple Ivory","1724270693","1","https://steamcommunity.com/sharedfiles/filedetails/?id=1724270693","Installed Steam Workshop copy","Simple Ivory","LegendaryMinuteman.SimpleIvory.fork","","1.6; 1.5; 1.4; 1.3; 1.2; 1.1; 1.0","","Ludeon.RimWorld; Ludeon.RimWorld.Royalty; Ludeon.RimWorld.Odyssey; sarg.alphaanimals; spino.megafauna; vr.animaanimalscombined; kikohi.jewelry; van.beasts; veterano.mythicages.megafaunabestiary; abrolo.grimstone.beasts","","","workshop/294100/1724270693/About/About.xml","1388CA75E270A1A656EE048FB042D84E14B39A4A51306AD90E73E62285DFF5B6","About.xml parsed","v1.0; v1.1; v1.2; v1.3; v1.4; v1.5; v1.6","IfModActive","15","","Parsed; all listed folders exist locally"
"290","Vehicles Wrecks Expanded","3299034372","1","https://steamcommunity.com/sharedfiles/filedetails/?id=3299034372","Installed Steam Workshop copy","Vehicles Wrecks Expanded","Explorern11.VehiclesWrecksExpanded","","1.5; 1.6","SmashPhil.VehicleFramework; OskarPotocki.VanillaVehiclesExpanded; OskarPotocki.VanillaVehiclesExpandedTier3","Ludeon.RimWorld; Ludeon.RimWorld.Royalty; brrainz.harmony; SmashPhil.VehicleFramework; OskarPotocki.VanillaVehiclesExpanded; OskarPotocki.VanillaVehiclesExpandedTier3","","","workshop/294100/3299034372/About/About.xml","A9D5AE973543FF571C3F634D09E9E5B3BC4BFBF7CFDF5E14A08E123384BEBFA7","About.xml parsed","","","0","","No LoadFolders.xml; default version-folder discovery applies"
"291","VVE - Secondary Weapons","3459650108","1","https://steamcommunity.com/sharedfiles/filedetails/?id=3459650108","Installed Steam Workshop copy","VVE - Secondary Weapons","tgbm.vve.secondary.weapons","Release 3.2.2","1.5; 1.6","OskarPotocki.VanillaVehiclesExpanded; OskarPotocki.VanillaFactionsExpanded.Core","limetreesnake.ammo; CETeam.CombatExtended; OskarPotocki.VanillaVehiclesExpanded; OskarPotocki.VanillaVehiclesExpandedTier3; OskarPotocki.VanillaVehiclesExpandedUpgrades; IDontEvenReally.WannaDoThis.Anymore","","Froffy.MoreVanillaVehiclesExpandedUpgrades; Sam.VVEUE","workshop/294100/3459650108/About/About.xml","8EBD6E996FC3DBAE0ED5E0453E4A4581BAE739AC3AA130C36FB3B80A86FF5712","About.xml parsed","v1.5; v1.6","IfModActive","8","","Parsed; all listed folders exist locally"
"292","Custom Prisoner Interactions","2841231775","1","https://steamcommunity.com/sharedfiles/filedetails/?id=2841231775","Installed Steam Workshop copy","Custom Prisoner Interactions","Mlie.CustomPrisonerInteractions","1.6.2","1.3; 1.4; 1.5; 1.6","brrainz.harmony","brrainz.harmony; Ludeon.Rimworld.Ideology; avius.prisonlabor","","Mlie.ConvertThenEnslave; Mlie.ConvertThenRecruit; Mlie.ConvertThenRelease; Mlie.ReleaseWhenHealthy","workshop/294100/2841231775/About/About.xml","5E05F1D4523914EC5A9AD78EC1C2883246B6FD8468416A6193350F6DD4F3E4A1","About.xml parsed","","","0","","No LoadFolders.xml; default version-folder discovery applies"
"293","Dismantle Ancient Junk","2871064871","1","https://steamcommunity.com/sharedfiles/filedetails/?id=2871064871","Installed Steam Workshop copy","Dismantle Ancient Junk","proxyer.dismantleancientjunk","1.6.16","1.3; 1.4; 1.5; 1.6","Ludeon.RimWorld.Ideology","brrainz.harmony; Ludeon.RimWorld; Ludeon.RimWorld.Royalty; Ludeon.Rimworld.Ideology; Ludeon.RimWorld.Biotech; Ludeon.RimWorld.Anomaly; OskarPotocki.VanillaFactionsExpanded.Core; VanillaExpanded.VFEA; GoGaTio.MechanoidUpgrades; Explorern11.VehiclesWrecksExpanded; BreadMo.Cinders; XMB.AncientThreat.MO","","FSBD.NAR; DerekBickley.WorthlessJunk; Amlifurx.FunnyPack.BARs; zal.worthlessjunk","workshop/294100/2871064871/About/About.xml","1C765DF63D61028378E9152C820F20C6F86FCF272F2D233937E155616949AA11","About.xml parsed","v1.3; v1.4; v1.5; v1.6","IfModActive","16","","Parsed; all listed folders exist locally"
"294","Vehicles Wrecks Expanded - Revisited","3348827283","1","https://steamcommunity.com/sharedfiles/filedetails/?id=3348827283","Installed Steam Workshop copy","Vehicles Wrecks Expanded - Revisited","VehiclesWrecksExpanded.Revisited","","1.5; 1.6","Explorern11.VehiclesWrecksExpanded","Ludeon.RimWorld; Ludeon.RimWorld.Royalty; Explorern11.VehiclesWrecksExpanded","","","workshop/294100/3348827283/About/About.xml","59B45A39559C85824356760944F3FF2CD0E14B0A9682CF6901CC5D36F7F518BE","About.xml parsed","","","0","","No LoadFolders.xml; default version-folder discovery applies"
