"FromLoadOrder","FromName","FromPackageID","Relationship","ToLoadOrder","ToName","ToPackageID","TargetInProfile","EvidenceRelativePath","EvidenceAboutXmlSHA256"
"1","Harmony","brrainz.harmony","LoadBefore","4","Core","Ludeon.RimWorld","True","workshop/294100/2009463077/About/About.xml","280984AC4A391C12288D670B7F37DCEBBE8D0BD9FA2F576FC3B2424FED911A0A"
"3","Loading Progress","ilyvion.LoadingProgress","Requires","1","Harmony","brrainz.harmony","True","workshop/294100/3535481557/About/About.xml","6730FA6151F1D0A3DB09AD24EE32E92F7C45D2C1B2EC0BB1502BDDED0F2929E3"
"3","Loading Progress","ilyvion.LoadingProgress","LoadAfter","1","Harmony","brrainz.harmony","True","workshop/294100/3535481557/About/About.xml","6730FA6151F1D0A3DB09AD24EE32E92F7C45D2C1B2EC0BB1502BDDED0F2929E3"
"3","Loading Progress","ilyvion.LoadingProgress","LoadBefore","4","Core","ludeon.rimworld","True","workshop/294100/3535481557/About/About.xml","6730FA6151F1D0A3DB09AD24EE32E92F7C45D2C1B2EC0BB1502BDDED0F2929E3"
"3","Loading Progress","ilyvion.LoadingProgress","IncompatibleWith","","","assassinsbro.startupimpactcontinued","False","workshop/294100/3535481557/About/About.xml","6730FA6151F1D0A3DB09AD24EE32E92F7C45D2C1B2EC0BB1502BDDED0F2929E3"
"10","Adaptive Storage Framework","adaptive.storage.framework","Requires","1","Harmony","brrainz.harmony","True","workshop/294100/3033901359/About/About.xml","9B91FD2B149B5771A615CCFBBC2F1F09B5B00D2146C4386D988ED2D6E1F196CC"
"10","Adaptive Storage Framework","adaptive.storage.framework","LoadAfter","1","Harmony","brrainz.harmony","True","workshop/294100/3033901359/About/About.xml","9B91FD2B149B5771A615CCFBBC2F1F09B5B00D2146C4386D988ED2D6E1F196CC"
"10","Adaptive Storage Framework","adaptive.storage.framework","LoadAfter","4","Core","Ludeon.RimWorld","True","workshop/294100/3033901359/About/About.xml","9B91FD2B149B5771A615CCFBBC2F1F09B5B00D2146C4386D988ED2D6E1F196CC"
"10","Adaptive Storage Framework","adaptive.storage.framework","LoadAfter","","","rwmt.Multiplayer","False","workshop/294100/3033901359/About/About.xml","9B91FD2B149B5771A615CCFBBC2F1F09B5B00D2146C4386D988ED2D6E1F196CC"
"10","Adaptive Storage Framework","adaptive.storage.framework","LoadBefore","14","Vanilla Expanded Framework","OskarPotocki.VanillaFactionsExpanded.Core","True","workshop/294100/3033901359/About/About.xml","9B91FD2B149B5771A615CCFBBC2F1F09B5B00D2146C4386D988ED2D6E1F196CC"
"11","Vehicle Framework","SmashPhil.VehicleFramework","Requires","1","Harmony","brrainz.harmony","True","workshop/294100/3014915404/About/About.xml","FA0E5A37AF805B398005023FBFAEC3362E2C2E3DD5002CA4632E54E18EC68D25"
"11","Vehicle Framework","SmashPhil.VehicleFramework","LoadAfter","1","Harmony","brrainz.harmony","True","workshop/294100/3014915404/About/About.xml","FA0E5A37AF805B398005023FBFAEC3362E2C2E3DD5002CA4632E54E18EC68D25"
"11","Vehicle Framework","SmashPhil.VehicleFramework","IncompatibleWith","","","majorhoff.rimthreaded","False","workshop/294100/3014915404/About/About.xml","FA0E5A37AF805B398005023FBFAEC3362E2C2E3DD5002CA4632E54E18EC68D25"
"12","XML Extensions","imranfish.xmlextensions","Requires","1","Harmony","brrainz.harmony","True","workshop/294100/2574315206/About/About.xml","76EE209F77A413047CB872CED25FBDE3734011B31CAC46F8AE7DD2D849E8EDE2"
"12","XML Extensions","imranfish.xmlextensions","LoadAfter","4","Core","ludeon.rimworld","True","workshop/294100/2574315206/About/About.xml","76EE209F77A413047CB872CED25FBDE3734011B31CAC46F8AE7DD2D849E8EDE2"
"13","HugsLib","UnlimitedHugs.HugsLib","Requires","1","Harmony","brrainz.harmony","True","workshop/294100/818773962/About/About.xml","AE88A805065C164A612844D4164BCA56A8BCDD3EA8D45AEE5D55BDEB88C4AF8E"
"13","HugsLib","UnlimitedHugs.HugsLib","LoadAfter","4","Core","Ludeon.RimWorld","True","workshop/294100/818773962/About/About.xml","AE88A805065C164A612844D4164BCA56A8BCDD3EA8D45AEE5D55BDEB88C4AF8E"
"13","HugsLib","UnlimitedHugs.HugsLib","LoadAfter","5","Royalty","Ludeon.RimWorld.Royalty","True","workshop/294100/818773962/About/About.xml","AE88A805065C164A612844D4164BCA56A8BCDD3EA8D45AEE5D55BDEB88C4AF8E"
"13","HugsLib","UnlimitedHugs.HugsLib","LoadAfter","6","Ideology","Ludeon.RimWorld.Ideology","True","workshop/294100/818773962/About/About.xml","AE88A805065C164A612844D4164BCA56A8BCDD3EA8D45AEE5D55BDEB88C4AF8E"
"13","HugsLib","UnlimitedHugs.HugsLib","LoadAfter","7","Biotech","Ludeon.RimWorld.Biotech","True","workshop/294100/818773962/About/About.xml","AE88A805065C164A612844D4164BCA56A8BCDD3EA8D45AEE5D55BDEB88C4AF8E"
"13","HugsLib","UnlimitedHugs.HugsLib","LoadAfter","8","Anomaly","Ludeon.RimWorld.Anomaly","True","workshop/294100/818773962/About/About.xml","AE88A805065C164A612844D4164BCA56A8BCDD3EA8D45AEE5D55BDEB88C4AF8E"
"13","HugsLib","UnlimitedHugs.HugsLib","LoadAfter","1","Harmony","brrainz.harmony","True","workshop/294100/818773962/About/About.xml","AE88A805065C164A612844D4164BCA56A8BCDD3EA8D45AEE5D55BDEB88C4AF8E"
"14","Vanilla Expanded Framework","OskarPotocki.VanillaFactionsExpanded.Core","Requires","1","Harmony","brrainz.harmony","True","workshop/294100/2023507013/About/About.xml","11F49A892573F407C51380A5287A4DF0B31D120B4259AB300B5DBD25C881B630"
"14","Vanilla Expanded Framework","OskarPotocki.VanillaFactionsExpanded.Core","LoadAfter","4","Core","Ludeon.RimWorld","True","workshop/294100/2023507013/About/About.xml","11F49A892573F407C51380A5287A4DF0B31D120B4259AB300B5DBD25C881B630"
"14","Vanilla Expanded Framework","OskarPotocki.VanillaFactionsExpanded.Core","LoadAfter","5","Royalty","Ludeon.RimWorld.Royalty","True","workshop/294100/2023507013/About/About.xml","11F49A892573F407C51380A5287A4DF0B31D120B4259AB300B5DBD25C881B630"
"14","Vanilla Expanded Framework","OskarPotocki.VanillaFactionsExpanded.Core","LoadAfter","6","Ideology","Ludeon.RimWorld.Ideology","True","workshop/294100/2023507013/About/About.xml","11F49A892573F407C51380A5287A4DF0B31D120B4259AB300B5DBD25C881B630"
"14","Vanilla Expanded Framework","OskarPotocki.VanillaFactionsExpanded.Core","LoadAfter","9","Odyssey","Ludeon.RimWorld.Odyssey","True","workshop/294100/2023507013/About/About.xml","11F49A892573F407C51380A5287A4DF0B31D120B4259AB300B5DBD25C881B630"
"14","Vanilla Expanded Framework","OskarPotocki.VanillaFactionsExpanded.Core","LoadAfter","7","Biotech","Ludeon.RimWorld.Biotech","True","workshop/294100/2023507013/About/About.xml","11F49A892573F407C51380A5287A4DF0B31D120B4259AB300B5DBD25C881B630"
"14","Vanilla Expanded Framework","OskarPotocki.VanillaFactionsExpanded.Core","LoadAfter","8","Anomaly","Ludeon.RimWorld.Anomaly","True","workshop/294100/2023507013/About/About.xml","11F49A892573F407C51380A5287A4DF0B31D120B4259AB300B5DBD25C881B630"
"14","Vanilla Expanded Framework","OskarPotocki.VanillaFactionsExpanded.Core","LoadAfter","1","Harmony","brrainz.harmony","True","workshop/294100/2023507013/About/About.xml","11F49A892573F407C51380A5287A4DF0B31D120B4259AB300B5DBD25C881B630"
"14","Vanilla Expanded Framework","OskarPotocki.VanillaFactionsExpanded.Core","IncompatibleWith","","","hatena.RangeAnimalFramework","False","workshop/294100/2023507013/About/About.xml","11F49A892573F407C51380A5287A4DF0B31D120B4259AB300B5DBD25C881B630"
"15","[ARY] Automatic Stump Chopping [1.5 - 1.6]","Arylice.Rimworld.AutomaticStumpChopping","Requires","1","Harmony","brrainz.harmony","True","workshop/294100/3357749890/About/About.xml","BE721B5257D4575785EBBEC5B0D6B77CC407958591F1A959454131246775751B"
"15","[ARY] Automatic Stump Chopping [1.5 - 1.6]","Arylice.Rimworld.AutomaticStumpChopping","LoadAfter","1","Harmony","brrainz.harmony","True","workshop/294100/3357749890/About/About.xml","BE721B5257D4575785EBBEC5B0D6B77CC407958591F1A959454131246775751B"
"15","[ARY] Automatic Stump Chopping [1.5 - 1.6]","Arylice.Rimworld.AutomaticStumpChopping","LoadAfter","4","Core","Ludeon.RimWorld","True","workshop/294100/3357749890/About/About.xml","BE721B5257D4575785EBBEC5B0D6B77CC407958591F1A959454131246775751B"
"15","[ARY] Automatic Stump Chopping [1.5 - 1.6]","Arylice.Rimworld.AutomaticStumpChopping","LoadAfter","5","Royalty","Ludeon.RimWorld.Royalty","True","workshop/294100/3357749890/About/About.xml","BE721B5257D4575785EBBEC5B0D6B77CC407958591F1A959454131246775751B"
"15","[ARY] Automatic Stump Chopping [1.5 - 1.6]","Arylice.Rimworld.AutomaticStumpChopping","LoadAfter","6","Ideology","Ludeon.RimWorld.Ideology","True","workshop/294100/3357749890/About/About.xml","BE721B5257D4575785EBBEC5B0D6B77CC407958591F1A959454131246775751B"
"15","[ARY] Automatic Stump Chopping [1.5 - 1.6]","Arylice.Rimworld.AutomaticStumpChopping","LoadAfter","7","Biotech","Ludeon.RimWorld.Biotech","True","workshop/294100/3357749890/About/About.xml","BE721B5257D4575785EBBEC5B0D6B77CC407958591F1A959454131246775751B"
"15","[ARY] Automatic Stump Chopping [1.5 - 1.6]","Arylice.Rimworld.AutomaticStumpChopping","LoadAfter","8","Anomaly","Ludeon.RimWorld.Anomaly","True","workshop/294100/3357749890/About/About.xml","BE721B5257D4575785EBBEC5B0D6B77CC407958591F1A959454131246775751B"
"15","[ARY] Automatic Stump Chopping [1.5 - 1.6]","Arylice.Rimworld.AutomaticStumpChopping","LoadAfter","9","Odyssey","Ludeon.RimWorld.Odyssey","True","workshop/294100/3357749890/About/About.xml","BE721B5257D4575785EBBEC5B0D6B77CC407958591F1A959454131246775751B"
"16","[Kit] Graze up","kittahkhan.grazeup","Requires","1","Harmony","brrainz.harmony","True","workshop/294100/2302739121/About/About.xml","81EAEBA8E60DDE089CC1A75F0E9EE5CC9AD640A03B305D021D94B83D82A8669D"
"17","[KV] Call Trade Ships (Continued)","zal.calltradeships","Requires","1","Harmony","brrainz.harmony","True","workshop/294100/3722921543/About/About.xml","F10825618AB8B31D4F7EBC2A1192AC4DAE754BDB596DEB9F76B5E229CC743C10"
"20","[SR]Factional War (fork)","SR.ModRimworld.FactionalWarContinued","LoadAfter","4","Core","Ludeon.RimWorld","True","workshop/294100/3423264477/About/About.xml","813B576389A3182BE8680F43F100C98FF8280DF43B345FD4399E68D99EA513D0"
"21","[XND] Profitable Weapons (Continued)","Mlie.XNDProfitableWeapons","Requires","1","Harmony","brrainz.harmony","True","workshop/294100/2269697598/About/About.xml","016426080BE1FEDF25DD3F4E08BC1F7280D61DC2611AC65956D9CCB43E35FC28"
"21","[XND] Profitable Weapons (Continued)","Mlie.XNDProfitableWeapons","LoadAfter","1","Harmony","brrainz.harmony","True","workshop/294100/2269697598/About/About.xml","016426080BE1FEDF25DD3F4E08BC1F7280D61DC2611AC65956D9CCB43E35FC28"
"22","[XND] Visible Pants","XeoNovaDan.VisiblePants","Requires","1","Harmony","brrainz.harmony","True","workshop/294100/2264108215/About/About.xml","641C1BE551727D8ED7523ADF72B216E9592BEFC16C69043CDD809D6C13FCD53F"
"22","[XND] Visible Pants","XeoNovaDan.VisiblePants","LoadAfter","4","Core","Ludeon.RimWorld","True","workshop/294100/2264108215/About/About.xml","641C1BE551727D8ED7523ADF72B216E9592BEFC16C69043CDD809D6C13FCD53F"
"22","[XND] Visible Pants","XeoNovaDan.VisiblePants","LoadAfter","5","Royalty","Ludeon.RimWorld.Royalty","True","workshop/294100/2264108215/About/About.xml","641C1BE551727D8ED7523ADF72B216E9592BEFC16C69043CDD809D6C13FCD53F"
"22","[XND] Visible Pants","XeoNovaDan.VisiblePants","LoadAfter","1","Harmony","brrainz.harmony","True","workshop/294100/2264108215/About/About.xml","641C1BE551727D8ED7523ADF72B216E9592BEFC16C69043CDD809D6C13FCD53F"
"23","A Dog Said... Animal Prosthetics 2","SamBucher.ADogSaidAnimalProsthetics2","LoadAfter","12","XML Extensions","imranfish.xmlextensions","True","workshop/294100/3238353862/About/About.xml","1961D14413EA36E86E6FF63147D995358F6B20607961BF13DF0B4CD5A2B7534E"
"23","A Dog Said... Animal Prosthetics 2","SamBucher.ADogSaidAnimalProsthetics2","LoadAfter","","","vat.epoeforked","False","workshop/294100/3238353862/About/About.xml","1961D14413EA36E86E6FF63147D995358F6B20607961BF13DF0B4CD5A2B7534E"
"23","A Dog Said... Animal Prosthetics 2","SamBucher.ADogSaidAnimalProsthetics2","LoadAfter","","","mse2.core","False","workshop/294100/3238353862/About/About.xml","1961D14413EA36E86E6FF63147D995358F6B20607961BF13DF0B4CD5A2B7534E"
"23","A Dog Said... Animal Prosthetics 2","SamBucher.ADogSaidAnimalProsthetics2","LoadAfter","","","v1024.ebframework","False","workshop/294100/3238353862/About/About.xml","1961D14413EA36E86E6FF63147D995358F6B20607961BF13DF0B4CD5A2B7534E"
"23","A Dog Said... Animal Prosthetics 2","SamBucher.ADogSaidAnimalProsthetics2","LoadAfter","","","regrowth.botr.core","False","workshop/294100/3238353862/About/About.xml","1961D14413EA36E86E6FF63147D995358F6B20607961BF13DF0B4CD5A2B7534E"
"23","A Dog Said... Animal Prosthetics 2","SamBucher.ADogSaidAnimalProsthetics2","LoadAfter","","","regrowth.botr.boilingforest","False","workshop/294100/3238353862/About/About.xml","1961D14413EA36E86E6FF63147D995358F6B20607961BF13DF0B4CD5A2B7534E"
"23","A Dog Said... Animal Prosthetics 2","SamBucher.ADogSaidAnimalProsthetics2","LoadAfter","","","regrowth.botr.extinctanimalspack","False","workshop/294100/3238353862/About/About.xml","1961D14413EA36E86E6FF63147D995358F6B20607961BF13DF0B4CD5A2B7534E"
"23","A Dog Said... Animal Prosthetics 2","SamBucher.ADogSaidAnimalProsthetics2","LoadAfter","","","regrowth.botr.wastelands","False","workshop/294100/3238353862/About/About.xml","1961D14413EA36E86E6FF63147D995358F6B20607961BF13DF0B4CD5A2B7534E"
"23","A Dog Said... Animal Prosthetics 2","SamBucher.ADogSaidAnimalProsthetics2","LoadAfter","","","vanillaexpanded.vanillaanimalsexpanded","False","workshop/294100/3238353862/About/About.xml","1961D14413EA36E86E6FF63147D995358F6B20607961BF13DF0B4CD5A2B7534E"
"23","A Dog Said... Animal Prosthetics 2","SamBucher.ADogSaidAnimalProsthetics2","LoadAfter","","","vanillaexpanded.vaeendandext","False","workshop/294100/3238353862/About/About.xml","1961D14413EA36E86E6FF63147D995358F6B20607961BF13DF0B4CD5A2B7534E"
"23","A Dog Said... Animal Prosthetics 2","SamBucher.ADogSaidAnimalProsthetics2","LoadAfter","","","vanillaexpanded.vaeroy","False","workshop/294100/3238353862/About/About.xml","1961D14413EA36E86E6FF63147D995358F6B20607961BF13DF0B4CD5A2B7534E"
"23","A Dog Said... Animal Prosthetics 2","SamBucher.ADogSaidAnimalProsthetics2","LoadAfter","","","vanillaexpanded.vaewaste","False","workshop/294100/3238353862/About/About.xml","1961D14413EA36E86E6FF63147D995358F6B20607961BF13DF0B4CD5A2B7534E"
"23","A Dog Said... Animal Prosthetics 2","SamBucher.ADogSaidAnimalProsthetics2","LoadAfter","","","ACPteam.ACPVanillaStyle","False","workshop/294100/3238353862/About/About.xml","1961D14413EA36E86E6FF63147D995358F6B20607961BF13DF0B4CD5A2B7534E"
"23","A Dog Said... Animal Prosthetics 2","SamBucher.ADogSaidAnimalProsthetics2","LoadAfter","","","Scurvyez.StevesLoons","False","workshop/294100/3238353862/About/About.xml","1961D14413EA36E86E6FF63147D995358F6B20607961BF13DF0B4CD5A2B7534E"
"23","A Dog Said... Animal Prosthetics 2","SamBucher.ADogSaidAnimalProsthetics2","LoadAfter","","","Erin.FFAnimals","False","workshop/294100/3238353862/About/About.xml","1961D14413EA36E86E6FF63147D995358F6B20607961BF13DF0B4CD5A2B7534E"
"23","A Dog Said... Animal Prosthetics 2","SamBucher.ADogSaidAnimalProsthetics2","LoadAfter","","","Erin.AzaphraeBiotech","False","workshop/294100/3238353862/About/About.xml","1961D14413EA36E86E6FF63147D995358F6B20607961BF13DF0B4CD5A2B7534E"
"23","A Dog Said... Animal Prosthetics 2","SamBucher.ADogSaidAnimalProsthetics2","LoadAfter","","","Erin.LizzardDoggo","False","workshop/294100/3238353862/About/About.xml","1961D14413EA36E86E6FF63147D995358F6B20607961BF13DF0B4CD5A2B7534E"
"23","A Dog Said... Animal Prosthetics 2","SamBucher.ADogSaidAnimalProsthetics2","LoadAfter","","","Erin.Ferret","False","workshop/294100/3238353862/About/About.xml","1961D14413EA36E86E6FF63147D995358F6B20607961BF13DF0B4CD5A2B7534E"
"23","A Dog Said... Animal Prosthetics 2","SamBucher.ADogSaidAnimalProsthetics2","LoadAfter","","","Erin.Mountain","False","workshop/294100/3238353862/About/About.xml","1961D14413EA36E86E6FF63147D995358F6B20607961BF13DF0B4CD5A2B7534E"
"23","A Dog Said... Animal Prosthetics 2","SamBucher.ADogSaidAnimalProsthetics2","LoadAfter","","","Erin.Palamutes","False","workshop/294100/3238353862/About/About.xml","1961D14413EA36E86E6FF63147D995358F6B20607961BF13DF0B4CD5A2B7534E"
"23","A Dog Said... Animal Prosthetics 2","SamBucher.ADogSaidAnimalProsthetics2","LoadAfter","","","Erin.Valheim.Creatures","False","workshop/294100/3238353862/About/About.xml","1961D14413EA36E86E6FF63147D995358F6B20607961BF13DF0B4CD5A2B7534E"
"23","A Dog Said... Animal Prosthetics 2","SamBucher.ADogSaidAnimalProsthetics2","LoadAfter","","","Erin.Wildlife","False","workshop/294100/3238353862/About/About.xml","1961D14413EA36E86E6FF63147D995358F6B20607961BF13DF0B4CD5A2B7534E"
"23","A Dog Said... Animal Prosthetics 2","SamBucher.ADogSaidAnimalProsthetics2","LoadAfter","","","oblitus.housekeeperassistancecat","False","workshop/294100/3238353862/About/About.xml","1961D14413EA36E86E6FF63147D995358F6B20607961BF13DF0B4CD5A2B7534E"
"23","A Dog Said... Animal Prosthetics 2","SamBucher.ADogSaidAnimalProsthetics2","LoadAfter","","","onyxae.dragonsdescent","False","workshop/294100/3238353862/About/About.xml","1961D14413EA36E86E6FF63147D995358F6B20607961BF13DF0B4CD5A2B7534E"
"23","A Dog Said... Animal Prosthetics 2","SamBucher.ADogSaidAnimalProsthetics2","LoadAfter","","","Mlie.MoreThrumbos","False","workshop/294100/3238353862/About/About.xml","1961D14413EA36E86E6FF63147D995358F6B20607961BF13DF0B4CD5A2B7534E"
"23","A Dog Said... Animal Prosthetics 2","SamBucher.ADogSaidAnimalProsthetics2","LoadAfter","","","Maximilian.MoreThrumbos","False","workshop/294100/3238353862/About/About.xml","1961D14413EA36E86E6FF63147D995358F6B20607961BF13DF0B4CD5A2B7534E"
"23","A Dog Said... Animal Prosthetics 2","SamBucher.ADogSaidAnimalProsthetics2","LoadAfter","","","spincrus.dinosauria","False","workshop/294100/3238353862/About/About.xml","1961D14413EA36E86E6FF63147D995358F6B20607961BF13DF0B4CD5A2B7534E"
"23","A Dog Said... Animal Prosthetics 2","SamBucher.ADogSaidAnimalProsthetics2","LoadAfter","","","el.kenshifauna","False","workshop/294100/3238353862/About/About.xml","1961D14413EA36E86E6FF63147D995358F6B20607961BF13DF0B4CD5A2B7534E"
"23","A Dog Said... Animal Prosthetics 2","SamBucher.ADogSaidAnimalProsthetics2","LoadAfter","","","tachyonite.pawnmorpherpublic","False","workshop/294100/3238353862/About/About.xml","1961D14413EA36E86E6FF63147D995358F6B20607961BF13DF0B4CD5A2B7534E"
"23","A Dog Said... Animal Prosthetics 2","SamBucher.ADogSaidAnimalProsthetics2","LoadAfter","","","Rihlsul.AlbinoFluffy","False","workshop/294100/3238353862/About/About.xml","1961D14413EA36E86E6FF63147D995358F6B20607961BF13DF0B4CD5A2B7534E"
"23","A Dog Said... Animal Prosthetics 2","SamBucher.ADogSaidAnimalProsthetics2","LoadAfter","","","Rihlsul.BigFluffy","False","workshop/294100/3238353862/About/About.xml","1961D14413EA36E86E6FF63147D995358F6B20607961BF13DF0B4CD5A2B7534E"
"23","A Dog Said... Animal Prosthetics 2","SamBucher.ADogSaidAnimalProsthetics2","IncompatibleWith","","","spoonshortage.adogsaidanimalprosthetics","False","workshop/294100/3238353862/About/About.xml","1961D14413EA36E86E6FF63147D995358F6B20607961BF13DF0B4CD5A2B7534E"
"24","Adaptive Ideology Storage","Adaptive.Ideology.Storage","Requires","6","Ideology","Ludeon.RimWorld.Ideology","True","workshop/294100/3301337278/About/About.xml","D429127B303862C4014EB83CD45A9CD8FB18394FB0A2D6034E5233E1CEA26190"
"24","Adaptive Ideology Storage","Adaptive.Ideology.Storage","Requires","10","Adaptive Storage Framework","adaptive.storage.framework","True","workshop/294100/3301337278/About/About.xml","D429127B303862C4014EB83CD45A9CD8FB18394FB0A2D6034E5233E1CEA26190"
"24","Adaptive Ideology Storage","Adaptive.Ideology.Storage","LoadAfter","4","Core","Ludeon.RimWorld","True","workshop/294100/3301337278/About/About.xml","D429127B303862C4014EB83CD45A9CD8FB18394FB0A2D6034E5233E1CEA26190"
"24","Adaptive Ideology Storage","Adaptive.Ideology.Storage","LoadAfter","6","Ideology","Ludeon.RimWorld.Ideology","True","workshop/294100/3301337278/About/About.xml","D429127B303862C4014EB83CD45A9CD8FB18394FB0A2D6034E5233E1CEA26190"
"24","Adaptive Ideology Storage","Adaptive.Ideology.Storage","LoadAfter","10","Adaptive Storage Framework","adaptive.storage.framework","True","workshop/294100/3301337278/About/About.xml","D429127B303862C4014EB83CD45A9CD8FB18394FB0A2D6034E5233E1CEA26190"
"25","Adaptive Primitive Storage","Adaptive.PrimitiveStorage","Requires","1","Harmony","brrainz.harmony","True","workshop/294100/3400037215/About/About.xml","2FF5B6029C6B57991D8CDE1194811810D383A68BBDA86A9EF8EE10A06F4BAABC"
"25","Adaptive Primitive Storage","Adaptive.PrimitiveStorage","Requires","10","Adaptive Storage Framework","adaptive.storage.framework","True","workshop/294100/3400037215/About/About.xml","2FF5B6029C6B57991D8CDE1194811810D383A68BBDA86A9EF8EE10A06F4BAABC"
"25","Adaptive Primitive Storage","Adaptive.PrimitiveStorage","LoadAfter","4","Core","Ludeon.RimWorld","True","workshop/294100/3400037215/About/About.xml","2FF5B6029C6B57991D8CDE1194811810D383A68BBDA86A9EF8EE10A06F4BAABC"
"25","Adaptive Primitive Storage","Adaptive.PrimitiveStorage","LoadAfter","6","Ideology","Ludeon.RimWorld.Ideology","True","workshop/294100/3400037215/About/About.xml","2FF5B6029C6B57991D8CDE1194811810D383A68BBDA86A9EF8EE10A06F4BAABC"
"25","Adaptive Primitive Storage","Adaptive.PrimitiveStorage","LoadAfter","10","Adaptive Storage Framework","adaptive.storage.framework","True","workshop/294100/3400037215/About/About.xml","2FF5B6029C6B57991D8CDE1194811810D383A68BBDA86A9EF8EE10A06F4BAABC"
"25","Adaptive Primitive Storage","Adaptive.PrimitiveStorage","LoadAfter","","","lat.rimstro","False","workshop/294100/3400037215/About/About.xml","2FF5B6029C6B57991D8CDE1194811810D383A68BBDA86A9EF8EE10A06F4BAABC"
"25","Adaptive Primitive Storage","Adaptive.PrimitiveStorage","LoadBefore","","","vanillaexpanded.vpsycastse","False","workshop/294100/3400037215/About/About.xml","2FF5B6029C6B57991D8CDE1194811810D383A68BBDA86A9EF8EE10A06F4BAABC"
"26","Adaptive Simple Storage","Adaptive.SimpleStorage","Requires","10","Adaptive Storage Framework","adaptive.storage.framework","True","workshop/294100/3297307747/About/About.xml","5915021A21B0439458995571346C9F777C3984AFF96F33C253506A950D4FBE75"
"26","Adaptive Simple Storage","Adaptive.SimpleStorage","LoadAfter","4","Core","Ludeon.RimWorld","True","workshop/294100/3297307747/About/About.xml","5915021A21B0439458995571346C9F777C3984AFF96F33C253506A950D4FBE75"
"26","Adaptive Simple Storage","Adaptive.SimpleStorage","LoadAfter","10","Adaptive Storage Framework","adaptive.storage.framework","True","workshop/294100/3297307747/About/About.xml","5915021A21B0439458995571346C9F777C3984AFF96F33C253506A950D4FBE75"
"29","All Turrets Can Set Forced Target (Continued)","Mlie.AllTurretsCanSetForcedTarget","Requires","1","Harmony","brrainz.harmony","True","workshop/294100/3256513109/About/About.xml","1C1D1C415C5409481ABDA3BFF5F10B6F9BC85F55A770F166F51E392B29FBB88B"
"29","All Turrets Can Set Forced Target (Continued)","Mlie.AllTurretsCanSetForcedTarget","LoadAfter","1","Harmony","brrainz.harmony","True","workshop/294100/3256513109/About/About.xml","1C1D1C415C5409481ABDA3BFF5F10B6F9BC85F55A770F166F51E392B29FBB88B"
"30","Allow Tool","UnlimitedHugs.AllowTool","Requires","13","HugsLib","UnlimitedHugs.HugsLib","True","workshop/294100/761421485/About/About.xml","0054DAF3B8466D87D2D6C3EE02F0345B240E92F2CC8656FC4DEB7665F984357B"
"30","Allow Tool","UnlimitedHugs.AllowTool","LoadAfter","13","HugsLib","UnlimitedHugs.HugsLib","True","workshop/294100/761421485/About/About.xml","0054DAF3B8466D87D2D6C3EE02F0345B240E92F2CC8656FC4DEB7665F984357B"
"31","Animal Apparel: Framework","Ingendum.AnimalApparelFramework","Requires","1","Harmony","brrainz.harmony","True","workshop/294100/3513825850/About/About.xml","52C01BD5DDAB9710C95935373CABBAD20A6655635DF14F1C0B98DAF9718A36FD"
"31","Animal Apparel: Framework","Ingendum.AnimalApparelFramework","LoadAfter","","","Sandy.RPGStyleInventory.avilmask.Revamped","False","workshop/294100/3513825850/About/About.xml","52C01BD5DDAB9710C95935373CABBAD20A6655635DF14F1C0B98DAF9718A36FD"
"31","Animal Apparel: Framework","Ingendum.AnimalApparelFramework","LoadAfter","","","Donald.VCR","False","workshop/294100/3513825850/About/About.xml","52C01BD5DDAB9710C95935373CABBAD20A6655635DF14F1C0B98DAF9718A36FD"
"31","Animal Apparel: Framework","Ingendum.AnimalApparelFramework","LoadAfter","","","owlchemist.giddyup","False","workshop/294100/3513825850/About/About.xml","52C01BD5DDAB9710C95935373CABBAD20A6655635DF14F1C0B98DAF9718A36FD"
"31","Animal Apparel: Framework","Ingendum.AnimalApparelFramework","IncompatibleWith","","","Dylan.AnimalGear","False","workshop/294100/3513825850/About/About.xml","52C01BD5DDAB9710C95935373CABBAD20A6655635DF14F1C0B98DAF9718A36FD"
"32","Animal Apparel: Vac Belt","Ingendum.AnimalArmorVacBelt","Requires","31","Animal Apparel: Framework","Ingendum.AnimalApparelFramework","True","workshop/294100/3525740284/About/About.xml","A95F844E764D66085C4AE72E56C6CF14D9643CD7A66F7ECF7F8ED284A0AA3BCE"
"33","Animal Controls","avilmask.AnimalControls","Requires","1","Harmony","brrainz.harmony","True","workshop/294100/2426119067/About/About.xml","3898DFF7CAE17FE2B2C652482F899587CA0E07293F7D1915BFA01DB03A8D78FF"
"36","Animal Tab (Continued 1.6)","Fluffy.AnimalTab","Requires","1","Harmony","brrainz.harmony","True","workshop/294100/3575480305/About/About.xml","3670C6AB3A7EF6046EC320F5B0464F02B530B1A71C66ACE7B3393805A6B15BF6"
"36","Animal Tab (Continued 1.6)","Fluffy.AnimalTab","LoadAfter","1","Harmony","brrainz.harmony","True","workshop/294100/3575480305/About/About.xml","3670C6AB3A7EF6046EC320F5B0464F02B530B1A71C66ACE7B3393805A6B15BF6"
"37","Animals are fun! (Continued)","ColossalFossil.AnimalsAreFunContinued","LoadAfter","4","Core","Ludeon.RimWorld","True","workshop/294100/3245454244/About/About.xml","933EBFC31972E6703985A21B284F0824AE66755692C7CC990E477257BBC064AF"
"38","Animals Logic","Oblitus.AnimalsLogic","IncompatibleWith","","","Daniledman.HardworkingAnimals","False","workshop/294100/1098354593/About/About.xml","76874C400ABFC37E9CD68F68E27B830DB769956564EB705978AA1EE0A4B02C80"
"39","Anomaly Research Asteroid","zoarak.anomalyplat","Requires","8","Anomaly","Ludeon.RimWorld.Anomaly","True","workshop/294100/3527726648/About/About.xml","3B75B6CD10B178E2221842E8C98052AA0E2FB91C4C43CDD1AB61328A585A483E"
"39","Anomaly Research Asteroid","zoarak.anomalyplat","Requires","9","Odyssey","Ludeon.RimWorld.Odyssey","True","workshop/294100/3527726648/About/About.xml","3B75B6CD10B178E2221842E8C98052AA0E2FB91C4C43CDD1AB61328A585A483E"
"39","Anomaly Research Asteroid","zoarak.anomalyplat","LoadAfter","4","Core","Ludeon.RimWorld","True","workshop/294100/3527726648/About/About.xml","3B75B6CD10B178E2221842E8C98052AA0E2FB91C4C43CDD1AB61328A585A483E"
"39","Anomaly Research Asteroid","zoarak.anomalyplat","LoadAfter","5","Royalty","Ludeon.RimWorld.Royalty","True","workshop/294100/3527726648/About/About.xml","3B75B6CD10B178E2221842E8C98052AA0E2FB91C4C43CDD1AB61328A585A483E"
"39","Anomaly Research Asteroid","zoarak.anomalyplat","LoadAfter","6","Ideology","Ludeon.RimWorld.Ideology","True","workshop/294100/3527726648/About/About.xml","3B75B6CD10B178E2221842E8C98052AA0E2FB91C4C43CDD1AB61328A585A483E"
"39","Anomaly Research Asteroid","zoarak.anomalyplat","LoadAfter","7","Biotech","Ludeon.RimWorld.Biotech","True","workshop/294100/3527726648/About/About.xml","3B75B6CD10B178E2221842E8C98052AA0E2FB91C4C43CDD1AB61328A585A483E"
"39","Anomaly Research Asteroid","zoarak.anomalyplat","LoadAfter","8","Anomaly","Ludeon.RimWorld.Anomaly","True","workshop/294100/3527726648/About/About.xml","3B75B6CD10B178E2221842E8C98052AA0E2FB91C4C43CDD1AB61328A585A483E"
"39","Anomaly Research Asteroid","zoarak.anomalyplat","LoadAfter","9","Odyssey","Ludeon.RimWorld.Odyssey","True","workshop/294100/3527726648/About/About.xml","3B75B6CD10B178E2221842E8C98052AA0E2FB91C4C43CDD1AB61328A585A483E"
"40","Architect Icons","com.bymarcin.ArchitectIcons","Requires","1","Harmony","brrainz.harmony","True","workshop/294100/1195427067/About/About.xml","D8C77467117FBECFCDE91CFF31780334BEA3A7A5B70A72907DD9E2D226B55E5A"
"40","Architect Icons","com.bymarcin.ArchitectIcons","LoadAfter","1","Harmony","brrainz.harmony","True","workshop/294100/1195427067/About/About.xml","D8C77467117FBECFCDE91CFF31780334BEA3A7A5B70A72907DD9E2D226B55E5A"
"41","Area Unlocker (Continued)","Mlie.AreaUnlocker","Requires","1","Harmony","brrainz.harmony","True","workshop/294100/3550817577/About/About.xml","B17A72CDC3037D2AA28F86D294594347F64C092640CDF5C67C08B1445FE4D7DF"
"41","Area Unlocker (Continued)","Mlie.AreaUnlocker","LoadAfter","1","Harmony","brrainz.harmony","True","workshop/294100/3550817577/About/About.xml","B17A72CDC3037D2AA28F86D294594347F64C092640CDF5C67C08B1445FE4D7DF"
"42","Asteroid Mineral Scanner","Broms.AsteroidMineralScanner","Requires","9","Odyssey","Ludeon.RimWorld.Odyssey","True","workshop/294100/3536585361/About/About.xml","058B95A9EC69A06086B71E3CEE5705CA34103BF48A13271D05DC73F5AF352861"
"42","Asteroid Mineral Scanner","Broms.AsteroidMineralScanner","LoadAfter","9","Odyssey","Ludeon.RimWorld.Odyssey","True","workshop/294100/3536585361/About/About.xml","058B95A9EC69A06086B71E3CEE5705CA34103BF48A13271D05DC73F5AF352861"
"42","Asteroid Mineral Scanner","Broms.AsteroidMineralScanner","LoadAfter","","","guy762.mm.kotorcore","False","workshop/294100/3536585361/About/About.xml","058B95A9EC69A06086B71E3CEE5705CA34103BF48A13271D05DC73F5AF352861"
"44","Auto-Cut Blight - 1.6","Defi.AutoCutBlight","Requires","1","Harmony","brrainz.harmony","True","workshop/294100/3520167264/About/About.xml","0DC74FABB0292047D30EF1D60590087A29D81B1B1D9DE5A70FEB24C107376632"
"48","Bed Rest For Food Poisoning","bedrestforfoodpoisoning.1trickPonyta","Requires","1","Harmony","brrainz.harmony","True","workshop/294100/2567901366/About/About.xml","BD8B7AD8B3A37A7C15257A975502197ECEDE51A0E99A651E69637EBEE391A45D"
"49","Better Electronics","AdamBucior.BetterElectronics","Requires","13","HugsLib","UnlimitedHugs.HugsLib","True","workshop/294100/1555743957/About/About.xml","D7979912C1B03C667BA9D322E8C546441305AFC5419EFD0AD9F3DAD6C34D8ED5"
"49","Better Electronics","AdamBucior.BetterElectronics","LoadAfter","13","HugsLib","UnlimitedHugs.HugsLib","True","workshop/294100/1555743957/About/About.xml","D7979912C1B03C667BA9D322E8C546441305AFC5419EFD0AD9F3DAD6C34D8ED5"
"51","Better Gene Inheritance","RedMattis.BetterGeneInheritance","Requires","7","Biotech","Ludeon.RimWorld.Biotech","True","workshop/294100/3046776238/About/About.xml","65E479A7FF43485CAF5EA41809DEE8F1FE5860DD523A4289E24FDF722C7614DD"
"51","Better Gene Inheritance","RedMattis.BetterGeneInheritance","Requires","1","Harmony","brrainz.harmony","True","workshop/294100/3046776238/About/About.xml","65E479A7FF43485CAF5EA41809DEE8F1FE5860DD523A4289E24FDF722C7614DD"
"51","Better Gene Inheritance","RedMattis.BetterGeneInheritance","LoadAfter","4","Core","Ludeon.RimWorld","True","workshop/294100/3046776238/About/About.xml","65E479A7FF43485CAF5EA41809DEE8F1FE5860DD523A4289E24FDF722C7614DD"
"51","Better Gene Inheritance","RedMattis.BetterGeneInheritance","LoadAfter","5","Royalty","Ludeon.RimWorld.Royalty","True","workshop/294100/3046776238/About/About.xml","65E479A7FF43485CAF5EA41809DEE8F1FE5860DD523A4289E24FDF722C7614DD"
"51","Better Gene Inheritance","RedMattis.BetterGeneInheritance","LoadAfter","6","Ideology","Ludeon.RimWorld.Ideology","True","workshop/294100/3046776238/About/About.xml","65E479A7FF43485CAF5EA41809DEE8F1FE5860DD523A4289E24FDF722C7614DD"
"51","Better Gene Inheritance","RedMattis.BetterGeneInheritance","LoadAfter","7","Biotech","Ludeon.RimWorld.Biotech","True","workshop/294100/3046776238/About/About.xml","65E479A7FF43485CAF5EA41809DEE8F1FE5860DD523A4289E24FDF722C7614DD"
"51","Better Gene Inheritance","RedMattis.BetterGeneInheritance","LoadAfter","1","Harmony","brrainz.harmony","True","workshop/294100/3046776238/About/About.xml","65E479A7FF43485CAF5EA41809DEE8F1FE5860DD523A4289E24FDF722C7614DD"
"52","BetterWeight","ArchieV.BetterWeight","Requires","1","Harmony","brrainz.harmony","True","workshop/294100/2221387317/About/About.xml","8AD99586DA146EAAE8573B1A40F6DEC0476FE9791415AFD0710773A2932C38ED"
"52","BetterWeight","ArchieV.BetterWeight","LoadAfter","4","Core","Ludeon.RimWorld","True","workshop/294100/2221387317/About/About.xml","8AD99586DA146EAAE8573B1A40F6DEC0476FE9791415AFD0710773A2932C38ED"
"52","BetterWeight","ArchieV.BetterWeight","LoadAfter","5","Royalty","Ludeon.RimWorld.Royalty","True","workshop/294100/2221387317/About/About.xml","8AD99586DA146EAAE8573B1A40F6DEC0476FE9791415AFD0710773A2932C38ED"
"52","BetterWeight","ArchieV.BetterWeight","LoadAfter","6","Ideology","Ludeon.Rimworld.Ideology","True","workshop/294100/2221387317/About/About.xml","8AD99586DA146EAAE8573B1A40F6DEC0476FE9791415AFD0710773A2932C38ED"
"52","BetterWeight","ArchieV.BetterWeight","LoadAfter","7","Biotech","Ludeon.Rimworld.Biotech","True","workshop/294100/2221387317/About/About.xml","8AD99586DA146EAAE8573B1A40F6DEC0476FE9791415AFD0710773A2932C38ED"
"52","BetterWeight","ArchieV.BetterWeight","LoadAfter","8","Anomaly","Ludeon.Rimworld.Anomaly","True","workshop/294100/2221387317/About/About.xml","8AD99586DA146EAAE8573B1A40F6DEC0476FE9791415AFD0710773A2932C38ED"
"52","BetterWeight","ArchieV.BetterWeight","LoadAfter","9","Odyssey","Ludeon.Rimworld.Odyssey","True","workshop/294100/2221387317/About/About.xml","8AD99586DA146EAAE8573B1A40F6DEC0476FE9791415AFD0710773A2932C38ED"
"52","BetterWeight","ArchieV.BetterWeight","LoadAfter","1","Harmony","brrainz.harmony","True","workshop/294100/2221387317/About/About.xml","8AD99586DA146EAAE8573B1A40F6DEC0476FE9791415AFD0710773A2932C38ED"
"53","Big Little Mod Patch","Daria40K.BigLittleModPatch","LoadAfter","","","dankpyon.medieval.overhaul","False","workshop/294100/2710382569/About/About.xml","54E8371DA4FB8C28C235681F4CB9DC7C0F8E1E9981328B498D7B20C6A32589C6"
"53","Big Little Mod Patch","Daria40K.BigLittleModPatch","LoadAfter","","","drenzyme.curiouscurios","False","workshop/294100/2710382569/About/About.xml","54E8371DA4FB8C28C235681F4CB9DC7C0F8E1E9981328B498D7B20C6A32589C6"
"54","Blood Animations","Fuu.BloodAnimations","Requires","1","Harmony","brrainz.harmony","True","workshop/294100/3228047321/About/About.xml","B8A995DB563778767D9ED3AB60136E648A58E14C3CE9199069CB6B7403122469"
"54","Blood Animations","Fuu.BloodAnimations","LoadAfter","4","Core","Ludeon.RimWorld","True","workshop/294100/3228047321/About/About.xml","B8A995DB563778767D9ED3AB60136E648A58E14C3CE9199069CB6B7403122469"
"54","Blood Animations","Fuu.BloodAnimations","LoadAfter","5","Royalty","Ludeon.RimWorld.Royalty","True","workshop/294100/3228047321/About/About.xml","B8A995DB563778767D9ED3AB60136E648A58E14C3CE9199069CB6B7403122469"
"54","Blood Animations","Fuu.BloodAnimations","LoadAfter","6","Ideology","Ludeon.RimWorld.Ideology","True","workshop/294100/3228047321/About/About.xml","B8A995DB563778767D9ED3AB60136E648A58E14C3CE9199069CB6B7403122469"
"54","Blood Animations","Fuu.BloodAnimations","LoadAfter","7","Biotech","Ludeon.RimWorld.Biotech","True","workshop/294100/3228047321/About/About.xml","B8A995DB563778767D9ED3AB60136E648A58E14C3CE9199069CB6B7403122469"
"54","Blood Animations","Fuu.BloodAnimations","LoadAfter","8","Anomaly","Ludeon.RimWorld.Anomaly","True","workshop/294100/3228047321/About/About.xml","B8A995DB563778767D9ED3AB60136E648A58E14C3CE9199069CB6B7403122469"
"54","Blood Animations","Fuu.BloodAnimations","LoadAfter","9","Odyssey","Ludeon.RimWorld.Odyssey","True","workshop/294100/3228047321/About/About.xml","B8A995DB563778767D9ED3AB60136E648A58E14C3CE9199069CB6B7403122469"
"54","Blood Animations","Fuu.BloodAnimations","LoadAfter","1","Harmony","brrainz.harmony","True","workshop/294100/3228047321/About/About.xml","B8A995DB563778767D9ED3AB60136E648A58E14C3CE9199069CB6B7403122469"
"55","Blueprints Forked - 1.6","Defi.Blueprints.fork","Requires","1","Harmony","brrainz.harmony","True","workshop/294100/3525001145/About/About.xml","4F6520E72571CE2F87D7228B0B7B07A538907793479713EC9D818307593015B1"
"57","Build From Inventory - Continued","Memegoddess.BuildFromInventory","Requires","1","Harmony","brrainz.harmony","True","workshop/294100/3534185281/About/About.xml","BAB42E55485ECFC3A9A665580201D9EFEE702A05864BF63AF77BACF41AF702AC"
"59","Call A Trader","arakos.callatrader.acat","Requires","1","Harmony","brrainz.harmony","True","workshop/294100/2784149999/About/About.xml","7292D7905D43B95A418AFDF01B88CFE215C895A949E393D5D143BF72555F940B"
"59","Call A Trader","arakos.callatrader.acat","LoadAfter","4","Core","Ludeon.RimWorld","True","workshop/294100/2784149999/About/About.xml","7292D7905D43B95A418AFDF01B88CFE215C895A949E393D5D143BF72555F940B"
"59","Call A Trader","arakos.callatrader.acat","LoadAfter","5","Royalty","Ludeon.RimWorld.Royalty","True","workshop/294100/2784149999/About/About.xml","7292D7905D43B95A418AFDF01B88CFE215C895A949E393D5D143BF72555F940B"
"59","Call A Trader","arakos.callatrader.acat","LoadAfter","6","Ideology","Ludeon.RimWorld.Ideology","True","workshop/294100/2784149999/About/About.xml","7292D7905D43B95A418AFDF01B88CFE215C895A949E393D5D143BF72555F940B"
"59","Call A Trader","arakos.callatrader.acat","LoadAfter","1","Harmony","brrainz.harmony","True","workshop/294100/2784149999/About/About.xml","7292D7905D43B95A418AFDF01B88CFE215C895A949E393D5D143BF72555F940B"
"60","Capture Them (Continued)","Mlie.CaptureThem","Requires","1","Harmony","brrainz.harmony","True","workshop/294100/3255137581/About/About.xml","E7084CC1805CB3F0E31AE64F99B210A237B4C2FA4FD474C17AFB6D9B6EA6D076"
"60","Capture Them (Continued)","Mlie.CaptureThem","LoadAfter","1","Harmony","brrainz.harmony","True","workshop/294100/3255137581/About/About.xml","E7084CC1805CB3F0E31AE64F99B210A237B4C2FA4FD474C17AFB6D9B6EA6D076"
"61","Carryalls | Intercontinental Transport (Continued)","Mlie.CarryallsIntercontinentalTransport","Requires","1","Harmony","brrainz.harmony","True","workshop/294100/3642349335/About/About.xml","136DE75E56C7B8F5C54D01C762CE2F29746FC99ADF0374F827994E076DD6AF9B"
"61","Carryalls | Intercontinental Transport (Continued)","Mlie.CarryallsIntercontinentalTransport","LoadAfter","1","Harmony","brrainz.harmony","True","workshop/294100/3642349335/About/About.xml","136DE75E56C7B8F5C54D01C762CE2F29746FC99ADF0374F827994E076DD6AF9B"
"61","Carryalls | Intercontinental Transport (Continued)","Mlie.CarryallsIntercontinentalTransport","IncompatibleWith","","","Shashlichnik.srtsexpanded","False","workshop/294100/3642349335/About/About.xml","136DE75E56C7B8F5C54D01C762CE2F29746FC99ADF0374F827994E076DD6AF9B"
"62","Cash Register (Continued)","Orion.CashRegister","Requires","1","Harmony","brrainz.harmony","True","workshop/294100/3509487668/About/About.xml","0AC49AD6A323DEC98D430A62E5AB62618BAC79636144D56BED44D36754B3880A"
"62","Cash Register (Continued)","Orion.CashRegister","LoadAfter","1","Harmony","brrainz.harmony","True","workshop/294100/3509487668/About/About.xml","0AC49AD6A323DEC98D430A62E5AB62618BAC79636144D56BED44D36754B3880A"
"63","Change map edge limit","kapitanoczywisty.changemapedge","Requires","1","Harmony","brrainz.harmony","True","workshop/294100/1546494565/About/About.xml","8A7500D57E39F05A3F0832C4C8320E83A6AE9536054E5261560B46A782CE4DC2"
"63","Change map edge limit","kapitanoczywisty.changemapedge","LoadAfter","1","Harmony","brrainz.Harmony","True","workshop/294100/1546494565/About/About.xml","8A7500D57E39F05A3F0832C4C8320E83A6AE9536054E5261560B46A782CE4DC2"
"64","Character Editor","void.charactereditor","Requires","1","Harmony","brrainz.harmony","True","workshop/294100/1874644848/About/About.xml","24436D3DB24EF85CC7329430ACD5CB4389A735701E51E5002209DEFC77EC0D13"
"64","Character Editor","void.charactereditor","LoadAfter","1","Harmony","brrainz.harmony","True","workshop/294100/1874644848/About/About.xml","24436D3DB24EF85CC7329430ACD5CB4389A735701E51E5002209DEFC77EC0D13"
"64","Character Editor","void.charactereditor","LoadAfter","4","Core","Ludeon.RimWorld","True","workshop/294100/1874644848/About/About.xml","24436D3DB24EF85CC7329430ACD5CB4389A735701E51E5002209DEFC77EC0D13"
"64","Character Editor","void.charactereditor","LoadAfter","5","Royalty","Ludeon.RimWorld.Royalty","True","workshop/294100/1874644848/About/About.xml","24436D3DB24EF85CC7329430ACD5CB4389A735701E51E5002209DEFC77EC0D13"
"64","Character Editor","void.charactereditor","LoadAfter","6","Ideology","Ludeon.RimWorld.Ideology","True","workshop/294100/1874644848/About/About.xml","24436D3DB24EF85CC7329430ACD5CB4389A735701E51E5002209DEFC77EC0D13"
"64","Character Editor","void.charactereditor","LoadAfter","7","Biotech","Ludeon.RimWorld.Biotech","True","workshop/294100/1874644848/About/About.xml","24436D3DB24EF85CC7329430ACD5CB4389A735701E51E5002209DEFC77EC0D13"
"64","Character Editor","void.charactereditor","LoadAfter","8","Anomaly","Ludeon.RimWorld.Anomaly","True","workshop/294100/1874644848/About/About.xml","24436D3DB24EF85CC7329430ACD5CB4389A735701E51E5002209DEFC77EC0D13"
"64","Character Editor","void.charactereditor","LoadAfter","13","HugsLib","UnlimitedHugs.HugsLib","True","workshop/294100/1874644848/About/About.xml","24436D3DB24EF85CC7329430ACD5CB4389A735701E51E5002209DEFC77EC0D13"
"65","CM Color Coded Mood Bar [1.1+]","CrashM.ColorCodedMoodBar.11","Requires","1","Harmony","brrainz.harmony","True","workshop/294100/2006605356/About/About.xml","4332D2E11E6D1F7B17EA849541E346AF7CF8EA896C9F9E4E672F8705930F7AF4"
"65","CM Color Coded Mood Bar [1.1+]","CrashM.ColorCodedMoodBar.11","LoadAfter","","","DerekBickley.LTOColonyGroupsFinal","False","workshop/294100/2006605356/About/About.xml","4332D2E11E6D1F7B17EA849541E346AF7CF8EA896C9F9E4E672F8705930F7AF4"
"65","CM Color Coded Mood Bar [1.1+]","CrashM.ColorCodedMoodBar.11","LoadAfter","","","SaucyPigeon.PawnBadge","False","workshop/294100/2006605356/About/About.xml","4332D2E11E6D1F7B17EA849541E346AF7CF8EA896C9F9E4E672F8705930F7AF4"
"65","CM Color Coded Mood Bar [1.1+]","CrashM.ColorCodedMoodBar.11","LoadAfter","","","Dark.JobInBar","False","workshop/294100/2006605356/About/About.xml","4332D2E11E6D1F7B17EA849541E346AF7CF8EA896C9F9E4E672F8705930F7AF4"
"66","Common Sense","avilmask.CommonSense","Requires","1","Harmony","brrainz.harmony","True","workshop/294100/1561769193/About/About.xml","7D88D50091E0EBE694EB1C2118CF9B7496942352B1A11D8856B8A080F1D3220C"
"66","Common Sense","avilmask.CommonSense","LoadAfter","13","HugsLib","UnlimitedHugs.HugsLib","True","workshop/294100/1561769193/About/About.xml","7D88D50091E0EBE694EB1C2118CF9B7496942352B1A11D8856B8A080F1D3220C"
"66","Common Sense","avilmask.CommonSense","LoadAfter","","","sumghaiDubwise.Replimat","False","workshop/294100/1561769193/About/About.xml","7D88D50091E0EBE694EB1C2118CF9B7496942352B1A11D8856B8A080F1D3220C"
"66","Common Sense","avilmask.CommonSense","LoadAfter","","","Dubwise.DubsBadHygiene","False","workshop/294100/1561769193/About/About.xml","7D88D50091E0EBE694EB1C2118CF9B7496942352B1A11D8856B8A080F1D3220C"
"66","Common Sense","avilmask.CommonSense","LoadAfter","","","Owlchemist.BadHygieneLite","False","workshop/294100/1561769193/About/About.xml","7D88D50091E0EBE694EB1C2118CF9B7496942352B1A11D8856B8A080F1D3220C"
"66","Common Sense","avilmask.CommonSense","LoadAfter","","","Atlas.AndroidTiers","False","workshop/294100/1561769193/About/About.xml","7D88D50091E0EBE694EB1C2118CF9B7496942352B1A11D8856B8A080F1D3220C"
"66","Common Sense","avilmask.CommonSense","LoadAfter","","","aRandomKiwi.AndroidTiersTXSerie","False","workshop/294100/1561769193/About/About.xml","7D88D50091E0EBE694EB1C2118CF9B7496942352B1A11D8856B8A080F1D3220C"
"67","Compact Work Tab (Continued)","Mlie.CompactWorkTab","Requires","1","Harmony","brrainz.harmony","True","workshop/294100/3250322299/About/About.xml","F54DF1876CD8E6FA25030BC62491A45B0803FB12BA91631EA97D3179E21D01DA"
"67","Compact Work Tab (Continued)","Mlie.CompactWorkTab","LoadAfter","1","Harmony","brrainz.harmony","True","workshop/294100/3250322299/About/About.xml","F54DF1876CD8E6FA25030BC62491A45B0803FB12BA91631EA97D3179E21D01DA"
"68","Corpse info","arl85.CorpseInfo","Requires","1","Harmony","brrainz.harmony","True","workshop/294100/2913588675/About/About.xml","70735DB53B82AC1FA1CE417062D577858D8EA13761A63509A87CF763BCA3AF23"
"68","Corpse info","arl85.CorpseInfo","LoadAfter","1","Harmony","brrainz.harmony","True","workshop/294100/2913588675/About/About.xml","70735DB53B82AC1FA1CE417062D577858D8EA13761A63509A87CF763BCA3AF23"
"70","Damage Indicators [1.6]","CaesarV6.DamageIndicators","Requires","1","Harmony","brrainz.harmony","True","workshop/294100/2016331497/About/About.xml","D653D63E4F66E86489841EC3E7A1F531EB4F623B73C6E1DE112C6AB35D6CBB90"
"71","Death Rattle Continued [1.2+]","Troopersmith1.DeathRattle","Requires","1","Harmony","brrainz.harmony","True","workshop/294100/2896207870/About/About.xml","A22178787D89CBEBCCDA2A164F8E280BDDEC34F2592C3F4D9CE27A7DD49AE379"
"71","Death Rattle Continued [1.2+]","Troopersmith1.DeathRattle","LoadAfter","1","Harmony","brrainz.harmony","True","workshop/294100/2896207870/About/About.xml","A22178787D89CBEBCCDA2A164F8E280BDDEC34F2592C3F4D9CE27A7DD49AE379"
"71","Death Rattle Continued [1.2+]","Troopersmith1.DeathRattle","LoadAfter","","","vat.epoeforked","False","workshop/294100/2896207870/About/About.xml","A22178787D89CBEBCCDA2A164F8E280BDDEC34F2592C3F4D9CE27A7DD49AE379"
"72","Dependency Overdose Fix","TheCafFiend.OverdoseDependencyFix","Requires","1","Harmony","brrainz.harmony","True","workshop/294100/3421951605/About/About.xml","0001C4B431A5D851D2D7915F07B6CB1E97128675D64C264A8376F001F050EC58"
"72","Dependency Overdose Fix","TheCafFiend.OverdoseDependencyFix","LoadAfter","1","Harmony","brrainz.harmony","True","workshop/294100/3421951605/About/About.xml","0001C4B431A5D851D2D7915F07B6CB1E97128675D64C264A8376F001F050EC58"
"72","Dependency Overdose Fix","TheCafFiend.OverdoseDependencyFix","LoadAfter","4","Core","Ludeon.RimWorld","True","workshop/294100/3421951605/About/About.xml","0001C4B431A5D851D2D7915F07B6CB1E97128675D64C264A8376F001F050EC58"
"72","Dependency Overdose Fix","TheCafFiend.OverdoseDependencyFix","LoadAfter","5","Royalty","Ludeon.RimWorld.Royalty","True","workshop/294100/3421951605/About/About.xml","0001C4B431A5D851D2D7915F07B6CB1E97128675D64C264A8376F001F050EC58"
"72","Dependency Overdose Fix","TheCafFiend.OverdoseDependencyFix","LoadAfter","6","Ideology","Ludeon.RimWorld.Ideology","True","workshop/294100/3421951605/About/About.xml","0001C4B431A5D851D2D7915F07B6CB1E97128675D64C264A8376F001F050EC58"
"72","Dependency Overdose Fix","TheCafFiend.OverdoseDependencyFix","LoadAfter","7","Biotech","Ludeon.RimWorld.Biotech","True","workshop/294100/3421951605/About/About.xml","0001C4B431A5D851D2D7915F07B6CB1E97128675D64C264A8376F001F050EC58"
"73","Destroy Item","Garwel.DestroyItem","LoadAfter","4","Core","Ludeon.RimWorld","True","workshop/294100/2423311270/About/About.xml","96DD309BC26FFC9EFEE470D60EB5C831E99DB14A760A59277253FA9FA0F3B8B5"
"74","Ding On Game Loaded","Mlie.DingOnGameLoaded","Requires","1","Harmony","brrainz.harmony","True","workshop/294100/2425530959/About/About.xml","D75242EE5C61E981901F5C716F1CB45C35EF78A69C4EB7EB2557167D7D93A321"
"74","Ding On Game Loaded","Mlie.DingOnGameLoaded","LoadAfter","1","Harmony","brrainz.harmony","True","workshop/294100/2425530959/About/About.xml","D75242EE5C61E981901F5C716F1CB45C35EF78A69C4EB7EB2557167D7D93A321"
"75","Do Recreation When Idle","Xercaine.DoRecreationWhenIdle","Requires","1","Harmony","brrainz.harmony","True","workshop/294100/3368214339/About/About.xml","A33EC2140DCAB9A5CF21BAF67D0C72E6D4A3779041ACFE572E4E0F5C39BFD2E8"
"76","Do Your F****** Research","MD.PrioritizeResearch","Requires","1","Harmony","brrainz.harmony","True","workshop/294100/3523205869/About/About.xml","2FECF758A032661283E200387D5E08A560B185468942C67593FE43100A034DBB"
"76","Do Your F****** Research","MD.PrioritizeResearch","LoadAfter","4","Core","Ludeon.RimWorld","True","workshop/294100/3523205869/About/About.xml","2FECF758A032661283E200387D5E08A560B185468942C67593FE43100A034DBB"
"76","Do Your F****** Research","MD.PrioritizeResearch","LoadAfter","1","Harmony","brrainz.harmony","True","workshop/294100/3523205869/About/About.xml","2FECF758A032661283E200387D5E08A560B185468942C67593FE43100A034DBB"
"77","Doors Expanded","jecrell.doorsexpanded","Requires","1","Harmony","brrainz.harmony","True","workshop/294100/3532342422/About/About.xml","05A074F39F75C154E9DA609EDF84887EDCBD1D3E483E8392A6E8E111A5D67184"
"78","Draftable Animals - Releashed","Wolfcub05.DraftableAnimals","Requires","1","Harmony","brrainz.harmony","True","workshop/294100/3534629428/About/About.xml","A5A632BC93DC43478DA9BE4C986C8266F9FE394A0673CE0173E38654FD1C4D52"
"79","DragSelect","telardo.DragSelect","Requires","1","Harmony","brrainz.harmony","True","workshop/294100/2599942235/About/About.xml","028853DFFC09A206159CBB98C7106951FBB2F29D22B4512853E7BD5D55121843"
"80","Dual Wield - Continued","MemeGoddess.DualWield","Requires","1","Harmony","brrainz.harmony","True","workshop/294100/3630049419/About/About.xml","B6D26EDF546218F9AC026BB8216BEC1E91E45BA94C48F632122C0ACDFB543AA2"
"80","Dual Wield - Continued","MemeGoddess.DualWield","IncompatibleWith","","","roolo.runandgun","False","workshop/294100/3630049419/About/About.xml","B6D26EDF546218F9AC026BB8216BEC1E91E45BA94C48F632122C0ACDFB543AA2"
"80","Dual Wield - Continued","MemeGoddess.DualWield","IncompatibleWith","","","roolo.runandgun.kotobike","False","workshop/294100/3630049419/About/About.xml","B6D26EDF546218F9AC026BB8216BEC1E91E45BA94C48F632122C0ACDFB543AA2"
"85","EdB Prepare Carefully","EdB.PrepareCarefully","LoadAfter","","","net.pardeike.rimworld.mod.harmony","False","workshop/294100/735106432/About/About.xml","C2329763ACE62AEBA5D898445430B89DAB5746EFC7F88186015D16CC7E05CEC0"
"87","Egg Incubator","Mlie.EggIncubator","Requires","1","Harmony","brrainz.harmony","True","workshop/294100/2505566813/About/About.xml","E4F53337BBDED76E73378582F0248A0D2C2A8CFC26C9E834B02491D6893E3859"
"87","Egg Incubator","Mlie.EggIncubator","LoadAfter","1","Harmony","brrainz.harmony","True","workshop/294100/2505566813/About/About.xml","E4F53337BBDED76E73378582F0248A0D2C2A8CFC26C9E834B02491D6893E3859"
"89","Explosive Implant (Continued)","Mlie.ExplosiveImplant","Requires","1","Harmony","brrainz.harmony","True","workshop/294100/2162909284/About/About.xml","67A5ECD5F21EA9DD69C3F5C09FF5AF643B949974471875D6A837FA4642CCA548"
"89","Explosive Implant (Continued)","Mlie.ExplosiveImplant","LoadAfter","1","Harmony","brrainz.harmony","True","workshop/294100/2162909284/About/About.xml","67A5ECD5F21EA9DD69C3F5C09FF5AF643B949974471875D6A837FA4642CCA548"
"91","Flickable Storage","Mlie.FlickableStorage","Requires","1","Harmony","brrainz.harmony","True","workshop/294100/2497907804/About/About.xml","D8E29D09E7FA18945A604BC221DDC10B6739A6FCC77A1A3F0E08505823290A37"
"91","Flickable Storage","Mlie.FlickableStorage","LoadAfter","1","Harmony","brrainz.harmony","True","workshop/294100/2497907804/About/About.xml","D8E29D09E7FA18945A604BC221DDC10B6739A6FCC77A1A3F0E08505823290A37"
"93","Food Poisoning Stack Fix (Continued)","Mlie.FoodPoisoningStackFix","Requires","1","Harmony","brrainz.harmony","True","workshop/294100/2843483188/About/About.xml","7FFD8E646362451F53380447FCCF1C26FBADBAB5D6598658C620999E648D343A"
"93","Food Poisoning Stack Fix (Continued)","Mlie.FoodPoisoningStackFix","LoadAfter","1","Harmony","brrainz.harmony","True","workshop/294100/2843483188/About/About.xml","7FFD8E646362451F53380447FCCF1C26FBADBAB5D6598658C620999E648D343A"
"94","Force Xenogerm Implantation","zed.0xff.ForceXenogermImplantation","Requires","7","Biotech","Ludeon.RimWorld.Biotech","True","workshop/294100/2958300354/About/About.xml","29523493E01212BD471FE8B873F826D64C2D641F45044AB30DD5ED7B757F53F1"
"94","Force Xenogerm Implantation","zed.0xff.ForceXenogermImplantation","Requires","6","Ideology","Ludeon.RimWorld.Ideology","True","workshop/294100/2958300354/About/About.xml","29523493E01212BD471FE8B873F826D64C2D641F45044AB30DD5ED7B757F53F1"
"94","Force Xenogerm Implantation","zed.0xff.ForceXenogermImplantation","Requires","1","Harmony","brrainz.harmony","True","workshop/294100/2958300354/About/About.xml","29523493E01212BD471FE8B873F826D64C2D641F45044AB30DD5ED7B757F53F1"
"98","Giddy-Up 2 - Continued","MemeGoddess.GiddyUp","Requires","1","Harmony","brrainz.harmony","True","workshop/294100/3674332861/About/About.xml","8483B32882CB44654CC0AEB985668DF872E1969EEEC7DF6448D9152947FD2848"
"98","Giddy-Up 2 - Continued","MemeGoddess.GiddyUp","LoadAfter","","","Owlchemist.ToggleableOverlays","False","workshop/294100/3674332861/About/About.xml","8483B32882CB44654CC0AEB985668DF872E1969EEEC7DF6448D9152947FD2848"
"98","Giddy-Up 2 - Continued","MemeGoddess.GiddyUp","LoadBefore","","","dylan.animalgear","False","workshop/294100/3674332861/About/About.xml","8483B32882CB44654CC0AEB985668DF872E1969EEEC7DF6448D9152947FD2848"
"98","Giddy-Up 2 - Continued","MemeGoddess.GiddyUp","LoadBefore","","","com.yayo.yayoAni.continued","False","workshop/294100/3674332861/About/About.xml","8483B32882CB44654CC0AEB985668DF872E1969EEEC7DF6448D9152947FD2848"
"98","Giddy-Up 2 - Continued","MemeGoddess.GiddyUp","IncompatibleWith","","","roolo.giddyupcore","False","workshop/294100/3674332861/About/About.xml","8483B32882CB44654CC0AEB985668DF872E1969EEEC7DF6448D9152947FD2848"
"98","Giddy-Up 2 - Continued","MemeGoddess.GiddyUp","IncompatibleWith","","","roolo.giddyuprideandroll","False","workshop/294100/3674332861/About/About.xml","8483B32882CB44654CC0AEB985668DF872E1969EEEC7DF6448D9152947FD2848"
"98","Giddy-Up 2 - Continued","MemeGoddess.GiddyUp","IncompatibleWith","","","roolo.giddyupcaravan","False","workshop/294100/3674332861/About/About.xml","8483B32882CB44654CC0AEB985668DF872E1969EEEC7DF6448D9152947FD2848"
"98","Giddy-Up 2 - Continued","MemeGoddess.GiddyUp","IncompatibleWith","","","roolo.giddyupbattlemounts","False","workshop/294100/3674332861/About/About.xml","8483B32882CB44654CC0AEB985668DF872E1969EEEC7DF6448D9152947FD2848"
"98","Giddy-Up 2 - Continued","MemeGoddess.GiddyUp","IncompatibleWith","","","Owlchemist.GiddyUp","False","workshop/294100/3674332861/About/About.xml","8483B32882CB44654CC0AEB985668DF872E1969EEEC7DF6448D9152947FD2848"
"98","Giddy-Up 2 - Continued","MemeGoddess.GiddyUp","IncompatibleWith","","","PJerri.GiddyUpPatchLoadingSaves","False","workshop/294100/3674332861/About/About.xml","8483B32882CB44654CC0AEB985668DF872E1969EEEC7DF6448D9152947FD2848"
"101","Gold & Silver Ingots","kongkim.GSingots","Requires","5","Royalty","Ludeon.RimWorld.Royalty","True","workshop/294100/2527544142/About/About.xml","D223D77B8D4EAA05270661E1AB8C17CE251FDCAFEC6D054A102F7A7732517E19"
"102","Graying Hair","Arkymn.AgingVisuals","Requires","1","Harmony","brrainz.harmony","True","workshop/294100/2807132773/About/About.xml","0B7268F4E5A494F42537347F6261DE4A77BD4F5ABB0339BC856F74F2C514080C"
"102","Graying Hair","Arkymn.AgingVisuals","LoadAfter","1","Harmony","brrainz.harmony","True","workshop/294100/2807132773/About/About.xml","0B7268F4E5A494F42537347F6261DE4A77BD4F5ABB0339BC856F74F2C514080C"
"102","Graying Hair","Arkymn.AgingVisuals","LoadAfter","4","Core","Ludeon.RimWorld","True","workshop/294100/2807132773/About/About.xml","0B7268F4E5A494F42537347F6261DE4A77BD4F5ABB0339BC856F74F2C514080C"
"102","Graying Hair","Arkymn.AgingVisuals","LoadAfter","5","Royalty","Ludeon.RimWorld.Royalty","True","workshop/294100/2807132773/About/About.xml","0B7268F4E5A494F42537347F6261DE4A77BD4F5ABB0339BC856F74F2C514080C"
"102","Graying Hair","Arkymn.AgingVisuals","LoadAfter","6","Ideology","Ludeon.RimWorld.Ideology","True","workshop/294100/2807132773/About/About.xml","0B7268F4E5A494F42537347F6261DE4A77BD4F5ABB0339BC856F74F2C514080C"
"102","Graying Hair","Arkymn.AgingVisuals","LoadAfter","7","Biotech","Ludeon.RimWorld.Biotech","True","workshop/294100/2807132773/About/About.xml","0B7268F4E5A494F42537347F6261DE4A77BD4F5ABB0339BC856F74F2C514080C"
"102","Graying Hair","Arkymn.AgingVisuals","LoadAfter","8","Anomaly","Ludeon.RimWorld.Anomaly","True","workshop/294100/2807132773/About/About.xml","0B7268F4E5A494F42537347F6261DE4A77BD4F5ABB0339BC856F74F2C514080C"
"102","Graying Hair","Arkymn.AgingVisuals","LoadAfter","","","vanillaexpanded.vpsycastse","False","workshop/294100/2807132773/About/About.xml","0B7268F4E5A494F42537347F6261DE4A77BD4F5ABB0339BC856F74F2C514080C"
"104","Hardened Armor","Sirprook.HardenedArmor","Requires","1","Harmony","brrainz.harmony","True","workshop/294100/3515052580/About/About.xml","B9B963C5F94C4479CF1B95D7C47806420A1DB24ECEFCB45198575911AC4CC19A"
"104","Hardened Armor","Sirprook.HardenedArmor","LoadAfter","1","Harmony","brrainz.harmony","True","workshop/294100/3515052580/About/About.xml","B9B963C5F94C4479CF1B95D7C47806420A1DB24ECEFCB45198575911AC4CC19A"
"106","Harvest When Butchering","Mlie.HarvestWhenButchering","Requires","1","Harmony","brrainz.harmony","True","workshop/294100/2898826891/About/About.xml","EF948151791131723AA16B31AD334CDC9E4F446F79F176E62D9624650A8E8F0A"
"106","Harvest When Butchering","Mlie.HarvestWhenButchering","LoadAfter","1","Harmony","brrainz.harmony","True","workshop/294100/2898826891/About/About.xml","EF948151791131723AA16B31AD334CDC9E4F446F79F176E62D9624650A8E8F0A"
"107","Haul to Stack","jkluch.HaulToStack","Requires","1","Harmony","brrainz.harmony","True","workshop/294100/949498803/About/About.xml","287296991AB7C83747DC95AF1CB82B67822B561BF067716A49551E5176134E2D"
"107","Haul to Stack","jkluch.HaulToStack","LoadAfter","4","Core","Ludeon.RimWorld","True","workshop/294100/949498803/About/About.xml","287296991AB7C83747DC95AF1CB82B67822B561BF067716A49551E5176134E2D"
"107","Haul to Stack","jkluch.HaulToStack","LoadAfter","5","Royalty","Ludeon.RimWorld.Royalty","True","workshop/294100/949498803/About/About.xml","287296991AB7C83747DC95AF1CB82B67822B561BF067716A49551E5176134E2D"
"107","Haul to Stack","jkluch.HaulToStack","LoadAfter","1","Harmony","brrainz.harmony","True","workshop/294100/949498803/About/About.xml","287296991AB7C83747DC95AF1CB82B67822B561BF067716A49551E5176134E2D"
"108","Healer Mech Serum Choice","Syrus.HMSChoice","Requires","1","Harmony","brrainz.harmony","True","workshop/294100/2714095848/About/About.xml","4189F33496658A7D3F6D399964CB7F4D3F5B7A707332AEC5D726510DA2C2DA5A"
"108","Healer Mech Serum Choice","Syrus.HMSChoice","LoadAfter","1","Harmony","brrainz.harmony","True","workshop/294100/2714095848/About/About.xml","4189F33496658A7D3F6D399964CB7F4D3F5B7A707332AEC5D726510DA2C2DA5A"
"109","Hospital","Adamas.Hospital","Requires","1","Harmony","brrainz.harmony","True","workshop/294100/2992224079/About/About.xml","A85F70D3A6D9D8DB57D62059BBFDE3BFBD960BF8BE85D6AD93E6027967D78828"
"111","I Clearly Have Enough! (Continued)","Mlie.IClearlyHaveEnough","Requires","1","Harmony","brrainz.harmony","True","workshop/294100/2023661266/About/About.xml","97C86776CB0F3530BB30F0160BF9E2960348F9639AB1CFB17291C5625124A6B6"
"111","I Clearly Have Enough! (Continued)","Mlie.IClearlyHaveEnough","LoadAfter","1","Harmony","brrainz.harmony","True","workshop/294100/2023661266/About/About.xml","97C86776CB0F3530BB30F0160BF9E2960348F9639AB1CFB17291C5625124A6B6"
"113","Injured Carry","Haecriver.InjuredCarry","Requires","1","Harmony","brrainz.harmony","True","workshop/294100/2413690575/About/About.xml","3F2908C1F241A27A9AB5BE771AA974E70E82F4DEEA6C0AEFDF9A9693F43FDB90"
"113","Injured Carry","Haecriver.InjuredCarry","LoadAfter","1","Harmony","brrainz.harmony","True","workshop/294100/2413690575/About/About.xml","3F2908C1F241A27A9AB5BE771AA974E70E82F4DEEA6C0AEFDF9A9693F43FDB90"
"113","Injured Carry","Haecriver.InjuredCarry","LoadAfter","11","Vehicle Framework","SmashPhil.VehicleFramework","True","workshop/294100/2413690575/About/About.xml","3F2908C1F241A27A9AB5BE771AA974E70E82F4DEEA6C0AEFDF9A9693F43FDB90"
"114","Integrated Genes","Turnovus.Biotech.IntegratedGenes","Requires","7","Biotech","Ludeon.RimWorld.Biotech","True","workshop/294100/2884115974/About/About.xml","A13425D23E9FB930B57C94C7249816415E5055822D1744585E2D3DDE8FFFB179"
"115","InterRim Ballistic Missile","kazepsi.irbm","LoadAfter","1","Harmony","brrainz.harmony","True","workshop/294100/3682304832/About/About.xml","AEAC3838D6DF83A1757C1B74A11DDB844683B0162E98D9466495E5FF637CBD7E"
"115","InterRim Ballistic Missile","kazepsi.irbm","LoadAfter","4","Core","Ludeon.RimWorld","True","workshop/294100/3682304832/About/About.xml","AEAC3838D6DF83A1757C1B74A11DDB844683B0162E98D9466495E5FF637CBD7E"
"116","Just Put It Over There","Mlie.JustPutItOverThere","Requires","1","Harmony","brrainz.harmony","True","workshop/294100/2856471776/About/About.xml","C9F45B4321DA906E590B8C9E9A7256C470967FC895D9EAC882FA95532BA2336A"
"116","Just Put It Over There","Mlie.JustPutItOverThere","LoadAfter","1","Harmony","brrainz.harmony","True","workshop/294100/2856471776/About/About.xml","C9F45B4321DA906E590B8C9E9A7256C470967FC895D9EAC882FA95532BA2336A"
"117","Keep Converting","Linnun.KeepConverting","Requires","1","Harmony","brrainz.harmony","True","workshop/294100/3461478214/About/About.xml","EFAF242661154106A44EE370421275A1CE3E4AAFC71F0C994612F0980EE78F9E"
"117","Keep Converting","Linnun.KeepConverting","Requires","6","Ideology","Ludeon.RimWorld.Ideology","True","workshop/294100/3461478214/About/About.xml","EFAF242661154106A44EE370421275A1CE3E4AAFC71F0C994612F0980EE78F9E"
"117","Keep Converting","Linnun.KeepConverting","LoadAfter","4","Core","Ludeon.RimWorld","True","workshop/294100/3461478214/About/About.xml","EFAF242661154106A44EE370421275A1CE3E4AAFC71F0C994612F0980EE78F9E"
"117","Keep Converting","Linnun.KeepConverting","LoadAfter","5","Royalty","Ludeon.RimWorld.Royalty","True","workshop/294100/3461478214/About/About.xml","EFAF242661154106A44EE370421275A1CE3E4AAFC71F0C994612F0980EE78F9E"
"117","Keep Converting","Linnun.KeepConverting","LoadAfter","6","Ideology","Ludeon.RimWorld.Ideology","True","workshop/294100/3461478214/About/About.xml","EFAF242661154106A44EE370421275A1CE3E4AAFC71F0C994612F0980EE78F9E"
"117","Keep Converting","Linnun.KeepConverting","LoadAfter","7","Biotech","Ludeon.RimWorld.Biotech","True","workshop/294100/3461478214/About/About.xml","EFAF242661154106A44EE370421275A1CE3E4AAFC71F0C994612F0980EE78F9E"
"117","Keep Converting","Linnun.KeepConverting","LoadAfter","8","Anomaly","Ludeon.RimWorld.Anomaly","True","workshop/294100/3461478214/About/About.xml","EFAF242661154106A44EE370421275A1CE3E4AAFC71F0C994612F0980EE78F9E"
"117","Keep Converting","Linnun.KeepConverting","LoadAfter","9","Odyssey","Ludeon.RimWorld.Odyssey","True","workshop/294100/3461478214/About/About.xml","EFAF242661154106A44EE370421275A1CE3E4AAFC71F0C994612F0980EE78F9E"
"117","Keep Converting","Linnun.KeepConverting","LoadAfter","1","Harmony","brrainz.harmony","True","workshop/294100/3461478214/About/About.xml","EFAF242661154106A44EE370421275A1CE3E4AAFC71F0C994612F0980EE78F9E"
"118","Ladies Can Flirt Too! (Continued)","Mlie.LadiesCanFlirtToo","Requires","1","Harmony","brrainz.harmony","True","workshop/294100/3559816908/About/About.xml","AA40BE23B14B4FA4E57B77ED8371351F747A669F0362962015B1AE785D074DC4"
"118","Ladies Can Flirt Too! (Continued)","Mlie.LadiesCanFlirtToo","LoadAfter","1","Harmony","brrainz.harmony","True","workshop/294100/3559816908/About/About.xml","AA40BE23B14B4FA4E57B77ED8371351F747A669F0362962015B1AE785D074DC4"
"118","Ladies Can Flirt Too! (Continued)","Mlie.LadiesCanFlirtToo","IncompatibleWith","","","Mlie.RationalRomance","False","workshop/294100/3559816908/About/About.xml","AA40BE23B14B4FA4E57B77ED8371351F747A669F0362962015B1AE785D074DC4"
"118","Ladies Can Flirt Too! (Continued)","Mlie.LadiesCanFlirtToo","IncompatibleWith","","","Mlie.RationalRomance2","False","workshop/294100/3559816908/About/About.xml","AA40BE23B14B4FA4E57B77ED8371351F747A669F0362962015B1AE785D074DC4"
"118","Ladies Can Flirt Too! (Continued)","Mlie.LadiesCanFlirtToo","IncompatibleWith","","","Community.Psychology.UnofficialUpdate","False","workshop/294100/3559816908/About/About.xml","AA40BE23B14B4FA4E57B77ED8371351F747A669F0362962015B1AE785D074DC4"
"119","Less Stupid Romance Attempt (Continued)","Mlie.LessStupidRomanceAttempt","Requires","1","Harmony","brrainz.harmony","True","workshop/294100/2014603702/About/About.xml","A24F5A2DC5B84C5FEDA023A38E4856AAB1CE0A3011386128E03E314B911E3895"
"119","Less Stupid Romance Attempt (Continued)","Mlie.LessStupidRomanceAttempt","LoadAfter","1","Harmony","brrainz.harmony","True","workshop/294100/2014603702/About/About.xml","A24F5A2DC5B84C5FEDA023A38E4856AAB1CE0A3011386128E03E314B911E3895"
"120","Live With The Pain","Mlie.LiveWithThePain","Requires","1","Harmony","brrainz.harmony","True","workshop/294100/2659985388/About/About.xml","1B1D302BE16DD3FA87B32883730D5F780CB54C012F88A2D842A1ABEDF597D8F2"
"120","Live With The Pain","Mlie.LiveWithThePain","LoadAfter","1","Harmony","brrainz.harmony","True","workshop/294100/2659985388/About/About.xml","1B1D302BE16DD3FA87B32883730D5F780CB54C012F88A2D842A1ABEDF597D8F2"
"122","LWM's Adaptive Deep Storage","ASF.DeepStorage","Requires","10","Adaptive Storage Framework","adaptive.storage.framework","True","workshop/294100/3373064575/About/About.xml","3F6B3E84997358D345126E4EE3D390FE2CE26277F6C9E9A3D19820D94AEC98F5"
"122","LWM's Adaptive Deep Storage","ASF.DeepStorage","LoadAfter","4","Core","Ludeon.RimWorld","True","workshop/294100/3373064575/About/About.xml","3F6B3E84997358D345126E4EE3D390FE2CE26277F6C9E9A3D19820D94AEC98F5"
"122","LWM's Adaptive Deep Storage","ASF.DeepStorage","LoadAfter","10","Adaptive Storage Framework","adaptive.storage.framework","True","workshop/294100/3373064575/About/About.xml","3F6B3E84997358D345126E4EE3D390FE2CE26277F6C9E9A3D19820D94AEC98F5"
"123","Mad Skills","ratys.madskills","Requires","1","Harmony","brrainz.harmony","True","workshop/294100/731111514/About/About.xml","5AE3FBAEC8EEC15BB51CDB8FAF28CB6A7770EAF14900BCDB60A07D1691D78E82"
"124","Map Preview","m00nl1ght.MapPreview","LoadAfter","4","Core","Ludeon.RimWorld","True","workshop/294100/2800857642/About/About.xml","04BC5687850597CCACEBCE213BD04FEB5C867AD040FA0AB7D058E9971E03B90B"
"124","Map Preview","m00nl1ght.MapPreview","LoadAfter","5","Royalty","Ludeon.RimWorld.Royalty","True","workshop/294100/2800857642/About/About.xml","04BC5687850597CCACEBCE213BD04FEB5C867AD040FA0AB7D058E9971E03B90B"
"124","Map Preview","m00nl1ght.MapPreview","LoadAfter","6","Ideology","Ludeon.RimWorld.Ideology","True","workshop/294100/2800857642/About/About.xml","04BC5687850597CCACEBCE213BD04FEB5C867AD040FA0AB7D058E9971E03B90B"
"124","Map Preview","m00nl1ght.MapPreview","LoadAfter","7","Biotech","Ludeon.RimWorld.Biotech","True","workshop/294100/2800857642/About/About.xml","04BC5687850597CCACEBCE213BD04FEB5C867AD040FA0AB7D058E9971E03B90B"
"124","Map Preview","m00nl1ght.MapPreview","LoadAfter","8","Anomaly","Ludeon.RimWorld.Anomaly","True","workshop/294100/2800857642/About/About.xml","04BC5687850597CCACEBCE213BD04FEB5C867AD040FA0AB7D058E9971E03B90B"
"124","Map Preview","m00nl1ght.MapPreview","LoadAfter","9","Odyssey","Ludeon.RimWorld.Odyssey","True","workshop/294100/2800857642/About/About.xml","04BC5687850597CCACEBCE213BD04FEB5C867AD040FA0AB7D058E9971E03B90B"
"124","Map Preview","m00nl1ght.MapPreview","LoadAfter","1","Harmony","brrainz.harmony","True","workshop/294100/2800857642/About/About.xml","04BC5687850597CCACEBCE213BD04FEB5C867AD040FA0AB7D058E9971E03B90B"
"125","Meals On Wheels - Continued","Memegoddess.MealsOnWheels","Requires","1","Harmony","brrainz.harmony","True","workshop/294100/3538082807/About/About.xml","B049AD3E1ACCED39F656BEB203E03AA97EA7AE7680974974E6D5F5675A7D67C0"
"126","Medical IVs Fork","cantaloupetheclown.MedicalIVsFork","Requires","1","Harmony","brrainz.harmony","True","workshop/294100/3480177412/About/About.xml","01FC47BDE1CB804EA06B33A8F52F4FB9C8791F4FE86CC3A127CC47F247CDA388"
"126","Medical IVs Fork","cantaloupetheclown.MedicalIVsFork","LoadAfter","","","Oren.MedicalSystemExpansion","False","workshop/294100/3480177412/About/About.xml","01FC47BDE1CB804EA06B33A8F52F4FB9C8791F4FE86CC3A127CC47F247CDA388"
"126","Medical IVs Fork","cantaloupetheclown.MedicalIVsFork","LoadAfter","1","Harmony","brrainz.harmony","True","workshop/294100/3480177412/About/About.xml","01FC47BDE1CB804EA06B33A8F52F4FB9C8791F4FE86CC3A127CC47F247CDA388"
"126","Medical IVs Fork","cantaloupetheclown.MedicalIVsFork","LoadAfter","","","Dubwise.DubsBadHygiene","False","workshop/294100/3480177412/About/About.xml","01FC47BDE1CB804EA06B33A8F52F4FB9C8791F4FE86CC3A127CC47F247CDA388"
"126","Medical IVs Fork","cantaloupetheclown.MedicalIVsFork","IncompatibleWith","","","tophd7.MedicalIVs","False","workshop/294100/3480177412/About/About.xml","01FC47BDE1CB804EA06B33A8F52F4FB9C8791F4FE86CC3A127CC47F247CDA388"
"127","Mine Sight","rabiosus.minesight","Requires","1","Harmony","brrainz.harmony","True","workshop/294100/3769804600/About/About.xml","CCF64AF91500DE64EBA14E04AA8A600CC58857D2543657A229BA59A00C9141B1"
"127","Mine Sight","rabiosus.minesight","LoadAfter","1","Harmony","brrainz.harmony","True","workshop/294100/3769804600/About/About.xml","CCF64AF91500DE64EBA14E04AA8A600CC58857D2543657A229BA59A00C9141B1"
"129","Misc. Training","Haplo.Miscellaneous.Training","LoadAfter","","","Haplo.Miscellaneous.Core","False","workshop/294100/717575199/About/About.xml","D14094C09E4FADC84C5FDF81630A0F8F8AEC7C966A7E9253BC75A082BB271690"
"129","Misc. Training","Haplo.Miscellaneous.Training","IncompatibleWith","","","Haplo.Miscellaneous.TrainingNoTask","False","workshop/294100/717575199/About/About.xml","D14094C09E4FADC84C5FDF81630A0F8F8AEC7C966A7E9253BC75A082BB271690"
"130","More Beautiful Bodies","Burpee.MoreBeautifulBodies","Requires","7","Biotech","Ludeon.RimWorld.Biotech","True","workshop/294100/3341372760/About/About.xml","3775700EF64EE6D287234B7E02FBA8C5FBC8372C290CA09EAFBEA0791DC06F12"
"130","More Beautiful Bodies","Burpee.MoreBeautifulBodies","LoadAfter","7","Biotech","Ludeon.RimWorld.Biotech","True","workshop/294100/3341372760/About/About.xml","3775700EF64EE6D287234B7E02FBA8C5FBC8372C290CA09EAFBEA0791DC06F12"
"130","More Beautiful Bodies","Burpee.MoreBeautifulBodies","LoadAfter","","","vanillaracesexpanded.highmate","False","workshop/294100/3341372760/About/About.xml","3775700EF64EE6D287234B7E02FBA8C5FBC8372C290CA09EAFBEA0791DC06F12"
"130","More Beautiful Bodies","Burpee.MoreBeautifulBodies","LoadAfter","","","vanillaracesexpanded.phytokin","False","workshop/294100/3341372760/About/About.xml","3775700EF64EE6D287234B7E02FBA8C5FBC8372C290CA09EAFBEA0791DC06F12"
"130","More Beautiful Bodies","Burpee.MoreBeautifulBodies","LoadAfter","","","vanillaracesexpanded.pigskin","False","workshop/294100/3341372760/About/About.xml","3775700EF64EE6D287234B7E02FBA8C5FBC8372C290CA09EAFBEA0791DC06F12"
"130","More Beautiful Bodies","Burpee.MoreBeautifulBodies","LoadAfter","","","vanillaracesexpanded.saurid","False","workshop/294100/3341372760/About/About.xml","3775700EF64EE6D287234B7E02FBA8C5FBC8372C290CA09EAFBEA0791DC06F12"
"130","More Beautiful Bodies","Burpee.MoreBeautifulBodies","LoadAfter","","","vanillaracesexpanded.lycanthrope","False","workshop/294100/3341372760/About/About.xml","3775700EF64EE6D287234B7E02FBA8C5FBC8372C290CA09EAFBEA0791DC06F12"
"130","More Beautiful Bodies","Burpee.MoreBeautifulBodies","LoadAfter","","","vanillaracesexpanded.insector","False","workshop/294100/3341372760/About/About.xml","3775700EF64EE6D287234B7E02FBA8C5FBC8372C290CA09EAFBEA0791DC06F12"
"130","More Beautiful Bodies","Burpee.MoreBeautifulBodies","LoadAfter","","","vanillaexpanded.vtexe","False","workshop/294100/3341372760/About/About.xml","3775700EF64EE6D287234B7E02FBA8C5FBC8372C290CA09EAFBEA0791DC06F12"
"130","More Beautiful Bodies","Burpee.MoreBeautifulBodies","LoadBefore","268","Beautiful Bodies","mireia.bodies","True","workshop/294100/3341372760/About/About.xml","3775700EF64EE6D287234B7E02FBA8C5FBC8372C290CA09EAFBEA0791DC06F12"
"131","More Crashed Ship Parts","AtamanDolinskaja.MoreCrashedShipParts","Requires","1","Harmony","brrainz.harmony","True","workshop/294100/1638467041/About/About.xml","9AD7E3FF50E8EDF12F970CA05DF970035B85C9C146795A83FBFDD3D8F94E8D60"
"132","More Faction Interaction (Continued)","Mlie.MoreFactionInteraction","Requires","1","Harmony","brrainz.harmony","True","workshop/294100/2379076640/About/About.xml","A3EA0B9A4D68AAE28E648D1D096D47C97BD1292311AD1FA931017E3169F33B0F"
"132","More Faction Interaction (Continued)","Mlie.MoreFactionInteraction","LoadAfter","1","Harmony","brrainz.harmony","True","workshop/294100/2379076640/About/About.xml","A3EA0B9A4D68AAE28E648D1D096D47C97BD1292311AD1FA931017E3169F33B0F"
"134","More Linkables","4loris4.MoreLinkables","LoadAfter","","","Xion.MoreToolboxes","False","workshop/294100/1103809207/About/About.xml","976A29726E774376660A2FC0A79CF22235FC576EB6489B87831BE2DBB3223D11"
"134","More Linkables","4loris4.MoreLinkables","LoadAfter","","","VanillaExpanded.VFEPower","False","workshop/294100/1103809207/About/About.xml","976A29726E774376660A2FC0A79CF22235FC576EB6489B87831BE2DBB3223D11"
"134","More Linkables","4loris4.MoreLinkables","LoadAfter","","","VanillaExpanded.HelixienGas","False","workshop/294100/1103809207/About/About.xml","976A29726E774376660A2FC0A79CF22235FC576EB6489B87831BE2DBB3223D11"
"134","More Linkables","4loris4.MoreLinkables","LoadAfter","","","Farxmai2.ComputersNotJunk","False","workshop/294100/1103809207/About/About.xml","976A29726E774376660A2FC0A79CF22235FC576EB6489B87831BE2DBB3223D11"
"135","More Milkable and Shearable Animals","KobeRiddle.MilkAndWoolPatches","LoadAfter","","","ReGrowth.BOTR.ExtinctAnimalsPack","False","workshop/294100/3453878341/About/About.xml","64864B53006F2F4AEE62587CE2322C16AA51EA3661BE741C4B26B197A847DBBF"
"136","More Vanilla Biomes","zylle.MoreVanillaBiomes","Requires","1","Harmony","brrainz.harmony","True","workshop/294100/1931453053/About/About.xml","6195D881E9CD6513319B7FABCE63769FFAA8387EDD357DD5BCC7B6D062120E33"
"137","Mortar Accuracy","hobtook.mortaraccuracy","IncompatibleWith","","","CETeam.CombatExtended","False","workshop/294100/1729446857/About/About.xml","C5CD2382C803ECB5A7247245D153C8B4036E2CABDB7546D9DA37D70139CD71A1"
"138","Move Your Monolith","ferny.moveyourmonolith","Requires","8","Anomaly","Ludeon.RimWorld.Anomaly","True","workshop/294100/3221480525/About/About.xml","E6873803E3A5BB9687792928AA1A99AEE130FE14BD2A09FB0AEB988FBBC04108"
"138","Move Your Monolith","ferny.moveyourmonolith","LoadAfter","4","Core","Ludeon.Rimworld","True","workshop/294100/3221480525/About/About.xml","E6873803E3A5BB9687792928AA1A99AEE130FE14BD2A09FB0AEB988FBBC04108"
"138","Move Your Monolith","ferny.moveyourmonolith","LoadAfter","5","Royalty","Ludeon.Rimworld.Royalty","True","workshop/294100/3221480525/About/About.xml","E6873803E3A5BB9687792928AA1A99AEE130FE14BD2A09FB0AEB988FBBC04108"
"138","Move Your Monolith","ferny.moveyourmonolith","LoadAfter","6","Ideology","Ludeon.Rimworld.Ideology","True","workshop/294100/3221480525/About/About.xml","E6873803E3A5BB9687792928AA1A99AEE130FE14BD2A09FB0AEB988FBBC04108"
"138","Move Your Monolith","ferny.moveyourmonolith","LoadAfter","7","Biotech","Ludeon.Rimworld.Biotech","True","workshop/294100/3221480525/About/About.xml","E6873803E3A5BB9687792928AA1A99AEE130FE14BD2A09FB0AEB988FBBC04108"
"138","Move Your Monolith","ferny.moveyourmonolith","LoadAfter","8","Anomaly","Ludeon.Rimworld.Anomaly","True","workshop/294100/3221480525/About/About.xml","E6873803E3A5BB9687792928AA1A99AEE130FE14BD2A09FB0AEB988FBBC04108"
"139","Muzzle Flash","IssacZhuang.MuzzleFlash","LoadAfter","4","Core","Ludeon.RimWorld","True","workshop/294100/2917732219/About/About.xml","760AE11964BEB0DCB1E82ED19CB168F6D6BEC6D28BB87E29CEDD1CE3DFA873CA"
"140","Name Your Entities","ferny.NameYourEntities","LoadAfter","4","Core","Ludeon.RimWorld","True","workshop/294100/3229905841/About/About.xml","9169C5A8629934A187DF410CC11D55C305DBA09AB88664BDA56A4D47E4753342"
"140","Name Your Entities","ferny.NameYourEntities","LoadAfter","8","Anomaly","Ludeon.RimWorld.Anomaly","True","workshop/294100/3229905841/About/About.xml","9169C5A8629934A187DF410CC11D55C305DBA09AB88664BDA56A4D47E4753342"
"141","NamesGalore (Continued)","zal.namesgalore","Requires","1","Harmony","brrainz.harmony","True","workshop/294100/3263018536/About/About.xml","C90ABB3961CF223A22F9F9A4F9DA04109C32546045029888111C5F243A79178A"
"142","Need Bar Overflow","AmCh.NeedBarOverflow","Requires","1","Harmony","brrainz.harmony","True","workshop/294100/2566316158/About/About.xml","38E21114DEF15F79DD8BEF38098FBA9224D704A21137E71843A04C4F2483BD85"
"142","Need Bar Overflow","AmCh.NeedBarOverflow","LoadAfter","1","Harmony","brrainz.harmony","True","workshop/294100/2566316158/About/About.xml","38E21114DEF15F79DD8BEF38098FBA9224D704A21137E71843A04C4F2483BD85"
"142","Need Bar Overflow","AmCh.NeedBarOverflow","LoadAfter","4","Core","Ludeon.RimWorld","True","workshop/294100/2566316158/About/About.xml","38E21114DEF15F79DD8BEF38098FBA9224D704A21137E71843A04C4F2483BD85"
"146","No Hemogen Farm Medical Alert","Dark.NoHemogenFarmMedicalAlert","Requires","7","Biotech","ludeon.rimworld.biotech","True","workshop/294100/2887053053/About/About.xml","17513522D94E61ECB85CCF4EAAC04EDD267E08600FEB2BF87E1E806D80FC9B46"
"146","No Hemogen Farm Medical Alert","Dark.NoHemogenFarmMedicalAlert","Requires","1","Harmony","brrainz.harmony","True","workshop/294100/2887053053/About/About.xml","17513522D94E61ECB85CCF4EAAC04EDD267E08600FEB2BF87E1E806D80FC9B46"
"146","No Hemogen Farm Medical Alert","Dark.NoHemogenFarmMedicalAlert","LoadAfter","1","Harmony","brrainz.harmony","True","workshop/294100/2887053053/About/About.xml","17513522D94E61ECB85CCF4EAAC04EDD267E08600FEB2BF87E1E806D80FC9B46"
"147","No Infestation","walkingproblem.noinfestation","LoadAfter","4","Core","Ludeon.RimWorld","True","workshop/294100/2890080496/About/About.xml","57800771586D95BEACD0662653CA9974C789AC3FBB148E2B02742C387B6B48B7"
"147","No Infestation","walkingproblem.noinfestation","LoadAfter","7","Biotech","Ludeon.RimWorld.Biotech","True","workshop/294100/2890080496/About/About.xml","57800771586D95BEACD0662653CA9974C789AC3FBB148E2B02742C387B6B48B7"
"147","No Infestation","walkingproblem.noinfestation","LoadAfter","","","OskarPotocki.VFE.Insectoid","False","workshop/294100/2890080496/About/About.xml","57800771586D95BEACD0662653CA9974C789AC3FBB148E2B02742C387B6B48B7"
"147","No Infestation","walkingproblem.noinfestation","LoadAfter","","","OskarPotocki.VFE.Insectoid2","False","workshop/294100/2890080496/About/About.xml","57800771586D95BEACD0662653CA9974C789AC3FBB148E2B02742C387B6B48B7"
"147","No Infestation","walkingproblem.noinfestation","LoadAfter","","","DankPyon.Medieval.Overhaul","False","workshop/294100/2890080496/About/About.xml","57800771586D95BEACD0662653CA9974C789AC3FBB148E2B02742C387B6B48B7"
"148","No Quests Without Comms","eBae.NoQuestsWithoutComms","Requires","1","Harmony","brrainz.harmony","True","workshop/294100/2557302879/About/About.xml","0144929D49F5648B1421344AC0F2998F63E8FFA03D8968B0F0A59B44D64E14D2"
"148","No Quests Without Comms","eBae.NoQuestsWithoutComms","LoadAfter","1","Harmony","brrainz.harmony","True","workshop/294100/2557302879/About/About.xml","0144929D49F5648B1421344AC0F2998F63E8FFA03D8968B0F0A59B44D64E14D2"
"148","No Quests Without Comms","eBae.NoQuestsWithoutComms","LoadAfter","","","Compilatron.PowerTab","False","workshop/294100/2557302879/About/About.xml","0144929D49F5648B1421344AC0F2998F63E8FFA03D8968B0F0A59B44D64E14D2"
"151","No Sympathy For Prisoners","sk.noprisonersympathy","Requires","1","Harmony","brrainz.harmony","True","workshop/294100/3533769253/About/About.xml","5A72B6B7E01D9B9D085CD5697D27485A1B37C01DA6C75F62447A79824E3968AE"
"151","No Sympathy For Prisoners","sk.noprisonersympathy","LoadAfter","1","Harmony","brrainz.harmony","True","workshop/294100/3533769253/About/About.xml","5A72B6B7E01D9B9D085CD5697D27485A1B37C01DA6C75F62447A79824E3968AE"
"152","Non uno Pinata (don't drop items)","avilmask.NonUnoPinata","Requires","1","Harmony","brrainz.harmony","True","workshop/294100/1778821244/About/About.xml","5C96642877F0D2A396E9C66D69954CC527DAD71952C7F6E5349AD313B14360EF"
"152","Non uno Pinata (don't drop items)","avilmask.NonUnoPinata","LoadBefore","270","Hospitality (Continued)","orion.hospitality","True","workshop/294100/1778821244/About/About.xml","5C96642877F0D2A396E9C66D69954CC527DAD71952C7F6E5349AD313B14360EF"
"153","Not My Fault","Vesper.NotMyFault","Requires","1","Harmony","brrainz.harmony","True","workshop/294100/2870045856/About/About.xml","E74E20FB0A161D493CF70004BCA769CBCD35BD53C0EEFF0CD0F302D4C57A81D4"
"154","Not Only GeneBank in Orbit Trade","io.github.cvrunmin.OrbitTradeNotOnlyGeneBank","Requires","7","Biotech","ludeon.rimworld.biotech","True","workshop/294100/3465476199/About/About.xml","0B291B9472E88B0AB66142D27A6A3C3634CFDC5AA9B0C27B19BE49871F2EAA9D"
"154","Not Only GeneBank in Orbit Trade","io.github.cvrunmin.OrbitTradeNotOnlyGeneBank","Requires","1","Harmony","brrainz.harmony","True","workshop/294100/3465476199/About/About.xml","0B291B9472E88B0AB66142D27A6A3C3634CFDC5AA9B0C27B19BE49871F2EAA9D"
"155","Numbers","Mehni.Numbers","Requires","1","Harmony","brrainz.harmony","True","workshop/294100/1414302321/About/About.xml","E7738B83BCA45B4538B6DFC5CB1ED68FD9124891ED37442C096C6AB9356070E5"
"156","Offspring Inherit Xenogenes (Continued)","Mlie.OffspringInheritXenogenes","Requires","1","Harmony","brrainz.harmony","True","workshop/294100/3266000468/About/About.xml","BBC841BD9020225A186F2FFA50D897999D37017E5B1D96C838A575B0E275C3F6"
"156","Offspring Inherit Xenogenes (Continued)","Mlie.OffspringInheritXenogenes","LoadAfter","1","Harmony","brrainz.harmony","True","workshop/294100/3266000468/About/About.xml","BBC841BD9020225A186F2FFA50D897999D37017E5B1D96C838A575B0E275C3F6"
"158","Oops All Gene Banks","redundant.oopsallgenepacks","Requires","7","Biotech","ludeon.rimworld.biotech","True","workshop/294100/2883683444/About/About.xml","A40F0F47D0F8F7755FFB16C80927F5643F55A1CC1F989D36208B2D8C2192BAED"
"158","Oops All Gene Banks","redundant.oopsallgenepacks","Requires","1","Harmony","brrainz.harmony","True","workshop/294100/2883683444/About/About.xml","A40F0F47D0F8F7755FFB16C80927F5643F55A1CC1F989D36208B2D8C2192BAED"
"158","Oops All Gene Banks","redundant.oopsallgenepacks","LoadAfter","7","Biotech","ludeon.rimworld.biotech","True","workshop/294100/2883683444/About/About.xml","A40F0F47D0F8F7755FFB16C80927F5643F55A1CC1F989D36208B2D8C2192BAED"
"160","Packs Are Not Belts","turnovus.submod.backpacksarenotbelts","Requires","1","Harmony","brrainz.harmony","True","workshop/294100/2509511179/About/About.xml","9C3B6363836A633FACB074EE7696CA9EEAFEFA950540062DB69DBA546BBB1C11"
"162","Pawn Target Fix","fed1sPlay.PawnTargetFix","Requires","1","Harmony","brrainz.harmony","True","workshop/294100/2014789938/About/About.xml","5A616ED3C213EBE318C27EE0E5818C71D035C377DEECBB29C8FEFAD37C006A13"
"162","Pawn Target Fix","fed1sPlay.PawnTargetFix","LoadAfter","1","Harmony","brrainz.harmony","True","workshop/294100/2014789938/About/About.xml","5A616ED3C213EBE318C27EE0E5818C71D035C377DEECBB29C8FEFAD37C006A13"
"163","Permeable Terrain","Owlchemist.PermeableTerrain","Requires","1","Harmony","brrainz.harmony","True","workshop/294100/3261312042/About/About.xml","FB92F7EE8276E80DBF1C72F51D654A9E29DB5E59E2CC41B5214092A5BF3199DE"
"163","Permeable Terrain","Owlchemist.PermeableTerrain","LoadAfter","","","ReGrowth.BOTR.Core","False","workshop/294100/3261312042/About/About.xml","FB92F7EE8276E80DBF1C72F51D654A9E29DB5E59E2CC41B5214092A5BF3199DE"
"164","Pick Up And Haul","Mehni.PickUpAndHaul","LoadAfter","1","Harmony","brrainz.harmony","True","workshop/294100/1279012058/About/About.xml","E38FE74FB2928DC20A893D8D6DD0F7294957407D66A68396EC7E9329B0D7B7D7"
"167","Power Poles","co.uk.epicguru.rimforgepoles","Requires","1","Harmony","brrainz.harmony","True","workshop/294100/2507086460/About/About.xml","E989E88E52444BD14FC634A3198FD9D6C7EE80DAE0E5144CB9D8BA70FAE71478"
"167","Power Poles","co.uk.epicguru.rimforgepoles","LoadAfter","1","Harmony","brrainz.harmony","True","workshop/294100/2507086460/About/About.xml","E989E88E52444BD14FC634A3198FD9D6C7EE80DAE0E5144CB9D8BA70FAE71478"
"168","Priority Treatment Ressurected","tk421storm.PriorityTreatmentRessurected","Requires","1","Harmony","brrainz.harmony","True","workshop/294100/3009738919/About/About.xml","1F45A053BC08073FA07E1AFCAA0B04A14E256F0E508D57D230808429B8D5B376"
"169","Prison Commons (Continued)","Mlie.PrisonCommons","Requires","1","Harmony","brrainz.harmony","True","workshop/294100/2898000489/About/About.xml","2217441ADF9196BB16B54D5A58835CE0F00627FBF28B9A92BC860B6F9994206E"
"169","Prison Commons (Continued)","Mlie.PrisonCommons","LoadAfter","1","Harmony","brrainz.harmony","True","workshop/294100/2898000489/About/About.xml","2217441ADF9196BB16B54D5A58835CE0F00627FBF28B9A92BC860B6F9994206E"
"172","Prisoner Jumpsuits","ocarina.prisonerjumpsuits","LoadAfter","4","Core","Ludeon.RimWorld","True","workshop/294100/3402467889/About/About.xml","851E12197D1ADDDC94F5F54606CAA18D4F841973D8CB9E621B7245EAAC0FEDFA"
"174","Prisoners Can Read","divineDerivative.PrisonerReading","Requires","1","Harmony","brrainz.harmony","True","workshop/294100/3409290110/About/About.xml","74655884BC0FDD75E6D0A4A0AEF6FCBF3A10E48E4BA0A7DD8411EB586FA91D79"
"174","Prisoners Can Read","divineDerivative.PrisonerReading","LoadAfter","1","Harmony","brrainz.harmony","True","workshop/294100/3409290110/About/About.xml","74655884BC0FDD75E6D0A4A0AEF6FCBF3A10E48E4BA0A7DD8411EB586FA91D79"
"175","Prisoners Dont Have Keys","Mlie.PrisonersDontHaveKeys","Requires","1","Harmony","brrainz.harmony","True","workshop/294100/2595360307/About/About.xml","AA1372440435E53ACAA3C1FD51FD1E513872E2FA57DFC76D5AB638B64375E22E"
"175","Prisoners Dont Have Keys","Mlie.PrisonersDontHaveKeys","LoadAfter","1","Harmony","brrainz.harmony","True","workshop/294100/2595360307/About/About.xml","AA1372440435E53ACAA3C1FD51FD1E513872E2FA57DFC76D5AB638B64375E22E"
"177","Prisoners Should Fear Turrets","Mlie.PrisonersShouldFearTurrets","Requires","1","Harmony","brrainz.harmony","True","workshop/294100/2602436826/About/About.xml","6D21A9B98D2AF72C0C7034258B4174C6978630E84B0EF837CB3EDBD1808FAC28"
"177","Prisoners Should Fear Turrets","Mlie.PrisonersShouldFearTurrets","LoadAfter","1","Harmony","brrainz.harmony","True","workshop/294100/2602436826/About/About.xml","6D21A9B98D2AF72C0C7034258B4174C6978630E84B0EF837CB3EDBD1808FAC28"
"179","Prosthetic No Missing Body Parts (Continued)","Mlie.ProstheticNoMissingBodyParts","Requires","1","Harmony","brrainz.harmony","True","workshop/294100/2739055353/About/About.xml","005D9883B87885869E6377335FAE88C72F767A5E481864D784D275153B043F51"
"179","Prosthetic No Missing Body Parts (Continued)","Mlie.ProstheticNoMissingBodyParts","LoadAfter","1","Harmony","brrainz.harmony","True","workshop/294100/2739055353/About/About.xml","005D9883B87885869E6377335FAE88C72F767A5E481864D784D275153B043F51"
"179","Prosthetic No Missing Body Parts (Continued)","Mlie.ProstheticNoMissingBodyParts","LoadAfter","","","syrchalis.prosthetictable","False","workshop/294100/2739055353/About/About.xml","005D9883B87885869E6377335FAE88C72F767A5E481864D784D275153B043F51"
"180","Quality Colors (Continued)","DawnsGlow.qualcolor","Requires","1","Harmony","brrainz.harmony","True","workshop/294100/3513846773/About/About.xml","785C52767B75B51843894EFBCB8EFAC638C7EDEF3E7130D15E4A7339D5975C30"
"180","Quality Colors (Continued)","DawnsGlow.qualcolor","LoadAfter","1","Harmony","brrainz.harmony","True","workshop/294100/3513846773/About/About.xml","785C52767B75B51843894EFBCB8EFAC638C7EDEF3E7130D15E4A7339D5975C30"
"180","Quality Colors (Continued)","DawnsGlow.qualcolor","LoadAfter","4","Core","Ludeon.RimWorld","True","workshop/294100/3513846773/About/About.xml","785C52767B75B51843894EFBCB8EFAC638C7EDEF3E7130D15E4A7339D5975C30"
"180","Quality Colors (Continued)","DawnsGlow.qualcolor","LoadAfter","5","Royalty","Ludeon.RimWorld.Royalty","True","workshop/294100/3513846773/About/About.xml","785C52767B75B51843894EFBCB8EFAC638C7EDEF3E7130D15E4A7339D5975C30"
"180","Quality Colors (Continued)","DawnsGlow.qualcolor","LoadAfter","6","Ideology","Ludeon.RimWorld.Ideology","True","workshop/294100/3513846773/About/About.xml","785C52767B75B51843894EFBCB8EFAC638C7EDEF3E7130D15E4A7339D5975C30"
"180","Quality Colors (Continued)","DawnsGlow.qualcolor","LoadAfter","7","Biotech","Ludeon.RimWorld.Biotech","True","workshop/294100/3513846773/About/About.xml","785C52767B75B51843894EFBCB8EFAC638C7EDEF3E7130D15E4A7339D5975C30"
"180","Quality Colors (Continued)","DawnsGlow.qualcolor","LoadAfter","8","Anomaly","Ludeon.RimWorld.Anomaly","True","workshop/294100/3513846773/About/About.xml","785C52767B75B51843894EFBCB8EFAC638C7EDEF3E7130D15E4A7339D5975C30"
"180","Quality Colors (Continued)","DawnsGlow.qualcolor","LoadAfter","9","Odyssey","Ludeon.RimWorld.Odyssey","True","workshop/294100/3513846773/About/About.xml","785C52767B75B51843894EFBCB8EFAC638C7EDEF3E7130D15E4A7339D5975C30"
"181","QualityBuilder Unofficial 1.6","hatti.qualitybuilder","Requires","1","Harmony","brrainz.harmony","True","workshop/294100/3512466087/About/About.xml","4B9F5352005098843357CBE6AA9764C1FBA7342D11E01170A1B843DD3A55B713"
"181","QualityBuilder Unofficial 1.6","hatti.qualitybuilder","LoadAfter","1","Harmony","brrainz.harmony","True","workshop/294100/3512466087/About/About.xml","4B9F5352005098843357CBE6AA9764C1FBA7342D11E01170A1B843DD3A55B713"
"182","Questionable Ethics Enhanced (Continued)","Mlie.QuestionableEthicsEnhanced","Requires","1","Harmony","brrainz.harmony","True","workshop/294100/2850854272/About/About.xml","07A3C667B6B6729378D4EEDD5CACDBCC5F87A74B72546875D8ACD112CF982033"
"182","Questionable Ethics Enhanced (Continued)","Mlie.QuestionableEthicsEnhanced","LoadAfter","1","Harmony","brrainz.harmony","True","workshop/294100/2850854272/About/About.xml","07A3C667B6B6729378D4EEDD5CACDBCC5F87A74B72546875D8ACD112CF982033"
"182","Questionable Ethics Enhanced (Continued)","Mlie.QuestionableEthicsEnhanced","LoadBefore","","","Scorpio.MakeAnythingCraftable","False","workshop/294100/2850854272/About/About.xml","07A3C667B6B6729378D4EEDD5CACDBCC5F87A74B72546875D8ACD112CF982033"
"182","Questionable Ethics Enhanced (Continued)","Mlie.QuestionableEthicsEnhanced","IncompatibleWith","","","Ogliss.Ykara.HarvestEverything","False","workshop/294100/2850854272/About/About.xml","07A3C667B6B6729378D4EEDD5CACDBCC5F87A74B72546875D8ACD112CF982033"
"183","Real Faction Guest (Continued)","Mlie.RealFactionGuest","Requires","1","Harmony","brrainz.harmony","True","workshop/294100/2886929245/About/About.xml","B40C72B4707FC6A637535D1378E3BDFAFF1D0EE3DA7EC220F790381570B19AC9"
"183","Real Faction Guest (Continued)","Mlie.RealFactionGuest","LoadAfter","1","Harmony","brrainz.harmony","True","workshop/294100/2886929245/About/About.xml","B40C72B4707FC6A637535D1378E3BDFAFF1D0EE3DA7EC220F790381570B19AC9"
"185","ReBuild: Doors and Corners","ReBuild.COTR.DoorsAndCorners","Requires","14","Vanilla Expanded Framework","OskarPotocki.VanillaFactionsExpanded.Core","True","workshop/294100/3262718980/About/About.xml","AE26EFD376A1BD5DD6203C4A6E304F81026BC762EB55DE534B765D8505D57265"
"185","ReBuild: Doors and Corners","ReBuild.COTR.DoorsAndCorners","LoadAfter","1","Harmony","brrainz.harmony","True","workshop/294100/3262718980/About/About.xml","AE26EFD376A1BD5DD6203C4A6E304F81026BC762EB55DE534B765D8505D57265"
"185","ReBuild: Doors and Corners","ReBuild.COTR.DoorsAndCorners","LoadAfter","4","Core","Ludeon.RimWorld","True","workshop/294100/3262718980/About/About.xml","AE26EFD376A1BD5DD6203C4A6E304F81026BC762EB55DE534B765D8505D57265"
"185","ReBuild: Doors and Corners","ReBuild.COTR.DoorsAndCorners","LoadAfter","5","Royalty","Ludeon.RimWorld.Royalty","True","workshop/294100/3262718980/About/About.xml","AE26EFD376A1BD5DD6203C4A6E304F81026BC762EB55DE534B765D8505D57265"
"185","ReBuild: Doors and Corners","ReBuild.COTR.DoorsAndCorners","LoadAfter","6","Ideology","Ludeon.RimWorld.Ideology","True","workshop/294100/3262718980/About/About.xml","AE26EFD376A1BD5DD6203C4A6E304F81026BC762EB55DE534B765D8505D57265"
"185","ReBuild: Doors and Corners","ReBuild.COTR.DoorsAndCorners","LoadAfter","7","Biotech","Ludeon.RimWorld.Biotech","True","workshop/294100/3262718980/About/About.xml","AE26EFD376A1BD5DD6203C4A6E304F81026BC762EB55DE534B765D8505D57265"
"185","ReBuild: Doors and Corners","ReBuild.COTR.DoorsAndCorners","LoadAfter","8","Anomaly","Ludeon.RimWorld.Anomaly","True","workshop/294100/3262718980/About/About.xml","AE26EFD376A1BD5DD6203C4A6E304F81026BC762EB55DE534B765D8505D57265"
"185","ReBuild: Doors and Corners","ReBuild.COTR.DoorsAndCorners","LoadAfter","14","Vanilla Expanded Framework","OskarPotocki.VanillaFactionsExpanded.Core","True","workshop/294100/3262718980/About/About.xml","AE26EFD376A1BD5DD6203C4A6E304F81026BC762EB55DE534B765D8505D57265"
"185","ReBuild: Doors and Corners","ReBuild.COTR.DoorsAndCorners","LoadAfter","","","NanoCE.GlassLights","False","workshop/294100/3262718980/About/About.xml","AE26EFD376A1BD5DD6203C4A6E304F81026BC762EB55DE534B765D8505D57265"
"185","ReBuild: Doors and Corners","ReBuild.COTR.DoorsAndCorners","LoadAfter","","","Neronix17.Outland.Core","False","workshop/294100/3262718980/About/About.xml","AE26EFD376A1BD5DD6203C4A6E304F81026BC762EB55DE534B765D8505D57265"
"185","ReBuild: Doors and Corners","ReBuild.COTR.DoorsAndCorners","LoadAfter","","","Sarg.AlphaMemes","False","workshop/294100/3262718980/About/About.xml","AE26EFD376A1BD5DD6203C4A6E304F81026BC762EB55DE534B765D8505D57265"
"185","ReBuild: Doors and Corners","ReBuild.COTR.DoorsAndCorners","LoadAfter","","","VanillaExpanded.VFEA","False","workshop/294100/3262718980/About/About.xml","AE26EFD376A1BD5DD6203C4A6E304F81026BC762EB55DE534B765D8505D57265"
"185","ReBuild: Doors and Corners","ReBuild.COTR.DoorsAndCorners","LoadAfter","","","VanillaExpanded.VFEArchitect","False","workshop/294100/3262718980/About/About.xml","AE26EFD376A1BD5DD6203C4A6E304F81026BC762EB55DE534B765D8505D57265"
"185","ReBuild: Doors and Corners","ReBuild.COTR.DoorsAndCorners","LoadAfter","","","VanillaExpanded.VFEArt","False","workshop/294100/3262718980/About/About.xml","AE26EFD376A1BD5DD6203C4A6E304F81026BC762EB55DE534B765D8505D57265"
"185","ReBuild: Doors and Corners","ReBuild.COTR.DoorsAndCorners","LoadAfter","","","VanillaExpanded.VFEMedical","False","workshop/294100/3262718980/About/About.xml","AE26EFD376A1BD5DD6203C4A6E304F81026BC762EB55DE534B765D8505D57265"
"185","ReBuild: Doors and Corners","ReBuild.COTR.DoorsAndCorners","LoadAfter","","","VanillaExpanded.VFESpacer","False","workshop/294100/3262718980/About/About.xml","AE26EFD376A1BD5DD6203C4A6E304F81026BC762EB55DE534B765D8505D57265"
"185","ReBuild: Doors and Corners","ReBuild.COTR.DoorsAndCorners","LoadAfter","","","VanillaExpanded.VTEXVariations","False","workshop/294100/3262718980/About/About.xml","AE26EFD376A1BD5DD6203C4A6E304F81026BC762EB55DE534B765D8505D57265"
"185","ReBuild: Doors and Corners","ReBuild.COTR.DoorsAndCorners","LoadAfter","","","kentington.saveourship2","False","workshop/294100/3262718980/About/About.xml","AE26EFD376A1BD5DD6203C4A6E304F81026BC762EB55DE534B765D8505D57265"
"185","ReBuild: Doors and Corners","ReBuild.COTR.DoorsAndCorners","LoadAfter","","","GT.Sam.BasicDoubleDoors","False","workshop/294100/3262718980/About/About.xml","AE26EFD376A1BD5DD6203C4A6E304F81026BC762EB55DE534B765D8505D57265"
"185","ReBuild: Doors and Corners","ReBuild.COTR.DoorsAndCorners","LoadAfter","","","VanillaExpanded.VTEXE.SOS2","False","workshop/294100/3262718980/About/About.xml","AE26EFD376A1BD5DD6203C4A6E304F81026BC762EB55DE534B765D8505D57265"
"185","ReBuild: Doors and Corners","ReBuild.COTR.DoorsAndCorners","IncompatibleWith","","","tikubonn.DontBlockDoor","False","workshop/294100/3262718980/About/About.xml","AE26EFD376A1BD5DD6203C4A6E304F81026BC762EB55DE534B765D8505D57265"
"185","ReBuild: Doors and Corners","ReBuild.COTR.DoorsAndCorners","IncompatibleWith","","","Owlchemist.DoorClearance","False","workshop/294100/3262718980/About/About.xml","AE26EFD376A1BD5DD6203C4A6E304F81026BC762EB55DE534B765D8505D57265"
"185","ReBuild: Doors and Corners","ReBuild.COTR.DoorsAndCorners","IncompatibleWith","","","Owlchemist.PerspectiveDoors","False","workshop/294100/3262718980/About/About.xml","AE26EFD376A1BD5DD6203C4A6E304F81026BC762EB55DE534B765D8505D57265"
"185","ReBuild: Doors and Corners","ReBuild.COTR.DoorsAndCorners","IncompatibleWith","","","Mlie.SilentDoors","False","workshop/294100/3262718980/About/About.xml","AE26EFD376A1BD5DD6203C4A6E304F81026BC762EB55DE534B765D8505D57265"
"186","Recipe icons (Continued)","Mlie.RecipeIcons","Requires","1","Harmony","brrainz.harmony","True","workshop/294100/2904906618/About/About.xml","C55ADA5EF0224831EECE9167E2EBA4EDE5B285F10A02BAD51208AB2CB80F0ABF"
"186","Recipe icons (Continued)","Mlie.RecipeIcons","LoadAfter","1","Harmony","brrainz.harmony","True","workshop/294100/2904906618/About/About.xml","C55ADA5EF0224831EECE9167E2EBA4EDE5B285F10A02BAD51208AB2CB80F0ABF"
"187","Remote Doors (Continued)","Mlie.RemoteDoors","Requires","1","Harmony","brrainz.harmony","True","workshop/294100/2243274070/About/About.xml","07FB4C65A5F7FD51D95BB5B599932E01DFCD99C2C43FCA2AE0EA5A4B27930DD6"
"187","Remote Doors (Continued)","Mlie.RemoteDoors","LoadAfter","1","Harmony","brrainz.harmony","True","workshop/294100/2243274070/About/About.xml","07FB4C65A5F7FD51D95BB5B599932E01DFCD99C2C43FCA2AE0EA5A4B27930DD6"
"188","Removable Mt.Rock Roof Patch","Proxyer.RemovableMtRockRoofPatche","LoadAfter","4","Core","Ludeon.RimWorld","True","workshop/294100/1541438898/About/About.xml","770052E04A3EA04D7980F4545BA3BBCCC4A2CECFA6EBCFC420815B481C9266A1"
"188","Removable Mt.Rock Roof Patch","Proxyer.RemovableMtRockRoofPatche","LoadAfter","5","Royalty","Ludeon.RimWorld.Royalty","True","workshop/294100/1541438898/About/About.xml","770052E04A3EA04D7980F4545BA3BBCCC4A2CECFA6EBCFC420815B481C9266A1"
"188","Removable Mt.Rock Roof Patch","Proxyer.RemovableMtRockRoofPatche","LoadAfter","6","Ideology","Ludeon.RimWorld.Ideology","True","workshop/294100/1541438898/About/About.xml","770052E04A3EA04D7980F4545BA3BBCCC4A2CECFA6EBCFC420815B481C9266A1"
"188","Removable Mt.Rock Roof Patch","Proxyer.RemovableMtRockRoofPatche","LoadAfter","7","Biotech","Ludeon.RimWorld.Biotech","True","workshop/294100/1541438898/About/About.xml","770052E04A3EA04D7980F4545BA3BBCCC4A2CECFA6EBCFC420815B481C9266A1"
"188","Removable Mt.Rock Roof Patch","Proxyer.RemovableMtRockRoofPatche","LoadAfter","8","Anomaly","Ludeon.RimWorld.Anomaly","True","workshop/294100/1541438898/About/About.xml","770052E04A3EA04D7980F4545BA3BBCCC4A2CECFA6EBCFC420815B481C9266A1"
"188","Removable Mt.Rock Roof Patch","Proxyer.RemovableMtRockRoofPatche","IncompatibleWith","","","machine.rtr","False","workshop/294100/1541438898/About/About.xml","770052E04A3EA04D7980F4545BA3BBCCC4A2CECFA6EBCFC420815B481C9266A1"
"189","Replace Stuff - Continued","Memegoddess.ReplaceStuff","Requires","1","Harmony","brrainz.harmony","True","workshop/294100/3526354009/About/About.xml","739921B538122724DC8D0575EB5189D089252DC0E035DBA11044BC6C66E4E993"
"189","Replace Stuff - Continued","Memegoddess.ReplaceStuff","IncompatibleWith","","","solaris.furniturebase","False","workshop/294100/3526354009/About/About.xml","739921B538122724DC8D0575EB5189D089252DC0E035DBA11044BC6C66E4E993"
"189","Replace Stuff - Continued","Memegoddess.ReplaceStuff","IncompatibleWith","","","gloomy.furniture.continued","False","workshop/294100/3526354009/About/About.xml","739921B538122724DC8D0575EB5189D089252DC0E035DBA11044BC6C66E4E993"
"190","Replantable Anima Trees (Continued)","Spuffy.AnimaReplant","LoadAfter","5","Royalty","Ludeon.RimWorld.Royalty","True","workshop/294100/3503586725/About/About.xml","8C47393E6663257A796ED7067B14F5409941BC5B3D0A66E82840667E30EBE996"
"191","ResearchTree (Eheieh Version)","eheieh.researchtree","Requires","1","Harmony","brrainz.harmony","True","workshop/294100/3569150345/About/About.xml","D8F817E00063EDEF8C5AAF51B821ED25D79646A9CF4FA97D1335831105088FF5"
"191","ResearchTree (Eheieh Version)","eheieh.researchtree","LoadAfter","1","Harmony","brrainz.harmony","True","workshop/294100/3569150345/About/About.xml","D8F817E00063EDEF8C5AAF51B821ED25D79646A9CF4FA97D1335831105088FF5"
"192","Restraints","BDew.Restraints","Requires","13","HugsLib","UnlimitedHugs.HugsLib","True","workshop/294100/1578234826/About/About.xml","D3C1AD084603C817A51280EA4166F7E5153C0FCE4F23160A61CD64F78B61726C"
"192","Restraints","BDew.Restraints","LoadAfter","13","HugsLib","UnlimitedHugs.HugsLib","True","workshop/294100/1578234826/About/About.xml","D3C1AD084603C817A51280EA4166F7E5153C0FCE4F23160A61CD64F78B61726C"
"193","ReTend","temmie3754.retend.1","Requires","1","Harmony","brrainz.harmony","True","workshop/294100/3523724230/About/About.xml","A5E5E96CDD762D319271E060DAF6958E152E9FB1D3BBB979401BCF805FBD0311"
"195","RimFridge: Now with Shelves!","rimfridge.kv.rw","Requires","1","Harmony","brrainz.harmony","True","workshop/294100/2898411376/About/About.xml","A045EF76F0FAB2E5371A7F6EE5CB65F6CDE198060217C913703FBA1015DBF90B"
"196","RimWorld Together","nova.rimworldtogether","Requires","1","Harmony","brrainz.harmony","True","workshop/294100/3005289691/About/About.xml","1984F9F24432168DFE503D67A33209798227F3CB479B6022BCD2F11CFA60536F"
"196","RimWorld Together","nova.rimworldtogether","LoadAfter","1","Harmony","brrainz.harmony","True","workshop/294100/3005289691/About/About.xml","1984F9F24432168DFE503D67A33209798227F3CB479B6022BCD2F11CFA60536F"
"196","RimWorld Together","nova.rimworldtogether","LoadAfter","4","Core","Ludeon.RimWorld","True","workshop/294100/3005289691/About/About.xml","1984F9F24432168DFE503D67A33209798227F3CB479B6022BCD2F11CFA60536F"
"196","RimWorld Together","nova.rimworldtogether","LoadAfter","5","Royalty","Ludeon.RimWorld.Royalty","True","workshop/294100/3005289691/About/About.xml","1984F9F24432168DFE503D67A33209798227F3CB479B6022BCD2F11CFA60536F"
"196","RimWorld Together","nova.rimworldtogether","LoadAfter","6","Ideology","Ludeon.Rimworld.Ideology","True","workshop/294100/3005289691/About/About.xml","1984F9F24432168DFE503D67A33209798227F3CB479B6022BCD2F11CFA60536F"
"196","RimWorld Together","nova.rimworldtogether","LoadAfter","7","Biotech","Ludeon.Rimworld.Biotech","True","workshop/294100/3005289691/About/About.xml","1984F9F24432168DFE503D67A33209798227F3CB479B6022BCD2F11CFA60536F"
"196","RimWorld Together","nova.rimworldtogether","LoadAfter","9","Odyssey","Ludeon.Rimworld.Odyssey","True","workshop/294100/3005289691/About/About.xml","1984F9F24432168DFE503D67A33209798227F3CB479B6022BCD2F11CFA60536F"
"196","RimWorld Together","nova.rimworldtogether","IncompatibleWith","","","jikulopo.prepatcher","False","workshop/294100/3005289691/About/About.xml","1984F9F24432168DFE503D67A33209798227F3CB479B6022BCD2F11CFA60536F"
"197","Romance On The Rim","telardo.RomanceOnTheRim","Requires","1","Harmony","brrainz.harmony","True","workshop/294100/2654432921/About/About.xml","5652A9B70D233273F4447000721D3A26080C9900C8E1262F84779CBD75A10F2E"
"197","Romance On The Rim","telardo.RomanceOnTheRim","LoadAfter","","","Jaxe.Bubbles","False","workshop/294100/2654432921/About/About.xml","5652A9B70D233273F4447000721D3A26080C9900C8E1262F84779CBD75A10F2E"
"198","RunAndGun - Continued","MemeGoddess.RunAndGun","IncompatibleWith","","","roolo.dualwield","False","workshop/294100/3562365100/About/About.xml","A1020E848EA46A28CAC98523F7B927D105E7AAF3111ABD285BACE0BBE2A43D6F"
"199","Safely Hidden Away (Continued)","Mlie.SafelyHiddenAway","Requires","1","Harmony","brrainz.harmony","True","workshop/294100/3546378186/About/About.xml","C7D556A330B886263A847845057C9B6918472DAC46349C9CC63ED6C2E6F797E7"
"199","Safely Hidden Away (Continued)","Mlie.SafelyHiddenAway","LoadAfter","1","Harmony","brrainz.harmony","True","workshop/294100/3546378186/About/About.xml","C7D556A330B886263A847845057C9B6918472DAC46349C9CC63ED6C2E6F797E7"
"200","Search and Destroy (Continued)","MemeGoddess.SearchAndDestroy","Requires","1","Harmony","brrainz.harmony","True","workshop/294100/3232242247/About/About.xml","0A91846977FEAA7C4CF032DA070D3546E911096838B4DF41EF8E874F3F9000F7"
"200","Search and Destroy (Continued)","MemeGoddess.SearchAndDestroy","LoadAfter","14","Vanilla Expanded Framework","OskarPotocki.VanillaFactionsExpanded.Core","True","workshop/294100/3232242247/About/About.xml","0A91846977FEAA7C4CF032DA070D3546E911096838B4DF41EF8E874F3F9000F7"
"200","Search and Destroy (Continued)","MemeGoddess.SearchAndDestroy","LoadAfter","","","Aoba.DeadManSwitch.Core","False","workshop/294100/3232242247/About/About.xml","0A91846977FEAA7C4CF032DA070D3546E911096838B4DF41EF8E874F3F9000F7"
"200","Search and Destroy (Continued)","MemeGoddess.SearchAndDestroy","LoadAfter","","","onyxae.dragonsdescent","False","workshop/294100/3232242247/About/About.xml","0A91846977FEAA7C4CF032DA070D3546E911096838B4DF41EF8E874F3F9000F7"
"201","Secret Passage Doors (Continued)","Mlie.SecretPassageDoors","Requires","1","Harmony","brrainz.harmony","True","workshop/294100/2412682633/About/About.xml","9E0A1E4E1AE6394CE4B0D45A2C96D65538A2119379589788F8E49EA4D74FDECD"
"201","Secret Passage Doors (Continued)","Mlie.SecretPassageDoors","LoadAfter","1","Harmony","brrainz.harmony","True","workshop/294100/2412682633/About/About.xml","9E0A1E4E1AE6394CE4B0D45A2C96D65538A2119379589788F8E49EA4D74FDECD"
"202","Sentience Catalyst Filth Rate Reducer","FlyingSloth.SCFilthReducer","Requires","9","Odyssey","Ludeon.RimWorld.Odyssey","True","workshop/294100/3525790312/About/About.xml","EEFB8F08A0CAF80B89C1557268D99F47C3BA4BF0457A14083B65A3FA08005F22"
"202","Sentience Catalyst Filth Rate Reducer","FlyingSloth.SCFilthReducer","LoadAfter","4","Core","Ludeon.RimWorld","True","workshop/294100/3525790312/About/About.xml","EEFB8F08A0CAF80B89C1557268D99F47C3BA4BF0457A14083B65A3FA08005F22"
"202","Sentience Catalyst Filth Rate Reducer","FlyingSloth.SCFilthReducer","LoadAfter","5","Royalty","Ludeon.RimWorld.Royalty","True","workshop/294100/3525790312/About/About.xml","EEFB8F08A0CAF80B89C1557268D99F47C3BA4BF0457A14083B65A3FA08005F22"
"202","Sentience Catalyst Filth Rate Reducer","FlyingSloth.SCFilthReducer","LoadAfter","6","Ideology","Ludeon.RimWorld.Ideology","True","workshop/294100/3525790312/About/About.xml","EEFB8F08A0CAF80B89C1557268D99F47C3BA4BF0457A14083B65A3FA08005F22"
"202","Sentience Catalyst Filth Rate Reducer","FlyingSloth.SCFilthReducer","LoadAfter","7","Biotech","Ludeon.RimWorld.Biotech","True","workshop/294100/3525790312/About/About.xml","EEFB8F08A0CAF80B89C1557268D99F47C3BA4BF0457A14083B65A3FA08005F22"
"202","Sentience Catalyst Filth Rate Reducer","FlyingSloth.SCFilthReducer","LoadAfter","9","Odyssey","Ludeon.RimWorld.Odyssey","True","workshop/294100/3525790312/About/About.xml","EEFB8F08A0CAF80B89C1557268D99F47C3BA4BF0457A14083B65A3FA08005F22"
"202","Sentience Catalyst Filth Rate Reducer","FlyingSloth.SCFilthReducer","LoadAfter","1","Harmony","brrainz.harmony","True","workshop/294100/3525790312/About/About.xml","EEFB8F08A0CAF80B89C1557268D99F47C3BA4BF0457A14083B65A3FA08005F22"
"203","Shit Rimworld Says (Continued)","Mlie.ShitRimworldSays","Requires","1","Harmony","brrainz.harmony","True","workshop/294100/3374039039/About/About.xml","8929E0993C3F4F01ECEFA59CD53BC81E50A8C2E838AE80DD11AE23FD1909849C"
"203","Shit Rimworld Says (Continued)","Mlie.ShitRimworldSays","LoadAfter","1","Harmony","brrainz.harmony","True","workshop/294100/3374039039/About/About.xml","8929E0993C3F4F01ECEFA59CD53BC81E50A8C2E838AE80DD11AE23FD1909849C"
"204","Show Me Your Hands","Mlie.ShowMeYourHands","Requires","1","Harmony","brrainz.harmony","True","workshop/294100/2475965842/About/About.xml","1ABD2C04B8610D14BA4DEB5BB6AB99B264FE9D09C70C4ABEE86F3FB93F79FEB9"
"204","Show Me Your Hands","Mlie.ShowMeYourHands","LoadAfter","1","Harmony","brrainz.harmony","True","workshop/294100/2475965842/About/About.xml","1ABD2C04B8610D14BA4DEB5BB6AB99B264FE9D09C70C4ABEE86F3FB93F79FEB9"
"204","Show Me Your Hands","Mlie.ShowMeYourHands","LoadAfter","","","MalteSchulze.RIMMSqol","False","workshop/294100/2475965842/About/About.xml","1ABD2C04B8610D14BA4DEB5BB6AB99B264FE9D09C70C4ABEE86F3FB93F79FEB9"
"204","Show Me Your Hands","Mlie.ShowMeYourHands","IncompatibleWith","","","Mlie.ClutterWeaponHands","False","workshop/294100/2475965842/About/About.xml","1ABD2C04B8610D14BA4DEB5BB6AB99B264FE9D09C70C4ABEE86F3FB93F79FEB9"
"205","Simple sidearms","PeteTimesSix.SimpleSidearms","Requires","1","Harmony","brrainz.harmony","True","workshop/294100/927155256/About/About.xml","CAB676F9D34A1C8F32FB5ECEC9FDE26157DBE2E75A6EDF7912EB4A38C6C299A9"
"205","Simple sidearms","PeteTimesSix.SimpleSidearms","LoadAfter","1","Harmony","brrainz.harmony","True","workshop/294100/927155256/About/About.xml","CAB676F9D34A1C8F32FB5ECEC9FDE26157DBE2E75A6EDF7912EB4A38C6C299A9"
"205","Simple sidearms","PeteTimesSix.SimpleSidearms","LoadAfter","13","HugsLib","UnlimitedHugs.HugsLib","True","workshop/294100/927155256/About/About.xml","CAB676F9D34A1C8F32FB5ECEC9FDE26157DBE2E75A6EDF7912EB4A38C6C299A9"
"207","Small Furniture","Xercaine.Furniture.Small","Requires","1","Harmony","brrainz.harmony","True","workshop/294100/3696700829/About/About.xml","D97E0EA089E25451DF03B84A4DFADAA6B3097F25A32DD4E1608B9620A671F824"
"207","Small Furniture","Xercaine.Furniture.Small","LoadAfter","1","Harmony","brrainz.harmony","True","workshop/294100/3696700829/About/About.xml","D97E0EA089E25451DF03B84A4DFADAA6B3097F25A32DD4E1608B9620A671F824"
"208","Smaller radius for Anima Trees, Shrines and Animus Stones","Longman.SmallerRadiusForAnimaTreesAndShrines","LoadAfter","5","Royalty","Ludeon.RimWorld.Royalty","True","workshop/294100/2812513517/About/About.xml","BED3E2B59811D009645FF6B0C1012772AF5C34BF84FD4DE680A84B03EA56C1EB"
"209","Smart Medicine - Continued","Memegoddess.SmartMedicine","Requires","1","Harmony","brrainz.harmony","True","workshop/294100/3526251680/About/About.xml","C365FCD3B65CCAA923D6778D078E9D0B5A9671AB119C53949BFA4EAFB3014044"
"210","Smart Meditation","PureMJ.MjRimMods.SmartMeditation","Requires","1","Harmony","brrainz.harmony","True","workshop/294100/2800676538/About/About.xml","7C06CB18D5100B8F1D9B4D720D7F16E8B464394B0CD6062DC42B4AFA1A3C4576"
"210","Smart Meditation","PureMJ.MjRimMods.SmartMeditation","LoadAfter","1","Harmony","brrainz.harmony","True","workshop/294100/2800676538/About/About.xml","7C06CB18D5100B8F1D9B4D720D7F16E8B464394B0CD6062DC42B4AFA1A3C4576"
"211","Smart Turret Covering","denev.SmartTurretCovering","Requires","1","Harmony","brrainz.harmony","True","workshop/294100/2636621800/About/About.xml","92F0942F34F8E16AEE32D0E76F813C7AA6ABCA25C1701F5615C2E6A8EBE8D6B1"
"211","Smart Turret Covering","denev.SmartTurretCovering","LoadAfter","1","Harmony","brrainz.harmony","True","workshop/294100/2636621800/About/About.xml","92F0942F34F8E16AEE32D0E76F813C7AA6ABCA25C1701F5615C2E6A8EBE8D6B1"
"211","Smart Turret Covering","denev.SmartTurretCovering","LoadAfter","4","Core","Ludeon.RimWorld","True","workshop/294100/2636621800/About/About.xml","92F0942F34F8E16AEE32D0E76F813C7AA6ABCA25C1701F5615C2E6A8EBE8D6B1"
"211","Smart Turret Covering","denev.SmartTurretCovering","LoadAfter","5","Royalty","Ludeon.RimWorld.Royalty","True","workshop/294100/2636621800/About/About.xml","92F0942F34F8E16AEE32D0E76F813C7AA6ABCA25C1701F5615C2E6A8EBE8D6B1"
"211","Smart Turret Covering","denev.SmartTurretCovering","LoadAfter","6","Ideology","Ludeon.RimWorld.Ideology","True","workshop/294100/2636621800/About/About.xml","92F0942F34F8E16AEE32D0E76F813C7AA6ABCA25C1701F5615C2E6A8EBE8D6B1"
"211","Smart Turret Covering","denev.SmartTurretCovering","LoadAfter","8","Anomaly","Ludeon.RimWorld.Anomaly","True","workshop/294100/2636621800/About/About.xml","92F0942F34F8E16AEE32D0E76F813C7AA6ABCA25C1701F5615C2E6A8EBE8D6B1"
"212","Smarter Construction","dhultgren.smarterconstruction","Requires","1","Harmony","brrainz.harmony","True","workshop/294100/2202185773/About/About.xml","6C8D76871BDA78E997EF54DD0570387A8B471B51C90C6AF08867132806D61764"
"213","Smarter Visitors","Mlie.SmarterVisitors","Requires","1","Harmony","brrainz.harmony","True","workshop/294100/3012491521/About/About.xml","22550AA9039AED6539D5F3049DC9E0F94B5FB83489BEB2090AFBF71C7076CBCC"
"213","Smarter Visitors","Mlie.SmarterVisitors","LoadAfter","1","Harmony","brrainz.harmony","True","workshop/294100/3012491521/About/About.xml","22550AA9039AED6539D5F3049DC9E0F94B5FB83489BEB2090AFBF71C7076CBCC"
"215","Social Experience from Trade","Krelinos.SocialEXPFromTrade","Requires","1","Harmony","brrainz.harmony","True","workshop/294100/3400608063/About/About.xml","EA0A3EC4955BFA3A4A9D9CDF54105044281776FF0597EAE35B8CF0B8D7A44051"
"215","Social Experience from Trade","Krelinos.SocialEXPFromTrade","LoadAfter","1","Harmony","brrainz.harmony","True","workshop/294100/3400608063/About/About.xml","EA0A3EC4955BFA3A4A9D9CDF54105044281776FF0597EAE35B8CF0B8D7A44051"
"217","SS Lightning Rod (Continued)","Mlie.SSLightningRod","Requires","1","Harmony","brrainz.harmony","True","workshop/294100/2358261479/About/About.xml","B2A76DDDDEE0654586B268A075FCA99543B383CCDC9A7A55FB4FCC698F4EFC46"
"217","SS Lightning Rod (Continued)","Mlie.SSLightningRod","LoadAfter","1","Harmony","brrainz.harmony","True","workshop/294100/2358261479/About/About.xml","B2A76DDDDEE0654586B268A075FCA99543B383CCDC9A7A55FB4FCC698F4EFC46"
"218","Stargates!","ccyt.stargatesmod","Requires","14","Vanilla Expanded Framework","OskarPotocki.VanillaFactionsExpanded.Core","True","workshop/294100/2831698056/About/About.xml","CD5D5E5830FB02209F2A5D7732F77D3922E0CD493030C96770D17AE40BF9D883"
"218","Stargates!","ccyt.stargatesmod","Requires","1","Harmony","brrainz.harmony","True","workshop/294100/2831698056/About/About.xml","CD5D5E5830FB02209F2A5D7732F77D3922E0CD493030C96770D17AE40BF9D883"
"218","Stargates!","ccyt.stargatesmod","LoadAfter","14","Vanilla Expanded Framework","oskarpotocki.vanillafactionsexpanded.core","True","workshop/294100/2831698056/About/About.xml","CD5D5E5830FB02209F2A5D7732F77D3922E0CD493030C96770D17AE40BF9D883"
"219","Stonecutting Extended","Scherub.StonecuttingExtended","LoadAfter","4","Core","Ludeon.RimWorld","True","workshop/294100/2571676542/About/About.xml","9C1EDB04C1096D8ED228FE02196C56442BDCE9165F804434CF3A550982CB6945"
"219","Stonecutting Extended","Scherub.StonecuttingExtended","LoadAfter","5","Royalty","Ludeon.RimWorld.Royalty","True","workshop/294100/2571676542/About/About.xml","9C1EDB04C1096D8ED228FE02196C56442BDCE9165F804434CF3A550982CB6945"
"219","Stonecutting Extended","Scherub.StonecuttingExtended","LoadAfter","6","Ideology","Ludeon.RimWorld.Ideology","True","workshop/294100/2571676542/About/About.xml","9C1EDB04C1096D8ED228FE02196C56442BDCE9165F804434CF3A550982CB6945"
"219","Stonecutting Extended","Scherub.StonecuttingExtended","LoadAfter","8","Anomaly","Ludeon.RimWorld.Anomaly","True","workshop/294100/2571676542/About/About.xml","9C1EDB04C1096D8ED228FE02196C56442BDCE9165F804434CF3A550982CB6945"
"219","Stonecutting Extended","Scherub.StonecuttingExtended","LoadAfter","9","Odyssey","Ludeon.RimWorld.Odyssey","True","workshop/294100/2571676542/About/About.xml","9C1EDB04C1096D8ED228FE02196C56442BDCE9165F804434CF3A550982CB6945"
"219","Stonecutting Extended","Scherub.StonecuttingExtended","LoadAfter","1","Harmony","brrainz.harmony","True","workshop/294100/2571676542/About/About.xml","9C1EDB04C1096D8ED228FE02196C56442BDCE9165F804434CF3A550982CB6945"
"219","Stonecutting Extended","Scherub.StonecuttingExtended","LoadAfter","","","cucumpear.stonetweaks","False","workshop/294100/2571676542/About/About.xml","9C1EDB04C1096D8ED228FE02196C56442BDCE9165F804434CF3A550982CB6945"
"219","Stonecutting Extended","Scherub.StonecuttingExtended","LoadAfter","","","DankPyon.Medieval.Overhaul","False","workshop/294100/2571676542/About/About.xml","9C1EDB04C1096D8ED228FE02196C56442BDCE9165F804434CF3A550982CB6945"
"219","Stonecutting Extended","Scherub.StonecuttingExtended","LoadAfter","","","Harmonea.GlitterStone","False","workshop/294100/2571676542/About/About.xml","9C1EDB04C1096D8ED228FE02196C56442BDCE9165F804434CF3A550982CB6945"
"219","Stonecutting Extended","Scherub.StonecuttingExtended","LoadAfter","","","Kura.ExtraStone","False","workshop/294100/2571676542/About/About.xml","9C1EDB04C1096D8ED228FE02196C56442BDCE9165F804434CF3A550982CB6945"
"219","Stonecutting Extended","Scherub.StonecuttingExtended","LoadAfter","","","Kura.ExtraStoneOld","False","workshop/294100/2571676542/About/About.xml","9C1EDB04C1096D8ED228FE02196C56442BDCE9165F804434CF3A550982CB6945"
"219","Stonecutting Extended","Scherub.StonecuttingExtended","LoadAfter","","","Kura.ExtraStoneCuproOld","False","workshop/294100/2571676542/About/About.xml","9C1EDB04C1096D8ED228FE02196C56442BDCE9165F804434CF3A550982CB6945"
"219","Stonecutting Extended","Scherub.StonecuttingExtended","LoadAfter","","","Kura.ExtraStoneCupros","False","workshop/294100/2571676542/About/About.xml","9C1EDB04C1096D8ED228FE02196C56442BDCE9165F804434CF3A550982CB6945"
"219","Stonecutting Extended","Scherub.StonecuttingExtended","LoadAfter","","","Ogliss.Cupro.CuprosStones","False","workshop/294100/2571676542/About/About.xml","9C1EDB04C1096D8ED228FE02196C56442BDCE9165F804434CF3A550982CB6945"
"219","Stonecutting Extended","Scherub.StonecuttingExtended","LoadAfter","","","RadZerp.neoRimNauts","False","workshop/294100/2571676542/About/About.xml","9C1EDB04C1096D8ED228FE02196C56442BDCE9165F804434CF3A550982CB6945"
"219","Stonecutting Extended","Scherub.StonecuttingExtended","LoadAfter","","","sarg.alphabiomes","False","workshop/294100/2571676542/About/About.xml","9C1EDB04C1096D8ED228FE02196C56442BDCE9165F804434CF3A550982CB6945"
"221","Stuff Mass Matters","Mlie.StuffMassMatters","Requires","1","Harmony","brrainz.harmony","True","workshop/294100/2787438435/About/About.xml","1FFBA2C54398E8B894DE1279D19740C56C6A889CD3175987EB2E3519143C99F7"
"221","Stuff Mass Matters","Mlie.StuffMassMatters","LoadAfter","1","Harmony","brrainz.harmony","True","workshop/294100/2787438435/About/About.xml","1FFBA2C54398E8B894DE1279D19740C56C6A889CD3175987EB2E3519143C99F7"
"222","Stuff on Tables Forked","moistestWhale.stuffOnTablesForked","LoadAfter","","","Simmin.UronTables","False","workshop/294100/3289533061/About/About.xml","648337421D9DD88EF57B867451B7BEC182F8775AB809205B6B9321AC33F5A0F8"
"222","Stuff on Tables Forked","moistestWhale.stuffOnTablesForked","LoadAfter","","","Simmin.LampsonTables","False","workshop/294100/3289533061/About/About.xml","648337421D9DD88EF57B867451B7BEC182F8775AB809205B6B9321AC33F5A0F8"
"222","Stuff on Tables Forked","moistestWhale.stuffOnTablesForked","LoadAfter","","","Simmin.PotteryonTables","False","workshop/294100/3289533061/About/About.xml","648337421D9DD88EF57B867451B7BEC182F8775AB809205B6B9321AC33F5A0F8"
"222","Stuff on Tables Forked","moistestWhale.stuffOnTablesForked","LoadAfter","","","Simmin.StuffonTables","False","workshop/294100/3289533061/About/About.xml","648337421D9DD88EF57B867451B7BEC182F8775AB809205B6B9321AC33F5A0F8"
"222","Stuff on Tables Forked","moistestWhale.stuffOnTablesForked","LoadBefore","","","reel.expanded.storage","False","workshop/294100/3289533061/About/About.xml","648337421D9DD88EF57B867451B7BEC182F8775AB809205B6B9321AC33F5A0F8"
"223","Surrogate Mechanoid","sov.det.surrogatemech","Requires","1","Harmony","brrainz.harmony","True","workshop/294100/3246748490/About/About.xml","A349E47519DA5C2A04BD3B45BAE84AA070D1373F98A967DA03C4A6032E1B86C3"
"223","Surrogate Mechanoid","sov.det.surrogatemech","Requires","7","Biotech","Ludeon.RimWorld.Biotech","True","workshop/294100/3246748490/About/About.xml","A349E47519DA5C2A04BD3B45BAE84AA070D1373F98A967DA03C4A6032E1B86C3"
"223","Surrogate Mechanoid","sov.det.surrogatemech","LoadAfter","4","Core","Ludeon.RimWorld","True","workshop/294100/3246748490/About/About.xml","A349E47519DA5C2A04BD3B45BAE84AA070D1373F98A967DA03C4A6032E1B86C3"
"223","Surrogate Mechanoid","sov.det.surrogatemech","LoadAfter","5","Royalty","Ludeon.RimWorld.Royalty","True","workshop/294100/3246748490/About/About.xml","A349E47519DA5C2A04BD3B45BAE84AA070D1373F98A967DA03C4A6032E1B86C3"
"223","Surrogate Mechanoid","sov.det.surrogatemech","LoadAfter","6","Ideology","Ludeon.RimWorld.Ideology","True","workshop/294100/3246748490/About/About.xml","A349E47519DA5C2A04BD3B45BAE84AA070D1373F98A967DA03C4A6032E1B86C3"
"223","Surrogate Mechanoid","sov.det.surrogatemech","LoadAfter","7","Biotech","Ludeon.RimWorld.Biotech","True","workshop/294100/3246748490/About/About.xml","A349E47519DA5C2A04BD3B45BAE84AA070D1373F98A967DA03C4A6032E1B86C3"
"223","Surrogate Mechanoid","sov.det.surrogatemech","LoadAfter","","","wvc.sergkart.biotech.MoreMechanoidsWorkModes","False","workshop/294100/3246748490/About/About.xml","A349E47519DA5C2A04BD3B45BAE84AA070D1373F98A967DA03C4A6032E1B86C3"
"224","TakeCover","rabiosus.TakeCover","Requires","1","Harmony","brrainz.harmony","True","workshop/294100/3749200746/About/About.xml","E1D777767749A496CD83F923C57A8D29AE329AC791A64EC6747F35F24F6E63E9"
"224","TakeCover","rabiosus.TakeCover","LoadAfter","1","Harmony","brrainz.harmony","True","workshop/294100/3749200746/About/About.xml","E1D777767749A496CD83F923C57A8D29AE329AC791A64EC6747F35F24F6E63E9"
"224","TakeCover","rabiosus.TakeCover","LoadAfter","","","CETeam.CombatExtended","False","workshop/294100/3749200746/About/About.xml","E1D777767749A496CD83F923C57A8D29AE329AC791A64EC6747F35F24F6E63E9"
"224","TakeCover","rabiosus.TakeCover","IncompatibleWith","","","brrainz.achtung","False","workshop/294100/3749200746/About/About.xml","E1D777767749A496CD83F923C57A8D29AE329AC791A64EC6747F35F24F6E63E9"
"227","The Titan Treatment","santa.titantreatment","Requires","9","Odyssey","Ludeon.RimWorld.Odyssey","True","workshop/294100/3523427789/About/About.xml","C4FEF8D27841F66B5BD4B6FBDED90E862BBE71338D06A2ADCF5FF0BF661CDD9A"
"228","Toggle Harvest","Jaxe.ToggleHarvest","Requires","1","Harmony","brrainz.harmony","True","workshop/294100/1499848654/About/About.xml","1D110ADD94FFA2C99332BD4EF93C19D4E5AAE9DE1A4335840E76623110BD1FF7"
"228","Toggle Harvest","Jaxe.ToggleHarvest","LoadAfter","1","Harmony","brrainz.harmony","True","workshop/294100/1499848654/About/About.xml","1D110ADD94FFA2C99332BD4EF93C19D4E5AAE9DE1A4335840E76623110BD1FF7"
"231","Trade Ships Drop Spot","smashphil.dropspot","Requires","1","Harmony","brrainz.harmony","True","workshop/294100/1969732297/About/About.xml","7417CA47F1A508847E2BB81DD1294C3E031F2B165283203C86AF30440B19E1EF"
"232","Trade Ships No Matter What","WindowsXP.TradeShipsNoMatterWhat","Requires","1","Harmony","brrainz.harmony","True","workshop/294100/2296557502/About/About.xml","8CA8E17F573297C3E859030C7C05C160652823424D12F38E66693B9B053B77A3"
"232","Trade Ships No Matter What","WindowsXP.TradeShipsNoMatterWhat","LoadAfter","1","Harmony","brrainz.harmony","True","workshop/294100/2296557502/About/About.xml","8CA8E17F573297C3E859030C7C05C160652823424D12F38E66693B9B053B77A3"
"233","Trait Rarity Colors","CarnySenpai.TraitRarityColors","Requires","1","Harmony","brrainz.harmony","True","workshop/294100/1751884355/About/About.xml","224BFD0A9933E8449795B19CD3DBE81CC3157C7C0E57577BC05B7939D214EEC9"
"233","Trait Rarity Colors","CarnySenpai.TraitRarityColors","LoadAfter","1","Harmony","brrainz.harmony","True","workshop/294100/1751884355/About/About.xml","224BFD0A9933E8449795B19CD3DBE81CC3157C7C0E57577BC05B7939D214EEC9"
"233","Trait Rarity Colors","CarnySenpai.TraitRarityColors","LoadBefore","","","Andromeda.UsefulMarks","False","workshop/294100/1751884355/About/About.xml","224BFD0A9933E8449795B19CD3DBE81CC3157C7C0E57577BC05B7939D214EEC9"
"234","Turrets Shoot Hunting Predators","archie.turrettargetpatch","Requires","1","Harmony","brrainz.harmony","True","workshop/294100/3221646589/About/About.xml","61F1F956B913213AB93B721A95A3073EDA128906E610DE7E4B7472AEBBA8C94F"
"234","Turrets Shoot Hunting Predators","archie.turrettargetpatch","LoadAfter","1","Harmony","brrainz.harmony","True","workshop/294100/3221646589/About/About.xml","61F1F956B913213AB93B721A95A3073EDA128906E610DE7E4B7472AEBBA8C94F"
"235","TV is Educational","Mlie.TVIsEducational","Requires","7","Biotech","Ludeon.Rimworld.Biotech","True","workshop/294100/2921021769/About/About.xml","16496F13B3B582E8B36DD2575D86476A1D8F07A29CC69DD2AF8578252440BF7E"
"235","TV is Educational","Mlie.TVIsEducational","LoadAfter","7","Biotech","Ludeon.Rimworld.Biotech","True","workshop/294100/2921021769/About/About.xml","16496F13B3B582E8B36DD2575D86476A1D8F07A29CC69DD2AF8578252440BF7E"
"235","TV is Educational","Mlie.TVIsEducational","LoadAfter","","","vanillaexpanded.achievements","False","workshop/294100/2921021769/About/About.xml","16496F13B3B582E8B36DD2575D86476A1D8F07A29CC69DD2AF8578252440BF7E"
"236","TVForPrison (Continued)","Mlie.TVForPrison","LoadAfter","","","aznplucky.RimFlix","False","workshop/294100/2194535018/About/About.xml","6C88E6582AE7AAECC12D362EE09D1D57E0D3713908D2A7D3309D13B99694CBE0"
"237","Ugh You Got Me","marvinkosh.ughyougotme","Requires","1","Harmony","brrainz.harmony","True","workshop/294100/1542424705/About/About.xml","D1192E8C05AD168B3FE2A65F91F4816821960E2BF6A2E4A637FE7EBD6F2116BF"
"237","Ugh You Got Me","marvinkosh.ughyougotme","LoadAfter","1","Harmony","brrainz.harmony","True","workshop/294100/1542424705/About/About.xml","D1192E8C05AD168B3FE2A65F91F4816821960E2BF6A2E4A637FE7EBD6F2116BF"
"239","Undraft After Tucking","madarauchiha.undraftaftertucking","Requires","1","Harmony","brrainz.harmony","True","workshop/294100/2157495459/About/About.xml","0AC2557C9528584A8921203D0D5B892B633842F6AB0BA08AE4A65DA05C624EFD"
"239","Undraft After Tucking","madarauchiha.undraftaftertucking","LoadAfter","1","Harmony","brrainz.harmony","True","workshop/294100/2157495459/About/About.xml","0AC2557C9528584A8921203D0D5B892B633842F6AB0BA08AE4A65DA05C624EFD"
"241","Use Your Gun!","dd.useyourgun","Requires","1","Harmony","brrainz.harmony","True","workshop/294100/3229291869/About/About.xml","6756EBD18CB9E7A3EB9D1E8778CD5D319B22ADD21680BBE33406149480C8FE6B"
"241","Use Your Gun!","dd.useyourgun","LoadAfter","1","Harmony","brrainz.harmony","True","workshop/294100/3229291869/About/About.xml","6756EBD18CB9E7A3EB9D1E8778CD5D319B22ADD21680BBE33406149480C8FE6B"
"241","Use Your Gun!","dd.useyourgun","LoadAfter","13","HugsLib","UnlimitedHugs.HugsLib","True","workshop/294100/3229291869/About/About.xml","6756EBD18CB9E7A3EB9D1E8778CD5D319B22ADD21680BBE33406149480C8FE6B"
"242","Vanilla Apparel Expanded","VanillaExpanded.VAPPE","Requires","1","Harmony","brrainz.harmony","True","workshop/294100/1814987817/About/About.xml","B0B9EA50E135B1F33D5CFC18DC2B92FEA8E81872F92A25FDAA00FA0C9C8F12ED"
"242","Vanilla Apparel Expanded","VanillaExpanded.VAPPE","Requires","14","Vanilla Expanded Framework","OskarPotocki.VanillaFactionsExpanded.Core","True","workshop/294100/1814987817/About/About.xml","B0B9EA50E135B1F33D5CFC18DC2B92FEA8E81872F92A25FDAA00FA0C9C8F12ED"
"242","Vanilla Apparel Expanded","VanillaExpanded.VAPPE","LoadAfter","14","Vanilla Expanded Framework","OskarPotocki.VanillaFactionsExpanded.Core","True","workshop/294100/1814987817/About/About.xml","B0B9EA50E135B1F33D5CFC18DC2B92FEA8E81872F92A25FDAA00FA0C9C8F12ED"
"243","Vanilla Apparel Expanded — Accessories","VanillaExpanded.VAEAccessories","Requires","1","Harmony","brrainz.harmony","True","workshop/294100/2521176396/About/About.xml","A1E0981B1C3113B98AA4487D04AB32429E0B4E27EFEC7A6FDF38D338F1B11233"
"243","Vanilla Apparel Expanded — Accessories","VanillaExpanded.VAEAccessories","Requires","14","Vanilla Expanded Framework","OskarPotocki.VanillaFactionsExpanded.Core","True","workshop/294100/2521176396/About/About.xml","A1E0981B1C3113B98AA4487D04AB32429E0B4E27EFEC7A6FDF38D338F1B11233"
"243","Vanilla Apparel Expanded — Accessories","VanillaExpanded.VAEAccessories","LoadAfter","14","Vanilla Expanded Framework","OskarPotocki.VanillaFactionsExpanded.Core","True","workshop/294100/2521176396/About/About.xml","A1E0981B1C3113B98AA4487D04AB32429E0B4E27EFEC7A6FDF38D338F1B11233"
"244","Vanilla Armour Expanded","VanillaExpanded.VARME","Requires","1","Harmony","brrainz.harmony","True","workshop/294100/1814988282/About/About.xml","56746742C5B6E6A923BB6A8121F61C3109D233B4833E1484A0C1B563D3043C22"
"244","Vanilla Armour Expanded","VanillaExpanded.VARME","Requires","14","Vanilla Expanded Framework","OskarPotocki.VanillaFactionsExpanded.Core","True","workshop/294100/1814988282/About/About.xml","56746742C5B6E6A923BB6A8121F61C3109D233B4833E1484A0C1B563D3043C22"
"244","Vanilla Armour Expanded","VanillaExpanded.VARME","LoadAfter","","","vanillaexpanded.achievements","False","workshop/294100/1814988282/About/About.xml","56746742C5B6E6A923BB6A8121F61C3109D233B4833E1484A0C1B563D3043C22"
"244","Vanilla Armour Expanded","VanillaExpanded.VARME","LoadAfter","14","Vanilla Expanded Framework","OskarPotocki.VanillaFactionsExpanded.Core","True","workshop/294100/1814988282/About/About.xml","56746742C5B6E6A923BB6A8121F61C3109D233B4833E1484A0C1B563D3043C22"
"244","Vanilla Armour Expanded","VanillaExpanded.VARME","LoadAfter","","","n7huntsman.combatshields","False","workshop/294100/1814988282/About/About.xml","56746742C5B6E6A923BB6A8121F61C3109D233B4833E1484A0C1B563D3043C22"
"245","Vanilla Fix: Haul After Slaughter","PureMJ.MjRimMods.VanillaFixHaulAfterSlaughter","Requires","1","Harmony","brrainz.harmony","True","workshop/294100/2801452324/About/About.xml","414AFC04B448ECE81641E9E1962B0DEFE1BD78DE0EDAD3888B2B4AAE23D5E681"
"245","Vanilla Fix: Haul After Slaughter","PureMJ.MjRimMods.VanillaFixHaulAfterSlaughter","LoadAfter","1","Harmony","brrainz.harmony","True","workshop/294100/2801452324/About/About.xml","414AFC04B448ECE81641E9E1962B0DEFE1BD78DE0EDAD3888B2B4AAE23D5E681"
"246","Vanilla Furniture Expanded - Factory","VanillaExpanded.VFEFactory","Requires","1","Harmony","brrainz.harmony","True","workshop/294100/3686924415/About/About.xml","4B5117D54C88C49F774950F2162BD6BA722251F48D6B9C7365130F0332C4CA0D"
"246","Vanilla Furniture Expanded - Factory","VanillaExpanded.VFEFactory","Requires","14","Vanilla Expanded Framework","OskarPotocki.VanillaFactionsExpanded.Core","True","workshop/294100/3686924415/About/About.xml","4B5117D54C88C49F774950F2162BD6BA722251F48D6B9C7365130F0332C4CA0D"
"246","Vanilla Furniture Expanded - Factory","VanillaExpanded.VFEFactory","LoadAfter","14","Vanilla Expanded Framework","OskarPotocki.VanillaFactionsExpanded.Core","True","workshop/294100/3686924415/About/About.xml","4B5117D54C88C49F774950F2162BD6BA722251F48D6B9C7365130F0332C4CA0D"
"247","Vanilla Gravship Expanded - Chapter 1","vanillaexpanded.gravship","Requires","1","Harmony","brrainz.harmony","True","workshop/294100/3609835606/About/About.xml","483A2F11DFB86FA060C65DA7184B7D08228C02B34B60CC57C3EDCE5B924A6A1A"
"247","Vanilla Gravship Expanded - Chapter 1","vanillaexpanded.gravship","Requires","9","Odyssey","Ludeon.RimWorld.Odyssey","True","workshop/294100/3609835606/About/About.xml","483A2F11DFB86FA060C65DA7184B7D08228C02B34B60CC57C3EDCE5B924A6A1A"
"247","Vanilla Gravship Expanded - Chapter 1","vanillaexpanded.gravship","Requires","14","Vanilla Expanded Framework","OskarPotocki.VanillaFactionsExpanded.Core","True","workshop/294100/3609835606/About/About.xml","483A2F11DFB86FA060C65DA7184B7D08228C02B34B60CC57C3EDCE5B924A6A1A"
"247","Vanilla Gravship Expanded - Chapter 1","vanillaexpanded.gravship","LoadAfter","14","Vanilla Expanded Framework","OskarPotocki.VanillaFactionsExpanded.Core","True","workshop/294100/3609835606/About/About.xml","483A2F11DFB86FA060C65DA7184B7D08228C02B34B60CC57C3EDCE5B924A6A1A"
"247","Vanilla Gravship Expanded - Chapter 1","vanillaexpanded.gravship","IncompatibleWith","","","Bulldog.VanillaChemfuelExpandedOdysseyPatch","False","workshop/294100/3609835606/About/About.xml","483A2F11DFB86FA060C65DA7184B7D08228C02B34B60CC57C3EDCE5B924A6A1A"
"249","Vanilla Vehicles Expanded","OskarPotocki.VanillaVehiclesExpanded","Requires","1","Harmony","brrainz.harmony","True","workshop/294100/3014906877/About/About.xml","53F97862719662845DBA0985903D8F4ED8C597A5BBF44F2EE782AB6995E212B7"
"249","Vanilla Vehicles Expanded","OskarPotocki.VanillaVehiclesExpanded","Requires","11","Vehicle Framework","SmashPhil.VehicleFramework","True","workshop/294100/3014906877/About/About.xml","53F97862719662845DBA0985903D8F4ED8C597A5BBF44F2EE782AB6995E212B7"
"249","Vanilla Vehicles Expanded","OskarPotocki.VanillaVehiclesExpanded","Requires","14","Vanilla Expanded Framework","OskarPotocki.VanillaFactionsExpanded.Core","True","workshop/294100/3014906877/About/About.xml","53F97862719662845DBA0985903D8F4ED8C597A5BBF44F2EE782AB6995E212B7"
"249","Vanilla Vehicles Expanded","OskarPotocki.VanillaVehiclesExpanded","LoadAfter","4","Core","Ludeon.RimWorld","True","workshop/294100/3014906877/About/About.xml","53F97862719662845DBA0985903D8F4ED8C597A5BBF44F2EE782AB6995E212B7"
"249","Vanilla Vehicles Expanded","OskarPotocki.VanillaVehiclesExpanded","LoadAfter","5","Royalty","Ludeon.RimWorld.Royalty","True","workshop/294100/3014906877/About/About.xml","53F97862719662845DBA0985903D8F4ED8C597A5BBF44F2EE782AB6995E212B7"
"249","Vanilla Vehicles Expanded","OskarPotocki.VanillaVehiclesExpanded","LoadAfter","1","Harmony","brrainz.harmony","True","workshop/294100/3014906877/About/About.xml","53F97862719662845DBA0985903D8F4ED8C597A5BBF44F2EE782AB6995E212B7"
"249","Vanilla Vehicles Expanded","OskarPotocki.VanillaVehiclesExpanded","LoadAfter","11","Vehicle Framework","SmashPhil.VehicleFramework","True","workshop/294100/3014906877/About/About.xml","53F97862719662845DBA0985903D8F4ED8C597A5BBF44F2EE782AB6995E212B7"
"249","Vanilla Vehicles Expanded","OskarPotocki.VanillaVehiclesExpanded","LoadAfter","14","Vanilla Expanded Framework","OskarPotocki.VanillaFactionsExpanded.Core","True","workshop/294100/3014906877/About/About.xml","53F97862719662845DBA0985903D8F4ED8C597A5BBF44F2EE782AB6995E212B7"
"250","Vanilla Weapons Expanded - Non-Lethal","VanillaExpanded.VWENL","Requires","1","Harmony","brrainz.harmony","True","workshop/294100/2454918354/About/About.xml","0E485B36FEEED9EE7085CC5DF6CE865F139BB2179CA9C9ED2616AF5D54FCEFDA"
"250","Vanilla Weapons Expanded - Non-Lethal","VanillaExpanded.VWENL","Requires","14","Vanilla Expanded Framework","OskarPotocki.VanillaFactionsExpanded.Core","True","workshop/294100/2454918354/About/About.xml","0E485B36FEEED9EE7085CC5DF6CE865F139BB2179CA9C9ED2616AF5D54FCEFDA"
"250","Vanilla Weapons Expanded - Non-Lethal","VanillaExpanded.VWENL","LoadAfter","14","Vanilla Expanded Framework","OskarPotocki.VanillaFactionsExpanded.Core","True","workshop/294100/2454918354/About/About.xml","0E485B36FEEED9EE7085CC5DF6CE865F139BB2179CA9C9ED2616AF5D54FCEFDA"
"251","Various Space Ship Chunk (Continued)","Mlie.VariousSpaceShipChunk","Requires","1","Harmony","brrainz.harmony","True","workshop/294100/2014616487/About/About.xml","787806915436FAED642024A2DA98FE8AC2C110999A964DABDD90B3368CA08423"
"251","Various Space Ship Chunk (Continued)","Mlie.VariousSpaceShipChunk","LoadAfter","1","Harmony","brrainz.harmony","True","workshop/294100/2014616487/About/About.xml","787806915436FAED642024A2DA98FE8AC2C110999A964DABDD90B3368CA08423"
"256","Wall Televisions","Xercaine.WallTelevisions","Requires","1","Harmony","brrainz.harmony","True","workshop/294100/3582096423/About/About.xml","CE18804E98EEEEE0C8AC3EE2267F529AFD28B2A49D4C41CAFE01417F6D52841F"
"256","Wall Televisions","Xercaine.WallTelevisions","LoadAfter","1","Harmony","brrainz.harmony","True","workshop/294100/3582096423/About/About.xml","CE18804E98EEEEE0C8AC3EE2267F529AFD28B2A49D4C41CAFE01417F6D52841F"
"258","War Crimes Expanded 2 Core (Updated)","Mersid.WCE2Updated.Core","Requires","1","Harmony","brrainz.harmony","True","workshop/294100/3032870787/About/About.xml","7D165E37A0A25476FDF142CBCA59FA6359753AC5AE26F6BD27D10482FCF3DF40"
"258","War Crimes Expanded 2 Core (Updated)","Mersid.WCE2Updated.Core","LoadAfter","1","Harmony","brrainz.harmony","True","workshop/294100/3032870787/About/About.xml","7D165E37A0A25476FDF142CBCA59FA6359753AC5AE26F6BD27D10482FCF3DF40"
"259","Warehouse Storage","vin.warehouse.storage","Requires","10","Adaptive Storage Framework","adaptive.storage.framework","True","workshop/294100/3519963835/About/About.xml","0B8E1449BE1A07E90FF86EE46F1523EA3E01E207A664FD7D3E3B6DD270745938"
"259","Warehouse Storage","vin.warehouse.storage","LoadAfter","4","Core","Ludeon.RimWorld","True","workshop/294100/3519963835/About/About.xml","0B8E1449BE1A07E90FF86EE46F1523EA3E01E207A664FD7D3E3B6DD270745938"
"259","Warehouse Storage","vin.warehouse.storage","LoadAfter","10","Adaptive Storage Framework","adaptive.storage.framework","True","workshop/294100/3519963835/About/About.xml","0B8E1449BE1A07E90FF86EE46F1523EA3E01E207A664FD7D3E3B6DD270745938"
"260","While You Are Nearby","PureMJ.MjRimMods.WhileYouAreNearby","Requires","1","Harmony","brrainz.harmony","True","workshop/294100/2784585275/About/About.xml","BF46429A77A27D79527989265D8A7044D3808AC4FB191E619F70FF25A8C9A2F8"
"260","While You Are Nearby","PureMJ.MjRimMods.WhileYouAreNearby","LoadAfter","1","Harmony","brrainz.harmony","True","workshop/294100/2784585275/About/About.xml","BF46429A77A27D79527989265D8A7044D3808AC4FB191E619F70FF25A8C9A2F8"
"261","Who shot my leg off?","Tixiv.WhoShotMyLegOff","Requires","1","Harmony","brrainz.harmony","True","workshop/294100/3491552121/About/About.xml","D507497621022687D342CA71D62CD012C2CA9155C27DCE0F2C1E92C04783879D"
"261","Who shot my leg off?","Tixiv.WhoShotMyLegOff","LoadAfter","1","Harmony","brrainz.harmony","True","workshop/294100/3491552121/About/About.xml","D507497621022687D342CA71D62CD012C2CA9155C27DCE0F2C1E92C04783879D"
"261","Who shot my leg off?","Tixiv.WhoShotMyLegOff","LoadAfter","4","Core","Ludeon.RimWorld","True","workshop/294100/3491552121/About/About.xml","D507497621022687D342CA71D62CD012C2CA9155C27DCE0F2C1E92C04783879D"
"262","Wololoo - Better Conversion and Recruitment","RedMattis.BetterConversion","Requires","1","Harmony","brrainz.harmony","True","workshop/294100/3108763487/About/About.xml","62D6DC2B9742FC322ADD677BF7E735306604FD129A1F12061671DA58AB50C279"
"262","Wololoo - Better Conversion and Recruitment","RedMattis.BetterConversion","Requires","6","Ideology","Ludeon.RimWorld.Ideology","True","workshop/294100/3108763487/About/About.xml","62D6DC2B9742FC322ADD677BF7E735306604FD129A1F12061671DA58AB50C279"
"262","Wololoo - Better Conversion and Recruitment","RedMattis.BetterConversion","LoadAfter","6","Ideology","ludeon.rimworld.Ideology","True","workshop/294100/3108763487/About/About.xml","62D6DC2B9742FC322ADD677BF7E735306604FD129A1F12061671DA58AB50C279"
"263","You Drive, I Sleep","Spacemoth.YouDriveISleep","Requires","1","Harmony","brrainz.harmony","True","workshop/294100/3324430833/About/About.xml","A17C30E8CC8FF996377181A4D129B3B0E4518DDEE4BD2814548A73BC48847180"
"263","You Drive, I Sleep","Spacemoth.YouDriveISleep","Requires","11","Vehicle Framework","SmashPhil.VehicleFramework","True","workshop/294100/3324430833/About/About.xml","A17C30E8CC8FF996377181A4D129B3B0E4518DDEE4BD2814548A73BC48847180"
"263","You Drive, I Sleep","Spacemoth.YouDriveISleep","LoadAfter","1","Harmony","brrainz.harmony","True","workshop/294100/3324430833/About/About.xml","A17C30E8CC8FF996377181A4D129B3B0E4518DDEE4BD2814548A73BC48847180"
"263","You Drive, I Sleep","Spacemoth.YouDriveISleep","LoadAfter","11","Vehicle Framework","SmashPhil.VehicleFramework","True","workshop/294100/3324430833/About/About.xml","A17C30E8CC8FF996377181A4D129B3B0E4518DDEE4BD2814548A73BC48847180"
"264","Zone To Schedule","Mlie.ZoneToSchedule","Requires","1","Harmony","brrainz.harmony","True","workshop/294100/2436086611/About/About.xml","2C13A04D9BA61BF84DC904E377F1E4FCF2CA3916363C6575DFAF0C2687DB7A27"
"264","Zone To Schedule","Mlie.ZoneToSchedule","LoadAfter","1","Harmony","brrainz.harmony","True","workshop/294100/2436086611/About/About.xml","2C13A04D9BA61BF84DC904E377F1E4FCF2CA3916363C6575DFAF0C2687DB7A27"
"265","AirtightGarageDoors","Endy.Airtightgarage","Requires","249","Vanilla Vehicles Expanded","oskarpotocki.vanillavehiclesexpanded","True","workshop/294100/3534740420/About/About.xml","B0CB577BBA31139323337745104048A80726427C53050E1637D096E3550225D8"
"265","AirtightGarageDoors","Endy.Airtightgarage","LoadAfter","249","Vanilla Vehicles Expanded","oskarpotocki.vanillavehiclesexpanded","True","workshop/294100/3534740420/About/About.xml","B0CB577BBA31139323337745104048A80726427C53050E1637D096E3550225D8"
"266","Alpha Vehicles - Age of Sail","sarg.alphavehiclesageofsail","Requires","1","Harmony","brrainz.harmony","True","workshop/294100/3177395100/About/About.xml","26A07EC102B3814BED703E46F89146BFC082A01B03CD556D6DD2FC4F5CE582B1"
"266","Alpha Vehicles - Age of Sail","sarg.alphavehiclesageofsail","Requires","11","Vehicle Framework","SmashPhil.VehicleFramework","True","workshop/294100/3177395100/About/About.xml","26A07EC102B3814BED703E46F89146BFC082A01B03CD556D6DD2FC4F5CE582B1"
"266","Alpha Vehicles - Age of Sail","sarg.alphavehiclesageofsail","LoadAfter","11","Vehicle Framework","SmashPhil.VehicleFramework","True","workshop/294100/3177395100/About/About.xml","26A07EC102B3814BED703E46F89146BFC082A01B03CD556D6DD2FC4F5CE582B1"
"266","Alpha Vehicles - Age of Sail","sarg.alphavehiclesageofsail","LoadAfter","249","Vanilla Vehicles Expanded","OskarPotocki.VanillaVehiclesExpanded","True","workshop/294100/3177395100/About/About.xml","26A07EC102B3814BED703E46F89146BFC082A01B03CD556D6DD2FC4F5CE582B1"
"267","Animal Apparel: Basic Armor","Ingendum.AnimalArmorBasic","Requires","31","Animal Apparel: Framework","Ingendum.AnimalApparelFramework","True","workshop/294100/3513849448/About/About.xml","AADAAE86780E4CAB80767A1DEF791E49647F1967ED9F805E9835C482F090041C"
"267","Animal Apparel: Basic Armor","Ingendum.AnimalArmorBasic","LoadAfter","31","Animal Apparel: Framework","Ingendum.AnimalApparelFramework","True","workshop/294100/3513849448/About/About.xml","AADAAE86780E4CAB80767A1DEF791E49647F1967ED9F805E9835C482F090041C"
"269","Gastronomy (Continued)","Orion.Gastronomy","Requires","1","Harmony","brrainz.harmony","True","workshop/294100/3509488152/About/About.xml","EA54105FE02F6999DED94329FE320E4085DD9298357C14EA5605771A47A19845"
"269","Gastronomy (Continued)","Orion.Gastronomy","Requires","62","Cash Register (Continued)","Orion.CashRegister","True","workshop/294100/3509488152/About/About.xml","EA54105FE02F6999DED94329FE320E4085DD9298357C14EA5605771A47A19845"
"269","Gastronomy (Continued)","Orion.Gastronomy","LoadAfter","62","Cash Register (Continued)","Orion.CashRegister","True","workshop/294100/3509488152/About/About.xml","EA54105FE02F6999DED94329FE320E4085DD9298357C14EA5605771A47A19845"
"270","Hospitality (Continued)","Orion.Hospitality","Requires","1","Harmony","brrainz.harmony","True","workshop/294100/3509486825/About/About.xml","DDE45358A4AE0E95669B07DA75F1B5C67E849ADE0C6D3694F4062634F6BBC6F7"
"270","Hospitality (Continued)","Orion.Hospitality","LoadAfter","4","Core","Ludeon.RimWorld","True","workshop/294100/3509486825/About/About.xml","DDE45358A4AE0E95669B07DA75F1B5C67E849ADE0C6D3694F4062634F6BBC6F7"
"270","Hospitality (Continued)","Orion.Hospitality","LoadAfter","5","Royalty","Ludeon.RimWorld.Royalty","True","workshop/294100/3509486825/About/About.xml","DDE45358A4AE0E95669B07DA75F1B5C67E849ADE0C6D3694F4062634F6BBC6F7"
"270","Hospitality (Continued)","Orion.Hospitality","LoadAfter","1","Harmony","brrainz.harmony","True","workshop/294100/3509486825/About/About.xml","DDE45358A4AE0E95669B07DA75F1B5C67E849ADE0C6D3694F4062634F6BBC6F7"
"270","Hospitality (Continued)","Orion.Hospitality","LoadAfter","14","Vanilla Expanded Framework","OskarPotocki.VanillaFactionsExpanded.Core","True","workshop/294100/3509486825/About/About.xml","DDE45358A4AE0E95669B07DA75F1B5C67E849ADE0C6D3694F4062634F6BBC6F7"
"270","Hospitality (Continued)","Orion.Hospitality","LoadAfter","","","VanillaExpanded.VNutrientE","False","workshop/294100/3509486825/About/About.xml","DDE45358A4AE0E95669B07DA75F1B5C67E849ADE0C6D3694F4062634F6BBC6F7"
"271","Jewelry","kikohi.jewelry","Requires","1","Harmony","brrainz.harmony","True","workshop/294100/3203280763/About/About.xml","E0D130BE63864812C210E41BD52AD1BA87FE77B8188FADD46209EE05D900B85D"
"271","Jewelry","kikohi.jewelry","LoadAfter","4","Core","Ludeon.RimWorld","True","workshop/294100/3203280763/About/About.xml","E0D130BE63864812C210E41BD52AD1BA87FE77B8188FADD46209EE05D900B85D"
"271","Jewelry","kikohi.jewelry","LoadAfter","5","Royalty","Ludeon.RimWorld.Royalty","True","workshop/294100/3203280763/About/About.xml","E0D130BE63864812C210E41BD52AD1BA87FE77B8188FADD46209EE05D900B85D"
"271","Jewelry","kikohi.jewelry","LoadAfter","1","Harmony","brrainz.harmony","True","workshop/294100/3203280763/About/About.xml","E0D130BE63864812C210E41BD52AD1BA87FE77B8188FADD46209EE05D900B85D"
"271","Jewelry","kikohi.jewelry","LoadAfter","","","vanillaexpanded.achievements","False","workshop/294100/3203280763/About/About.xml","E0D130BE63864812C210E41BD52AD1BA87FE77B8188FADD46209EE05D900B85D"
"272","Life Support Continued [1.1+]","Troopersmith1.LifeSupport","Requires","1","Harmony","brrainz.harmony","True","workshop/294100/2937012139/About/About.xml","DFB02D1938A51DED86C3C7D030AF2AE9858C71C9B99C54851266B3596B84B0BE"
"272","Life Support Continued [1.1+]","Troopersmith1.LifeSupport","LoadAfter","1","Harmony","brrainz.harmony","True","workshop/294100/2937012139/About/About.xml","DFB02D1938A51DED86C3C7D030AF2AE9858C71C9B99C54851266B3596B84B0BE"
"272","Life Support Continued [1.1+]","Troopersmith1.LifeSupport","LoadAfter","71","Death Rattle Continued [1.2+]","Troopersmith1.DeathRattle","True","workshop/294100/2937012139/About/About.xml","DFB02D1938A51DED86C3C7D030AF2AE9858C71C9B99C54851266B3596B84B0BE"
"273","Locks","avius.locks","Requires","1","Harmony","brrainz.harmony","True","workshop/294100/1157085076/About/About.xml","EE495A1BFE9E46D88B80070D36A4234E864956960F3D2D8CCEDCD2BBB64FC26D"
"273","Locks","avius.locks","LoadAfter","1","Harmony","brrainz.harmony","True","workshop/294100/1157085076/About/About.xml","EE495A1BFE9E46D88B80070D36A4234E864956960F3D2D8CCEDCD2BBB64FC26D"
"273","Locks","avius.locks","LoadAfter","","","haplo.miscellaneous.robots","False","workshop/294100/1157085076/About/About.xml","EE495A1BFE9E46D88B80070D36A4234E864956960F3D2D8CCEDCD2BBB64FC26D"
"273","Locks","avius.locks","LoadAfter","","","kentington.saveourship2","False","workshop/294100/1157085076/About/About.xml","EE495A1BFE9E46D88B80070D36A4234E864956960F3D2D8CCEDCD2BBB64FC26D"
"273","Locks","avius.locks","LoadAfter","","","linkolas.linkabledoors","False","workshop/294100/1157085076/About/About.xml","EE495A1BFE9E46D88B80070D36A4234E864956960F3D2D8CCEDCD2BBB64FC26D"
"273","Locks","avius.locks","LoadAfter","77","Doors Expanded","jecrell.doorsexpanded","True","workshop/294100/1157085076/About/About.xml","EE495A1BFE9E46D88B80070D36A4234E864956960F3D2D8CCEDCD2BBB64FC26D"
"273","Locks","avius.locks","LoadAfter","","","vanillaquestsexpanded.dronefactory","False","workshop/294100/1157085076/About/About.xml","EE495A1BFE9E46D88B80070D36A4234E864956960F3D2D8CCEDCD2BBB64FC26D"
"274","Medical Dissection","Heremeus.MedicalDissection","Requires","1","Harmony","brrainz.harmony","True","workshop/294100/1328216966/About/About.xml","2462E577F12FC4ED84B1CEC0118A258883194A5468C74143302B571F5A4F427E"
"274","Medical Dissection","Heremeus.MedicalDissection","LoadAfter","4","Core","Ludeon.RimWorld","True","workshop/294100/1328216966/About/About.xml","2462E577F12FC4ED84B1CEC0118A258883194A5468C74143302B571F5A4F427E"
"274","Medical Dissection","Heremeus.MedicalDissection","LoadAfter","5","Royalty","Ludeon.RimWorld.Royalty","True","workshop/294100/1328216966/About/About.xml","2462E577F12FC4ED84B1CEC0118A258883194A5468C74143302B571F5A4F427E"
"274","Medical Dissection","Heremeus.MedicalDissection","LoadAfter","1","Harmony","brrainz.harmony","True","workshop/294100/1328216966/About/About.xml","2462E577F12FC4ED84B1CEC0118A258883194A5468C74143302B571F5A4F427E"
"274","Medical Dissection","Heremeus.MedicalDissection","LoadAfter","105","Harvest Organs Post Mortem Continued","Smuffle.HarvestOrgansPostMortem","True","workshop/294100/1328216966/About/About.xml","2462E577F12FC4ED84B1CEC0118A258883194A5468C74143302B571F5A4F427E"
"275","Non-Lethal: Re-Examined","Smxrez.nonlethalreexamined","Requires","250","Vanilla Weapons Expanded - Non-Lethal","vanillaexpanded.vwenl","True","workshop/294100/3455926746/About/About.xml","ED5E80D0A81BF1192D6415E21179ADCF75DCC4F245C40C19AF2A7CA8D3DCE32A"
"275","Non-Lethal: Re-Examined","Smxrez.nonlethalreexamined","LoadAfter","250","Vanilla Weapons Expanded - Non-Lethal","vanillaexpanded.vwenl","True","workshop/294100/3455926746/About/About.xml","ED5E80D0A81BF1192D6415E21179ADCF75DCC4F245C40C19AF2A7CA8D3DCE32A"
"276","Power Poles Extended","gy.ppextend","LoadAfter","167","Power Poles","co.uk.epicguru.rimforgepoles","True","workshop/294100/3339142899/About/About.xml","ABD36B959D4E02F938EDE9A1DCFD105A1DAFCBD1BE10C9684FA780F61710CE4D"
"276","Power Poles Extended","gy.ppextend","LoadAfter","","","Aoba.Fortress.Industrial","False","workshop/294100/3339142899/About/About.xml","ABD36B959D4E02F938EDE9A1DCFD105A1DAFCBD1BE10C9684FA780F61710CE4D"
"277","Rebuild: Embrasures","Rebuild.Embrasures","LoadAfter","4","Core","Ludeon.RimWorld","True","workshop/294100/3500482839/About/About.xml","6FA271E4B744354B45D4425F9472F98C172C3FA43C3530C5118A7C22D5B75CEC"
"277","Rebuild: Embrasures","Rebuild.Embrasures","LoadAfter","","","CETeam.CombatExtended","False","workshop/294100/3500482839/About/About.xml","6FA271E4B744354B45D4425F9472F98C172C3FA43C3530C5118A7C22D5B75CEC"
"277","Rebuild: Embrasures","Rebuild.Embrasures","LoadAfter","185","ReBuild: Doors and Corners","ReBuild.COTR.DoorsAndCorners","True","workshop/294100/3500482839/About/About.xml","6FA271E4B744354B45D4425F9472F98C172C3FA43C3530C5118A7C22D5B75CEC"
"278","Replace Stuff: Cooler And Vent Placement Fix","Deadmano.ReplaceStuffCoolerVentPlacementFix","Requires","1","Harmony","brrainz.harmony","True","workshop/294100/3093303048/About/About.xml","35D0852EC61B8E4457568189E89C138FDC263E0DE10FD569238F5BF127C5C216"
"278","Replace Stuff: Cooler And Vent Placement Fix","Deadmano.ReplaceStuffCoolerVentPlacementFix","Requires","189","Replace Stuff - Continued","Memegoddess.ReplaceStuff","True","workshop/294100/3093303048/About/About.xml","35D0852EC61B8E4457568189E89C138FDC263E0DE10FD569238F5BF127C5C216"
"278","Replace Stuff: Cooler And Vent Placement Fix","Deadmano.ReplaceStuffCoolerVentPlacementFix","LoadAfter","189","Replace Stuff - Continued","Memegoddess.ReplaceStuff","True","workshop/294100/3093303048/About/About.xml","35D0852EC61B8E4457568189E89C138FDC263E0DE10FD569238F5BF127C5C216"
"278","Replace Stuff: Cooler And Vent Placement Fix","Deadmano.ReplaceStuffCoolerVentPlacementFix","LoadAfter","","","Garethp.ReplaceStuffCompatibility","False","workshop/294100/3093303048/About/About.xml","35D0852EC61B8E4457568189E89C138FDC263E0DE10FD569238F5BF127C5C216"
"279","Research Whatever","avilmask.ResearchWhatever","Requires","1","Harmony","brrainz.harmony","True","workshop/294100/2552092060/About/About.xml","089DAA121D5800B083439E5253BCED46626B76BFB32556601FA2F82A44A0C03F"
"279","Research Whatever","avilmask.ResearchWhatever","LoadAfter","247","Vanilla Gravship Expanded - Chapter 1","vanillaexpanded.gravship","True","workshop/294100/2552092060/About/About.xml","089DAA121D5800B083439E5253BCED46626B76BFB32556601FA2F82A44A0C03F"
"279","Research Whatever","avilmask.ResearchWhatever","LoadBefore","","","PeteTimesSix.ResearchReinvented","False","workshop/294100/2552092060/About/About.xml","089DAA121D5800B083439E5253BCED46626B76BFB32556601FA2F82A44A0C03F"
"280","Van's Retexture : Misc. Training","SirVan.MiscTrainingRetexture","LoadAfter","4","Core","Ludeon.RimWorld","True","workshop/294100/2848956469/About/About.xml","86A782861C1A2567B5AAE9F8416270EE287C6AD622DE45DCEDE02A6BA5744C6C"
"280","Van's Retexture : Misc. Training","SirVan.MiscTrainingRetexture","LoadAfter","5","Royalty","Ludeon.RimWorld.Royalty","True","workshop/294100/2848956469/About/About.xml","86A782861C1A2567B5AAE9F8416270EE287C6AD622DE45DCEDE02A6BA5744C6C"
"280","Van's Retexture : Misc. Training","SirVan.MiscTrainingRetexture","LoadAfter","6","Ideology","Ludeon.RimWorld.Ideology","True","workshop/294100/2848956469/About/About.xml","86A782861C1A2567B5AAE9F8416270EE287C6AD622DE45DCEDE02A6BA5744C6C"
"280","Van's Retexture : Misc. Training","SirVan.MiscTrainingRetexture","LoadAfter","","","Haplo.Miscellaneous.TrainingNoTask","False","workshop/294100/2848956469/About/About.xml","86A782861C1A2567B5AAE9F8416270EE287C6AD622DE45DCEDE02A6BA5744C6C"
"280","Van's Retexture : Misc. Training","SirVan.MiscTrainingRetexture","LoadAfter","129","Misc. Training","Haplo.Miscellaneous.Training","True","workshop/294100/2848956469/About/About.xml","86A782861C1A2567B5AAE9F8416270EE287C6AD622DE45DCEDE02A6BA5744C6C"
"281","Vanilla Gravship Expanded - Chapter 2","vanillaexpanded.gravship2","Requires","1","Harmony","brrainz.harmony","True","workshop/294100/3799737423/About/About.xml","559658DC04E2891347122853990B48EACDD5E654A37AB2CE4D405B94F42560FA"
"281","Vanilla Gravship Expanded - Chapter 2","vanillaexpanded.gravship2","Requires","9","Odyssey","Ludeon.RimWorld.Odyssey","True","workshop/294100/3799737423/About/About.xml","559658DC04E2891347122853990B48EACDD5E654A37AB2CE4D405B94F42560FA"
"281","Vanilla Gravship Expanded - Chapter 2","vanillaexpanded.gravship2","Requires","14","Vanilla Expanded Framework","OskarPotocki.VanillaFactionsExpanded.Core","True","workshop/294100/3799737423/About/About.xml","559658DC04E2891347122853990B48EACDD5E654A37AB2CE4D405B94F42560FA"
"281","Vanilla Gravship Expanded - Chapter 2","vanillaexpanded.gravship2","Requires","247","Vanilla Gravship Expanded - Chapter 1","vanillaexpanded.gravship","True","workshop/294100/3799737423/About/About.xml","559658DC04E2891347122853990B48EACDD5E654A37AB2CE4D405B94F42560FA"
"281","Vanilla Gravship Expanded - Chapter 2","vanillaexpanded.gravship2","LoadAfter","14","Vanilla Expanded Framework","OskarPotocki.VanillaFactionsExpanded.Core","True","workshop/294100/3799737423/About/About.xml","559658DC04E2891347122853990B48EACDD5E654A37AB2CE4D405B94F42560FA"
"281","Vanilla Gravship Expanded - Chapter 2","vanillaexpanded.gravship2","LoadAfter","247","Vanilla Gravship Expanded - Chapter 1","vanillaexpanded.gravship","True","workshop/294100/3799737423/About/About.xml","559658DC04E2891347122853990B48EACDD5E654A37AB2CE4D405B94F42560FA"
"281","Vanilla Gravship Expanded - Chapter 2","vanillaexpanded.gravship2","LoadAfter","","","vanillaracesexpanded.insector","False","workshop/294100/3799737423/About/About.xml","559658DC04E2891347122853990B48EACDD5E654A37AB2CE4D405B94F42560FA"
"281","Vanilla Gravship Expanded - Chapter 2","vanillaexpanded.gravship2","LoadAfter","","","OskarPotocki.VFE.Insectoid2","False","workshop/294100/3799737423/About/About.xml","559658DC04E2891347122853990B48EACDD5E654A37AB2CE4D405B94F42560FA"
"281","Vanilla Gravship Expanded - Chapter 2","vanillaexpanded.gravship2","IncompatibleWith","","","Bulldog.VanillaChemfuelExpandedOdysseyPatch","False","workshop/294100/3799737423/About/About.xml","559658DC04E2891347122853990B48EACDD5E654A37AB2CE4D405B94F42560FA"
"282","Vanilla Vehicles Expanded - Tier 3","OskarPotocki.VanillaVehiclesExpandedTier3","Requires","1","Harmony","brrainz.harmony","True","workshop/294100/3047892432/About/About.xml","DA480FE4FD4DD939160B34E59DC19EF35FE303D1B9FFC4AA7BC0544313E65EAB"
"282","Vanilla Vehicles Expanded - Tier 3","OskarPotocki.VanillaVehiclesExpandedTier3","Requires","11","Vehicle Framework","SmashPhil.VehicleFramework","True","workshop/294100/3047892432/About/About.xml","DA480FE4FD4DD939160B34E59DC19EF35FE303D1B9FFC4AA7BC0544313E65EAB"
"282","Vanilla Vehicles Expanded - Tier 3","OskarPotocki.VanillaVehiclesExpandedTier3","Requires","249","Vanilla Vehicles Expanded","OskarPotocki.VanillaVehiclesExpanded","True","workshop/294100/3047892432/About/About.xml","DA480FE4FD4DD939160B34E59DC19EF35FE303D1B9FFC4AA7BC0544313E65EAB"
"282","Vanilla Vehicles Expanded - Tier 3","OskarPotocki.VanillaVehiclesExpandedTier3","LoadAfter","4","Core","Ludeon.RimWorld","True","workshop/294100/3047892432/About/About.xml","DA480FE4FD4DD939160B34E59DC19EF35FE303D1B9FFC4AA7BC0544313E65EAB"
"282","Vanilla Vehicles Expanded - Tier 3","OskarPotocki.VanillaVehiclesExpandedTier3","LoadAfter","5","Royalty","Ludeon.RimWorld.Royalty","True","workshop/294100/3047892432/About/About.xml","DA480FE4FD4DD939160B34E59DC19EF35FE303D1B9FFC4AA7BC0544313E65EAB"
"282","Vanilla Vehicles Expanded - Tier 3","OskarPotocki.VanillaVehiclesExpandedTier3","LoadAfter","1","Harmony","brrainz.harmony","True","workshop/294100/3047892432/About/About.xml","DA480FE4FD4DD939160B34E59DC19EF35FE303D1B9FFC4AA7BC0544313E65EAB"
"282","Vanilla Vehicles Expanded - Tier 3","OskarPotocki.VanillaVehiclesExpandedTier3","LoadAfter","11","Vehicle Framework","SmashPhil.VehicleFramework","True","workshop/294100/3047892432/About/About.xml","DA480FE4FD4DD939160B34E59DC19EF35FE303D1B9FFC4AA7BC0544313E65EAB"
"282","Vanilla Vehicles Expanded - Tier 3","OskarPotocki.VanillaVehiclesExpandedTier3","LoadAfter","249","Vanilla Vehicles Expanded","OskarPotocki.VanillaVehiclesExpanded","True","workshop/294100/3047892432/About/About.xml","DA480FE4FD4DD939160B34E59DC19EF35FE303D1B9FFC4AA7BC0544313E65EAB"
"283","Vanilla Vehicles Expanded - Upgrades","OskarPotocki.VanillaVehiclesExpandedUpgrades","Requires","1","Harmony","brrainz.harmony","True","workshop/294100/3302208420/About/About.xml","DA8B6DB24CF957982923207BFE798517BB452836A41B220B554CCEE2FF9916B8"
"283","Vanilla Vehicles Expanded - Upgrades","OskarPotocki.VanillaVehiclesExpandedUpgrades","Requires","11","Vehicle Framework","SmashPhil.VehicleFramework","True","workshop/294100/3302208420/About/About.xml","DA8B6DB24CF957982923207BFE798517BB452836A41B220B554CCEE2FF9916B8"
"283","Vanilla Vehicles Expanded - Upgrades","OskarPotocki.VanillaVehiclesExpandedUpgrades","Requires","249","Vanilla Vehicles Expanded","OskarPotocki.VanillaVehiclesExpanded","True","workshop/294100/3302208420/About/About.xml","DA8B6DB24CF957982923207BFE798517BB452836A41B220B554CCEE2FF9916B8"
"283","Vanilla Vehicles Expanded - Upgrades","OskarPotocki.VanillaVehiclesExpandedUpgrades","LoadAfter","4","Core","Ludeon.RimWorld","True","workshop/294100/3302208420/About/About.xml","DA8B6DB24CF957982923207BFE798517BB452836A41B220B554CCEE2FF9916B8"
"283","Vanilla Vehicles Expanded - Upgrades","OskarPotocki.VanillaVehiclesExpandedUpgrades","LoadAfter","5","Royalty","Ludeon.RimWorld.Royalty","True","workshop/294100/3302208420/About/About.xml","DA8B6DB24CF957982923207BFE798517BB452836A41B220B554CCEE2FF9916B8"
"283","Vanilla Vehicles Expanded - Upgrades","OskarPotocki.VanillaVehiclesExpandedUpgrades","LoadAfter","1","Harmony","brrainz.harmony","True","workshop/294100/3302208420/About/About.xml","DA8B6DB24CF957982923207BFE798517BB452836A41B220B554CCEE2FF9916B8"
"283","Vanilla Vehicles Expanded - Upgrades","OskarPotocki.VanillaVehiclesExpandedUpgrades","LoadAfter","11","Vehicle Framework","SmashPhil.VehicleFramework","True","workshop/294100/3302208420/About/About.xml","DA8B6DB24CF957982923207BFE798517BB452836A41B220B554CCEE2FF9916B8"
"283","Vanilla Vehicles Expanded - Upgrades","OskarPotocki.VanillaVehiclesExpandedUpgrades","LoadAfter","249","Vanilla Vehicles Expanded","OskarPotocki.VanillaVehiclesExpanded","True","workshop/294100/3302208420/About/About.xml","DA8B6DB24CF957982923207BFE798517BB452836A41B220B554CCEE2FF9916B8"
"284","[FSF] FrozenSnowFox Tweaks","FrozenSnowFox.FrozenSnowFoxTweaks","Requires","12","XML Extensions","imranfish.xmlextensions","True","workshop/294100/2893432492/About/About.xml","C526848600F3091CC6157F1A4CFAE6EA985B364FA3118FE390A9326D8863D877"
"284","[FSF] FrozenSnowFox Tweaks","FrozenSnowFox.FrozenSnowFoxTweaks","LoadAfter","25","Adaptive Primitive Storage","Adaptive.PrimitiveStorage","True","workshop/294100/2893432492/About/About.xml","C526848600F3091CC6157F1A4CFAE6EA985B364FA3118FE390A9326D8863D877"
"284","[FSF] FrozenSnowFox Tweaks","FrozenSnowFox.FrozenSnowFoxTweaks","LoadAfter","","","adaptive.storage.neolithic","False","workshop/294100/2893432492/About/About.xml","C526848600F3091CC6157F1A4CFAE6EA985B364FA3118FE390A9326D8863D877"
"284","[FSF] FrozenSnowFox Tweaks","FrozenSnowFox.FrozenSnowFoxTweaks","LoadAfter","","","Aelanna.EccentricTech.Flares2","False","workshop/294100/2893432492/About/About.xml","C526848600F3091CC6157F1A4CFAE6EA985B364FA3118FE390A9326D8863D877"
"284","[FSF] FrozenSnowFox Tweaks","FrozenSnowFox.FrozenSnowFoxTweaks","LoadAfter","","","akaster.ivdruginfuser","False","workshop/294100/2893432492/About/About.xml","C526848600F3091CC6157F1A4CFAE6EA985B364FA3118FE390A9326D8863D877"
"284","[FSF] FrozenSnowFox Tweaks","FrozenSnowFox.FrozenSnowFoxTweaks","LoadAfter","","","Aranmaho.BetterDarkness","False","workshop/294100/2893432492/About/About.xml","C526848600F3091CC6157F1A4CFAE6EA985B364FA3118FE390A9326D8863D877"
"284","[FSF] FrozenSnowFox Tweaks","FrozenSnowFox.FrozenSnowFoxTweaks","LoadAfter","","","Arcjc007.WallStuffV2","False","workshop/294100/2893432492/About/About.xml","C526848600F3091CC6157F1A4CFAE6EA985B364FA3118FE390A9326D8863D877"
"284","[FSF] FrozenSnowFox Tweaks","FrozenSnowFox.FrozenSnowFoxTweaks","LoadAfter","","","ATK.Anthrosonae","False","workshop/294100/2893432492/About/About.xml","C526848600F3091CC6157F1A4CFAE6EA985B364FA3118FE390A9326D8863D877"
"284","[FSF] FrozenSnowFox Tweaks","FrozenSnowFox.FrozenSnowFoxTweaks","LoadAfter","66","Common Sense","avilmask.CommonSense","True","workshop/294100/2893432492/About/About.xml","C526848600F3091CC6157F1A4CFAE6EA985B364FA3118FE390A9326D8863D877"
"284","[FSF] FrozenSnowFox Tweaks","FrozenSnowFox.FrozenSnowFoxTweaks","LoadAfter","","","BiomesTeam.BiomesCore","False","workshop/294100/2893432492/About/About.xml","C526848600F3091CC6157F1A4CFAE6EA985B364FA3118FE390A9326D8863D877"
"284","[FSF] FrozenSnowFox Tweaks","FrozenSnowFox.FrozenSnowFoxTweaks","LoadAfter","","","BiomesTeam.BiomesCaverns","False","workshop/294100/2893432492/About/About.xml","C526848600F3091CC6157F1A4CFAE6EA985B364FA3118FE390A9326D8863D877"
"284","[FSF] FrozenSnowFox Tweaks","FrozenSnowFox.FrozenSnowFoxTweaks","LoadAfter","126","Medical IVs Fork","cantaloupetheclown.MedicalIVsFork","True","workshop/294100/2893432492/About/About.xml","C526848600F3091CC6157F1A4CFAE6EA985B364FA3118FE390A9326D8863D877"
"284","[FSF] FrozenSnowFox Tweaks","FrozenSnowFox.FrozenSnowFoxTweaks","LoadAfter","","","Crustypeanut.RC2.Core","False","workshop/294100/2893432492/About/About.xml","C526848600F3091CC6157F1A4CFAE6EA985B364FA3118FE390A9326D8863D877"
"284","[FSF] FrozenSnowFox Tweaks","FrozenSnowFox.FrozenSnowFoxTweaks","LoadAfter","","","DankPyon.Medieval.Overhaul","False","workshop/294100/2893432492/About/About.xml","C526848600F3091CC6157F1A4CFAE6EA985B364FA3118FE390A9326D8863D877"
"284","[FSF] FrozenSnowFox Tweaks","FrozenSnowFox.FrozenSnowFoxTweaks","LoadAfter","","","Devdesigner.Elves.Continued","False","workshop/294100/2893432492/About/About.xml","C526848600F3091CC6157F1A4CFAE6EA985B364FA3118FE390A9326D8863D877"
"284","[FSF] FrozenSnowFox Tweaks","FrozenSnowFox.FrozenSnowFoxTweaks","LoadAfter","","","DimonSever000.AnimaObelisk.Specific","False","workshop/294100/2893432492/About/About.xml","C526848600F3091CC6157F1A4CFAE6EA985B364FA3118FE390A9326D8863D877"
"284","[FSF] FrozenSnowFox Tweaks","FrozenSnowFox.FrozenSnowFoxTweaks","LoadAfter","","","dismarzero.VGP.VGPThreeSistersPlants","False","workshop/294100/2893432492/About/About.xml","C526848600F3091CC6157F1A4CFAE6EA985B364FA3118FE390A9326D8863D877"
"284","[FSF] FrozenSnowFox Tweaks","FrozenSnowFox.FrozenSnowFoxTweaks","LoadAfter","","","dismarzero.VGP.VGPVegetableGarden","False","workshop/294100/2893432492/About/About.xml","C526848600F3091CC6157F1A4CFAE6EA985B364FA3118FE390A9326D8863D877"
"284","[FSF] FrozenSnowFox Tweaks","FrozenSnowFox.FrozenSnowFoxTweaks","LoadAfter","","","Ddismarzero.VGP.XtraTreesandFlowers","False","workshop/294100/2893432492/About/About.xml","C526848600F3091CC6157F1A4CFAE6EA985B364FA3118FE390A9326D8863D877"
"284","[FSF] FrozenSnowFox Tweaks","FrozenSnowFox.FrozenSnowFoxTweaks","LoadAfter","","","dubwise.dubsbadhygiene","False","workshop/294100/2893432492/About/About.xml","C526848600F3091CC6157F1A4CFAE6EA985B364FA3118FE390A9326D8863D877"
"284","[FSF] FrozenSnowFox Tweaks","FrozenSnowFox.FrozenSnowFoxTweaks","LoadAfter","84","Dubs Rimkit","Dubwise.DubsRimkit","True","workshop/294100/2893432492/About/About.xml","C526848600F3091CC6157F1A4CFAE6EA985B364FA3118FE390A9326D8863D877"
"284","[FSF] FrozenSnowFox Tweaks","FrozenSnowFox.FrozenSnowFoxTweaks","LoadAfter","","","Fuu.UncompromisingTribalFaction","False","workshop/294100/2893432492/About/About.xml","C526848600F3091CC6157F1A4CFAE6EA985B364FA3118FE390A9326D8863D877"
"284","[FSF] FrozenSnowFox Tweaks","FrozenSnowFox.FrozenSnowFoxTweaks","LoadAfter","","","GarryFlowers.ResearchAppropriation","False","workshop/294100/2893432492/About/About.xml","C526848600F3091CC6157F1A4CFAE6EA985B364FA3118FE390A9326D8863D877"
"284","[FSF] FrozenSnowFox Tweaks","FrozenSnowFox.FrozenSnowFoxTweaks","LoadAfter","","","Gerrymon.StylizedSlaveCollar","False","workshop/294100/2893432492/About/About.xml","C526848600F3091CC6157F1A4CFAE6EA985B364FA3118FE390A9326D8863D877"
"284","[FSF] FrozenSnowFox Tweaks","FrozenSnowFox.FrozenSnowFoxTweaks","LoadAfter","","","Harkon.VEAddOn.VanillaExpandedExtraEmbrasures","False","workshop/294100/2893432492/About/About.xml","C526848600F3091CC6157F1A4CFAE6EA985B364FA3118FE390A9326D8863D877"
"284","[FSF] FrozenSnowFox Tweaks","FrozenSnowFox.FrozenSnowFoxTweaks","LoadAfter","","","Hautarche.HautsTraits","False","workshop/294100/2893432492/About/About.xml","C526848600F3091CC6157F1A4CFAE6EA985B364FA3118FE390A9326D8863D877"
"284","[FSF] FrozenSnowFox Tweaks","FrozenSnowFox.FrozenSnowFoxTweaks","LoadAfter","","","hlx.UltratechAlteredCarbon","False","workshop/294100/2893432492/About/About.xml","C526848600F3091CC6157F1A4CFAE6EA985B364FA3118FE390A9326D8863D877"
"284","[FSF] FrozenSnowFox Tweaks","FrozenSnowFox.FrozenSnowFoxTweaks","LoadAfter","12","XML Extensions","imranfish.xmlextensions","True","workshop/294100/2893432492/About/About.xml","C526848600F3091CC6157F1A4CFAE6EA985B364FA3118FE390A9326D8863D877"
"284","[FSF] FrozenSnowFox Tweaks","FrozenSnowFox.FrozenSnowFoxTweaks","LoadAfter","","","KIT.BrazilianCrops","False","workshop/294100/2893432492/About/About.xml","C526848600F3091CC6157F1A4CFAE6EA985B364FA3118FE390A9326D8863D877"
"284","[FSF] FrozenSnowFox Tweaks","FrozenSnowFox.FrozenSnowFoxTweaks","LoadAfter","","","KYD.EvenMoreFoodFilters","False","workshop/294100/2893432492/About/About.xml","C526848600F3091CC6157F1A4CFAE6EA985B364FA3118FE390A9326D8863D877"
"284","[FSF] FrozenSnowFox Tweaks","FrozenSnowFox.FrozenSnowFoxTweaks","LoadAfter","","","LimeTreeSnake.Ammo","False","workshop/294100/2893432492/About/About.xml","C526848600F3091CC6157F1A4CFAE6EA985B364FA3118FE390A9326D8863D877"
"284","[FSF] FrozenSnowFox Tweaks","FrozenSnowFox.FrozenSnowFoxTweaks","LoadAfter","","","LimeTreeSnake.Furnishing","False","workshop/294100/2893432492/About/About.xml","C526848600F3091CC6157F1A4CFAE6EA985B364FA3118FE390A9326D8863D877"
"284","[FSF] FrozenSnowFox Tweaks","FrozenSnowFox.FrozenSnowFoxTweaks","LoadAfter","","","LovelyDovey.Sex.WithEuterpe","False","workshop/294100/2893432492/About/About.xml","C526848600F3091CC6157F1A4CFAE6EA985B364FA3118FE390A9326D8863D877"
"284","[FSF] FrozenSnowFox Tweaks","FrozenSnowFox.FrozenSnowFoxTweaks","LoadAfter","","","Meltup.NopowerCommsSimplified","False","workshop/294100/2893432492/About/About.xml","C526848600F3091CC6157F1A4CFAE6EA985B364FA3118FE390A9326D8863D877"
"284","[FSF] FrozenSnowFox Tweaks","FrozenSnowFox.FrozenSnowFoxTweaks","LoadAfter","","","Mlie.Apothecary","False","workshop/294100/2893432492/About/About.xml","C526848600F3091CC6157F1A4CFAE6EA985B364FA3118FE390A9326D8863D877"
"284","[FSF] FrozenSnowFox Tweaks","FrozenSnowFox.FrozenSnowFoxTweaks","LoadAfter","","","Mlie.ReinforcedMechanoid2","False","workshop/294100/2893432492/About/About.xml","C526848600F3091CC6157F1A4CFAE6EA985B364FA3118FE390A9326D8863D877"
"284","[FSF] FrozenSnowFox Tweaks","FrozenSnowFox.FrozenSnowFoxTweaks","LoadAfter","","","Mlie.RimworldSpartanFoundry","False","workshop/294100/2893432492/About/About.xml","C526848600F3091CC6157F1A4CFAE6EA985B364FA3118FE390A9326D8863D877"
"284","[FSF] FrozenSnowFox Tweaks","FrozenSnowFox.FrozenSnowFoxTweaks","LoadAfter","","","Mlie.TropickappRainforestMod","False","workshop/294100/2893432492/About/About.xml","C526848600F3091CC6157F1A4CFAE6EA985B364FA3118FE390A9326D8863D877"
"284","[FSF] FrozenSnowFox Tweaks","FrozenSnowFox.FrozenSnowFoxTweaks","LoadAfter","38","Animals Logic","Oblitus.AnimalsLogic","True","workshop/294100/2893432492/About/About.xml","C526848600F3091CC6157F1A4CFAE6EA985B364FA3118FE390A9326D8863D877"
"284","[FSF] FrozenSnowFox Tweaks","FrozenSnowFox.FrozenSnowFoxTweaks","LoadAfter","","","ONegative.CommunicableDiseases","False","workshop/294100/2893432492/About/About.xml","C526848600F3091CC6157F1A4CFAE6EA985B364FA3118FE390A9326D8863D877"
"284","[FSF] FrozenSnowFox Tweaks","FrozenSnowFox.FrozenSnowFoxTweaks","LoadAfter","","","OskarPotocki.VFE.Classical","False","workshop/294100/2893432492/About/About.xml","C526848600F3091CC6157F1A4CFAE6EA985B364FA3118FE390A9326D8863D877"
"284","[FSF] FrozenSnowFox Tweaks","FrozenSnowFox.FrozenSnowFoxTweaks","LoadAfter","","","OskarPotocki.VFE.Deserters","False","workshop/294100/2893432492/About/About.xml","C526848600F3091CC6157F1A4CFAE6EA985B364FA3118FE390A9326D8863D877"
"284","[FSF] FrozenSnowFox Tweaks","FrozenSnowFox.FrozenSnowFoxTweaks","LoadAfter","","","OskarPotocki.VFE.Empire","False","workshop/294100/2893432492/About/About.xml","C526848600F3091CC6157F1A4CFAE6EA985B364FA3118FE390A9326D8863D877"
"284","[FSF] FrozenSnowFox Tweaks","FrozenSnowFox.FrozenSnowFoxTweaks","LoadAfter","","","OskarPotocki.VFE.Insectoid","False","workshop/294100/2893432492/About/About.xml","C526848600F3091CC6157F1A4CFAE6EA985B364FA3118FE390A9326D8863D877"
"284","[FSF] FrozenSnowFox Tweaks","FrozenSnowFox.FrozenSnowFoxTweaks","LoadAfter","","","OskarPotocki.VFE.Medieval2","False","workshop/294100/2893432492/About/About.xml","C526848600F3091CC6157F1A4CFAE6EA985B364FA3118FE390A9326D8863D877"
"284","[FSF] FrozenSnowFox Tweaks","FrozenSnowFox.FrozenSnowFoxTweaks","LoadAfter","","","OskarPotocki.VanillaFactionsExpanded.SettlersModule","False","workshop/294100/2893432492/About/About.xml","C526848600F3091CC6157F1A4CFAE6EA985B364FA3118FE390A9326D8863D877"
"284","[FSF] FrozenSnowFox Tweaks","FrozenSnowFox.FrozenSnowFoxTweaks","LoadAfter","","","OskarPotocki.VFE.Tribals","False","workshop/294100/2893432492/About/About.xml","C526848600F3091CC6157F1A4CFAE6EA985B364FA3118FE390A9326D8863D877"
"284","[FSF] FrozenSnowFox Tweaks","FrozenSnowFox.FrozenSnowFoxTweaks","LoadAfter","249","Vanilla Vehicles Expanded","OskarPotocki.VanillaVehiclesExpanded","True","workshop/294100/2893432492/About/About.xml","C526848600F3091CC6157F1A4CFAE6EA985B364FA3118FE390A9326D8863D877"
"284","[FSF] FrozenSnowFox Tweaks","FrozenSnowFox.FrozenSnowFoxTweaks","LoadAfter","282","Vanilla Vehicles Expanded - Tier 3","OskarPotocki.VanillaVehiclesExpandedTier3","True","workshop/294100/2893432492/About/About.xml","C526848600F3091CC6157F1A4CFAE6EA985B364FA3118FE390A9326D8863D877"
"284","[FSF] FrozenSnowFox Tweaks","FrozenSnowFox.FrozenSnowFoxTweaks","LoadAfter","","","Owlchemist.CeilingUtilities","False","workshop/294100/2893432492/About/About.xml","C526848600F3091CC6157F1A4CFAE6EA985B364FA3118FE390A9326D8863D877"
"284","[FSF] FrozenSnowFox Tweaks","FrozenSnowFox.FrozenSnowFoxTweaks","LoadAfter","","","Owlchemist.FridgeUtilities","False","workshop/294100/2893432492/About/About.xml","C526848600F3091CC6157F1A4CFAE6EA985B364FA3118FE390A9326D8863D877"
"284","[FSF] FrozenSnowFox Tweaks","FrozenSnowFox.FrozenSnowFoxTweaks","LoadAfter","","","PeteTimesSix.ResearchReinvented.SteppingStones","False","workshop/294100/2893432492/About/About.xml","C526848600F3091CC6157F1A4CFAE6EA985B364FA3118FE390A9326D8863D877"
"284","[FSF] FrozenSnowFox Tweaks","FrozenSnowFox.FrozenSnowFoxTweaks","LoadAfter","","","pphhyy.ExpandedMechsScyther","False","workshop/294100/2893432492/About/About.xml","C526848600F3091CC6157F1A4CFAE6EA985B364FA3118FE390A9326D8863D877"
"284","[FSF] FrozenSnowFox Tweaks","FrozenSnowFox.FrozenSnowFoxTweaks","LoadAfter","","","pphhyy.GuldenNew","False","workshop/294100/2893432492/About/About.xml","C526848600F3091CC6157F1A4CFAE6EA985B364FA3118FE390A9326D8863D877"
"284","[FSF] FrozenSnowFox Tweaks","FrozenSnowFox.FrozenSnowFoxTweaks","LoadAfter","","","pphhyy.lightlessempyrean","False","workshop/294100/2893432492/About/About.xml","C526848600F3091CC6157F1A4CFAE6EA985B364FA3118FE390A9326D8863D877"
"284","[FSF] FrozenSnowFox Tweaks","FrozenSnowFox.FrozenSnowFoxTweaks","LoadAfter","185","ReBuild: Doors and Corners","ReBuild.COTR.DoorsAndCorners","True","workshop/294100/2893432492/About/About.xml","C526848600F3091CC6157F1A4CFAE6EA985B364FA3118FE390A9326D8863D877"
"284","[FSF] FrozenSnowFox Tweaks","FrozenSnowFox.FrozenSnowFoxTweaks","LoadAfter","158","Oops All Gene Banks","redundant.oopsallgenepacks","True","workshop/294100/2893432492/About/About.xml","C526848600F3091CC6157F1A4CFAE6EA985B364FA3118FE390A9326D8863D877"
"284","[FSF] FrozenSnowFox Tweaks","FrozenSnowFox.FrozenSnowFoxTweaks","LoadAfter","","","RedMattis.BigSmall.Core","False","workshop/294100/2893432492/About/About.xml","C526848600F3091CC6157F1A4CFAE6EA985B364FA3118FE390A9326D8863D877"
"284","[FSF] FrozenSnowFox Tweaks","FrozenSnowFox.FrozenSnowFoxTweaks","LoadAfter","","","ReGrowth.BOTR.Core","False","workshop/294100/2893432492/About/About.xml","C526848600F3091CC6157F1A4CFAE6EA985B364FA3118FE390A9326D8863D877"
"284","[FSF] FrozenSnowFox Tweaks","FrozenSnowFox.FrozenSnowFoxTweaks","LoadAfter","","","ReSplice.XOTR.Core","False","workshop/294100/2893432492/About/About.xml","C526848600F3091CC6157F1A4CFAE6EA985B364FA3118FE390A9326D8863D877"
"284","[FSF] FrozenSnowFox Tweaks","FrozenSnowFox.FrozenSnowFoxTweaks","LoadAfter","","","RimThunderTeams.RimThunder.FlyingChariot","False","workshop/294100/2893432492/About/About.xml","C526848600F3091CC6157F1A4CFAE6EA985B364FA3118FE390A9326D8863D877"
"284","[FSF] FrozenSnowFox Tweaks","FrozenSnowFox.FrozenSnowFoxTweaks","LoadAfter","","","RimThunderTeams.RimThunder.LibertyOfDelivery","False","workshop/294100/2893432492/About/About.xml","C526848600F3091CC6157F1A4CFAE6EA985B364FA3118FE390A9326D8863D877"
"284","[FSF] FrozenSnowFox Tweaks","FrozenSnowFox.FrozenSnowFoxTweaks","LoadAfter","","","River.Tribal.Mittens","False","workshop/294100/2893432492/About/About.xml","C526848600F3091CC6157F1A4CFAE6EA985B364FA3118FE390A9326D8863D877"
"284","[FSF] FrozenSnowFox Tweaks","FrozenSnowFox.FrozenSnowFoxTweaks","LoadAfter","","","River.Tribal.Shoes","False","workshop/294100/2893432492/About/About.xml","C526848600F3091CC6157F1A4CFAE6EA985B364FA3118FE390A9326D8863D877"
"284","[FSF] FrozenSnowFox Tweaks","FrozenSnowFox.FrozenSnowFoxTweaks","LoadAfter","","","RooAndGloomy.YuranRaceMod","False","workshop/294100/2893432492/About/About.xml","C526848600F3091CC6157F1A4CFAE6EA985B364FA3118FE390A9326D8863D877"
"284","[FSF] FrozenSnowFox Tweaks","FrozenSnowFox.FrozenSnowFoxTweaks","LoadAfter","","","safe.job.world","False","workshop/294100/2893432492/About/About.xml","C526848600F3091CC6157F1A4CFAE6EA985B364FA3118FE390A9326D8863D877"
"284","[FSF] FrozenSnowFox Tweaks","FrozenSnowFox.FrozenSnowFoxTweaks","LoadAfter","","","rim.job.world","False","workshop/294100/2893432492/About/About.xml","C526848600F3091CC6157F1A4CFAE6EA985B364FA3118FE390A9326D8863D877"
"284","[FSF] FrozenSnowFox Tweaks","FrozenSnowFox.FrozenSnowFoxTweaks","LoadAfter","","","sarg.alphaanimals","False","workshop/294100/2893432492/About/About.xml","C526848600F3091CC6157F1A4CFAE6EA985B364FA3118FE390A9326D8863D877"
"284","[FSF] FrozenSnowFox Tweaks","FrozenSnowFox.FrozenSnowFoxTweaks","LoadAfter","","","sarg.alphabiomes","False","workshop/294100/2893432492/About/About.xml","C526848600F3091CC6157F1A4CFAE6EA985B364FA3118FE390A9326D8863D877"
"284","[FSF] FrozenSnowFox Tweaks","FrozenSnowFox.FrozenSnowFoxTweaks","LoadAfter","","","sarg.alphacrafts","False","workshop/294100/2893432492/About/About.xml","C526848600F3091CC6157F1A4CFAE6EA985B364FA3118FE390A9326D8863D877"
"284","[FSF] FrozenSnowFox Tweaks","FrozenSnowFox.FrozenSnowFoxTweaks","LoadAfter","","","sarg.alphagenes","False","workshop/294100/2893432492/About/About.xml","C526848600F3091CC6157F1A4CFAE6EA985B364FA3118FE390A9326D8863D877"
"284","[FSF] FrozenSnowFox Tweaks","FrozenSnowFox.FrozenSnowFoxTweaks","LoadAfter","","","Scorpio.Shields","False","workshop/294100/2893432492/About/About.xml","C526848600F3091CC6157F1A4CFAE6EA985B364FA3118FE390A9326D8863D877"
"284","[FSF] FrozenSnowFox Tweaks","FrozenSnowFox.FrozenSnowFoxTweaks","LoadAfter","","","silencer59.timekills","False","workshop/294100/2893432492/About/About.xml","C526848600F3091CC6157F1A4CFAE6EA985B364FA3118FE390A9326D8863D877"
"284","[FSF] FrozenSnowFox Tweaks","FrozenSnowFox.FrozenSnowFoxTweaks","LoadAfter","","","SirMashedPotato.MorrowRim.TelvanniTechnology","False","workshop/294100/2893432492/About/About.xml","C526848600F3091CC6157F1A4CFAE6EA985B364FA3118FE390A9326D8863D877"
"284","[FSF] FrozenSnowFox Tweaks","FrozenSnowFox.FrozenSnowFoxTweaks","LoadAfter","11","Vehicle Framework","SmashPhil.VehicleFramework","True","workshop/294100/2893432492/About/About.xml","C526848600F3091CC6157F1A4CFAE6EA985B364FA3118FE390A9326D8863D877"
"284","[FSF] FrozenSnowFox Tweaks","FrozenSnowFox.FrozenSnowFoxTweaks","LoadAfter","","","Solaris.FurnitureBase","False","workshop/294100/2893432492/About/About.xml","C526848600F3091CC6157F1A4CFAE6EA985B364FA3118FE390A9326D8863D877"
"284","[FSF] FrozenSnowFox Tweaks","FrozenSnowFox.FrozenSnowFoxTweaks","LoadAfter","","","teri.attractcreepjoinerritual","False","workshop/294100/2893432492/About/About.xml","C526848600F3091CC6157F1A4CFAE6EA985B364FA3118FE390A9326D8863D877"
"284","[FSF] FrozenSnowFox Tweaks","FrozenSnowFox.FrozenSnowFoxTweaks","LoadAfter","","","TheVillain.Animalfoodsextended","False","workshop/294100/2893432492/About/About.xml","C526848600F3091CC6157F1A4CFAE6EA985B364FA3118FE390A9326D8863D877"
"284","[FSF] FrozenSnowFox Tweaks","FrozenSnowFox.FrozenSnowFoxTweaks","LoadAfter","","","Trimming.The.Fat","False","workshop/294100/2893432492/About/About.xml","C526848600F3091CC6157F1A4CFAE6EA985B364FA3118FE390A9326D8863D877"
"284","[FSF] FrozenSnowFox Tweaks","FrozenSnowFox.FrozenSnowFoxTweaks","LoadAfter","160","Packs Are Not Belts","turnovus.submod.backpacksarenotbelts","True","workshop/294100/2893432492/About/About.xml","C526848600F3091CC6157F1A4CFAE6EA985B364FA3118FE390A9326D8863D877"
"284","[FSF] FrozenSnowFox Tweaks","FrozenSnowFox.FrozenSnowFoxTweaks","LoadAfter","","","UNKNOWN.CIWS.Core","False","workshop/294100/2893432492/About/About.xml","C526848600F3091CC6157F1A4CFAE6EA985B364FA3118FE390A9326D8863D877"
"284","[FSF] FrozenSnowFox Tweaks","FrozenSnowFox.FrozenSnowFoxTweaks","LoadAfter","","","Ushanka.BiologicalWarfare","False","workshop/294100/2893432492/About/About.xml","C526848600F3091CC6157F1A4CFAE6EA985B364FA3118FE390A9326D8863D877"
"284","[FSF] FrozenSnowFox Tweaks","FrozenSnowFox.FrozenSnowFoxTweaks","LoadAfter","","","Ushanka.NecroaArchovirus","False","workshop/294100/2893432492/About/About.xml","C526848600F3091CC6157F1A4CFAE6EA985B364FA3118FE390A9326D8863D877"
"284","[FSF] FrozenSnowFox Tweaks","FrozenSnowFox.FrozenSnowFoxTweaks","LoadAfter","","","vanillaexpanded.skills","False","workshop/294100/2893432492/About/About.xml","C526848600F3091CC6157F1A4CFAE6EA985B364FA3118FE390A9326D8863D877"
"284","[FSF] FrozenSnowFox Tweaks","FrozenSnowFox.FrozenSnowFoxTweaks","LoadAfter","243","Vanilla Apparel Expanded — Accessories","VanillaExpanded.VAEAccessories","True","workshop/294100/2893432492/About/About.xml","C526848600F3091CC6157F1A4CFAE6EA985B364FA3118FE390A9326D8863D877"
"284","[FSF] FrozenSnowFox Tweaks","FrozenSnowFox.FrozenSnowFoxTweaks","LoadAfter","242","Vanilla Apparel Expanded","VanillaExpanded.VAPPE","True","workshop/294100/2893432492/About/About.xml","C526848600F3091CC6157F1A4CFAE6EA985B364FA3118FE390A9326D8863D877"
"284","[FSF] FrozenSnowFox Tweaks","FrozenSnowFox.FrozenSnowFoxTweaks","LoadAfter","244","Vanilla Armour Expanded","vanillaexpanded.varme","True","workshop/294100/2893432492/About/About.xml","C526848600F3091CC6157F1A4CFAE6EA985B364FA3118FE390A9326D8863D877"
"284","[FSF] FrozenSnowFox Tweaks","FrozenSnowFox.FrozenSnowFoxTweaks","LoadAfter","","","vanillaexpanded.vbrewe","False","workshop/294100/2893432492/About/About.xml","C526848600F3091CC6157F1A4CFAE6EA985B364FA3118FE390A9326D8863D877"
"284","[FSF] FrozenSnowFox Tweaks","FrozenSnowFox.FrozenSnowFoxTweaks","LoadAfter","","","vanillaexpanded.vchemfuele","False","workshop/294100/2893432492/About/About.xml","C526848600F3091CC6157F1A4CFAE6EA985B364FA3118FE390A9326D8863D877"
"284","[FSF] FrozenSnowFox Tweaks","FrozenSnowFox.FrozenSnowFoxTweaks","LoadAfter","","","VanillaExpanded.VCookE","False","workshop/294100/2893432492/About/About.xml","C526848600F3091CC6157F1A4CFAE6EA985B364FA3118FE390A9326D8863D877"
"284","[FSF] FrozenSnowFox Tweaks","FrozenSnowFox.FrozenSnowFoxTweaks","LoadAfter","","","VanillaExpanded.VCookESushi","False","workshop/294100/2893432492/About/About.xml","C526848600F3091CC6157F1A4CFAE6EA985B364FA3118FE390A9326D8863D877"
"284","[FSF] FrozenSnowFox Tweaks","FrozenSnowFox.FrozenSnowFoxTweaks","LoadAfter","","","VanillaExpanded.Ideo.Dryads","False","workshop/294100/2893432492/About/About.xml","C526848600F3091CC6157F1A4CFAE6EA985B364FA3118FE390A9326D8863D877"
"284","[FSF] FrozenSnowFox Tweaks","FrozenSnowFox.FrozenSnowFoxTweaks","LoadAfter","","","vanillaracesexpanded.archon","False","workshop/294100/2893432492/About/About.xml","C526848600F3091CC6157F1A4CFAE6EA985B364FA3118FE390A9326D8863D877"
"284","[FSF] FrozenSnowFox Tweaks","FrozenSnowFox.FrozenSnowFoxTweaks","LoadAfter","","","vanillaracesexpanded.genie","False","workshop/294100/2893432492/About/About.xml","C526848600F3091CC6157F1A4CFAE6EA985B364FA3118FE390A9326D8863D877"
"284","[FSF] FrozenSnowFox Tweaks","FrozenSnowFox.FrozenSnowFoxTweaks","LoadAfter","","","vanillaracesexpanded.highmate","False","workshop/294100/2893432492/About/About.xml","C526848600F3091CC6157F1A4CFAE6EA985B364FA3118FE390A9326D8863D877"
"284","[FSF] FrozenSnowFox Tweaks","FrozenSnowFox.FrozenSnowFoxTweaks","LoadAfter","","","vanillaracesexpanded.phytokin","False","workshop/294100/2893432492/About/About.xml","C526848600F3091CC6157F1A4CFAE6EA985B364FA3118FE390A9326D8863D877"
"284","[FSF] FrozenSnowFox Tweaks","FrozenSnowFox.FrozenSnowFoxTweaks","LoadAfter","","","vanillaracesexpanded.sanguophage","False","workshop/294100/2893432492/About/About.xml","C526848600F3091CC6157F1A4CFAE6EA985B364FA3118FE390A9326D8863D877"
"284","[FSF] FrozenSnowFox Tweaks","FrozenSnowFox.FrozenSnowFoxTweaks","LoadAfter","","","vanillaracesexpanded.saurid","False","workshop/294100/2893432492/About/About.xml","C526848600F3091CC6157F1A4CFAE6EA985B364FA3118FE390A9326D8863D877"
"284","[FSF] FrozenSnowFox Tweaks","FrozenSnowFox.FrozenSnowFoxTweaks","LoadAfter","","","VanillaExpanded.VBooksE","False","workshop/294100/2893432492/About/About.xml","C526848600F3091CC6157F1A4CFAE6EA985B364FA3118FE390A9326D8863D877"
"284","[FSF] FrozenSnowFox Tweaks","FrozenSnowFox.FrozenSnowFoxTweaks","LoadAfter","247","Vanilla Gravship Expanded - Chapter 1","vanillaexpanded.gravship","True","workshop/294100/2893432492/About/About.xml","C526848600F3091CC6157F1A4CFAE6EA985B364FA3118FE390A9326D8863D877"
"284","[FSF] FrozenSnowFox Tweaks","FrozenSnowFox.FrozenSnowFoxTweaks","LoadAfter","","","VanillaExpanded.HelixienGas","False","workshop/294100/2893432492/About/About.xml","C526848600F3091CC6157F1A4CFAE6EA985B364FA3118FE390A9326D8863D877"
"284","[FSF] FrozenSnowFox Tweaks","FrozenSnowFox.FrozenSnowFoxTweaks","LoadAfter","","","VanillaExpanded.VEE","False","workshop/294100/2893432492/About/About.xml","C526848600F3091CC6157F1A4CFAE6EA985B364FA3118FE390A9326D8863D877"
"284","[FSF] FrozenSnowFox Tweaks","FrozenSnowFox.FrozenSnowFoxTweaks","LoadAfter","","","VanillaExpanded.VFEA","False","workshop/294100/2893432492/About/About.xml","C526848600F3091CC6157F1A4CFAE6EA985B364FA3118FE390A9326D8863D877"
"284","[FSF] FrozenSnowFox Tweaks","FrozenSnowFox.FrozenSnowFoxTweaks","LoadAfter","","","VanillaExpanded.VFEArchitect","False","workshop/294100/2893432492/About/About.xml","C526848600F3091CC6157F1A4CFAE6EA985B364FA3118FE390A9326D8863D877"
"284","[FSF] FrozenSnowFox Tweaks","FrozenSnowFox.FrozenSnowFoxTweaks","LoadAfter","","","VanillaExpanded.VFEPower","False","workshop/294100/2893432492/About/About.xml","C526848600F3091CC6157F1A4CFAE6EA985B364FA3118FE390A9326D8863D877"
"284","[FSF] FrozenSnowFox Tweaks","FrozenSnowFox.FrozenSnowFoxTweaks","LoadAfter","","","VanillaExpanded.VAERoy","False","workshop/294100/2893432492/About/About.xml","C526848600F3091CC6157F1A4CFAE6EA985B364FA3118FE390A9326D8863D877"
"284","[FSF] FrozenSnowFox Tweaks","FrozenSnowFox.FrozenSnowFoxTweaks","LoadAfter","","","VanillaExpanded.VFESecurity","False","workshop/294100/2893432492/About/About.xml","C526848600F3091CC6157F1A4CFAE6EA985B364FA3118FE390A9326D8863D877"
"284","[FSF] FrozenSnowFox Tweaks","FrozenSnowFox.FrozenSnowFoxTweaks","LoadAfter","","","VanillaExpanded.VExplorationE","False","workshop/294100/2893432492/About/About.xml","C526848600F3091CC6157F1A4CFAE6EA985B364FA3118FE390A9326D8863D877"
"284","[FSF] FrozenSnowFox Tweaks","FrozenSnowFox.FrozenSnowFoxTweaks","LoadAfter","","","VanillaExpanded.VMemesE","False","workshop/294100/2893432492/About/About.xml","C526848600F3091CC6157F1A4CFAE6EA985B364FA3118FE390A9326D8863D877"
"284","[FSF] FrozenSnowFox Tweaks","FrozenSnowFox.FrozenSnowFoxTweaks","LoadAfter","","","VanillaExpanded.VNutrientE","False","workshop/294100/2893432492/About/About.xml","C526848600F3091CC6157F1A4CFAE6EA985B364FA3118FE390A9326D8863D877"
"284","[FSF] FrozenSnowFox Tweaks","FrozenSnowFox.FrozenSnowFoxTweaks","LoadAfter","","","VanillaExpanded.VPlantsE","False","workshop/294100/2893432492/About/About.xml","C526848600F3091CC6157F1A4CFAE6EA985B364FA3118FE390A9326D8863D877"
"284","[FSF] FrozenSnowFox Tweaks","FrozenSnowFox.FrozenSnowFoxTweaks","LoadAfter","","","VanillaExpanded.VPlantsEMore","False","workshop/294100/2893432492/About/About.xml","C526848600F3091CC6157F1A4CFAE6EA985B364FA3118FE390A9326D8863D877"
"284","[FSF] FrozenSnowFox Tweaks","FrozenSnowFox.FrozenSnowFoxTweaks","LoadAfter","","","VanillaExpanded.VPE.Puppeteer","False","workshop/294100/2893432492/About/About.xml","C526848600F3091CC6157F1A4CFAE6EA985B364FA3118FE390A9326D8863D877"
"284","[FSF] FrozenSnowFox Tweaks","FrozenSnowFox.FrozenSnowFoxTweaks","LoadAfter","","","VanillaExpanded.VPsycastsE","False","workshop/294100/2893432492/About/About.xml","C526848600F3091CC6157F1A4CFAE6EA985B364FA3118FE390A9326D8863D877"
"284","[FSF] FrozenSnowFox Tweaks","FrozenSnowFox.FrozenSnowFoxTweaks","LoadAfter","","","VanillaExpanded.VWE","False","workshop/294100/2893432492/About/About.xml","C526848600F3091CC6157F1A4CFAE6EA985B364FA3118FE390A9326D8863D877"
"284","[FSF] FrozenSnowFox Tweaks","FrozenSnowFox.FrozenSnowFoxTweaks","LoadAfter","","","VanillaExpanded.VWEG","False","workshop/294100/2893432492/About/About.xml","C526848600F3091CC6157F1A4CFAE6EA985B364FA3118FE390A9326D8863D877"
"284","[FSF] FrozenSnowFox Tweaks","FrozenSnowFox.FrozenSnowFoxTweaks","LoadAfter","","","VanillaExpanded.VWEHW","False","workshop/294100/2893432492/About/About.xml","C526848600F3091CC6157F1A4CFAE6EA985B364FA3118FE390A9326D8863D877"
"284","[FSF] FrozenSnowFox Tweaks","FrozenSnowFox.FrozenSnowFoxTweaks","LoadAfter","250","Vanilla Weapons Expanded - Non-Lethal","VanillaExpanded.VWENL","True","workshop/294100/2893432492/About/About.xml","C526848600F3091CC6157F1A4CFAE6EA985B364FA3118FE390A9326D8863D877"
"284","[FSF] FrozenSnowFox Tweaks","FrozenSnowFox.FrozenSnowFoxTweaks","LoadAfter","","","vanillaquestsexpanded.ancients","False","workshop/294100/2893432492/About/About.xml","C526848600F3091CC6157F1A4CFAE6EA985B364FA3118FE390A9326D8863D877"
"284","[FSF] FrozenSnowFox Tweaks","FrozenSnowFox.FrozenSnowFoxTweaks","LoadAfter","","","vanillaquestsexpanded.deadlife","False","workshop/294100/2893432492/About/About.xml","C526848600F3091CC6157F1A4CFAE6EA985B364FA3118FE390A9326D8863D877"
"284","[FSF] FrozenSnowFox Tweaks","FrozenSnowFox.FrozenSnowFoxTweaks","LoadAfter","","","vanillaquestsexpanded.cryptoforge","False","workshop/294100/2893432492/About/About.xml","C526848600F3091CC6157F1A4CFAE6EA985B364FA3118FE390A9326D8863D877"
"284","[FSF] FrozenSnowFox Tweaks","FrozenSnowFox.FrozenSnowFoxTweaks","LoadAfter","","","vanillaquestsexpanded.generator","False","workshop/294100/2893432492/About/About.xml","C526848600F3091CC6157F1A4CFAE6EA985B364FA3118FE390A9326D8863D877"
"284","[FSF] FrozenSnowFox Tweaks","FrozenSnowFox.FrozenSnowFoxTweaks","LoadAfter","","","XMB.AncientHydroponicFarmFacilities.MO","False","workshop/294100/2893432492/About/About.xml","C526848600F3091CC6157F1A4CFAE6EA985B364FA3118FE390A9326D8863D877"
"284","[FSF] FrozenSnowFox Tweaks","FrozenSnowFox.FrozenSnowFoxTweaks","LoadAfter","","","XMB.AncientUrbanrUins.MO","False","workshop/294100/2893432492/About/About.xml","C526848600F3091CC6157F1A4CFAE6EA985B364FA3118FE390A9326D8863D877"
"284","[FSF] FrozenSnowFox Tweaks","FrozenSnowFox.FrozenSnowFoxTweaks","LoadAfter","","","zhrocks11.letstrade","False","workshop/294100/2893432492/About/About.xml","C526848600F3091CC6157F1A4CFAE6EA985B364FA3118FE390A9326D8863D877"
"284","[FSF] FrozenSnowFox Tweaks","FrozenSnowFox.FrozenSnowFoxTweaks","IncompatibleWith","","","FrozenSnowFox.BetterPawnLendingQuest","False","workshop/294100/2893432492/About/About.xml","C526848600F3091CC6157F1A4CFAE6EA985B364FA3118FE390A9326D8863D877"
"284","[FSF] FrozenSnowFox Tweaks","FrozenSnowFox.FrozenSnowFoxTweaks","IncompatibleWith","","","FrozenSnowFox.EncounterMapResources","False","workshop/294100/2893432492/About/About.xml","C526848600F3091CC6157F1A4CFAE6EA985B364FA3118FE390A9326D8863D877"
"284","[FSF] FrozenSnowFox Tweaks","FrozenSnowFox.FrozenSnowFoxTweaks","IncompatibleWith","","","FrozenSnowFox.FilthVanishesWithRainAndTime","False","workshop/294100/2893432492/About/About.xml","C526848600F3091CC6157F1A4CFAE6EA985B364FA3118FE390A9326D8863D877"
"284","[FSF] FrozenSnowFox Tweaks","FrozenSnowFox.FrozenSnowFoxTweaks","IncompatibleWith","","","FrozenSnowFox.GrowableAmbrosia","False","workshop/294100/2893432492/About/About.xml","C526848600F3091CC6157F1A4CFAE6EA985B364FA3118FE390A9326D8863D877"
"284","[FSF] FrozenSnowFox Tweaks","FrozenSnowFox.FrozenSnowFoxTweaks","IncompatibleWith","","","FrozenSnowFox.GrowableGrass","False","workshop/294100/2893432492/About/About.xml","C526848600F3091CC6157F1A4CFAE6EA985B364FA3118FE390A9326D8863D877"
"284","[FSF] FrozenSnowFox Tweaks","FrozenSnowFox.FrozenSnowFoxTweaks","IncompatibleWith","","","FrozenSnowFox.GrowableMushrooms","False","workshop/294100/2893432492/About/About.xml","C526848600F3091CC6157F1A4CFAE6EA985B364FA3118FE390A9326D8863D877"
"284","[FSF] FrozenSnowFox Tweaks","FrozenSnowFox.FrozenSnowFoxTweaks","IncompatibleWith","","","FrozenSnowFox.ImprovedVanometricPowerCells","False","workshop/294100/2893432492/About/About.xml","C526848600F3091CC6157F1A4CFAE6EA985B364FA3118FE390A9326D8863D877"
"284","[FSF] FrozenSnowFox Tweaks","FrozenSnowFox.FrozenSnowFoxTweaks","IncompatibleWith","","","FrozenSnowFox.IndoorTreeFarms","False","workshop/294100/2893432492/About/About.xml","C526848600F3091CC6157F1A4CFAE6EA985B364FA3118FE390A9326D8863D877"
"284","[FSF] FrozenSnowFox Tweaks","FrozenSnowFox.FrozenSnowFoxTweaks","IncompatibleWith","","","FrozenSnowFox.MeditationFreedom","False","workshop/294100/2893432492/About/About.xml","C526848600F3091CC6157F1A4CFAE6EA985B364FA3118FE390A9326D8863D877"
"284","[FSF] FrozenSnowFox Tweaks","FrozenSnowFox.FrozenSnowFoxTweaks","IncompatibleWith","","","FrozenSnowFox.MeditationFreedomNoStory","False","workshop/294100/2893432492/About/About.xml","C526848600F3091CC6157F1A4CFAE6EA985B364FA3118FE390A9326D8863D877"
"284","[FSF] FrozenSnowFox Tweaks","FrozenSnowFox.FrozenSnowFoxTweaks","IncompatibleWith","","","FrozenSnowFox.MoreQuests","False","workshop/294100/2893432492/About/About.xml","C526848600F3091CC6157F1A4CFAE6EA985B364FA3118FE390A9326D8863D877"
"284","[FSF] FrozenSnowFox Tweaks","FrozenSnowFox.FrozenSnowFoxTweaks","IncompatibleWith","","","FrozenSnowFox.NoEmpireTradingPermit","False","workshop/294100/2893432492/About/About.xml","C526848600F3091CC6157F1A4CFAE6EA985B364FA3118FE390A9326D8863D877"
"284","[FSF] FrozenSnowFox Tweaks","FrozenSnowFox.FrozenSnowFoxTweaks","IncompatibleWith","","","FrozenSnowFox.NoOneEverFlees","False","workshop/294100/2893432492/About/About.xml","C526848600F3091CC6157F1A4CFAE6EA985B364FA3118FE390A9326D8863D877"
"284","[FSF] FrozenSnowFox Tweaks","FrozenSnowFox.FrozenSnowFoxTweaks","IncompatibleWith","","","FrozenSnowFox.PowerGenMultiplier","False","workshop/294100/2893432492/About/About.xml","C526848600F3091CC6157F1A4CFAE6EA985B364FA3118FE390A9326D8863D877"
"285","Hospitality - Invite to Stay","gatoviejo.hospitality.invitetostay","Requires","1","Harmony","brrainz.harmony","True","workshop/294100/3783522506/About/About.xml","C8071C9C9BC22995074DC8149BAA891E372A86507DE93C60C9165EF28008C98B"
"285","Hospitality - Invite to Stay","gatoviejo.hospitality.invitetostay","Requires","270","Hospitality (Continued)","Orion.Hospitality","True","workshop/294100/3783522506/About/About.xml","C8071C9C9BC22995074DC8149BAA891E372A86507DE93C60C9165EF28008C98B"
"285","Hospitality - Invite to Stay","gatoviejo.hospitality.invitetostay","LoadAfter","1","Harmony","brrainz.harmony","True","workshop/294100/3783522506/About/About.xml","C8071C9C9BC22995074DC8149BAA891E372A86507DE93C60C9165EF28008C98B"
"285","Hospitality - Invite to Stay","gatoviejo.hospitality.invitetostay","LoadAfter","270","Hospitality (Continued)","Orion.Hospitality","True","workshop/294100/3783522506/About/About.xml","C8071C9C9BC22995074DC8149BAA891E372A86507DE93C60C9165EF28008C98B"
"286","Hospitality: Storefront","Adamas.Storefront","Requires","62","Cash Register (Continued)","Orion.CashRegister","True","workshop/294100/2952321484/About/About.xml","4C568C1AB193952550FD88CCE99F645D0653C13505B6D073DC24D51480D25718"
"286","Hospitality: Storefront","Adamas.Storefront","LoadAfter","270","Hospitality (Continued)","Orion.Hospitality","True","workshop/294100/2952321484/About/About.xml","4C568C1AB193952550FD88CCE99F645D0653C13505B6D073DC24D51480D25718"
"286","Hospitality: Storefront","Adamas.Storefront","LoadAfter","62","Cash Register (Continued)","Orion.CashRegister","True","workshop/294100/2952321484/About/About.xml","4C568C1AB193952550FD88CCE99F645D0653C13505B6D073DC24D51480D25718"
"287","Imprisonment On The Go! (Continued)","AgentBlac.MakePawnsPrisoners","Requires","1","Harmony","brrainz.harmony","True","workshop/294100/3358620558/About/About.xml","00EF1B884B5B6B978C6E4E19F6AD4EFA0FF4CB97FED5A86F076FC8F2452267A7"
"287","Imprisonment On The Go! (Continued)","AgentBlac.MakePawnsPrisoners","LoadAfter","1","Harmony","brrainz.harmony","True","workshop/294100/3358620558/About/About.xml","00EF1B884B5B6B978C6E4E19F6AD4EFA0FF4CB97FED5A86F076FC8F2452267A7"
"287","Imprisonment On The Go! (Continued)","AgentBlac.MakePawnsPrisoners","LoadAfter","273","Locks","avius.locks","True","workshop/294100/3358620558/About/About.xml","00EF1B884B5B6B978C6E4E19F6AD4EFA0FF4CB97FED5A86F076FC8F2452267A7"
"288","Prison Labor","avius.prisonlabor","Requires","1","Harmony","brrainz.harmony","True","workshop/294100/1899474310/About/About.xml","BD2A96EE031151238EFED9EA75646553023EF42FBBC7CD41C98709BDC8389679"
"288","Prison Labor","avius.prisonlabor","LoadAfter","1","Harmony","brrainz.harmony","True","workshop/294100/1899474310/About/About.xml","BD2A96EE031151238EFED9EA75646553023EF42FBBC7CD41C98709BDC8389679"
"288","Prison Labor","avius.prisonlabor","LoadAfter","273","Locks","avius.locks","True","workshop/294100/1899474310/About/About.xml","BD2A96EE031151238EFED9EA75646553023EF42FBBC7CD41C98709BDC8389679"
"288","Prison Labor","avius.prisonlabor","LoadAfter","","","orion.therapy","False","workshop/294100/1899474310/About/About.xml","BD2A96EE031151238EFED9EA75646553023EF42FBBC7CD41C98709BDC8389679"
"288","Prison Labor","avius.prisonlabor","LoadAfter","","","ogliss.thewhitecrayon.quarry","False","workshop/294100/1899474310/About/About.xml","BD2A96EE031151238EFED9EA75646553023EF42FBBC7CD41C98709BDC8389679"
"288","Prison Labor","avius.prisonlabor","LoadAfter","","","ssulunge.kijinrace2","False","workshop/294100/1899474310/About/About.xml","BD2A96EE031151238EFED9EA75646553023EF42FBBC7CD41C98709BDC8389679"
"288","Prison Labor","avius.prisonlabor","LoadAfter","","","ssulunge.kijinrace3","False","workshop/294100/1899474310/About/About.xml","BD2A96EE031151238EFED9EA75646553023EF42FBBC7CD41C98709BDC8389679"
"288","Prison Labor","avius.prisonlabor","LoadAfter","62","Cash Register (Continued)","orion.cashregister","True","workshop/294100/1899474310/About/About.xml","BD2A96EE031151238EFED9EA75646553023EF42FBBC7CD41C98709BDC8389679"
"288","Prison Labor","avius.prisonlabor","LoadAfter","270","Hospitality (Continued)","orion.hospitality","True","workshop/294100/1899474310/About/About.xml","BD2A96EE031151238EFED9EA75646553023EF42FBBC7CD41C98709BDC8389679"
"288","Prison Labor","avius.prisonlabor","LoadAfter","269","Gastronomy (Continued)","orion.gastronomy","True","workshop/294100/1899474310/About/About.xml","BD2A96EE031151238EFED9EA75646553023EF42FBBC7CD41C98709BDC8389679"
"288","Prison Labor","avius.prisonlabor","LoadAfter","","","hatti.cleaningarea","False","workshop/294100/1899474310/About/About.xml","BD2A96EE031151238EFED9EA75646553023EF42FBBC7CD41C98709BDC8389679"
"288","Prison Labor","avius.prisonlabor","LoadAfter","","","s1.cleaningareatemp","False","workshop/294100/1899474310/About/About.xml","BD2A96EE031151238EFED9EA75646553023EF42FBBC7CD41C98709BDC8389679"
"288","Prison Labor","avius.prisonlabor","IncompatibleWith","","","automatic.prisonerbedsetowner","False","workshop/294100/1899474310/About/About.xml","BD2A96EE031151238EFED9EA75646553023EF42FBBC7CD41C98709BDC8389679"
"289","Simple Ivory","LegendaryMinuteman.SimpleIvory.fork","LoadAfter","4","Core","Ludeon.RimWorld","True","workshop/294100/1724270693/About/About.xml","1388CA75E270A1A656EE048FB042D84E14B39A4A51306AD90E73E62285DFF5B6"
"289","Simple Ivory","LegendaryMinuteman.SimpleIvory.fork","LoadAfter","5","Royalty","Ludeon.RimWorld.Royalty","True","workshop/294100/1724270693/About/About.xml","1388CA75E270A1A656EE048FB042D84E14B39A4A51306AD90E73E62285DFF5B6"
"289","Simple Ivory","LegendaryMinuteman.SimpleIvory.fork","LoadAfter","9","Odyssey","Ludeon.RimWorld.Odyssey","True","workshop/294100/1724270693/About/About.xml","1388CA75E270A1A656EE048FB042D84E14B39A4A51306AD90E73E62285DFF5B6"
"289","Simple Ivory","LegendaryMinuteman.SimpleIvory.fork","LoadAfter","","","sarg.alphaanimals","False","workshop/294100/1724270693/About/About.xml","1388CA75E270A1A656EE048FB042D84E14B39A4A51306AD90E73E62285DFF5B6"
"289","Simple Ivory","LegendaryMinuteman.SimpleIvory.fork","LoadAfter","","","spino.megafauna","False","workshop/294100/1724270693/About/About.xml","1388CA75E270A1A656EE048FB042D84E14B39A4A51306AD90E73E62285DFF5B6"
"289","Simple Ivory","LegendaryMinuteman.SimpleIvory.fork","LoadAfter","","","vr.animaanimalscombined","False","workshop/294100/1724270693/About/About.xml","1388CA75E270A1A656EE048FB042D84E14B39A4A51306AD90E73E62285DFF5B6"
"289","Simple Ivory","LegendaryMinuteman.SimpleIvory.fork","LoadAfter","271","Jewelry","kikohi.jewelry","True","workshop/294100/1724270693/About/About.xml","1388CA75E270A1A656EE048FB042D84E14B39A4A51306AD90E73E62285DFF5B6"
"289","Simple Ivory","LegendaryMinuteman.SimpleIvory.fork","LoadAfter","","","van.beasts","False","workshop/294100/1724270693/About/About.xml","1388CA75E270A1A656EE048FB042D84E14B39A4A51306AD90E73E62285DFF5B6"
"289","Simple Ivory","LegendaryMinuteman.SimpleIvory.fork","LoadAfter","","","veterano.mythicages.megafaunabestiary","False","workshop/294100/1724270693/About/About.xml","1388CA75E270A1A656EE048FB042D84E14B39A4A51306AD90E73E62285DFF5B6"
"289","Simple Ivory","LegendaryMinuteman.SimpleIvory.fork","LoadAfter","","","abrolo.grimstone.beasts","False","workshop/294100/1724270693/About/About.xml","1388CA75E270A1A656EE048FB042D84E14B39A4A51306AD90E73E62285DFF5B6"
"290","Vehicles Wrecks Expanded","Explorern11.VehiclesWrecksExpanded","Requires","11","Vehicle Framework","SmashPhil.VehicleFramework","True","workshop/294100/3299034372/About/About.xml","A9D5AE973543FF571C3F634D09E9E5B3BC4BFBF7CFDF5E14A08E123384BEBFA7"
"290","Vehicles Wrecks Expanded","Explorern11.VehiclesWrecksExpanded","Requires","249","Vanilla Vehicles Expanded","OskarPotocki.VanillaVehiclesExpanded","True","workshop/294100/3299034372/About/About.xml","A9D5AE973543FF571C3F634D09E9E5B3BC4BFBF7CFDF5E14A08E123384BEBFA7"
"290","Vehicles Wrecks Expanded","Explorern11.VehiclesWrecksExpanded","Requires","282","Vanilla Vehicles Expanded - Tier 3","OskarPotocki.VanillaVehiclesExpandedTier3","True","workshop/294100/3299034372/About/About.xml","A9D5AE973543FF571C3F634D09E9E5B3BC4BFBF7CFDF5E14A08E123384BEBFA7"
"290","Vehicles Wrecks Expanded","Explorern11.VehiclesWrecksExpanded","LoadAfter","4","Core","Ludeon.RimWorld","True","workshop/294100/3299034372/About/About.xml","A9D5AE973543FF571C3F634D09E9E5B3BC4BFBF7CFDF5E14A08E123384BEBFA7"
"290","Vehicles Wrecks Expanded","Explorern11.VehiclesWrecksExpanded","LoadAfter","5","Royalty","Ludeon.RimWorld.Royalty","True","workshop/294100/3299034372/About/About.xml","A9D5AE973543FF571C3F634D09E9E5B3BC4BFBF7CFDF5E14A08E123384BEBFA7"
"290","Vehicles Wrecks Expanded","Explorern11.VehiclesWrecksExpanded","LoadAfter","1","Harmony","brrainz.harmony","True","workshop/294100/3299034372/About/About.xml","A9D5AE973543FF571C3F634D09E9E5B3BC4BFBF7CFDF5E14A08E123384BEBFA7"
"290","Vehicles Wrecks Expanded","Explorern11.VehiclesWrecksExpanded","LoadAfter","11","Vehicle Framework","SmashPhil.VehicleFramework","True","workshop/294100/3299034372/About/About.xml","A9D5AE973543FF571C3F634D09E9E5B3BC4BFBF7CFDF5E14A08E123384BEBFA7"
"290","Vehicles Wrecks Expanded","Explorern11.VehiclesWrecksExpanded","LoadAfter","249","Vanilla Vehicles Expanded","OskarPotocki.VanillaVehiclesExpanded","True","workshop/294100/3299034372/About/About.xml","A9D5AE973543FF571C3F634D09E9E5B3BC4BFBF7CFDF5E14A08E123384BEBFA7"
"290","Vehicles Wrecks Expanded","Explorern11.VehiclesWrecksExpanded","LoadAfter","282","Vanilla Vehicles Expanded - Tier 3","OskarPotocki.VanillaVehiclesExpandedTier3","True","workshop/294100/3299034372/About/About.xml","A9D5AE973543FF571C3F634D09E9E5B3BC4BFBF7CFDF5E14A08E123384BEBFA7"
"291","VVE - Secondary Weapons","tgbm.vve.secondary.weapons","Requires","249","Vanilla Vehicles Expanded","OskarPotocki.VanillaVehiclesExpanded","True","workshop/294100/3459650108/About/About.xml","8EBD6E996FC3DBAE0ED5E0453E4A4581BAE739AC3AA130C36FB3B80A86FF5712"
"291","VVE - Secondary Weapons","tgbm.vve.secondary.weapons","Requires","14","Vanilla Expanded Framework","OskarPotocki.VanillaFactionsExpanded.Core","True","workshop/294100/3459650108/About/About.xml","8EBD6E996FC3DBAE0ED5E0453E4A4581BAE739AC3AA130C36FB3B80A86FF5712"
"291","VVE - Secondary Weapons","tgbm.vve.secondary.weapons","LoadAfter","","","limetreesnake.ammo","False","workshop/294100/3459650108/About/About.xml","8EBD6E996FC3DBAE0ED5E0453E4A4581BAE739AC3AA130C36FB3B80A86FF5712"
"291","VVE - Secondary Weapons","tgbm.vve.secondary.weapons","LoadAfter","","","CETeam.CombatExtended","False","workshop/294100/3459650108/About/About.xml","8EBD6E996FC3DBAE0ED5E0453E4A4581BAE739AC3AA130C36FB3B80A86FF5712"
"291","VVE - Secondary Weapons","tgbm.vve.secondary.weapons","LoadAfter","249","Vanilla Vehicles Expanded","OskarPotocki.VanillaVehiclesExpanded","True","workshop/294100/3459650108/About/About.xml","8EBD6E996FC3DBAE0ED5E0453E4A4581BAE739AC3AA130C36FB3B80A86FF5712"
"291","VVE - Secondary Weapons","tgbm.vve.secondary.weapons","LoadAfter","282","Vanilla Vehicles Expanded - Tier 3","OskarPotocki.VanillaVehiclesExpandedTier3","True","workshop/294100/3459650108/About/About.xml","8EBD6E996FC3DBAE0ED5E0453E4A4581BAE739AC3AA130C36FB3B80A86FF5712"
"291","VVE - Secondary Weapons","tgbm.vve.secondary.weapons","LoadAfter","283","Vanilla Vehicles Expanded - Upgrades","OskarPotocki.VanillaVehiclesExpandedUpgrades","True","workshop/294100/3459650108/About/About.xml","8EBD6E996FC3DBAE0ED5E0453E4A4581BAE739AC3AA130C36FB3B80A86FF5712"
"291","VVE - Secondary Weapons","tgbm.vve.secondary.weapons","LoadAfter","","","IDontEvenReally.WannaDoThis.Anymore","False","workshop/294100/3459650108/About/About.xml","8EBD6E996FC3DBAE0ED5E0453E4A4581BAE739AC3AA130C36FB3B80A86FF5712"
"291","VVE - Secondary Weapons","tgbm.vve.secondary.weapons","IncompatibleWith","","","Froffy.MoreVanillaVehiclesExpandedUpgrades","False","workshop/294100/3459650108/About/About.xml","8EBD6E996FC3DBAE0ED5E0453E4A4581BAE739AC3AA130C36FB3B80A86FF5712"
"291","VVE - Secondary Weapons","tgbm.vve.secondary.weapons","IncompatibleWith","","","Sam.VVEUE","False","workshop/294100/3459650108/About/About.xml","8EBD6E996FC3DBAE0ED5E0453E4A4581BAE739AC3AA130C36FB3B80A86FF5712"
"292","Custom Prisoner Interactions","Mlie.CustomPrisonerInteractions","Requires","1","Harmony","brrainz.harmony","True","workshop/294100/2841231775/About/About.xml","5E05F1D4523914EC5A9AD78EC1C2883246B6FD8468416A6193350F6DD4F3E4A1"
"292","Custom Prisoner Interactions","Mlie.CustomPrisonerInteractions","LoadAfter","1","Harmony","brrainz.harmony","True","workshop/294100/2841231775/About/About.xml","5E05F1D4523914EC5A9AD78EC1C2883246B6FD8468416A6193350F6DD4F3E4A1"
"292","Custom Prisoner Interactions","Mlie.CustomPrisonerInteractions","LoadAfter","6","Ideology","Ludeon.Rimworld.Ideology","True","workshop/294100/2841231775/About/About.xml","5E05F1D4523914EC5A9AD78EC1C2883246B6FD8468416A6193350F6DD4F3E4A1"
"292","Custom Prisoner Interactions","Mlie.CustomPrisonerInteractions","LoadAfter","288","Prison Labor","avius.prisonlabor","True","workshop/294100/2841231775/About/About.xml","5E05F1D4523914EC5A9AD78EC1C2883246B6FD8468416A6193350F6DD4F3E4A1"
"292","Custom Prisoner Interactions","Mlie.CustomPrisonerInteractions","IncompatibleWith","","","Mlie.ConvertThenEnslave","False","workshop/294100/2841231775/About/About.xml","5E05F1D4523914EC5A9AD78EC1C2883246B6FD8468416A6193350F6DD4F3E4A1"
"292","Custom Prisoner Interactions","Mlie.CustomPrisonerInteractions","IncompatibleWith","","","Mlie.ConvertThenRecruit","False","workshop/294100/2841231775/About/About.xml","5E05F1D4523914EC5A9AD78EC1C2883246B6FD8468416A6193350F6DD4F3E4A1"
"292","Custom Prisoner Interactions","Mlie.CustomPrisonerInteractions","IncompatibleWith","","","Mlie.ConvertThenRelease","False","workshop/294100/2841231775/About/About.xml","5E05F1D4523914EC5A9AD78EC1C2883246B6FD8468416A6193350F6DD4F3E4A1"
"292","Custom Prisoner Interactions","Mlie.CustomPrisonerInteractions","IncompatibleWith","","","Mlie.ReleaseWhenHealthy","False","workshop/294100/2841231775/About/About.xml","5E05F1D4523914EC5A9AD78EC1C2883246B6FD8468416A6193350F6DD4F3E4A1"
"293","Dismantle Ancient Junk","proxyer.dismantleancientjunk","Requires","6","Ideology","Ludeon.RimWorld.Ideology","True","workshop/294100/2871064871/About/About.xml","1C765DF63D61028378E9152C820F20C6F86FCF272F2D233937E155616949AA11"
"293","Dismantle Ancient Junk","proxyer.dismantleancientjunk","LoadAfter","1","Harmony","brrainz.harmony","True","workshop/294100/2871064871/About/About.xml","1C765DF63D61028378E9152C820F20C6F86FCF272F2D233937E155616949AA11"
"293","Dismantle Ancient Junk","proxyer.dismantleancientjunk","LoadAfter","4","Core","Ludeon.RimWorld","True","workshop/294100/2871064871/About/About.xml","1C765DF63D61028378E9152C820F20C6F86FCF272F2D233937E155616949AA11"
"293","Dismantle Ancient Junk","proxyer.dismantleancientjunk","LoadAfter","5","Royalty","Ludeon.RimWorld.Royalty","True","workshop/294100/2871064871/About/About.xml","1C765DF63D61028378E9152C820F20C6F86FCF272F2D233937E155616949AA11"
"293","Dismantle Ancient Junk","proxyer.dismantleancientjunk","LoadAfter","6","Ideology","Ludeon.Rimworld.Ideology","True","workshop/294100/2871064871/About/About.xml","1C765DF63D61028378E9152C820F20C6F86FCF272F2D233937E155616949AA11"
"293","Dismantle Ancient Junk","proxyer.dismantleancientjunk","LoadAfter","7","Biotech","Ludeon.RimWorld.Biotech","True","workshop/294100/2871064871/About/About.xml","1C765DF63D61028378E9152C820F20C6F86FCF272F2D233937E155616949AA11"
"293","Dismantle Ancient Junk","proxyer.dismantleancientjunk","LoadAfter","8","Anomaly","Ludeon.RimWorld.Anomaly","True","workshop/294100/2871064871/About/About.xml","1C765DF63D61028378E9152C820F20C6F86FCF272F2D233937E155616949AA11"
"293","Dismantle Ancient Junk","proxyer.dismantleancientjunk","LoadAfter","14","Vanilla Expanded Framework","OskarPotocki.VanillaFactionsExpanded.Core","True","workshop/294100/2871064871/About/About.xml","1C765DF63D61028378E9152C820F20C6F86FCF272F2D233937E155616949AA11"
"293","Dismantle Ancient Junk","proxyer.dismantleancientjunk","LoadAfter","","","VanillaExpanded.VFEA","False","workshop/294100/2871064871/About/About.xml","1C765DF63D61028378E9152C820F20C6F86FCF272F2D233937E155616949AA11"
"293","Dismantle Ancient Junk","proxyer.dismantleancientjunk","LoadAfter","","","GoGaTio.MechanoidUpgrades","False","workshop/294100/2871064871/About/About.xml","1C765DF63D61028378E9152C820F20C6F86FCF272F2D233937E155616949AA11"
"293","Dismantle Ancient Junk","proxyer.dismantleancientjunk","LoadAfter","290","Vehicles Wrecks Expanded","Explorern11.VehiclesWrecksExpanded","True","workshop/294100/2871064871/About/About.xml","1C765DF63D61028378E9152C820F20C6F86FCF272F2D233937E155616949AA11"
"293","Dismantle Ancient Junk","proxyer.dismantleancientjunk","LoadAfter","","","BreadMo.Cinders","False","workshop/294100/2871064871/About/About.xml","1C765DF63D61028378E9152C820F20C6F86FCF272F2D233937E155616949AA11"
"293","Dismantle Ancient Junk","proxyer.dismantleancientjunk","LoadAfter","","","XMB.AncientThreat.MO","False","workshop/294100/2871064871/About/About.xml","1C765DF63D61028378E9152C820F20C6F86FCF272F2D233937E155616949AA11"
"293","Dismantle Ancient Junk","proxyer.dismantleancientjunk","IncompatibleWith","","","FSBD.NAR","False","workshop/294100/2871064871/About/About.xml","1C765DF63D61028378E9152C820F20C6F86FCF272F2D233937E155616949AA11"
"293","Dismantle Ancient Junk","proxyer.dismantleancientjunk","IncompatibleWith","","","DerekBickley.WorthlessJunk","False","workshop/294100/2871064871/About/About.xml","1C765DF63D61028378E9152C820F20C6F86FCF272F2D233937E155616949AA11"
"293","Dismantle Ancient Junk","proxyer.dismantleancientjunk","IncompatibleWith","","","Amlifurx.FunnyPack.BARs","False","workshop/294100/2871064871/About/About.xml","1C765DF63D61028378E9152C820F20C6F86FCF272F2D233937E155616949AA11"
"293","Dismantle Ancient Junk","proxyer.dismantleancientjunk","IncompatibleWith","","","zal.worthlessjunk","False","workshop/294100/2871064871/About/About.xml","1C765DF63D61028378E9152C820F20C6F86FCF272F2D233937E155616949AA11"
"294","Vehicles Wrecks Expanded - Revisited","VehiclesWrecksExpanded.Revisited","Requires","290","Vehicles Wrecks Expanded","Explorern11.VehiclesWrecksExpanded","True","workshop/294100/3348827283/About/About.xml","59B45A39559C85824356760944F3FF2CD0E14B0A9682CF6901CC5D36F7F518BE"
"294","Vehicles Wrecks Expanded - Revisited","VehiclesWrecksExpanded.Revisited","LoadAfter","4","Core","Ludeon.RimWorld","True","workshop/294100/3348827283/About/About.xml","59B45A39559C85824356760944F3FF2CD0E14B0A9682CF6901CC5D36F7F518BE"
"294","Vehicles Wrecks Expanded - Revisited","VehiclesWrecksExpanded.Revisited","LoadAfter","5","Royalty","Ludeon.RimWorld.Royalty","True","workshop/294100/3348827283/About/About.xml","59B45A39559C85824356760944F3FF2CD0E14B0A9682CF6901CC5D36F7F518BE"
"294","Vehicles Wrecks Expanded - Revisited","VehiclesWrecksExpanded.Revisited","LoadAfter","290","Vehicles Wrecks Expanded","Explorern11.VehiclesWrecksExpanded","True","workshop/294100/3348827283/About/About.xml","59B45A39559C85824356760944F3FF2CD0E14B0A9682CF6901CC5D36F7F518BE"
