"LoadOrder","ModID","ModName","SystemFamily","BackroomsDependency","PlannedUse","IntegrationApproach","CompatibilityWatch","ResearchStatus"
"1","2009463077","Harmony","Mod framework","Listed as a dependency by RWT and several selected frameworks. Rimrooms requires it only for the selected co-op path, not solo Core play.","Keep the shared library available for dependent co-op/profile mods. Add a Rimrooms patch only if a specific feature needs one.","Preserve the required load-before-Core order; record both local metadata and active assembly identities because their version strings differ.","Retest the dependency order if Harmony or a dependent RWT build changes.","Source facts recorded; runtime compatibility pending."
"2","1543063349","SF Grim Reality","Staff psychology, relationships, and faction standing","Selected profile entry; changes pawn mood/opinion rules but is not a Rimrooms dependency.","Let staff keep the profile's own reactions. Avoid making Rimrooms progression depend on its specific mood balance.","Keep any future company thoughts isolated and additive; do not overwrite its thought definitions.","Local and Workshop metadata stop at RimWorld 1.4; its page warns about ThoughtDef overrides and load order.","Source facts recorded; runtime compatibility pending."
"3","3535481557","Loading Progress","Interface, scenario setup, and quality of life","Harmony required; optional startup/support utility and not a Rimrooms gameplay dependency.","Preserve its existing progress display for startup, map generation, and save loading.","No Rimrooms screen or startup patch planned.","Harmony/load order; page lists conflicts with RimThemes and Startup Impact Continued. Neither appears in current inventory names/IDs.","Source facts recorded; runtime compatibility pending."
"4","Core","Core","RimWorld base game","Required by RimWorld itself.","Keep the company's base loop playable through the base game. Use DLC systems only behind content checks so the campaign's gate, staff, and contracts still work without a particular expansion.","Native RimWorld content boundary. Add conditional definitions and code only for DLC-specific extensions; do not make a DLC feature the sole route through the campaign.","Medium: verify definitions with this DLC present and absent; base progression must keep a safe fallback.","Source facts recorded; runtime compatibility pending."
"5","Royalty","Royalty","DLC: Royalty","Included in the selected profile; optional to the Backrooms core.","Keep the company's base loop playable through the base game. Use DLC systems only behind content checks so the campaign's gate, staff, and contracts still work without a particular expansion.","Native RimWorld content boundary. Add conditional definitions and code only for DLC-specific extensions; do not make a DLC feature the sole route through the campaign.","Medium: verify definitions with this DLC present and absent; base progression must keep a safe fallback.","Source facts recorded; runtime compatibility pending."
"6","Ideology","Ideology","DLC: Ideology","Included in the selected profile; optional to the Backrooms core.","Keep the company's base loop playable through the base game. Use DLC systems only behind content checks so the campaign's gate, staff, and contracts still work without a particular expansion.","Native RimWorld content boundary. Add conditional definitions and code only for DLC-specific extensions; do not make a DLC feature the sole route through the campaign.","Medium: verify definitions with this DLC present and absent; base progression must keep a safe fallback.","Source facts recorded; runtime compatibility pending."
"7","Biotech","Biotech","DLC: Biotech","Included in the selected profile; optional to the Backrooms core.","Keep the company's base loop playable through the base game. Use DLC systems only behind content checks so the campaign's gate, staff, and contracts still work without a particular expansion.","Native RimWorld content boundary. Add conditional definitions and code only for DLC-specific extensions; do not make a DLC feature the sole route through the campaign.","Medium: verify definitions with this DLC present and absent; base progression must keep a safe fallback.","Source facts recorded; runtime compatibility pending."
"8","Anomaly","Anomaly","DLC: Anomaly","Included in the selected profile; optional to the Backrooms core.","Keep the company's base loop playable through the base game. Use DLC systems only behind content checks so the campaign's gate, staff, and contracts still work without a particular expansion.","Native RimWorld content boundary. Add conditional definitions and code only for DLC-specific extensions; do not make a DLC feature the sole route through the campaign.","Medium: verify definitions with this DLC present and absent; base progression must keep a safe fallback.","Source facts recorded; runtime compatibility pending."
"9","Odyssey","Odyssey","DLC: Odyssey","Required by both selected Vanilla Gravship Expanded chapters; optional to the Backrooms core.","Keep the company's base loop playable through the base game. Use DLC systems only behind content checks so the campaign's gate, staff, and contracts still work without a particular expansion.","Native RimWorld content boundary. Add conditional definitions and code only for DLC-specific extensions; do not make a DLC feature the sole route through the campaign.","Medium: verify definitions with this DLC present and absent; base progression must keep a safe fallback.","Source facts recorded; runtime compatibility pending."
"10","3033901359","Adaptive Storage Framework","Mod framework","Harmony required; optional storage framework in this profile, not a Rimrooms core dependency.","Consider standard interoperability for facility stock and recovered evidence only if it improves the player's existing storage workflow.","Use a narrow bridge only for a reproduced storage need; keep vanilla stockpiles useful when ASF is absent.","Test item filters, display, and temperature only if an integration is selected.","Source facts recorded; runtime compatibility pending."
"11","3014915404","Vehicle Framework","Mod framework","Harmony required; the framework adds no vehicles by itself and is not a Rimrooms core dependency.","Consider future vehicle-based expedition or outpost support only if it fits Odyssey/Gravship Expanded and verified RWT travel.","Keep the machine gate as the Backrooms entry point and preserve native gravship behavior; do not add vehicles solely because the framework is installed.","Local metadata lists RimThreaded as incompatible; vehicle, save, and multiplayer interactions are untested.","Source facts recorded; runtime compatibility pending."
"12","2574315206","XML Extensions","Mod framework","Harmony required; optional profile XML tool and not a Rimrooms core dependency.","Revisit only if a real feature needs a documented XML patch or settings operation.","Keep core definitions and settings independent; no custom XML Extensions operation selected.","Check load order and patches only if Rimrooms adopts a documented operation.","Source facts recorded; runtime compatibility pending."
"13","818773962","HugsLib","Mod framework","Harmony required; optional shared library used by profile mods, not a Rimrooms core dependency.","Leave existing HugsLib-dependent mods usable; treat shared logs as support evidence when supplied by a player.","Do not require HugsLib services or log upload for campaign play; preserve the local after-Core load order.","Confirm startup and support-log flow on the eventual clean and selected mod profiles.","Source facts recorded; runtime compatibility pending."
"14","2023507013","Vanilla Expanded Framework","Mod framework","Harmony required; dependency of the selected Gravship Expanded chapters and optional to the Core-only campaign.","Retain it for the chosen late-game gravship chain; use its services only through a selected, documented dependency.","Keep gravship content behind the DLC/mod boundary; preserve a complete gate campaign without VEF or Odyssey.","Local metadata lists RangeAnimalFramework as incompatible; check it against the final 294 profile and VGE warnings.","Source facts recorded; runtime compatibility pending."
"15","3357749890","[ARY] Automatic Stump Chopping [1.5 - 1.6]","Staff work-flow quality of life","Harmony required; selected work convenience, not a Rimrooms dependency.","Let players use its stump, blight, and mature-plant orders when managing facility or outpost grounds.","Keep Rimrooms roles on native work orders and avoid reassigning its designations.","Verify queued cutting/harvest jobs and overlapping plant-management mods on the selected DLC/profile.","Source facts recorded; runtime compatibility pending."
"16","2302739121","[Kit] Graze up","Animals and field support","Harmony required; optional animal/outpost behavior, not a Rimrooms dependency.","Leave animal grazing and plant regrowth to the existing profile rules.","Do not create a second grazing system; keep outpost and facility support independent of it.","The page warns that other plant-ingestion changes may conflict; exact animal/plant rows still need review.","Source facts recorded; runtime compatibility pending."
"17","3722921543","[KV] Call Trade Ships (Continued)","World operations, contracts, and commerce","Harmony required; profile also has Trade Ships Drop Spot and Trade Ships No Matter What.","May help players arrange purchases; Rimrooms contracts must not assume an orbital ship can be called.","Leave calls and trader options on the existing Comms Console; no Rimrooms trade-ship override planned.","Direct Steam page fetch was rate-limited. Combined trader type, landing spot, goods, price, cooldown, and modded-item behavior are unknown.","Source facts recorded; runtime compatibility pending."
"18","1547361568","[Ling]Move Steam Geyser","Power and industrial infrastructure","No dependency; optional map setup utility, not a Rimrooms power feature.","Keep generated facility/outpost maps usable without moving natural geothermal sites.","No Rimrooms adapter or map-generation dependency planned.","Publisher says it is intended for a new map; existing-map use needs God Mode.","Source facts recorded; runtime compatibility pending."
"19","3031634496","[Og] Automatic Power Switch","Power and industrial infrastructure","Selected profile utility; optional to Rimrooms Core. Local metadata lists RimWorld 1.6 support.","Potential control-room model for switching facility power zones; keep the gate usable without it.","Preserve the mod's own remote toggle, if verified. Do not replace vanilla switches or assume automatic control.","Workshop page currently reports removal; local copy is installed. Publisher notes a soft conflict with Auto Flicker, absent from this profile.","Source facts recorded; runtime compatibility pending."
"20","3423264477","[SR]Factional War (fork)","Security and combat equipment","Included in the user-selected 294-entry profile; not a Backrooms core dependency.","Use the profile's weapons, armor, targeting, turrets, and defenses to equip guards and field teams. New Backrooms entities should define learnable behaviors and countermeasures, then use normal combat and security choices where possible.","Medium: test combat patches and threat targeting in the complete profile. Backrooms entities must not depend on vanilla infestation or raid incidents that a profile setting disables.","Medium: check targeting, drafted orders, downing, and threat counterplay; preserve player control of irreversible combat choices.","Source facts recorded; runtime compatibility pending."
"21","2269697598","[XND] Profitable Weapons (Continued)","Security and combat equipment","Included in the user-selected 294-entry profile; not a Backrooms core dependency.","Use the profile's weapons, armor, targeting, turrets, and defenses to equip guards and field teams. New Backrooms entities should define learnable behaviors and countermeasures, then use normal combat and security choices where possible.","Medium: test combat patches and threat targeting in the complete profile. Backrooms entities must not depend on vanilla infestation or raid incidents that a profile setting disables.","Medium: check targeting, drafted orders, downing, and threat counterplay; preserve player control of irreversible combat choices.","Source facts recorded; runtime compatibility pending."
"22","2264108215","[XND] Visible Pants","Furniture, clothing, and visual content","Included in the user-selected 294-entry profile; not a Backrooms core dependency.","Use these items to furnish laboratories, cafeterias, dormitories, security rooms, and company uniforms. Treat mod assets as user-installed content; create original Backrooms assets for any new distributed material.","Low: prefer no code hooks. Check room roles and apparel restrictions only where company roles need them; avoid hard dependencies on optional aesthetics or furniture.","Low to medium: no hard dependency planned; confirm the native content works on expedition maps and stays transferable.","Source facts recorded; runtime compatibility pending."
"23","3238353862","A Dog Said... Animal Prosthetics 2","Medical, biological, and recovery systems","Included in the user-selected 294-entry profile; not a Backrooms core dependency.","Use installed health, gene, prosthetic, and medical content for staff injuries, exposure treatment, recovery, and optional research. Keep Backrooms exposure and entity biology as separately documented hediffs or evidence so they remain legible across the profile.","Medium: check body-part definitions, treatment selection, gene changes, and synchronization. The core expedition loop must not require one medical or Biotech mod to treat a pawn.","Medium: check pawn health/custody state, treatment choice, and transfer; preserve a vanilla fallback.","Source facts recorded; runtime compatibility pending."
"24","3301337278","Adaptive Ideology Storage","Storage and recovered-material logistics","Selected profile entry; optional to Core. Requires Ideology DLC and Adaptive Storage Framework.","Optional ideology-themed storage furniture for archive, relic, or ceremonial rooms.","Use only when both Ideology and Adaptive Storage Framework are present; keep ordinary Core storage available.","Workshop page currently reports removal. Publisher names third-party art/content; do not copy the module's files.","Source facts recorded; runtime compatibility pending."
"25","3400037215","Adaptive Primitive Storage","Storage and recovered-material logistics","Selected profile entry; optional to Core. Requires Adaptive Storage Framework; local metadata also lists Harmony.","Optional rough racks, piles, and cellars for stores, kitchens, field kits, and outposts.","Keep sample and food records separate from furniture. Test cellar food-preservation claims before relying on them.","Workshop page currently reports removal. Publisher notes cellar temperature limits; do not copy the module's art or code.","Source facts recorded; runtime compatibility pending."
"26","3297307747","Adaptive Simple Storage","Storage and recovered-material logistics","Selected profile entry; optional to Core. Requires Adaptive Storage Framework.","Optional crates, racks, and cabinets for equipment stores, evidence archives, and shipping rooms.","Keep custody and evidence records separate from the containers; preserve ordinary storage if the module is absent.","Workshop page currently reports removal. Publisher documents an older update that could hide containers; stored items were reported safe.","Source facts recorded; runtime compatibility pending."
"27","1826684801","Age Reversing Mech Serum","Medical, biological, and recovery systems","Included in the user-selected 294-entry profile; not a Backrooms core dependency.","Use installed health, gene, prosthetic, and medical content for staff injuries, exposure treatment, recovery, and optional research. Keep Backrooms exposure and entity biology as separately documented hediffs or evidence so they remain legible across the profile.","Medium: check body-part definitions, treatment selection, gene changes, and synchronization. The core expedition loop must not require one medical or Biotech mod to treat a pawn.","Medium: check pawn health/custody state, treatment choice, and transfer; preserve a vanilla fallback.","Source facts recorded; runtime compatibility pending."
"28","2800155563","All Memories Fade","Staff psychology, relationships, and faction standing","Included in the user-selected 294-entry profile; not a Backrooms core dependency.","Use the active trait, memory, social-fight, relationship, conversion, and faction-reaction rules when generating applicants, workplace incidents, and crew histories. Keep the company's evaluation based on actual pawn traits, skills, and relationships.","Medium: these mods change the staff and visitor experience. Avoid replacing their thought, relation, or faction logic; check how hostility and guest incidents affect company reputation.","Low to medium: preserve native jobs, needs, guest/faction ownership, and social behavior; test custom role suggestions around them.","Source facts recorded; runtime compatibility pending."
"29","3256513109","All Turrets Can Set Forced Target (Continued)","Security and combat equipment","Included in the user-selected 294-entry profile; not a Backrooms core dependency.","Use the profile's weapons, armor, targeting, turrets, and defenses to equip guards and field teams. New Backrooms entities should define learnable behaviors and countermeasures, then use normal combat and security choices where possible.","Medium: test combat patches and threat targeting in the complete profile. Backrooms entities must not depend on vanilla infestation or raid incidents that a profile setting disables.","Medium: check targeting, drafted orders, downing, and threat counterplay; preserve player control of irreversible combat choices.","Source facts recorded; runtime compatibility pending."
"30","761421485","Allow Tool","Staff jobs, policies, and social systems","Included in the user-selected 294-entry profile; not a Backrooms core dependency.","Use work priorities, schedules, skills, beliefs, and relationships to express company roles and long-running staff histories. Add company credentials and training records while leaving pawn skills, needs, and existing work assignment tools authoritative.","Low to medium: check work-type ordering, schedules, and social interactions. Do not create a duplicate work tab or overwrite another mod's assignments.","Low to medium: preserve native jobs, needs, guest/faction ownership, and social behavior; test custom role suggestions around them.","Source facts recorded; runtime compatibility pending."
"31","3513825850","Animal Apparel: Framework","Animals and field support","Included in the user-selected 294-entry profile; not a Backrooms core dependency.","Use animals for company security, cargo, food, breeding, and field support when the installed content allows it. Keep staff hiring and mission completion viable without a particular animal species or animal mod.","Low to medium: respect each mod's animal, pen, medical, and apparel definitions. Check load order and travel/ownership when animals accompany expedition teams.","Low to medium: no hard dependency planned; confirm the native content works on expedition maps and stays transferable.","Source facts recorded; runtime compatibility pending."
"32","3525740284","Animal Apparel: Vac Belt","Animals and field support","Included in the user-selected 294-entry profile; not a Backrooms core dependency.","Use animals for company security, cargo, food, breeding, and field support when the installed content allows it. Keep staff hiring and mission completion viable without a particular animal species or animal mod.","Low to medium: respect each mod's animal, pen, medical, and apparel definitions. Check load order and travel/ownership when animals accompany expedition teams.","Low to medium: no hard dependency planned; confirm the native content works on expedition maps and stays transferable.","Source facts recorded; runtime compatibility pending."
"33","2426119067","Animal Controls","Animals and field support","Included in the user-selected 294-entry profile; not a Backrooms core dependency.","Use animals for company security, cargo, food, breeding, and field support when the installed content allows it. Keep staff hiring and mission completion viable without a particular animal species or animal mod.","Low to medium: respect each mod's animal, pen, medical, and apparel definitions. Check load order and travel/ownership when animals accompany expedition teams.","Low to medium: no hard dependency planned; confirm the native content works on expedition maps and stays transferable.","Source facts recorded; runtime compatibility pending."
"34","3221610549","Animal Medical Bed","Medical, biological, and recovery systems","Included in the user-selected 294-entry profile; not a Backrooms core dependency.","Use installed health, gene, prosthetic, and medical content for staff injuries, exposure treatment, recovery, and optional research. Keep Backrooms exposure and entity biology as separately documented hediffs or evidence so they remain legible across the profile.","Medium: check body-part definitions, treatment selection, gene changes, and synchronization. The core expedition loop must not require one medical or Biotech mod to treat a pawn.","Medium: check pawn health/custody state, treatment choice, and transfer; preserve a vanilla fallback.","Source facts recorded; runtime compatibility pending."
"35","2876565401","Animal Sarcophagus","Animals and field support","Included in the user-selected 294-entry profile; not a Backrooms core dependency.","Use animals for company security, cargo, food, breeding, and field support when the installed content allows it. Keep staff hiring and mission completion viable without a particular animal species or animal mod.","Low to medium: respect each mod's animal, pen, medical, and apparel definitions. Check load order and travel/ownership when animals accompany expedition teams.","Low to medium: no hard dependency planned; confirm the native content works on expedition maps and stays transferable.","Source facts recorded; runtime compatibility pending."
"36","3575480305","Animal Tab (Continued 1.6)","Animals and field support","Included in the user-selected 294-entry profile; not a Backrooms core dependency.","Use animals for company security, cargo, food, breeding, and field support when the installed content allows it. Keep staff hiring and mission completion viable without a particular animal species or animal mod.","Low to medium: respect each mod's animal, pen, medical, and apparel definitions. Check load order and travel/ownership when animals accompany expedition teams.","Low to medium: no hard dependency planned; confirm the native content works on expedition maps and stays transferable.","Source facts recorded; runtime compatibility pending."
"37","3245454244","Animals are fun! (Continued)","Animals and field support","Included in the user-selected 294-entry profile; not a Backrooms core dependency.","Use animals for company security, cargo, food, breeding, and field support when the installed content allows it. Keep staff hiring and mission completion viable without a particular animal species or animal mod.","Low to medium: respect each mod's animal, pen, medical, and apparel definitions. Check load order and travel/ownership when animals accompany expedition teams.","Low to medium: no hard dependency planned; confirm the native content works on expedition maps and stays transferable.","Source facts recorded; runtime compatibility pending."
"38","1098354593","Animals Logic","Animals and field support","Included in the user-selected 294-entry profile; not a Backrooms core dependency.","Use animals for company security, cargo, food, breeding, and field support when the installed content allows it. Keep staff hiring and mission completion viable without a particular animal species or animal mod.","Low to medium: respect each mod's animal, pen, medical, and apparel definitions. Check load order and travel/ownership when animals accompany expedition teams.","Low to medium: no hard dependency planned; confirm the native content works on expedition maps and stays transferable.","Source facts recorded; runtime compatibility pending."
"39","3527726648","Anomaly Research Asteroid","Transport and expedition logistics","Included in the user-selected 294-entry profile; not a Backrooms core dependency.","Treat the asteroid as an optional off-site anomaly research opportunity discovered through an orbital scanner or ancient uplink. Keep the Core gate campaign playable without it.","Leave the asteroid discovery, site exploration, and loot loop native. Keep Rimrooms coordinate generation and machine destinations separate.","Anomaly and Odyssey are required by the mod. Test both discovery routes, site entry/return, item ownership, save/load, and the no-DLC campaign path.","Source facts recorded; runtime compatibility pending."
"40","1195427067","Architect Icons","Facilities and spatial construction","Included in the user-selected 294-entry profile; not a Backrooms core dependency.","Use the construction and layout tools to create gate control, labs, secure storage, accommodation, service corridors, and outposts. Build Backrooms maps from its own reusable room templates and coordinate seeds.","Medium: construction, door, terrain, and map-size changes can alter room validation or pathfinding. Keep generated room validation independent and test blueprints after updates.","Medium: test pathing, room reachability, doors, and map generation with the profile's construction tools.","Source facts recorded; runtime compatibility pending."
"41","3550817577","Area Unlocker (Continued)","Facilities and spatial construction","Included in the user-selected 294-entry profile; not a Backrooms core dependency.","Use the construction and layout tools to create gate control, labs, secure storage, accommodation, service corridors, and outposts. Build Backrooms maps from its own reusable room templates and coordinate seeds.","Medium: construction, door, terrain, and map-size changes can alter room validation or pathfinding. Keep generated room validation independent and test blueprints after updates.","Medium: test pathing, room reachability, doors, and map generation with the profile's construction tools.","Source facts recorded; runtime compatibility pending."
"42","3536585361","Asteroid Mineral Scanner","Transport and expedition logistics","Included in the user-selected 294-entry profile; not a Backrooms core dependency.","Use available vehicles, animals, wrecks, and transport items to stage teams, move supplies, evacuate casualties, and establish remote company posts. Keep the machine gate as the primary Backrooms route.","Medium: preserve each vehicle's travel and storage behavior. If a mod touches gravships or Odyssey world objects, validate it separately against both gravship chapters and RWT.","Medium: verify stack, weight, ownership, caravan, and RWT transfer behavior for mission cargo.","Source facts recorded; runtime compatibility pending."
"43","2059389912","Auto links","Facility construction and material access","Included in the user-selected 294-entry profile; not a Backrooms core dependency.","Use construction reach, object linking, item delivery, and minification tools to build and refit the headquarters, labs, machine rooms, and secure storage efficiently.","Low to medium: retain native build costs and link rules. Confirm generated and prefabricated rooms remain reachable and their required facilities remain connected.","Medium: test pathing, room reachability, doors, and map generation with the profile's construction tools.","Source facts recorded; runtime compatibility pending."
"44","3520167264","Auto-Cut Blight - 1.6","World, environment, and evidence","Included in the user-selected 294-entry profile; not a Backrooms core dependency.","Use world and environmental content as sources for coordinates, supply opportunities, clues, and recovery missions. Build the Backrooms generator from deterministic room recipes, not from global random map edits.","Medium: map generation and world-site state are multiplayer-sensitive. Confirm map/quest ownership, generation hooks, and event interactions before adding compatibility patches.","Medium to high: inspect world-object, quest, site, and RWT state ownership before adding patches.","Source facts recorded; runtime compatibility pending."
"45","2889440091","Bad Can Be Good (Continued)","Staff psychology, relationships, and faction standing","Included in the user-selected 294-entry profile; not a Backrooms core dependency.","Use the active trait, memory, social-fight, relationship, conversion, and faction-reaction rules when generating applicants, workplace incidents, and crew histories. Keep the company's evaluation based on actual pawn traits, skills, and relationships.","Medium: these mods change the staff and visitor experience. Avoid replacing their thought, relation, or faction logic; check how hostility and guest incidents affect company reputation.","Low to medium: preserve native jobs, needs, guest/faction ownership, and social behavior; test custom role suggestions around them.","Source facts recorded; runtime compatibility pending."
"46","1497792975","Barky's Caravan Dogs","Transport and expedition logistics","Included in the user-selected 294-entry profile; not a Backrooms core dependency.","Use available vehicles, animals, wrecks, and transport items to stage teams, move supplies, evacuate casualties, and establish remote company posts. Keep the machine gate as the primary Backrooms route.","Medium: preserve each vehicle's travel and storage behavior. If a mod touches gravships or Odyssey world objects, validate it separately against both gravship chapters and RWT.","Medium: verify stack, weight, ownership, caravan, and RWT transfer behavior for mission cargo.","Source facts recorded; runtime compatibility pending."
"47","2011794898","Beautiful Outdoors","Facilities and spatial construction","Included in the user-selected 294-entry profile; not a Backrooms core dependency.","Use the construction and layout tools to create gate control, labs, secure storage, accommodation, service corridors, and outposts. Build Backrooms maps from its own reusable room templates and coordinate seeds.","Medium: construction, door, terrain, and map-size changes can alter room validation or pathfinding. Keep generated room validation independent and test blueprints after updates.","Medium: test pathing, room reachability, doors, and map generation with the profile's construction tools.","Source facts recorded; runtime compatibility pending."
"48","2567901366","Bed Rest For Food Poisoning","Medical, biological, and recovery systems","Included in the user-selected 294-entry profile; not a Backrooms core dependency.","Use installed health, gene, prosthetic, and medical content for staff injuries, exposure treatment, recovery, and optional research. Keep Backrooms exposure and entity biology as separately documented hediffs or evidence so they remain legible across the profile.","Medium: check body-part definitions, treatment selection, gene changes, and synchronization. The core expedition loop must not require one medical or Biotech mod to treat a pawn.","Medium: check pawn health/custody state, treatment choice, and transfer; preserve a vanilla fallback.","Source facts recorded; runtime compatibility pending."
"49","1555743957","Better Electronics","Power and industrial infrastructure","Included in the user-selected 294-entry profile; not a Backrooms core dependency.","Use its incident-suppression settings as an optional way to tune ordinary base power reliability; keep Backrooms machine states and pressure events in Rimrooms-owned logic.","Do not patch its vanilla incident definitions. The machine and gate must have their own readable operating and failure states.","Test settings that suppress breakdowns, shorts, or solar flares; verify gate progression and recovery do not rely on incidents the player disabled.","Source facts recorded; runtime compatibility pending."
"50","2572683272","Better Explosions","Security and combat equipment","Included in the user-selected 294-entry profile; not a Backrooms core dependency.","Use the profile's weapons, armor, targeting, turrets, and defenses to equip guards and field teams. New Backrooms entities should define learnable behaviors and countermeasures, then use normal combat and security choices where possible.","Medium: test combat patches and threat targeting in the complete profile. Backrooms entities must not depend on vanilla infestation or raid incidents that a profile setting disables.","Medium: check targeting, drafted orders, downing, and threat counterplay; preserve player control of irreversible combat choices.","Source facts recorded; runtime compatibility pending."
"51","3046776238","Better Gene Inheritance","Medical, biological, and recovery systems","Included in the user-selected 294-entry profile; not a Backrooms core dependency.","Use installed health, gene, prosthetic, and medical content for staff injuries, exposure treatment, recovery, and optional research. Keep Backrooms exposure and entity biology as separately documented hediffs or evidence so they remain legible across the profile.","Medium: check body-part definitions, treatment selection, gene changes, and synchronization. The core expedition loop must not require one medical or Biotech mod to treat a pawn.","Medium: check pawn health/custody state, treatment choice, and transfer; preserve a vanilla fallback.","Source facts recorded; runtime compatibility pending."
"52","2221387317","BetterWeight","Materials, cargo, and recovered resources","Included in the user-selected 294-entry profile; not a Backrooms core dependency.","Use carrying, item handling, harvest, and salvage rules to shape expedition kit limits and recovered-cargo value. Preserve each mod's normal material and weight behavior; add only a Backrooms cargo manifest and appraisal layer.","Medium: weight, stack, yield, and destruction rules affect mission capacity and valuation. Reconcile cargo accounting with item transfers and avoid duplicate salvage or recipe patches.","Medium: verify stack, weight, ownership, caravan, and RWT transfer behavior for mission cargo.","Source facts recorded; runtime compatibility pending."
"53","2710382569","Big Little Mod Patch","Furniture/workbench patch bundle","Included in the user-selected 294-entry profile; not a Backrooms core dependency.","Let the selected patch handle only its documented supported linkables; avoid duplicate Rimrooms patches.","No Rimrooms adapter; add a patch only after a reproduced conflict and exact shared-definition review.","In an isolated 1.6 profile, verify listed Jewelry/Sparkling Worlds linkables and representative Rimrooms benches, compare with the patch absent, and record load order and errors. Connected-work note added 2026-09-29: the bill work family reads its bench set from every loaded WorkGiverDef's fixedBillGiverDefs, so any bench this patch bundle links is covered with no code naming it and nothing of its copied or patched.","Source facts recorded; runtime compatibility pending."
"54","3228047321","Blood Animations","Security and combat equipment","Included in the user-selected 294-entry profile; not a Backrooms core dependency.","Use the profile's weapons, armor, targeting, turrets, and defenses to equip guards and field teams. New Backrooms entities should define learnable behaviors and countermeasures, then use normal combat and security choices where possible.","Medium: test combat patches and threat targeting in the complete profile. Backrooms entities must not depend on vanilla infestation or raid incidents that a profile setting disables.","Medium: check targeting, drafted orders, downing, and threat counterplay; preserve player control of irreversible combat choices.","Source facts recorded; runtime compatibility pending."
"55","3525001145","Blueprints Forked - 1.6","Facilities and spatial construction","Included in the user-selected 294-entry profile; not a Backrooms core dependency.","Use the construction and layout tools to create gate control, labs, secure storage, accommodation, service corridors, and outposts. Build Backrooms maps from its own reusable room templates and coordinate seeds.","Medium: construction, door, terrain, and map-size changes can alter room validation or pathfinding. Keep generated room validation independent and test blueprints after updates.","Medium: test pathing, room reachability, doors, and map generation with the profile's construction tools.","Source facts recorded; runtime compatibility pending."
"56","841092540","Bo's Milkable Animals","Animals and field support","Included in the user-selected 294-entry profile; not a Backrooms core dependency.","Optional dairy QoL retained as a profile case; no core company feature requires animal milking.","No Rimrooms adapter or patches. Preserve native vanilla-animal definitions; use products only through ordinary RimWorld inventories and trade.","Local metadata omits 1.6; the publisher says it still works in 1.6, but runtime/full-profile evidence is missing. Page says patch-based and recommends low load order; test animal definitions and save/load.","Source facts recorded; runtime compatibility pending."
"57","3534185281","Build From Inventory - Continued","Storage and recovered-material logistics","Included in the user-selected 294-entry profile; not a Backrooms core dependency.","Use existing storage, hauling, and refrigeration for expedition kits, sample quarantine, evidence archives, food, and sale stock. Add Backrooms labels and custody rules through separate definitions rather than global storage rewrites.","Medium: confirm filters and stack rules can distinguish quarantined samples, ordinary stock, and mission cargo. Avoid patches that overwrite other storage mods' categories.","Medium: verify stack, weight, ownership, caravan, and RWT transfer behavior for mission cargo.","Source facts recorded; runtime compatibility pending."
"58","1420979918","Buildable Terrain v1","Facilities and spatial construction","Included in the user-selected 294-entry profile; not a Backrooms core dependency.","Use the construction and layout tools to create gate control, labs, secure storage, accommodation, service corridors, and outposts. Build Backrooms maps from its own reusable room templates and coordinate seeds.","Medium: construction, door, terrain, and map-size changes can alter room validation or pathfinding. Keep generated room validation independent and test blueprints after updates.","Medium: test pathing, room reachability, doors, and map generation with the profile's construction tools.","Source facts recorded; runtime compatibility pending."
"59","2784149999","Call A Trader","World operations, contracts, and commerce","Included in the user-selected 294-entry profile; not a Backrooms core dependency.","Use world events, factions, comms, traders, and saleable goods to support company contracts, procurement, outposts, and revenue. Add company jobs through a dedicated Operations interface while honoring the profile's comms and quest settings.","Medium to high: world objects, quests, traders, and site creation require exact RimWorld Together synchronization review. Keep the company ledger distinct from vanilla silver and other mods' transaction state.","Medium to high: inspect world-object, quest, site, and RWT state ownership before adding patches.","Source facts recorded; runtime compatibility pending."
"60","3255137581","Capture Them (Continued)","Detention and subject casework","Included in the user-selected 294-entry profile; not a Backrooms core dependency.","Use existing prisoner, capture, restraint, and medical systems for detained arrivals or recovered subjects where appropriate. Add a company case file, evidence chain, custody status, and disposition options without replacing vanilla prisoner ownership.","Medium to high: multiple mods alter prisoner, capture, and medical interactions. Check duplicate gizmos, faction/custody transitions, and save ownership; keep core investigations functional if optional prisoner mods are absent.","Medium to high: several prisoner/capture/custody systems are active. Validate custody, transfer, case data, and interaction overlap with every selected mod.","Source facts recorded; runtime compatibility pending."
"61","3642349335","Carryalls | Intercontinental Transport (Continued)","Transport and expedition logistics","Included in the user-selected 294-entry profile; not a Backrooms core dependency.","Use available vehicles, animals, wrecks, and transport items to stage teams, move supplies, evacuate casualties, and establish remote company posts. Keep the machine gate as the primary Backrooms route.","Medium: preserve each vehicle's travel and storage behavior. If a mod touches gravships or Odyssey world objects, validate it separately against both gravship chapters and RWT.","Medium: verify stack, weight, ownership, caravan, and RWT transfer behavior for mission cargo.","Source facts recorded; runtime compatibility pending."
"62","3509487668","Cash Register (Continued)","Hospitality and visitor economy","Included in the user-selected 294-entry profile; not a Backrooms core dependency.","Use the mod's native guest, service, food, or storefront loops as optional company revenue and recruitment channels. Treat employees, invited specialists, paying visitors, and mission guests as distinct company relationships.","Medium: preserve each mod's guest ownership and payment rules. Test recruitment, visitor, and multiplayer state changes instead of replacing their native menus.","Low to medium: preserve native jobs, needs, guest/faction ownership, and social behavior; test custom role suggestions around them.","Source facts recorded; runtime compatibility pending."
"63","1546494565","Change map edge limit","Facilities and spatial construction","Included in the user-selected 294-entry profile; not a Backrooms core dependency.","Use the construction and layout tools to create gate control, labs, secure storage, accommodation, service corridors, and outposts. Build Backrooms maps from its own reusable room templates and coordinate seeds.","Medium: construction, door, terrain, and map-size changes can alter room validation or pathfinding. Keep generated room validation independent and test blueprints after updates.","Medium: test pathing, room reachability, doors, and map generation with the profile's construction tools.","Source facts recorded; runtime compatibility pending."
"64","1874644848","Character Editor","Interface, scenario setup, and quality of life","Included in the user-selected 294-entry profile; not a Backrooms core dependency.","Preserve the mod's interface or scenario convenience. The Backrooms Operations board should add a focused company view and link to existing vanilla/mod tabs instead of replacing unrelated menus.","Low: avoid patching visual-only or convenience features. Scenario editors may be useful for development but must not become a runtime dependency or a campaign progression requirement.","Low: avoid overriding hotkeys, scenario controls, or unrelated vanilla tabs.","Source facts recorded; runtime compatibility pending."
"65","2006605356","CM Color Coded Mood Bar [1.1+]","Staff jobs, policies, and social systems","Included in the user-selected 294-entry profile; not a Backrooms core dependency.","Use work priorities, schedules, skills, beliefs, and relationships to express company roles and long-running staff histories. Add company credentials and training records while leaving pawn skills, needs, and existing work assignment tools authoritative.","Low to medium: check work-type ordering, schedules, and social interactions. Do not create a duplicate work tab or overwrite another mod's assignments.","Low to medium: preserve native jobs, needs, guest/faction ownership, and social behavior; test custom role suggestions around them.","Source facts recorded; runtime compatibility pending."
"66","1561769193","Common Sense","World operations, contracts, and commerce","Included in the user-selected 294-entry profile; not a Backrooms core dependency.","Use world events, factions, comms, traders, and saleable goods to support company contracts, procurement, outposts, and revenue. Add company jobs through a dedicated Operations interface while honoring the profile's comms and quest settings.","Medium to high: world objects, quests, traders, and site creation require exact RimWorld Together synchronization review. Keep the company ledger distinct from vanilla silver and other mods' transaction state.","Medium to high: inspect world-object, quest, site, and RWT state ownership before adding patches.","Source facts recorded; runtime compatibility pending."
"67","3250322299","Compact Work Tab (Continued)","Staff jobs, policies, and social systems","Included in the user-selected 294-entry profile; not a Backrooms core dependency.","Use work priorities, schedules, skills, beliefs, and relationships to express company roles and long-running staff histories. Add company credentials and training records while leaving pawn skills, needs, and existing work assignment tools authoritative.","Low to medium: check work-type ordering, schedules, and social interactions. Do not create a duplicate work tab or overwrite another mod's assignments.","Optional UI-only coexistence; show Rimrooms work types without changing work logic. Connected-work check added 2026-09-29: the bill work family adds ten work giver defs across Cooking, Crafting, Smithing, Tailoring and Art, bringing the mod's total to fifty-seven givers. The publisher states added work types work; these are added givers within existing types, which is a weaker change. Confirm header readability and wheel priority behaviour with all of them present, and with Numbers (row 197) active. Fluffy's Work Tab is not in the profile.","Source facts recorded; runtime compatibility pending."
"68","2913588675","Corpse info","World, environment, and evidence","Included in the user-selected 294-entry profile; not a Backrooms core dependency.","Use world and environmental content as sources for coordinates, supply opportunities, clues, and recovery missions. Build the Backrooms generator from deterministic room recipes, not from global random map edits.","Medium: map generation and world-site state are multiplayer-sensitive. Confirm map/quest ownership, generation hooks, and event interactions before adding compatibility patches.","Medium to high: inspect world-object, quest, site, and RWT state ownership before adding patches.","Source facts recorded; runtime compatibility pending."
"69","2906276423","Craftable Mountains","Facilities and spatial construction","Included in the user-selected 294-entry profile; not a Backrooms core dependency.","Use the construction and layout tools to create gate control, labs, secure storage, accommodation, service corridors, and outposts. Build Backrooms maps from its own reusable room templates and coordinate seeds.","Medium: construction, door, terrain, and map-size changes can alter room validation or pathfinding. Keep generated room validation independent and test blueprints after updates.","Medium: test pathing, room reachability, doors, and map generation with the profile's construction tools.","Source facts recorded; runtime compatibility pending."
"70","2016331497","Damage Indicators [1.6]","Security and combat equipment","Included in the user-selected 294-entry profile; not a Backrooms core dependency.","Use the profile's weapons, armor, targeting, turrets, and defenses to equip guards and field teams. New Backrooms entities should define learnable behaviors and countermeasures, then use normal combat and security choices where possible.","Medium: test combat patches and threat targeting in the complete profile. Backrooms entities must not depend on vanilla infestation or raid incidents that a profile setting disables.","Medium: check targeting, drafted orders, downing, and threat counterplay; preserve player control of irreversible combat choices.","Source facts recorded; runtime compatibility pending."
"71","2896207870","Death Rattle Continued [1.2+]","Medical, biological, and recovery systems","Included in the user-selected 294-entry profile; not a Backrooms core dependency.","Use installed health, gene, prosthetic, and medical content for staff injuries, exposure treatment, recovery, and optional research. Keep Backrooms exposure and entity biology as separately documented hediffs or evidence so they remain legible across the profile.","Medium: check body-part definitions, treatment selection, gene changes, and synchronization. The core expedition loop must not require one medical or Biotech mod to treat a pawn.","Medium: check pawn health/custody state, treatment choice, and transfer; preserve a vanilla fallback.","Source facts recorded; runtime compatibility pending."
"72","3421951605","Dependency Overdose Fix","Animals and field support","Included in the user-selected 294-entry profile; not a Backrooms core dependency.","Use animals for company security, cargo, food, breeding, and field support when the installed content allows it. Keep staff hiring and mission completion viable without a particular animal species or animal mod.","Low to medium: respect each mod's animal, pen, medical, and apparel definitions. Check load order and travel/ownership when animals accompany expedition teams.","Low to medium: no hard dependency planned; confirm the native content works on expedition maps and stays transferable.","Source facts recorded; runtime compatibility pending."
"73","2423311270","Destroy Item","Item disposal and waste handling","Included in the user-selected 294-entry profile; not a Backrooms core dependency.","Keep disposal player-directed; require explicit evidence/sample custody before Rimrooms-owned items can be destroyed.","No adapter; track Rimrooms custody and audit outcomes separately from item destruction.","Check irreversible loss, zero-HP items, wastepacks, jobs and RWT branch state.","Source facts recorded; runtime compatibility pending."
"74","2425530959","Ding On Game Loaded","Interface and startup quality of life","Included in the user-selected 294-entry profile; not a Backrooms core dependency.","Preserve its startup convenience while keeping scenario setup, mod validation, and company progression independent of load notifications.","Low: retain native startup behavior; do not use it as a progression hook or assume the multiplayer server sees client-only UI.","Low: avoid overriding hotkeys, scenario controls, or unrelated vanilla tabs.","Source facts recorded; runtime compatibility pending."
"75","3368214339","Do Recreation When Idle","Food service and staff welfare","Included in the user-selected 294-entry profile; not a Backrooms core dependency.","Use installed food, recreation, and hospitality objects to operate cafeterias, dorms, break rooms, and visitor services. Connect room assignments and supply orders to staff schedules without forcing a new needs system.","Low to medium: keep food safety, storage, and recreation rules intact; verify performance with guest and prisoner content active.","Low to medium: preserve native jobs, needs, guest/faction ownership, and social behavior; test custom role suggestions around them.","Source facts recorded; runtime compatibility pending."
"76","3523205869","Do Your F****** Research","Research and staff development","Included in the user-selected 294-entry profile; not a Backrooms core dependency.","Use the mod's native research or skill workflow as part of the company lab and training plan. The Backrooms tree should own gate, mapping, containment, and spatial-analysis milestones and should not overwrite other research trees.","Medium: check research tab replacements, prerequisite edits, and project speed changes. Backrooms milestones need stable definitions and an independent route when optional trees are absent.","Medium: the profile changes research presentation or flow. Keep company milestones on a stable separate research chain and avoid replacing the selected research interface blindly.","Source facts recorded; runtime compatibility pending."
"77","3532342422","Doors Expanded","Facilities and spatial construction","Included in the user-selected 294-entry profile; not a Backrooms core dependency.","Use the construction and layout tools to create gate control, labs, secure storage, accommodation, service corridors, and outposts. Build Backrooms maps from its own reusable room templates and coordinate seeds.","Medium: construction, door, terrain, and map-size changes can alter room validation or pathfinding. Keep generated room validation independent and test blueprints after updates.","Medium: test pathing, room reachability, doors, and map generation with the profile's construction tools.","Source facts recorded; runtime compatibility pending."
"78","3534629428","Draftable Animals - Releashed","Animals and field support","Included in the user-selected 294-entry profile; not a Backrooms core dependency.","Use animals for company security, cargo, food, breeding, and field support when the installed content allows it. Keep staff hiring and mission completion viable without a particular animal species or animal mod.","Low to medium: respect each mod's animal, pen, medical, and apparel definitions. Check load order and travel/ownership when animals accompany expedition teams.","Low to medium: no hard dependency planned; confirm the native content works on expedition maps and stays transferable.","Source facts recorded; runtime compatibility pending."
"79","2599942235","DragSelect","Interface, scenario setup, and quality of life","Included in the user-selected 294-entry profile; not a Backrooms core dependency.","Preserve the mod's interface or scenario convenience. The Backrooms Operations board should add a focused company view and link to existing vanilla/mod tabs instead of replacing unrelated menus.","Low: avoid patching visual-only or convenience features. Scenario editors may be useful for development but must not become a runtime dependency or a campaign progression requirement.","Low: avoid overriding hotkeys, scenario controls, or unrelated vanilla tabs.","Source facts recorded; runtime compatibility pending."
"80","3630049419","Dual Wield - Continued","Security and combat equipment","Included in the user-selected 294-entry profile; not a Backrooms core dependency.","Use the profile's weapon and melee balance for guard training, staff equipment, and expedition countermeasures. Backrooms threats should remain learnable through evidence and combat outcomes.","Medium: combat changes affect threat lethality and pawn downing. Keep entity counters compatible with the selected loadout and treatment mods.","Medium: check targeting, drafted orders, downing, and threat counterplay; preserve player control of irreversible combat choices.","Source facts recorded; runtime compatibility pending."
"81","1446523594","Dubs Mint Menus","Interface, scenario setup, and quality of life","Included in the user-selected 294-entry profile; not a Backrooms core dependency.","Preserve the mod's interface or scenario convenience. The Backrooms Operations board should add a focused company view and link to existing vanilla/mod tabs instead of replacing unrelated menus.","Low: avoid patching visual-only or convenience features. Scenario editors may be useful for development but must not become a runtime dependency or a campaign progression requirement.","Low: avoid overriding hotkeys, scenario controls, or unrelated vanilla tabs.","Source facts recorded; runtime compatibility pending."
"82","1662119905","Dubs Mint Minimap","World, environment, and evidence","Included in the user-selected 294-entry profile; not a Backrooms core dependency.","Use world and environmental content as sources for coordinates, supply opportunities, clues, and recovery missions. Build the Backrooms generator from deterministic room recipes, not from global random map edits.","Medium: map generation and world-site state are multiplayer-sensitive. Confirm map/quest ownership, generation hooks, and event interactions before adding compatibility patches.","Medium to high: inspect world-object, quest, site, and RWT state ownership before adding patches.","Source facts recorded; runtime compatibility pending."
"83","1127530465","Dubs Rimatomics","Power and industrial infrastructure","Included in the user-selected 294-entry profile; not a Backrooms core dependency.","Use Rimatomics nuclear power, security, and safety systems as optional late facility infrastructure. The gate must also start through a Core-only power route.","Keep Rimatomics research and power native; do not require its weapons, reactor, or resources for the basic gate loop.","Test research priorities, reactor safety, defenses, material costs, and interaction with Rimefeller and the selected power mods.","Source facts recorded; runtime compatibility pending."
"84","832333531","Dubs Rimkit","Field medical and repair kits","Included in the user-selected 294-entry profile; not a Backrooms core dependency.","Use equipped field kits as expedition loadout options for emergency tending and component salvage during building repairs. Keep them native equipment and avoid custom action patches until the multiplayer behavior is confirmed.","Medium: its medkit and repair-kit abilities change pawn state. Check item transfer, use actions, repair salvage, and synchronized equipment state in RWT.","Medium: check pawn health/custody state, treatment choice, and transfer; preserve a vanilla fallback.","Source facts recorded; runtime compatibility pending."
"85","735106432","EdB Prepare Carefully","Interface, scenario setup, and quality of life","Included in the user-selected 294-entry profile; not a Backrooms core dependency.","Preserve the mod's interface or scenario convenience. The Backrooms Operations board should add a focused company view and link to existing vanilla/mod tabs instead of replacing unrelated menus.","Low: avoid patching visual-only or convenience features. Scenario editors may be useful for development but must not become a runtime dependency or a campaign progression requirement.","Low: avoid overriding hotkeys, scenario controls, or unrelated vanilla tabs.","Source facts recorded; runtime compatibility pending."
"86","865497369","Efficient batteries","Power storage and surge protection","Included in the user-selected 294-entry profile; not a Backrooms core dependency.","Use its advertised battery tiers and efficiency as optional storage choices for the facility and gate reserve; keep the Core power route viable without it.","Preserve the mod battery behavior and express gate costs in a way that does not assume these efficiencies or capacities.","Confirm installed recipes, research, capacity, and efficiency; test the reserve with Rimatomics, Rimefeller, and the Core-only fallback.","Source facts recorded; runtime compatibility pending."
"87","2505566813","Egg Incubator","Food service and staff welfare","Included in the user-selected 294-entry profile; not a Backrooms core dependency.","Use installed food, recreation, and hospitality objects to operate cafeterias, dorms, break rooms, and visitor services. Connect room assignments and supply orders to staff schedules without forcing a new needs system.","Low to medium: keep food safety, storage, and recreation rules intact; verify performance with guest and prisoner content active.","Low to medium: preserve native jobs, needs, guest/faction ownership, and social behavior; test custom role suggestions around them.","Source facts recorded; runtime compatibility pending."
"88","1649368867","Electric Stonecutting Table","Furniture, clothing, and visual content","Included in the user-selected 294-entry profile; not a Backrooms core dependency.","Use these items to furnish laboratories, cafeterias, dormitories, security rooms, and company uniforms. Treat mod assets as user-installed content; create original Backrooms assets for any new distributed material.","Low: prefer no code hooks. Check room roles and apparel restrictions only where company roles need them; avoid hard dependencies on optional aesthetics or furniture.","Low to medium: no hard dependency planned; confirm the native content works on expedition maps and stays transferable.","Source facts recorded; runtime compatibility pending."
"89","2162909284","Explosive Implant (Continued)","Medical, biological, and recovery systems","Included in the user-selected 294-entry profile; not a Backrooms core dependency.","Use installed health, gene, prosthetic, and medical content for staff injuries, exposure treatment, recovery, and optional research. Keep Backrooms exposure and entity biology as separately documented hediffs or evidence so they remain legible across the profile.","Medium: check body-part definitions, treatment selection, gene changes, and synchronization. The core expedition loop must not require one medical or Biotech mod to treat a pawn.","Medium: check pawn health/custody state, treatment choice, and transfer; preserve a vanilla fallback.","Source facts recorded; runtime compatibility pending."
"90","2845980214","Fists Aren't Made of Steel","Security and combat equipment","Included in the user-selected 294-entry profile; not a Backrooms core dependency.","Use the profile's weapon and melee balance for guard training, staff equipment, and expedition countermeasures. Backrooms threats should remain learnable through evidence and combat outcomes.","Medium: combat changes affect threat lethality and pawn downing. Keep entity counters compatible with the selected loadout and treatment mods.","Medium: check targeting, drafted orders, downing, and threat counterplay; preserve player control of irreversible combat choices.","Source facts recorded; runtime compatibility pending."
"91","2497907804","Flickable Storage","Power and industrial infrastructure","Included in the user-selected 294-entry profile; not a Backrooms core dependency.","Use existing generation, switching, storage, and industrial production to build the headquarters power grid and gate reserve. Backrooms progression should add clear gate-specific operating costs and failure states without replacing the profile's power systems.","Medium: balance and component changes can affect gate uptime. Respect profile choices that suppress vanilla events; add Backrooms-specific pressure only through its own incidents and machine state.","Medium: reconcile gate reserves and running costs with this mod's power rules; don't assume disabled vanilla events.","Source facts recorded; runtime compatibility pending."
"92","2960126462","Floors Are (Absolutely) Worthless","Facilities and spatial construction","Included in the user-selected 294-entry profile; not a Backrooms core dependency.","Use the construction and layout tools to create gate control, labs, secure storage, accommodation, service corridors, and outposts. Build Backrooms maps from its own reusable room templates and coordinate seeds.","Medium: construction, door, terrain, and map-size changes can alter room validation or pathfinding. Keep generated room validation independent and test blueprints after updates.","Medium: test pathing, room reachability, doors, and map generation with the profile's construction tools.","Source facts recorded; runtime compatibility pending."
"93","2843483188","Food Poisoning Stack Fix (Continued)","Storage and recovered-material logistics","Included in the user-selected 294-entry profile; not a Backrooms core dependency.","Use existing storage, hauling, and refrigeration for expedition kits, sample quarantine, evidence archives, food, and sale stock. Add Backrooms labels and custody rules through separate definitions rather than global storage rewrites.","Medium: confirm filters and stack rules can distinguish quarantined samples, ordinary stock, and mission cargo. Avoid patches that overwrite other storage mods' categories.","Medium: verify stack, weight, ownership, caravan, and RWT transfer behavior for mission cargo.","Source facts recorded; runtime compatibility pending."
"94","2958300354","Force Xenogerm Implantation","Medical, biological, and recovery systems","Included in the user-selected 294-entry profile; not a Backrooms core dependency.","Use installed health, gene, prosthetic, and medical content for staff injuries, exposure treatment, recovery, and optional research. Keep Backrooms exposure and entity biology as separately documented hediffs or evidence so they remain legible across the profile.","Medium: check body-part definitions, treatment selection, gene changes, and synchronization. The core expedition loop must not require one medical or Biotech mod to treat a pawn.","Medium: check pawn health/custody state, treatment choice, and transfer; preserve a vanilla fallback.","Source facts recorded; runtime compatibility pending."
"95","1591142767","FrameRateControl","Performance and simulation controls","Included in the user-selected 294-entry profile; not a Backrooms core dependency.","Keep simulation-speed and performance controls available during long facility management and expedition recovery periods.","Low: do not couple gate timers or mission deadlines to local wall-clock time or a client-only speed control.","Low to medium: no hard dependency planned. Verify the selected 1.6 behavior before writing a direct compatibility patch.","Source facts recorded; runtime compatibility pending."
"96","3286907608","Fueled Crematoriums","Remains and facility waste handling","Included in the user-selected 294-entry profile; not a Backrooms core dependency.","Optional company procedure for ordinary remains and facility waste. Preserve Rimrooms evidence custody, sample analysis, and case disposition before any destruction.","No direct Rimrooms adapter or patch. Retain native cremation bills and recipes where present; use this as an optional facility example only.","Connected-work check added 2026-09-29: a fuelled bill giver matters because Core hands out a refuel job instead of the bill when CompRefuelable.HasFuel is false. The bill work family requires UsableForBillsAfterFueling(), so nobody crosses a gate for a bench that only needs fuel; the fuel carry family already owns that route. Confirm a far-side crematorium that is out of fuel pulls fuel rather than a worker, and that a refuelled one then pulls the worker.","Publisher and local source facts recorded; Rimrooms runtime compatibility pending."
"97","2000801414","Gemstones","Gemstones and mineral economy","Included in the user-selected 294-entry profile; not a Backrooms core dependency.","Treat gems as optional resource/trade content; keep Rimrooms currency and research independent.","Use native item behavior only; do not require gems or reuse content.","Verify mining/trade/tribute and item definitions with Jewelry; duplicate-Ruby report is unverified.","Source facts recorded; runtime compatibility pending."
"98","3674332861","Giddy-Up 2 - Continued","Transport and expedition logistics","Included in the user-selected 294-entry profile; not a Backrooms core dependency.","Use available vehicles, animals, wrecks, and transport items to stage teams, move supplies, evacuate casualties, and establish remote company posts. Keep the machine gate as the primary Backrooms route.","Medium: preserve each vehicle's travel and storage behavior. If a mod touches gravships or Odyssey world objects, validate it separately against both gravship chapters and RWT.","Medium: verify stack, weight, ownership, caravan, and RWT transfer behavior for mission cargo.","Source facts recorded; runtime compatibility pending."
"99","1541794953","Glitterworld medicine craftable","Furniture, clothing, and visual content","Included in the user-selected 294-entry profile; not a Backrooms core dependency.","Use these items to furnish laboratories, cafeterias, dormitories, security rooms, and company uniforms. Treat mod assets as user-installed content; create original Backrooms assets for any new distributed material.","Low: prefer no code hooks. Check room roles and apparel restrictions only where company roles need them; avoid hard dependencies on optional aesthetics or furniture.","Low to medium: no hard dependency planned; confirm the native content works on expedition maps and stays transferable.","Source facts recorded; runtime compatibility pending."
"100","1814100216","Go Explore!","World operations, contracts, and commerce","Included in the user-selected 294-entry profile; not a Backrooms core dependency.","Use its optional exploration events as a separate source of world stories. Do not make it the Backrooms coordinate, room, or mission generator.","Leave its event flow native and keep company contracts and Backrooms site identity in their own systems.","Test event frequency and duplication with faction/quest mods, comms settings, world-map changes, and RWT branch ownership.","Source facts recorded; runtime compatibility pending."
"101","2527544142","Gold & Silver Ingots","Materials, cargo, and recovered resources","Included in the user-selected 294-entry profile; not a Backrooms core dependency.","Use carrying, item handling, harvest, and salvage rules to shape expedition kit limits and recovered-cargo value. Preserve each mod's normal material and weight behavior; add only a Backrooms cargo manifest and appraisal layer.","Medium: weight, stack, yield, and destruction rules affect mission capacity and valuation. Reconcile cargo accounting with item transfers and avoid duplicate salvage or recipe patches.","Medium: verify stack, weight, ownership, caravan, and RWT transfer behavior for mission cargo.","Source facts recorded; runtime compatibility pending."
"102","2807132773","Graying Hair","Furniture, clothing, and visual content","Included in the user-selected 294-entry profile; not a Backrooms core dependency.","Use these items to furnish laboratories, cafeterias, dormitories, security rooms, and company uniforms. Treat mod assets as user-installed content; create original Backrooms assets for any new distributed material.","Low: prefer no code hooks. Check room roles and apparel restrictions only where company roles need them; avoid hard dependencies on optional aesthetics or furniture.","Low to medium: no hard dependency planned; confirm the native content works on expedition maps and stays transferable.","Source facts recorded; runtime compatibility pending."
"103","2018947066","Greyer morals (Continued)","Staff psychology, relationships, and faction standing","Included in the user-selected 294-entry profile; not a Backrooms core dependency.","Use the active trait, memory, social-fight, relationship, conversion, and faction-reaction rules when generating applicants, workplace incidents, and crew histories. Keep the company's evaluation based on actual pawn traits, skills, and relationships.","Medium: these mods change the staff and visitor experience. Avoid replacing their thought, relation, or faction logic; check how hostility and guest incidents affect company reputation.","Low to medium: preserve native jobs, needs, guest/faction ownership, and social behavior; test custom role suggestions around them.","Source facts recorded; runtime compatibility pending."
"104","3515052580","Hardened Armor","Security and combat equipment","Included in the user-selected 294-entry profile; not a Backrooms core dependency.","Use the profile's weapons, armor, targeting, turrets, and defenses to equip guards and field teams. New Backrooms entities should define learnable behaviors and countermeasures, then use normal combat and security choices where possible.","Medium: test combat patches and threat targeting in the complete profile. Backrooms entities must not depend on vanilla infestation or raid incidents that a profile setting disables.","Medium: check targeting, drafted orders, downing, and threat counterplay; preserve player control of irreversible combat choices.","Source facts recorded; runtime compatibility pending."
"105","1204502413","Harvest Organs Post Mortem Continued","Medical, biological, and recovery systems","Included in the user-selected 294-entry profile; not a Backrooms core dependency.","Use installed health, gene, prosthetic, and medical content for staff injuries, exposure treatment, recovery, and optional research. Keep Backrooms exposure and entity biology as separately documented hediffs or evidence so they remain legible across the profile.","Medium: check body-part definitions, treatment selection, gene changes, and synchronization. The core expedition loop must not require one medical or Biotech mod to treat a pawn.","Medium: check pawn health/custody state, treatment choice, and transfer; preserve a vanilla fallback.","Source facts recorded; runtime compatibility pending."
"106","2898826891","Harvest When Butchering","Animal butchering and resource yields","Included in the user-selected 294-entry profile; not a Backrooms core dependency.","Use its normal butchering yields if selected; do not duplicate resource harvesting in Rimrooms.","No adapter; preserve Core-only butchering and animal-resource paths.","Check yields, wild-animal setting, explosive animals, Harmony absence and save/load.","Source facts recorded; runtime compatibility pending."
"107","949498803","Haul to Stack","Storage and recovered-material logistics","Included in the user-selected 294-entry profile; not a Backrooms core dependency.","Use existing storage, hauling, and refrigeration for expedition kits, sample quarantine, evidence archives, food, and sale stock. Add Backrooms labels and custody rules through separate definitions rather than global storage rewrites.","Medium: confirm filters and stack rules can distinguish quarantined samples, ordinary stock, and mission cargo. Avoid patches that overwrite other storage mods' categories.","Medium: confirm stack rules still distinguish quarantined samples, ordinary stock, and mission cargo. Connected-work check added 2026-09-29: none needed -- this mod has no cross-map surface. Verify the publisher's inert-alongside-Pick-Up-And-Haul claim on the pinned profile rather than trusting it, and resolve the Steam removal notice before relying on the mod being present at all.","Source facts recorded; runtime compatibility pending."
"108","2714095848","Healer Mech Serum Choice","Medical, biological, and recovery systems","Included in the user-selected 294-entry profile; not a Backrooms core dependency.","Use installed health, gene, prosthetic, and medical content for staff injuries, exposure treatment, recovery, and optional research. Keep Backrooms exposure and entity biology as separately documented hediffs or evidence so they remain legible across the profile.","Medium: check body-part definitions, treatment selection, gene changes, and synchronization. The core expedition loop must not require one medical or Biotech mod to treat a pawn.","Medium: check pawn health/custody state, treatment choice, and transfer; preserve a vanilla fallback.","Source facts recorded; runtime compatibility pending."
"109","2992224079","Hospital","Medical, biological, and recovery systems","Included in the user-selected 294-entry profile; not a Backrooms core dependency.","Use installed health, gene, prosthetic, and medical content for staff injuries, exposure treatment, recovery, and optional research. Keep Backrooms exposure and entity biology as separately documented hediffs or evidence so they remain legible across the profile.","Medium: check body-part definitions, treatment selection, gene changes, and synchronization. The core expedition loop must not require one medical or Biotech mod to treat a pawn.","Medium: check pawn health/custody state, treatment choice, and transfer; preserve a vanilla fallback.","Source facts recorded; runtime compatibility pending."
"110","1706030487","Human Power Generator Mod","Power and industrial infrastructure","Included in the user-selected 294-entry profile; not a Backrooms core dependency.","Use pawn-powered cycling as optional exercise or emergency generation; never require labor-powered startup or a Prison Labor job for the gate.","Keep its Cycle work and power output native. Do not replace the selected profile work or generator systems.","Check output, movement scaling, work priorities, Prison Labor settings, and synchronized pawn/generator state in RWT.","Source facts recorded; runtime compatibility pending."
"111","2023661266","I Clearly Have Enough! (Continued)","Facility construction and material access","Included in the user-selected 294-entry profile; not a Backrooms core dependency.","Use construction reach, object linking, item delivery, and minification tools to build and refit the headquarters, labs, machine rooms, and secure storage efficiently.","Low to medium: retain native build costs and link rules. Confirm generated and prefabricated rooms remain reachable and their required facilities remain connected.","Medium: test pathing, room reachability, doors, and map generation with the profile's construction tools.","Source facts recorded; runtime compatibility pending."
"112","2918091446","Inject Genes","Medical, biological, and recovery systems","Included in the user-selected 294-entry profile; not a Backrooms core dependency.","Use installed health, gene, prosthetic, and medical content for staff injuries, exposure treatment, recovery, and optional research. Keep Backrooms exposure and entity biology as separately documented hediffs or evidence so they remain legible across the profile.","Medium: check body-part definitions, treatment selection, gene changes, and synchronization. The core expedition loop must not require one medical or Biotech mod to treat a pawn.","Medium: check pawn health/custody state, treatment choice, and transfer; preserve a vanilla fallback.","Source facts recorded; runtime compatibility pending."
"113","2413690575","Injured Carry","Materials, cargo, and recovered resources","Included in the user-selected 294-entry profile; not a Backrooms core dependency.","Use carrying, item handling, harvest, and salvage rules to shape expedition kit limits and recovered-cargo value. Preserve each mod's normal material and weight behavior; add only a Backrooms cargo manifest and appraisal layer.","Medium: weight, stack, yield, and destruction rules affect mission capacity and valuation. Reconcile cargo accounting with item transfers and avoid duplicate salvage or recipe patches.","Medium: verify stack, weight, ownership, caravan, and RWT transfer behavior for mission cargo.","Source facts recorded; runtime compatibility pending."
"114","2884115974","Integrated Genes","Medical, biological, and recovery systems","Included in the user-selected 294-entry profile; not a Backrooms core dependency.","Use installed health, gene, prosthetic, and medical content for staff injuries, exposure treatment, recovery, and optional research. Keep Backrooms exposure and entity biology as separately documented hediffs or evidence so they remain legible across the profile.","Medium: check body-part definitions, treatment selection, gene changes, and synchronization. The core expedition loop must not require one medical or Biotech mod to treat a pawn.","Medium: check pawn health/custody state, treatment choice, and transfer; preserve a vanilla fallback.","Source facts recorded; runtime compatibility pending."
"115","3682304832","InterRim Ballistic Missile","Security and combat equipment","Included in the user-selected 294-entry profile; not a Backrooms core dependency.","Use the profile's weapons, armor, targeting, turrets, and defenses to equip guards and field teams. New Backrooms entities should define learnable behaviors and countermeasures, then use normal combat and security choices where possible.","Medium: test combat patches and threat targeting in the complete profile. Backrooms entities must not depend on vanilla infestation or raid incidents that a profile setting disables.","Medium: check targeting, drafted orders, downing, and threat counterplay; preserve player control of irreversible combat choices.","Source facts recorded; runtime compatibility pending."
"116","2856471776","Just Put It Over There","Storage and recovered-material logistics","Included in the user-selected 294-entry profile; not a Backrooms core dependency.","Use existing storage, hauling, and refrigeration for expedition kits, sample quarantine, evidence archives, food, and sale stock. Add Backrooms labels and custody rules through separate definitions rather than global storage rewrites.","Medium: confirm filters and stack rules can distinguish quarantined samples, ordinary stock, and mission cargo. Avoid patches that overwrite other storage mods' categories.","Medium: verify stack, weight, ownership, caravan, and RWT transfer behavior for mission cargo.","Source facts recorded; runtime compatibility pending."
"117","3461478214","Keep Converting","Staff psychology, relationships, and faction standing","Included in the user-selected 294-entry profile; not a Backrooms core dependency.","Use the active trait, memory, social-fight, relationship, conversion, and faction-reaction rules when generating applicants, workplace incidents, and crew histories. Keep the company's evaluation based on actual pawn traits, skills, and relationships.","Medium: these mods change the staff and visitor experience. Avoid replacing their thought, relation, or faction logic; check how hostility and guest incidents affect company reputation.","Low to medium: preserve native jobs, needs, guest/faction ownership, and social behavior; test custom role suggestions around them.","Source facts recorded; runtime compatibility pending."
"118","3559816908","Ladies Can Flirt Too! (Continued)","Staff psychology, relationships, and faction standing","Included in the user-selected 294-entry profile; not a Backrooms core dependency.","Use the active trait, memory, social-fight, relationship, conversion, and faction-reaction rules when generating applicants, workplace incidents, and crew histories. Keep the company's evaluation based on actual pawn traits, skills, and relationships.","Medium: these mods change the staff and visitor experience. Avoid replacing their thought, relation, or faction logic; check how hostility and guest incidents affect company reputation.","Low to medium: preserve native jobs, needs, guest/faction ownership, and social behavior; test custom role suggestions around them.","Source facts recorded; runtime compatibility pending."
"119","2014603702","Less Stupid Romance Attempt (Continued)","Staff psychology, relationships, and faction standing","Included in the user-selected 294-entry profile; not a Backrooms core dependency.","Use the active trait, memory, social-fight, relationship, conversion, and faction-reaction rules when generating applicants, workplace incidents, and crew histories. Keep the company's evaluation based on actual pawn traits, skills, and relationships.","Medium: these mods change the staff and visitor experience. Avoid replacing their thought, relation, or faction logic; check how hostility and guest incidents affect company reputation.","Low to medium: preserve native jobs, needs, guest/faction ownership, and social behavior; test custom role suggestions around them.","Source facts recorded; runtime compatibility pending."
"120","2659985388","Live With The Pain","Medical, biological, and recovery systems","Included in the user-selected 294-entry profile; not a Backrooms core dependency.","Use installed health, gene, prosthetic, and medical content for staff injuries, exposure treatment, recovery, and optional research. Keep Backrooms exposure and entity biology as separately documented hediffs or evidence so they remain legible across the profile.","Medium: check body-part definitions, treatment selection, gene changes, and synchronization. The core expedition loop must not require one medical or Biotech mod to treat a pawn.","Medium: check pawn health/custody state, treatment choice, and transfer; preserve a vanilla fallback.","Source facts recorded; runtime compatibility pending."
"121","1541795146","Luciferium craftable","Medical, biological, and recovery systems","Included in the user-selected 294-entry profile; not a Backrooms core dependency.","Use installed health, gene, prosthetic, and medical content for staff injuries, exposure treatment, recovery, and optional research. Keep Backrooms exposure and entity biology as separately documented hediffs or evidence so they remain legible across the profile.","Medium: check body-part definitions, treatment selection, gene changes, and synchronization. The core expedition loop must not require one medical or Biotech mod to treat a pawn.","Medium: check pawn health/custody state, treatment choice, and transfer; preserve a vanilla fallback.","Source facts recorded; runtime compatibility pending."
"122","3373064575","LWM's Adaptive Deep Storage","Storage and recovered-material logistics","Included in the user-selected 294-entry profile; not a Backrooms core dependency.","Use existing storage, hauling, and refrigeration for expedition kits, sample quarantine, evidence archives, food, and sale stock. Add Backrooms labels and custody rules through separate definitions rather than global storage rewrites.","Medium: confirm filters and stack rules can distinguish quarantined samples, ordinary stock, and mission cargo. Avoid patches that overwrite other storage mods' categories.","Medium: verify stack, weight, ownership, caravan, and RWT transfer behavior for mission cargo.","Source facts recorded; runtime compatibility pending."
"123","731111514","Mad Skills","Research and staff development","Included in the user-selected 294-entry profile; not a Backrooms core dependency.","Use the mod's native research or skill workflow as part of the company lab and training plan. The Backrooms tree should own gate, mapping, containment, and spatial-analysis milestones and should not overwrite other research trees.","Medium: check research tab replacements, prerequisite edits, and project speed changes. Backrooms milestones need stable definitions and an independent route when optional trees are absent.","Medium: preserve native research progression and add Backrooms milestones as a separate, optional chain.","Source facts recorded; runtime compatibility pending."
"124","2800857642","Map Preview","World, environment, and evidence","Included in the user-selected 294-entry profile; not a Backrooms core dependency.","Use world and environmental content as sources for coordinates, supply opportunities, clues, and recovery missions. Build the Backrooms generator from deterministic room recipes, not from global random map edits.","Medium: map generation and world-site state are multiplayer-sensitive. Confirm map/quest ownership, generation hooks, and event interactions before adding compatibility patches.","Medium to high: inspect world-object, quest, site, and RWT state ownership before adding patches.","Source facts recorded; runtime compatibility pending."
"125","3538082807","Meals On Wheels - Continued","Food service and staff welfare","Included in the user-selected 294-entry profile; not a Backrooms core dependency.","Use installed food, recreation, and hospitality objects to operate cafeterias, dorms, break rooms, and visitor services. Connect room assignments and supply orders to staff schedules without forcing a new needs system.","Low to medium: keep food safety, storage, and recreation rules intact; verify performance with guest and prisoner content active.","Low to medium: preserve native jobs, needs, guest/faction ownership, and social behavior; test custom role suggestions around them.","Source facts recorded; runtime compatibility pending."
"126","3480177412","Medical IVs Fork","Medical, biological, and recovery systems","Included in the user-selected 294-entry profile; not a Backrooms core dependency.","Use installed health, gene, prosthetic, and medical content for staff injuries, exposure treatment, recovery, and optional research. Keep Backrooms exposure and entity biology as separately documented hediffs or evidence so they remain legible across the profile.","Medium: check body-part definitions, treatment selection, gene changes, and synchronization. The core expedition loop must not require one medical or Biotech mod to treat a pawn.","Medium: check pawn health/custody state, treatment choice, and transfer; preserve a vanilla fallback.","Source facts recorded; runtime compatibility pending."
"127","3769804600","Mine Sight","Mining and ore-vein designation UI","Included in the user-selected 294-entry profile; not a Backrooms core dependency.","Use only as optional mining convenience; Rimrooms exploration, mining and return routes must not depend on this UI.","No Rimrooms adapter or dependency; preserve the vanilla Mine-designator path when absent.","Publisher confirms a Mine-designator overlay, configurable Shift-click vein designation and Harmony requirement; page status banners are not runtime findings.","Source facts recorded; runtime compatibility pending."
"128","872762753","MinifyEverything","Facility construction and material access","Included in the user-selected 294-entry profile; not a Backrooms core dependency.","Use construction reach, object linking, item delivery, and minification tools to build and refit the headquarters, labs, machine rooms, and secure storage efficiently.","Low to medium: retain native build costs and link rules. Confirm generated and prefabricated rooms remain reachable and their required facilities remain connected.","Medium: test pathing, room reachability, doors, and map generation with the profile's construction tools.","Source facts recorded; runtime compatibility pending."
"129","717575199","Misc. Training","Research and staff development","Included in the user-selected 294-entry profile; not a Backrooms core dependency.","Use the mod's native research or skill workflow as part of the company lab and training plan. The Backrooms tree should own gate, mapping, containment, and spatial-analysis milestones and should not overwrite other research trees.","Medium: check research tab replacements, prerequisite edits, and project speed changes. Backrooms milestones need stable definitions and an independent route when optional trees are absent.","Medium: preserve native research progression and add Backrooms milestones as a separate, optional chain.","Source facts recorded; runtime compatibility pending."
"130","3341372760","More Beautiful Bodies","Furniture, clothing, and visual content","Included in the user-selected 294-entry profile; not a Backrooms core dependency.","Use these items to furnish laboratories, cafeterias, dormitories, security rooms, and company uniforms. Treat mod assets as user-installed content; create original Backrooms assets for any new distributed material.","Low: prefer no code hooks. Check room roles and apparel restrictions only where company roles need them; avoid hard dependencies on optional aesthetics or furniture.","Low to medium: no hard dependency planned; confirm the native content works on expedition maps and stays transferable.","Source facts recorded; runtime compatibility pending."
"131","1638467041","More Crashed Ship Parts","World, environment, and evidence","Included in the user-selected 294-entry profile; not a Backrooms core dependency.","Use world and environmental content as sources for coordinates, supply opportunities, clues, and recovery missions. Build the Backrooms generator from deterministic room recipes, not from global random map edits.","Medium: map generation and world-site state are multiplayer-sensitive. Confirm map/quest ownership, generation hooks, and event interactions before adding compatibility patches.","Medium to high: inspect world-object, quest, site, and RWT state ownership before adding patches.","Source facts recorded; runtime compatibility pending."
"132","2379076640","More Faction Interaction (Continued)","World operations, contracts, and commerce","Included in the user-selected 294-entry profile; not a Backrooms core dependency.","Use world events, factions, comms, traders, and saleable goods to support company contracts, procurement, outposts, and revenue. Add company jobs through a dedicated Operations interface while honoring the profile's comms and quest settings.","Medium to high: world objects, quests, traders, and site creation require exact RimWorld Together synchronization review. Keep the company ledger distinct from vanilla silver and other mods' transaction state.","Medium to high: inspect world-object, quest, site, and RWT state ownership before adding patches.","Source facts recorded; runtime compatibility pending."
"133","2558978295","More filters for animals' pen","Animals and field support","Included in the user-selected 294-entry profile; not a Backrooms core dependency.","Use animals for company security, cargo, food, breeding, and field support when the installed content allows it. Keep staff hiring and mission completion viable without a particular animal species or animal mod.","Low to medium: respect each mod's animal, pen, medical, and apparel definitions. Check load order and travel/ownership when animals accompany expedition teams.","Low to medium: no hard dependency planned; confirm the native content works on expedition maps and stays transferable.","Source facts recorded; runtime compatibility pending."
"134","1103809207","More Linkables","Facility construction and material access","Included in the user-selected 294-entry profile; not a Backrooms core dependency.","Use construction reach, object linking, item delivery, and minification tools to build and refit the headquarters, labs, machine rooms, and secure storage efficiently.","Low to medium: retain native build costs and link rules. Confirm generated and prefabricated rooms remain reachable and their required facilities remain connected.","Medium: test pathing, room reachability, doors, and map generation with the profile's construction tools.","Source facts recorded; runtime compatibility pending."
"135","3453878341","More Milkable and Shearable Animals","Animals and field support","Included in the user-selected 294-entry profile; not a Backrooms core dependency.","Use animals for company security, cargo, food, breeding, and field support when the installed content allows it. Keep staff hiring and mission completion viable without a particular animal species or animal mod.","Low to medium: respect each mod's animal, pen, medical, and apparel definitions. Check load order and travel/ownership when animals accompany expedition teams.","Low to medium: no hard dependency planned; confirm the native content works on expedition maps and stays transferable.","Source facts recorded; runtime compatibility pending."
"136","1931453053","More Vanilla Biomes","World, environment, and evidence","Included in the user-selected 294-entry profile; not a Backrooms core dependency.","Use world and environmental content as sources for coordinates, supply opportunities, clues, and recovery missions. Build the Backrooms generator from deterministic room recipes, not from global random map edits.","Medium: map generation and world-site state are multiplayer-sensitive. Confirm map/quest ownership, generation hooks, and event interactions before adding compatibility patches.","Medium to high: inspect world-object, quest, site, and RWT state ownership before adding patches.","Source facts recorded; runtime compatibility pending."
"137","1729446857","Mortar Accuracy","Security and combat equipment","Included in the user-selected 294-entry profile; not a Backrooms core dependency.","Use the profile's weapons, armor, targeting, turrets, and defenses to equip guards and field teams. New Backrooms entities should define learnable behaviors and countermeasures, then use normal combat and security choices where possible.","Medium: test combat patches and threat targeting in the complete profile. Backrooms entities must not depend on vanilla infestation or raid incidents that a profile setting disables.","Medium: check targeting, drafted orders, downing, and threat counterplay; preserve player control of irreversible combat choices.","Source facts recorded; runtime compatibility pending."
"138","3221480525","Move Your Monolith","Facilities and spatial construction","Included in the user-selected 294-entry profile; not a Backrooms core dependency.","Use the construction and layout tools to create gate control, labs, secure storage, accommodation, service corridors, and outposts. Build Backrooms maps from its own reusable room templates and coordinate seeds.","Medium: construction, door, terrain, and map-size changes can alter room validation or pathfinding. Keep generated room validation independent and test blueprints after updates.","Medium: test pathing, room reachability, doors, and map generation with the profile's construction tools.","Source facts recorded; runtime compatibility pending."
"139","2917732219","Muzzle Flash","Security and combat equipment","Included in the user-selected 294-entry profile; not a Backrooms core dependency.","Use the profile's weapons, armor, targeting, turrets, and defenses to equip guards and field teams. New Backrooms entities should define learnable behaviors and countermeasures, then use normal combat and security choices where possible.","Medium: test combat patches and threat targeting in the complete profile. Backrooms entities must not depend on vanilla infestation or raid incidents that a profile setting disables.","Medium: check targeting, drafted orders, downing, and threat counterplay; preserve player control of irreversible combat choices.","Source facts recorded; runtime compatibility pending."
"140","3229905841","Name Your Entities","Interface, scenario setup, and quality of life","Included in the user-selected 294-entry profile; not a Backrooms core dependency.","Preserve the mod's interface or scenario convenience. The Backrooms Operations board should add a focused company view and link to existing vanilla/mod tabs instead of replacing unrelated menus.","Low: avoid patching visual-only or convenience features. Scenario editors may be useful for development but must not become a runtime dependency or a campaign progression requirement.","Low: avoid overriding hotkeys, scenario controls, or unrelated vanilla tabs.","Source facts recorded; runtime compatibility pending."
"141","3263018536","NamesGalore (Continued)","Interface, scenario setup, and quality of life","Included in the user-selected 294-entry profile; not a Backrooms core dependency.","Preserve the mod's interface or scenario convenience. The Backrooms Operations board should add a focused company view and link to existing vanilla/mod tabs instead of replacing unrelated menus.","Low: avoid patching visual-only or convenience features. Scenario editors may be useful for development but must not become a runtime dependency or a campaign progression requirement.","Low: avoid overriding hotkeys, scenario controls, or unrelated vanilla tabs.","Source facts recorded; runtime compatibility pending."
"142","2566316158","Need Bar Overflow","Staff jobs, policies, and social systems","Included in the user-selected 294-entry profile; not a Backrooms core dependency.","Use work priorities, schedules, skills, beliefs, and relationships to express company roles and long-running staff histories. Add company credentials and training records while leaving pawn skills, needs, and existing work assignment tools authoritative.","Low to medium: check work-type ordering, schedules, and social interactions. Do not create a duplicate work tab or overwrite another mod's assignments.","Low to medium: preserve native jobs, needs, guest/faction ownership, and social behavior; test custom role suggestions around them.","Source facts recorded; runtime compatibility pending."
"143","1541795281","Neutroamine craftable","Furniture, clothing, and visual content","Included in the user-selected 294-entry profile; not a Backrooms core dependency.","Use these items to furnish laboratories, cafeterias, dormitories, security rooms, and company uniforms. Treat mod assets as user-installed content; create original Backrooms assets for any new distributed material.","Low: prefer no code hooks. Check room roles and apparel restrictions only where company roles need them; avoid hard dependencies on optional aesthetics or furniture.","Low to medium: no hard dependency planned; confirm the native content works on expedition maps and stays transferable.","Source facts recorded; runtime compatibility pending."
"144","1923990111","No Burn Metal","Materials, cargo, and recovered resources","Included in the user-selected 294-entry profile; not a Backrooms core dependency.","Use carrying, item handling, harvest, and salvage rules to shape expedition kit limits and recovered-cargo value. Preserve each mod's normal material and weight behavior; add only a Backrooms cargo manifest and appraisal layer.","Medium: weight, stack, yield, and destruction rules affect mission capacity and valuation. Reconcile cargo accounting with item transfers and avoid duplicate salvage or recipe patches.","Medium: verify stack, weight, ownership, caravan, and RWT transfer behavior for mission cargo.","Source facts recorded; runtime compatibility pending."
"145","914638336","No Death Cooties On Armour","Security and combat equipment","Included in the user-selected 294-entry profile; not a Backrooms core dependency.","Use the profile's weapons, armor, targeting, turrets, and defenses to equip guards and field teams. New Backrooms entities should define learnable behaviors and countermeasures, then use normal combat and security choices where possible.","Medium: test combat patches and threat targeting in the complete profile. Backrooms entities must not depend on vanilla infestation or raid incidents that a profile setting disables.","Medium: check targeting, drafted orders, downing, and threat counterplay; preserve player control of irreversible combat choices.","Source facts recorded; runtime compatibility pending."
"146","2887053053","No Hemogen Farm Medical Alert","Medical, biological, and recovery systems","Included in the user-selected 294-entry profile; not a Backrooms core dependency.","Use installed health, gene, prosthetic, and medical content for staff injuries, exposure treatment, recovery, and optional research. Keep Backrooms exposure and entity biology as separately documented hediffs or evidence so they remain legible across the profile.","Medium: check body-part definitions, treatment selection, gene changes, and synchronization. The core expedition loop must not require one medical or Biotech mod to treat a pawn.","Medium: check pawn health/custody state, treatment choice, and transfer; preserve a vanilla fallback.","Source facts recorded; runtime compatibility pending."
"147","2890080496","No Infestation","World threat and event pacing","Included in the user-selected 294-entry profile; not a Backrooms core dependency.","Preserve the profile's threat pacing and environmental choices. Build Backrooms distortions, machine faults, and entities as their own event family so the campaign's core threats do not depend on disabled vanilla incidents.","High: this group intentionally changes raid, visitor, infestation, or solar-flare frequency. Design and balance corporate incidents with these choices active.","High: profile suppresses vanilla infestations. Backrooms threats need their own incident and entity systems; do not reuse an infestation incident.","Source facts recorded; runtime compatibility pending."
"148","2557302879","No Quests Without Comms","World operations, contracts, and commerce","Included in the user-selected 294-entry profile; not a Backrooms core dependency.","Use world events, factions, comms, traders, and saleable goods to support company contracts, procurement, outposts, and revenue. Add company jobs through a dedicated Operations interface while honoring the profile's comms and quest settings.","Medium to high: world objects, quests, traders, and site creation require exact RimWorld Together synchronization review. Keep the company ledger distinct from vanilla silver and other mods' transaction state.","Medium: company contracts must respect the profile's comms rule or use a clearly separate Operations contract board.","Source facts recorded; runtime compatibility pending."
"149","2558797536","No Royal Clothing Reqs (1.6)","Royalty clothing-demand setting","Included in the user-selected 294-entry profile; not a Backrooms core dependency.","Keep royalty clothing demands optional; Rimrooms uniforms and staff progression remain independent.","No adapter; require Royalty only when the player selects this mod/DLC path.","Workshop lists Royalty required while local metadata has no hard DLC requirement.","Source facts recorded; runtime compatibility pending."
"150","2879659174","No Solar Flares","World threat and event pacing","Included in the user-selected 294-entry profile; not a Backrooms core dependency.","Preserve the profile's threat pacing and environmental choices. Build Backrooms distortions, machine faults, and entities as their own event family so the campaign's core threats do not depend on disabled vanilla incidents.","High: this group intentionally changes raid, visitor, infestation, or solar-flare frequency. Design and balance corporate incidents with these choices active.","High: profile suppresses vanilla solar flares. Gate power pressure must come from Backrooms machine states or incidents, not an assumed solar-flare event.","Source facts recorded; runtime compatibility pending."
"151","3533769253","No Sympathy For Prisoners","Detention and subject casework","Included in the user-selected 294-entry profile; not a Backrooms core dependency.","Use existing prisoner, capture, restraint, and medical systems for detained arrivals or recovered subjects where appropriate. Add a company case file, evidence chain, custody status, and disposition options without replacing vanilla prisoner ownership.","Medium to high: multiple mods alter prisoner, capture, and medical interactions. Check duplicate gizmos, faction/custody transitions, and save ownership; keep core investigations functional if optional prisoner mods are absent.","Medium to high: several prisoner/capture/custody systems are active. Validate custody, transfer, case data, and interaction overlap with every selected mod.","Source facts recorded; runtime compatibility pending."
"152","1778821244","Non uno Pinata (don't drop items)","Materials, cargo, and recovered resources","Included in the user-selected 294-entry profile; not a Backrooms core dependency.","Use carrying, item handling, harvest, and salvage rules to shape expedition kit limits and recovered-cargo value. Preserve each mod's normal material and weight behavior; add only a Backrooms cargo manifest and appraisal layer.","Medium: weight, stack, yield, and destruction rules affect mission capacity and valuation. Reconcile cargo accounting with item transfers and avoid duplicate salvage or recipe patches.","Medium: verify stack, weight, ownership, caravan, and RWT transfer behavior for mission cargo.","Source facts recorded; runtime compatibility pending."
"153","2870045856","Not My Fault","Staff psychology, relationships, and faction standing","Included in the user-selected 294-entry profile; not a Backrooms core dependency.","Use the active trait, memory, social-fight, relationship, conversion, and faction-reaction rules when generating applicants, workplace incidents, and crew histories. Keep the company's evaluation based on actual pawn traits, skills, and relationships.","Medium: these mods change the staff and visitor experience. Avoid replacing their thought, relation, or faction logic; check how hostility and guest incidents affect company reputation.","Low to medium: preserve native jobs, needs, guest/faction ownership, and social behavior; test custom role suggestions around them.","Source facts recorded; runtime compatibility pending."
"154","3465476199","Not Only GeneBank in Orbit Trade","Medical, biological, and recovery systems","Included in the user-selected 294-entry profile; not a Backrooms core dependency.","Use installed health, gene, prosthetic, and medical content for staff injuries, exposure treatment, recovery, and optional research. Keep Backrooms exposure and entity biology as separately documented hediffs or evidence so they remain legible across the profile.","Medium: check body-part definitions, treatment selection, gene changes, and synchronization. The core expedition loop must not require one medical or Biotech mod to treat a pawn.","Medium: check pawn health/custody state, treatment choice, and transfer; preserve a vanilla fallback.","Source facts recorded; runtime compatibility pending."
"155","1414302321","Numbers","Interface, scenario setup, and quality of life","Included in the user-selected 294-entry profile; not a Backrooms core dependency.","Preserve the mod's interface or scenario convenience. The Backrooms Operations board should add a focused company view and link to existing vanilla/mod tabs instead of replacing unrelated menus.","Low: avoid patching visual-only or convenience features. Scenario editors may be useful for development but must not become a runtime dependency or a campaign progression requirement.","Low: avoid overriding hotkeys, scenario controls, or unrelated vanilla tabs.","Source facts recorded; runtime compatibility pending."
"156","3266000468","Offspring Inherit Xenogenes (Continued)","Medical, biological, and recovery systems","Included in the user-selected 294-entry profile; not a Backrooms core dependency.","Use installed health, gene, prosthetic, and medical content for staff injuries, exposure treatment, recovery, and optional research. Keep Backrooms exposure and entity biology as separately documented hediffs or evidence so they remain legible across the profile.","Medium: check body-part definitions, treatment selection, gene changes, and synchronization. The core expedition loop must not require one medical or Biotech mod to treat a pawn.","Medium: check pawn health/custody state, treatment choice, and transfer; preserve a vanilla fallback.","Source facts recorded; runtime compatibility pending."
"157","1447140290","OgreStack","Storage and recovered-material logistics","Included in the user-selected 294-entry profile; not a Backrooms core dependency.","Use existing storage, hauling, and refrigeration for expedition kits, sample quarantine, evidence archives, food, and sale stock. Add Backrooms labels and custody rules through separate definitions rather than global storage rewrites.","Medium: confirm filters and stack rules can distinguish quarantined samples, ordinary stock, and mission cargo. Avoid patches that overwrite other storage mods' categories.","Medium: verify stack, weight, ownership, caravan, and RWT transfer behavior for mission cargo.","Source facts recorded; runtime compatibility pending."
"158","2883683444","Oops All Gene Banks","Research and staff development","Included in the user-selected 294-entry profile; not a Backrooms core dependency.","Use the mod's native research or skill workflow as part of the company lab and training plan. The Backrooms tree should own gate, mapping, containment, and spatial-analysis milestones and should not overwrite other research trees.","Medium: check research tab replacements, prerequisite edits, and project speed changes. Backrooms milestones need stable definitions and an independent route when optional trees are absent.","Medium: preserve native research progression and add Backrooms milestones as a separate, optional chain.","Source facts recorded; runtime compatibility pending."
"159","1501052499","Pack Mules Extended","Transport and expedition logistics","Included in the user-selected 294-entry profile; not a Backrooms core dependency.","Use available vehicles, animals, wrecks, and transport items to stage teams, move supplies, evacuate casualties, and establish remote company posts. Keep the machine gate as the primary Backrooms route.","Medium: preserve each vehicle's travel and storage behavior. If a mod touches gravships or Odyssey world objects, validate it separately against both gravship chapters and RWT.","Medium: verify stack, weight, ownership, caravan, and RWT transfer behavior for mission cargo.","Source facts recorded; runtime compatibility pending."
"160","2509511179","Packs Are Not Belts","Transport and expedition logistics","Included in the user-selected 294-entry profile; not a Backrooms core dependency.","Use available vehicles, animals, wrecks, and transport items to stage teams, move supplies, evacuate casualties, and establish remote company posts. Keep the machine gate as the primary Backrooms route.","Medium: preserve each vehicle's travel and storage behavior. If a mod touches gravships or Odyssey world objects, validate it separately against both gravship chapters and RWT.","Medium: verify stack, weight, ownership, caravan, and RWT transfer behavior for mission cargo.","Source facts recorded; runtime compatibility pending."
"161","3583129312","Pass It Through The Window! (Continued)","Facility construction and material access","Included in the user-selected 294-entry profile; not a Backrooms core dependency.","Use construction reach, object linking, item delivery, and minification tools to build and refit the headquarters, labs, machine rooms, and secure storage efficiently.","Low to medium: retain native build costs and link rules. Confirm generated and prefabricated rooms remain reachable and their required facilities remain connected.","Medium: test pathing, room reachability, doors, and map generation with the profile's construction tools.","Source facts recorded; runtime compatibility pending."
"162","2014789938","Pawn Target Fix","Security and combat equipment","Included in the user-selected 294-entry profile; not a Backrooms core dependency.","Use the profile's weapons, armor, targeting, turrets, and defenses to equip guards and field teams. New Backrooms entities should define learnable behaviors and countermeasures, then use normal combat and security choices where possible.","Medium: test combat patches and threat targeting in the complete profile. Backrooms entities must not depend on vanilla infestation or raid incidents that a profile setting disables.","Medium: check targeting, drafted orders, downing, and threat counterplay; preserve player control of irreversible combat choices.","Source facts recorded; runtime compatibility pending."
"163","3261312042","Permeable Terrain","Facilities and spatial construction","Included in the user-selected 294-entry profile; not a Backrooms core dependency.","Use the construction and layout tools to create gate control, labs, secure storage, accommodation, service corridors, and outposts. Build Backrooms maps from its own reusable room templates and coordinate seeds.","Medium: construction, door, terrain, and map-size changes can alter room validation or pathfinding. Keep generated room validation independent and test blueprints after updates.","Medium: test pathing, room reachability, doors, and map generation with the profile's construction tools.","Source facts recorded; runtime compatibility pending."
"164","1279012058","Pick Up And Haul","Storage and recovered-material logistics","Included in the user-selected 294-entry profile; not a Backrooms core dependency.","Use existing storage, hauling, and refrigeration for expedition kits, sample quarantine, evidence archives, food, and sale stock. Add Backrooms labels and custody rules through separate definitions rather than global storage rewrites.","Medium: confirm filters and stack rules can distinguish quarantined samples, ordinary stock, and mission cargo. Avoid patches that overwrite other storage mods' categories.","Medium: verify stack, weight, ownership, caravan, and RWT transfer behavior for mission cargo. Connected-work check added 2026-09-29: confirm a worker holding a live cross-map commitment that has gathered inventory items for a near-side stockpile does not carry them through the gate, and that the one-commitment-per-worker chokepoint survives this mod's inventory hauling. The publisher's own page calls unloading imperfect and lists guest and prisoner limitations.","Source facts recorded; runtime compatibility pending."
"165","2807616911","Plant Growth Sync (Continued)","World, environment, and evidence","Included in the user-selected 294-entry profile; not a Backrooms core dependency.","Use world and environmental content as sources for coordinates, supply opportunities, clues, and recovery missions. Build the Backrooms generator from deterministic room recipes, not from global random map edits.","Medium: map generation and world-site state are multiplayer-sensitive. Confirm map/quest ownership, generation hooks, and event interactions before adding compatibility patches.","Medium to high: inspect world-object, quest, site, and RWT state ownership before adding patches.","Source facts recorded; runtime compatibility pending."
"166","2018276375","Plasteel Surgery (Continued)","Medical, biological, and recovery systems","Included in the user-selected 294-entry profile; not a Backrooms core dependency.","Use installed health, gene, prosthetic, and medical content for staff injuries, exposure treatment, recovery, and optional research. Keep Backrooms exposure and entity biology as separately documented hediffs or evidence so they remain legible across the profile.","Medium: check body-part definitions, treatment selection, gene changes, and synchronization. The core expedition loop must not require one medical or Biotech mod to treat a pawn.","Medium: check pawn health/custody state, treatment choice, and transfer; preserve a vanilla fallback.","Source facts recorded; runtime compatibility pending."
"167","2507086460","Power Poles","Power and industrial infrastructure","Included in the user-selected 294-entry profile; not a Backrooms core dependency.","Use manual or grouped power-pole wiring as an optional facility layout control for keeping gate circuits organized.","Leave its wiring controls native; build the machine as ordinary power consumers unless a later verified extension is needed.","Test construction/removal, circuit flow, group controls, and save/load beside the selected power and industrial mods.","Source facts recorded; runtime compatibility pending."
"168","3009738919","Priority Treatment Ressurected","Staff jobs, policies, and social systems","Included in the user-selected 294-entry profile; not a Backrooms core dependency.","Use work priorities, schedules, skills, beliefs, and relationships to express company roles and long-running staff histories. Add company credentials and training records while leaving pawn skills, needs, and existing work assignment tools authoritative.","Low to medium: check work-type ordering, schedules, and social interactions. Do not create a duplicate work tab or overwrite another mod's assignments.","Low to medium: preserve native jobs, needs, guest/faction ownership, and social behavior; test custom role suggestions around them.","Source facts recorded; runtime compatibility pending."
"169","2898000489","Prison Commons (Continued)","Detention and subject casework","Included in the user-selected 294-entry profile; not a Backrooms core dependency.","Use existing prisoner, capture, restraint, and medical systems for detained arrivals or recovered subjects where appropriate. Add a company case file, evidence chain, custody status, and disposition options without replacing vanilla prisoner ownership.","Medium to high: multiple mods alter prisoner, capture, and medical interactions. Check duplicate gizmos, faction/custody transitions, and save ownership; keep core investigations functional if optional prisoner mods are absent.","Medium to high: several prisoner/capture/custody systems are active. Validate custody, transfer, case data, and interaction overlap with every selected mod.","Source facts recorded; runtime compatibility pending."
"170","2022581505","Prisoner Arena (Continued)","Detention and subject casework","Included in the user-selected 294-entry profile; not a Backrooms core dependency.","Use existing prisoner, capture, restraint, and medical systems for detained arrivals or recovered subjects where appropriate. Add a company case file, evidence chain, custody status, and disposition options without replacing vanilla prisoner ownership.","Medium to high: multiple mods alter prisoner, capture, and medical interactions. Check duplicate gizmos, faction/custody transitions, and save ownership; keep core investigations functional if optional prisoner mods are absent.","Medium to high: several prisoner/capture/custody systems are active. Validate custody, transfer, case data, and interaction overlap with every selected mod.","Source facts recorded; runtime compatibility pending."
"171","3347850851","Prisoner Harvesting 1.5","Detention and subject casework","Included in the user-selected 294-entry profile; not a Backrooms core dependency.","Use existing prisoner, capture, restraint, and medical systems for detained arrivals or recovered subjects where appropriate. Add a company case file, evidence chain, custody status, and disposition options without replacing vanilla prisoner ownership.","Medium to high: multiple mods alter prisoner, capture, and medical interactions. Check duplicate gizmos, faction/custody transitions, and save ownership; keep core investigations functional if optional prisoner mods are absent.","Medium to high: several prisoner/capture/custody systems are active. Validate custody, transfer, case data, and interaction overlap with every selected mod.","Source facts recorded; runtime compatibility pending."
"172","3402467889","Prisoner Jumpsuits","Detention and subject casework","Included in the user-selected 294-entry profile; not a Backrooms core dependency.","Use existing prisoner, capture, restraint, and medical systems for detained arrivals or recovered subjects where appropriate. Add a company case file, evidence chain, custody status, and disposition options without replacing vanilla prisoner ownership.","Medium to high: multiple mods alter prisoner, capture, and medical interactions. Check duplicate gizmos, faction/custody transitions, and save ownership; keep core investigations functional if optional prisoner mods are absent.","Medium to high: several prisoner/capture/custody systems are active. Validate custody, transfer, case data, and interaction overlap with every selected mod.","Source facts recorded; runtime compatibility pending."
"173","794038005","PrisonerRansom","Detention and subject casework","Included in the user-selected 294-entry profile; not a Backrooms core dependency.","Use existing prisoner, capture, restraint, and medical systems for detained arrivals or recovered subjects where appropriate. Add a company case file, evidence chain, custody status, and disposition options without replacing vanilla prisoner ownership.","Medium to high: multiple mods alter prisoner, capture, and medical interactions. Check duplicate gizmos, faction/custody transitions, and save ownership; keep core investigations functional if optional prisoner mods are absent.","Medium to high: several prisoner/capture/custody systems are active. Validate custody, transfer, case data, and interaction overlap with every selected mod.","Source facts recorded; runtime compatibility pending."
"174","3409290110","Prisoners Can Read","Detention and subject casework","Included in the user-selected 294-entry profile; not a Backrooms core dependency.","Use existing prisoner, capture, restraint, and medical systems for detained arrivals or recovered subjects where appropriate. Add a company case file, evidence chain, custody status, and disposition options without replacing vanilla prisoner ownership.","Medium to high: multiple mods alter prisoner, capture, and medical interactions. Check duplicate gizmos, faction/custody transitions, and save ownership; keep core investigations functional if optional prisoner mods are absent.","Medium to high: several prisoner/capture/custody systems are active. Validate custody, transfer, case data, and interaction overlap with every selected mod.","Source facts recorded; runtime compatibility pending."
"175","2595360307","Prisoners Dont Have Keys","Detention and subject casework","Included in the user-selected 294-entry profile; not a Backrooms core dependency.","Use existing prisoner, capture, restraint, and medical systems for detained arrivals or recovered subjects where appropriate. Add a company case file, evidence chain, custody status, and disposition options without replacing vanilla prisoner ownership.","Medium to high: multiple mods alter prisoner, capture, and medical interactions. Check duplicate gizmos, faction/custody transitions, and save ownership; keep core investigations functional if optional prisoner mods are absent.","Medium to high: several prisoner/capture/custody systems are active. Validate custody, transfer, case data, and interaction overlap with every selected mod.","Source facts recorded; runtime compatibility pending."
"176","2076235181","Prisoners Need Recruiting","Detention and subject casework","Included in the user-selected 294-entry profile; not a Backrooms core dependency.","Use existing prisoner, capture, restraint, and medical systems for detained arrivals or recovered subjects where appropriate. Add a company case file, evidence chain, custody status, and disposition options without replacing vanilla prisoner ownership.","Medium to high: multiple mods alter prisoner, capture, and medical interactions. Check duplicate gizmos, faction/custody transitions, and save ownership; keep core investigations functional if optional prisoner mods are absent.","Medium to high: several prisoner/capture/custody systems are active. Validate custody, transfer, case data, and interaction overlap with every selected mod.","Source facts recorded; runtime compatibility pending."
"177","2602436826","Prisoners Should Fear Turrets","Detention and subject casework","Included in the user-selected 294-entry profile; not a Backrooms core dependency.","Use existing prisoner, capture, restraint, and medical systems for detained arrivals or recovered subjects where appropriate. Add a company case file, evidence chain, custody status, and disposition options without replacing vanilla prisoner ownership.","Medium to high: multiple mods alter prisoner, capture, and medical interactions. Check duplicate gizmos, faction/custody transitions, and save ownership; keep core investigations functional if optional prisoner mods are absent.","Medium to high: several prisoner/capture/custody systems are active. Validate custody, transfer, case data, and interaction overlap with every selected mod.","Source facts recorded; runtime compatibility pending."
"178","2012507402","Prosthetic Didgets (Continued)","Medical, biological, and recovery systems","Included in the user-selected 294-entry profile; not a Backrooms core dependency.","Use installed health, gene, prosthetic, and medical content for staff injuries, exposure treatment, recovery, and optional research. Keep Backrooms exposure and entity biology as separately documented hediffs or evidence so they remain legible across the profile.","Medium: check body-part definitions, treatment selection, gene changes, and synchronization. The core expedition loop must not require one medical or Biotech mod to treat a pawn.","Medium: check pawn health/custody state, treatment choice, and transfer; preserve a vanilla fallback.","Source facts recorded; runtime compatibility pending."
"179","2739055353","Prosthetic No Missing Body Parts (Continued)","Medical, biological, and recovery systems","Included in the user-selected 294-entry profile; not a Backrooms core dependency.","Use installed health, gene, prosthetic, and medical content for staff injuries, exposure treatment, recovery, and optional research. Keep Backrooms exposure and entity biology as separately documented hediffs or evidence so they remain legible across the profile.","Medium: check body-part definitions, treatment selection, gene changes, and synchronization. The core expedition loop must not require one medical or Biotech mod to treat a pawn.","Medium: check pawn health/custody state, treatment choice, and transfer; preserve a vanilla fallback.","Source facts recorded; runtime compatibility pending."
"180","3513846773","Quality Colors (Continued)","Interface, scenario setup, and quality of life","Included in the user-selected 294-entry profile; not a Backrooms core dependency.","Preserve the mod's interface or scenario convenience. The Backrooms Operations board should add a focused company view and link to existing vanilla/mod tabs instead of replacing unrelated menus.","Low: avoid patching visual-only or convenience features. Scenario editors may be useful for development but must not become a runtime dependency or a campaign progression requirement.","Low: avoid overriding hotkeys, scenario controls, or unrelated vanilla tabs.","Source facts recorded; runtime compatibility pending."
"181","3512466087","QualityBuilder Unofficial 1.6","Facilities and spatial construction","Included in the user-selected 294-entry profile; not a Backrooms core dependency.","Use the construction and layout tools to create gate control, labs, secure storage, accommodation, service corridors, and outposts. Build Backrooms maps from its own reusable room templates and coordinate seeds.","Medium: construction, door, terrain, and map-size changes can alter room validation or pathfinding. Keep generated room validation independent and test blueprints after updates.","Medium: test pathing, room reachability, doors, and map generation with the profile's construction tools.","Source facts recorded; runtime compatibility pending."
"182","2850854272","Questionable Ethics Enhanced (Continued)","Detention and subject casework","Included in the user-selected 294-entry profile; not a Backrooms core dependency.","Use existing prisoner, capture, restraint, and medical systems for detained arrivals or recovered subjects where appropriate. Add a company case file, evidence chain, custody status, and disposition options without replacing vanilla prisoner ownership.","Medium to high: multiple mods alter prisoner, capture, and medical interactions. Check duplicate gizmos, faction/custody transitions, and save ownership; keep core investigations functional if optional prisoner mods are absent.","Medium to high: several prisoner/capture/custody systems are active. Validate custody, transfer, case data, and interaction overlap with every selected mod.","Source facts recorded; runtime compatibility pending."
"183","2886929245","Real Faction Guest (Continued)","Hospitality and visitor economy","Included in the user-selected 294-entry profile; not a Backrooms core dependency.","Use the mod's native guest, service, food, or storefront loops as optional company revenue and recruitment channels. Treat employees, invited specialists, paying visitors, and mission guests as distinct company relationships.","Medium: preserve each mod's guest ownership and payment rules. Test recruitment, visitor, and multiplayer state changes instead of replacing their native menus.","Low to medium: preserve native jobs, needs, guest/faction ownership, and social behavior; test custom role suggestions around them.","Source facts recorded; runtime compatibility pending."
"184","2558042766","Realistic Rooms Rewritten","Facilities and spatial construction","Included in the user-selected 294-entry profile; not a Backrooms core dependency.","Use the construction and layout tools to create gate control, labs, secure storage, accommodation, service corridors, and outposts. Build Backrooms maps from its own reusable room templates and coordinate seeds.","Medium: construction, door, terrain, and map-size changes can alter room validation or pathfinding. Keep generated room validation independent and test blueprints after updates.","Medium: test pathing, room reachability, doors, and map generation with the profile's construction tools.","Source facts recorded; runtime compatibility pending."
"185","3262718980","ReBuild: Doors and Corners","Facilities and spatial construction","Included in the user-selected 294-entry profile; not a Backrooms core dependency.","Use the construction and layout tools to create gate control, labs, secure storage, accommodation, service corridors, and outposts. Build Backrooms maps from its own reusable room templates and coordinate seeds.","Medium: construction, door, terrain, and map-size changes can alter room validation or pathfinding. Keep generated room validation independent and test blueprints after updates.","Medium: test pathing, room reachability, doors, and map generation with the profile's construction tools.","Source facts recorded; runtime compatibility pending."
"186","2904906618","Recipe icons (Continued)","Interface, scenario setup, and quality of life","Included in the user-selected 294-entry profile; not a Backrooms core dependency.","Preserve the mod's interface or scenario convenience. The Backrooms Operations board should add a focused company view and link to existing vanilla/mod tabs instead of replacing unrelated menus.","Low: avoid patching visual-only or convenience features. Scenario editors may be useful for development but must not become a runtime dependency or a campaign progression requirement.","Low: avoid overriding hotkeys, scenario controls, or unrelated vanilla tabs.","Source facts recorded; runtime compatibility pending."
"187","2243274070","Remote Doors (Continued)","Facilities and spatial construction","Included in the user-selected 294-entry profile; not a Backrooms core dependency.","Use the construction and layout tools to create gate control, labs, secure storage, accommodation, service corridors, and outposts. Build Backrooms maps from its own reusable room templates and coordinate seeds.","Medium: construction, door, terrain, and map-size changes can alter room validation or pathfinding. Keep generated room validation independent and test blueprints after updates.","Medium: test pathing, room reachability, doors, and map generation with the profile's construction tools.","Source facts recorded; runtime compatibility pending."
"188","1541438898","Removable Mt.Rock Roof Patch","Facilities and spatial construction","Included in the user-selected 294-entry profile; not a Backrooms core dependency.","Use the construction and layout tools to create gate control, labs, secure storage, accommodation, service corridors, and outposts. Build Backrooms maps from its own reusable room templates and coordinate seeds.","Medium: construction, door, terrain, and map-size changes can alter room validation or pathfinding. Keep generated room validation independent and test blueprints after updates.","Medium: test pathing, room reachability, doors, and map generation with the profile's construction tools.","Source facts recorded; runtime compatibility pending."
"189","3526354009","Replace Stuff - Continued","Facilities and spatial construction","Included in the user-selected 294-entry profile; not a Backrooms core dependency.","Use the construction and layout tools to create gate control, labs, secure storage, accommodation, service corridors, and outposts. Build Backrooms maps from its own reusable room templates and coordinate seeds.","Medium: construction, door, terrain, and map-size changes can alter room validation or pathfinding. Keep generated room validation independent and test blueprints after updates.","Medium: test pathing, room reachability, doors, and map generation with the profile's construction tools.","Source facts recorded; runtime compatibility pending."
"190","3503586725","Replantable Anima Trees (Continued)","Furniture, clothing, and visual content","Included in the user-selected 294-entry profile; not a Backrooms core dependency.","Use these items to furnish laboratories, cafeterias, dormitories, security rooms, and company uniforms. Treat mod assets as user-installed content; create original Backrooms assets for any new distributed material.","Low: prefer no code hooks. Check room roles and apparel restrictions only where company roles need them; avoid hard dependencies on optional aesthetics or furniture.","Low to medium: no hard dependency planned; confirm the native content works on expedition maps and stays transferable.","Source facts recorded; runtime compatibility pending."
"191","3569150345","ResearchTree (Eheieh Version)","Research and staff development","Included in the user-selected 294-entry profile; not a Backrooms core dependency.","Use the mod's native research or skill workflow as part of the company lab and training plan. The Backrooms tree should own gate, mapping, containment, and spatial-analysis milestones and should not overwrite other research trees.","Medium: check research tab replacements, prerequisite edits, and project speed changes. Backrooms milestones need stable definitions and an independent route when optional trees are absent.","Medium: the profile changes research presentation or flow. Keep company milestones on a stable separate research chain and avoid replacing the selected research interface blindly.","Source facts recorded; runtime compatibility pending."
"192","1578234826","Restraints","Detention and subject casework","Included in the user-selected 294-entry profile; not a Backrooms core dependency.","Use existing prisoner, capture, restraint, and medical systems for detained arrivals or recovered subjects where appropriate. Add a company case file, evidence chain, custody status, and disposition options without replacing vanilla prisoner ownership.","Medium to high: multiple mods alter prisoner, capture, and medical interactions. Check duplicate gizmos, faction/custody transitions, and save ownership; keep core investigations functional if optional prisoner mods are absent.","Medium to high: several prisoner/capture/custody systems are active. Validate custody, transfer, case data, and interaction overlap with every selected mod.","Source facts recorded; runtime compatibility pending."
"193","3523724230","ReTend","Medical, biological, and recovery systems","Included in the user-selected 294-entry profile; not a Backrooms core dependency.","Use installed health, gene, prosthetic, and medical content for staff injuries, exposure treatment, recovery, and optional research. Keep Backrooms exposure and entity biology as separately documented hediffs or evidence so they remain legible across the profile.","Medium: check body-part definitions, treatment selection, gene changes, and synchronization. The core expedition loop must not require one medical or Biotech mod to treat a pawn.","Medium: check pawn health/custody state, treatment choice, and transfer; preserve a vanilla fallback.","Source facts recorded; runtime compatibility pending."
"194","1321849735","Rimefeller","Power and industrial infrastructure","Included in the user-selected 294-entry profile; not a Backrooms core dependency.","Use Rimefeller oil processing, fuel production, power, and industrial recipes as optional company infrastructure and saleable output.","Keep its refinery and production chain native; do not require Rimefeller fuel, power, or research to start the gate.","Check oil/fuel balances, research, incidents, save/load, and interaction with Rimatomics and the selected power systems.","Source facts recorded; runtime compatibility pending."
"195","2898411376","RimFridge: Now with Shelves!","Storage and recovered-material logistics","Included in the user-selected 294-entry profile; not a Backrooms core dependency.","Use existing storage, hauling, and refrigeration for expedition kits, sample quarantine, evidence archives, food, and sale stock. Add Backrooms labels and custody rules through separate definitions rather than global storage rewrites.","Medium: confirm filters and stack rules can distinguish quarantined samples, ordinary stock, and mission cargo. Avoid patches that overwrite other storage mods' categories.","Medium: verify stack, weight, ownership, caravan, and RWT transfer behavior for mission cargo.","Source facts recorded; runtime compatibility pending."
"196","3005289691","RimWorld Together","Multiplayer: separate colonies and shared-world exchange","Selected co-op target; optional to solo play. Local metadata supports RimWorld 1.5/1.6 and requires Harmony.","Players run separate companies; visits, supplies, aid, and case reports can link their stories if the pinned build supports them.","Use supported RWT activities where they fit. Keep each company's facility, gate, discoveries, research, and ledger on its own branch. Do not assume custom dossier or gear transfers.","Official docs list offline visits/raids and item/pawn exchange. The local activity settings and exact results remain untested; the server does not enforce mod order/settings.","Source facts recorded; runtime compatibility pending."
"197","2654432921","Romance On The Rim","Staff psychology, relationships, and faction standing","Included in the user-selected 294-entry profile; not a Backrooms core dependency.","Use the active trait, memory, social-fight, relationship, conversion, and faction-reaction rules when generating applicants, workplace incidents, and crew histories. Keep the company's evaluation based on actual pawn traits, skills, and relationships.","Medium: these mods change the staff and visitor experience. Avoid replacing their thought, relation, or faction logic; check how hostility and guest incidents affect company reputation.","Low to medium: preserve native jobs, needs, guest/faction ownership, and social behavior; test custom role suggestions around them.","Source facts recorded; runtime compatibility pending."
"198","3562365100","RunAndGun - Continued","Security and combat equipment","Included in the user-selected 294-entry profile; not a Backrooms core dependency.","Use the profile's weapons, armor, targeting, turrets, and defenses to equip guards and field teams. New Backrooms entities should define learnable behaviors and countermeasures, then use normal combat and security choices where possible.","Medium: test combat patches and threat targeting in the complete profile. Backrooms entities must not depend on vanilla infestation or raid incidents that a profile setting disables.","Medium: check targeting, drafted orders, downing, and threat counterplay; preserve player control of irreversible combat choices.","Source facts recorded; runtime compatibility pending."
"199","3546378186","Safely Hidden Away (Continued)","World threat and event pacing","Included in the user-selected 294-entry profile; not a Backrooms core dependency.","Preserve the profile's threat pacing and environmental choices. Build Backrooms distortions, machine faults, and entities as their own event family so the campaign's core threats do not depend on disabled vanilla incidents.","High: this group intentionally changes raid, visitor, infestation, or solar-flare frequency. Design and balance corporate incidents with these choices active.","Medium to high: inspect world-object, quest, site, and RWT state ownership before adding patches.","Source facts recorded; runtime compatibility pending."
"200","3232242247","Search and Destroy (Continued)","Security tactics and guard response","Included in the user-selected 294-entry profile; not a Backrooms core dependency.","Allow guards to use the profile's combat-order tools for perimeter response and expedition encounters; retain native drafted combat control.","Medium: combat orders can change pawn AI and threat targeting. Confirm replicated orders and do not issue autonomous kills through company roles.","Medium: check targeting, drafted orders, downing, and threat counterplay; preserve player control of irreversible combat choices.","Source facts recorded; runtime compatibility pending."
"201","2412682633","Secret Passage Doors (Continued)","Facilities and spatial construction","Included in the user-selected 294-entry profile; not a Backrooms core dependency.","Use the construction and layout tools to create gate control, labs, secure storage, accommodation, service corridors, and outposts. Build Backrooms maps from its own reusable room templates and coordinate seeds.","Medium: construction, door, terrain, and map-size changes can alter room validation or pathfinding. Keep generated room validation independent and test blueprints after updates.","Medium: test pathing, room reachability, doors, and map generation with the profile's construction tools.","Source facts recorded; runtime compatibility pending."
"202","3525790312","Sentience Catalyst Filth Rate Reducer","Odyssey animal-filth setting","Included in the user-selected 294-entry profile; not a Backrooms core dependency.","Leave Sentience Catalyst cleanup and alert options to this optional mod; do not treat them as emergency care.","No adapter; keep Rimrooms sanitation and incident tracking independent.","Odyssey requirement and direct-page access limitation; verify filth/alert behavior in game.","Source facts recorded; runtime compatibility pending."
"203","3374039039","Shit Rimworld Says (Continued)","Loading-screen quote utility","Included in the user-selected 294-entry profile; not a Backrooms core dependency.","Leave loading quotes/tips to the mod; do not use its community quotes as Rimrooms lore or evidence.","No Rimrooms content integration; preserve a normal loading screen if it is absent.","Row 3 Loading Progress reports are unverified; quote and contribution licenses vary.","Source facts recorded; runtime compatibility pending."
"204","2475965842","Show Me Your Hands","Interface, scenario setup, and quality of life","Included in the user-selected 294-entry profile; not a Backrooms core dependency.","Preserve the mod's interface or scenario convenience. The Backrooms Operations board should add a focused company view and link to existing vanilla/mod tabs instead of replacing unrelated menus.","Low: avoid patching visual-only or convenience features. Scenario editors may be useful for development but must not become a runtime dependency or a campaign progression requirement.","Low: avoid overriding hotkeys, scenario controls, or unrelated vanilla tabs.","Source facts recorded; runtime compatibility pending."
"205","927155256","Simple sidearms","Security and combat equipment","Included in the user-selected 294-entry profile; not a Backrooms core dependency.","Use the profile's weapons, armor, targeting, turrets, and defenses to equip guards and field teams. New Backrooms entities should define learnable behaviors and countermeasures, then use normal combat and security choices where possible.","Medium: test combat patches and threat targeting in the complete profile. Backrooms entities must not depend on vanilla infestation or raid incidents that a profile setting disables.","Medium: check targeting, drafted orders, downing, and threat counterplay; preserve player control of irreversible combat choices.","Source facts recorded; runtime compatibility pending."
"206","2926945131","Slave Outfit Fix","Detention clothing and custody compatibility","Included in the user-selected 294-entry profile; not a Backrooms core dependency.","Keep detainee clothing behavior stable when company custody or prisoner workflows are used; Backrooms casework must not rely on enslaving or reclassifying a pawn.","Low to medium: title-based mapping only; confirm the mod's actual 1.6 scope and apparel/custody changes before patching.","Medium: check pawn health/custody state, treatment choice, and transfer; preserve a vanilla fallback.","Source facts recorded; runtime compatibility pending."
"207","3696700829","Small Furniture","Furniture, clothing, and visual content","Included in the user-selected 294-entry profile; not a Backrooms core dependency.","Use these items to furnish laboratories, cafeterias, dormitories, security rooms, and company uniforms. Treat mod assets as user-installed content; create original Backrooms assets for any new distributed material.","Low: prefer no code hooks. Check room roles and apparel restrictions only where company roles need them; avoid hard dependencies on optional aesthetics or furniture.","Low to medium: no hard dependency planned; confirm the native content works on expedition maps and stays transferable.","Source facts recorded; runtime compatibility pending."
"208","2812513517","Smaller radius for Anima Trees, Shrines and Animus Stones","Anima-tree and shrine spacing tweak","Included in the user-selected 294-entry profile; not a Backrooms core dependency.","Treat object radius as optional base-layout behavior; do not use it for Backrooms coordinate or room generation.","No Rimrooms adapter; keep generated rooms independent of Royalty layout edits.","Publisher DLC wording is unclear; check relevant DLC presence and construction restrictions.","Source facts recorded; runtime compatibility pending."
"209","3526251680","Smart Medicine - Continued","Emergency care and containment response","Included in the user-selected 294-entry profile; not a Backrooms core dependency.","Use recovery, fire response, mental-state support, and mechanoid treatment as native emergency procedures for facility incidents and returning crews.","Medium: these alter pawn recovery or entity handling. Keep Backrooms exposure and treatment state explicit and do not bypass the installed medicine or recovery rules.","Medium: check pawn health/custody state, treatment choice, and transfer; preserve a vanilla fallback.","Source facts recorded; runtime compatibility pending."
"210","2800676538","Smart Meditation","Staff welfare and recreation","Included in the user-selected 294-entry profile; not a Backrooms core dependency.","Let staff use the profile's meditation behavior during rest and recovery; company shifts should preserve pawn schedules and need satisfaction.","Low: preserve ideology-specific meditation rules and avoid overriding assignments or meditation spots.","Low to medium: preserve native jobs, needs, guest/faction ownership, and social behavior; test custom role suggestions around them.","Source facts recorded; runtime compatibility pending."
"211","2636621800","Smart Turret Covering","Security and combat equipment","Included in the user-selected 294-entry profile; not a Backrooms core dependency.","Use the profile's weapons, armor, targeting, turrets, and defenses to equip guards and field teams. New Backrooms entities should define learnable behaviors and countermeasures, then use normal combat and security choices where possible.","Medium: test combat patches and threat targeting in the complete profile. Backrooms entities must not depend on vanilla infestation or raid incidents that a profile setting disables.","Medium: check targeting, drafted orders, downing, and threat counterplay; preserve player control of irreversible combat choices.","Source facts recorded; runtime compatibility pending."
"212","2202185773","Smarter Construction","Staff jobs, policies, and social systems","Included in the user-selected 294-entry profile; not a Backrooms core dependency.","Use work priorities, schedules, skills, beliefs, and relationships to express company roles and long-running staff histories. Add company credentials and training records while leaving pawn skills, needs, and existing work assignment tools authoritative.","Low to medium: check work-type ordering, schedules, and social interactions. Do not create a duplicate work tab or overwrite another mod's assignments.","Low to medium: preserve native jobs, needs, guest/faction ownership, and social behavior; test custom role suggestions around them.","Source facts recorded; runtime compatibility pending."
"213","3012491521","Smarter Visitors","Hospitality and visitor economy","Included in the user-selected 294-entry profile; not a Backrooms core dependency.","Use the mod's native guest, service, food, or storefront loops as optional company revenue and recruitment channels. Treat employees, invited specialists, paying visitors, and mission guests as distinct company relationships.","Medium: preserve each mod's guest ownership and payment rules. Test recruitment, visitor, and multiplayer state changes instead of replacing their native menus.","Low to medium: preserve native jobs, needs, guest/faction ownership, and social behavior; test custom role suggestions around them.","Source facts recorded; runtime compatibility pending."
"214","1319782555","Snap Out!","Emergency care and containment response","Included in the user-selected 294-entry profile; not a Backrooms core dependency.","Use recovery, fire response, mental-state support, and mechanoid treatment as native emergency procedures for facility incidents and returning crews.","Medium: these alter pawn recovery or entity handling. Keep Backrooms exposure and treatment state explicit and do not bypass the installed medicine or recovery rules.","Medium: check pawn health/custody state, treatment choice, and transfer; preserve a vanilla fallback.","Source facts recorded; runtime compatibility pending."
"215","3400608063","Social Experience from Trade","World operations, contracts, and commerce","Included in the user-selected 294-entry profile; not a Backrooms core dependency.","Use world events, factions, comms, traders, and saleable goods to support company contracts, procurement, outposts, and revenue. Add company jobs through a dedicated Operations interface while honoring the profile's comms and quest settings.","Medium to high: world objects, quests, traders, and site creation require exact RimWorld Together synchronization review. Keep the company ledger distinct from vanilla silver and other mods' transaction state.","Medium to high: inspect world-object, quest, site, and RWT state ownership before adding patches.","Source facts recorded; runtime compatibility pending."
"216","1123043922","Sparkling Worlds - Full Mod","Independent technology, trade and event expansion","Included in the user-selected 294-entry profile; not a Backrooms core dependency.","Keep its Glittertech research, traders, and events separate from the Rimrooms gate and progression.","No integration or shared research dependency; retain the Core-only campaign route.","Publisher names CE incompatibility; Odyssey/shuttle reports are unverified; full page was not retrievable.","Source facts recorded; runtime compatibility pending."
"217","2358261479","SS Lightning Rod (Continued)","Power storage and surge protection","Included in the user-selected 294-entry profile; not a Backrooms core dependency.","Use lightning rods as optional storm protection for facility power infrastructure; do not tie gate progression to lightning events.","Leave its interception and power behavior native; keep gate status and any machine damage in Rimrooms-owned state.","Test the rod modes, overload/repair behavior, incident settings, and interaction with the selected power mods.","Source facts recorded; runtime compatibility pending."
"218","2831698056","Stargates!","Additional portal content","Included in the user-selected 294-entry profile; not a Backrooms core dependency.","Retain this as a separate portal technology or competing system. It can supply a late-game comparison, recovered device, or contract target; Backrooms coordinates and the company's machine must keep their own stable IDs and state.","High: another portal system may overlap with gate travel, map creation, or quests. Do not merge its objects with Backrooms gate records before reviewing its implementation.","Medium to high: inspect world-object, quest, site, and RWT state ownership before adding patches.","Source facts recorded; runtime compatibility pending."
"219","2571676542","Stonecutting Extended","Medical, biological, and recovery systems","Included in the user-selected 294-entry profile; not a Backrooms core dependency.","Use installed health, gene, prosthetic, and medical content for staff injuries, exposure treatment, recovery, and optional research. Keep Backrooms exposure and entity biology as separately documented hediffs or evidence so they remain legible across the profile.","Medium: check body-part definitions, treatment selection, gene changes, and synchronization. The core expedition loop must not require one medical or Biotech mod to treat a pawn.","Medium: check pawn health/custody state, treatment choice, and transfer; preserve a vanilla fallback.","Source facts recorded; runtime compatibility pending."
"220","2362707956","Stop, Drop, And Roll! [BAL]","Fire-response behavior","Included in the user-selected 294-entry profile; not a Backrooms core dependency.","Treat self-extinguishing behavior as optional pawn response, not Rimrooms fire safety.","No adapter; preserve player control and vanilla response if absent.","Multiplayer desync is a user report only; test determinism if selected for RWT.","Source facts recorded; runtime compatibility pending."
"221","2787438435","Stuff Mass Matters","Materials, cargo, and recovered resources","Included in the user-selected 294-entry profile; not a Backrooms core dependency.","Use carrying, item handling, harvest, and salvage rules to shape expedition kit limits and recovered-cargo value. Preserve each mod's normal material and weight behavior; add only a Backrooms cargo manifest and appraisal layer.","Medium: weight, stack, yield, and destruction rules affect mission capacity and valuation. Reconcile cargo accounting with item transfers and avoid duplicate salvage or recipe patches.","Medium: verify stack, weight, ownership, caravan, and RWT transfer behavior for mission cargo.","Source facts recorded; runtime compatibility pending."
"222","3289533061","Stuff on Tables Forked","Furniture, clothing, and visual content","Included in the user-selected 294-entry profile; not a Backrooms core dependency.","Use these items to furnish laboratories, cafeterias, dormitories, security rooms, and company uniforms. Treat mod assets as user-installed content; create original Backrooms assets for any new distributed material.","Low: prefer no code hooks. Check room roles and apparel restrictions only where company roles need them; avoid hard dependencies on optional aesthetics or furniture.","Low to medium: no hard dependency planned; confirm the native content works on expedition maps and stays transferable.","Source facts recorded; runtime compatibility pending."
"223","3246748490","Surrogate Mechanoid","Emergency care and containment response","Included in the user-selected 294-entry profile; not a Backrooms core dependency.","Use recovery, fire response, mental-state support, and mechanoid treatment as native emergency procedures for facility incidents and returning crews.","Medium: these alter pawn recovery or entity handling. Keep Backrooms exposure and treatment state explicit and do not bypass the installed medicine or recovery rules.","Medium: check pawn health/custody state, treatment choice, and transfer; preserve a vanilla fallback.","Source facts recorded; runtime compatibility pending."
"224","3749200746","TakeCover","Security and combat equipment","Included in the user-selected 294-entry profile; not a Backrooms core dependency.","Use the profile's weapons, armor, targeting, turrets, and defenses to equip guards and field teams. New Backrooms entities should define learnable behaviors and countermeasures, then use normal combat and security choices where possible.","Medium: test combat patches and threat targeting in the complete profile. Backrooms entities must not depend on vanilla infestation or raid incidents that a profile setting disables.","Medium: check targeting, drafted orders, downing, and threat counterplay; preserve player control of irreversible combat choices.","Source facts recorded; runtime compatibility pending."
"225","3476618866","TendYourself","Medical, biological, and recovery systems","Included in the user-selected 294-entry profile; not a Backrooms core dependency.","Use installed health, gene, prosthetic, and medical content for staff injuries, exposure treatment, recovery, and optional research. Keep Backrooms exposure and entity biology as separately documented hediffs or evidence so they remain legible across the profile.","Medium: check body-part definitions, treatment selection, gene changes, and synchronization. The core expedition loop must not require one medical or Biotech mod to treat a pawn.","Medium: check pawn health/custody state, treatment choice, and transfer; preserve a vanilla fallback.","Source facts recorded; runtime compatibility pending."
"226","3221592105","The Cooler","Furniture, clothing, and visual content","Included in the user-selected 294-entry profile; not a Backrooms core dependency.","Use these items to furnish laboratories, cafeterias, dormitories, security rooms, and company uniforms. Treat mod assets as user-installed content; create original Backrooms assets for any new distributed material.","Low: prefer no code hooks. Check room roles and apparel restrictions only where company roles need them; avoid hard dependencies on optional aesthetics or furniture.","Low to medium: no hard dependency planned; confirm the native content works on expedition maps and stays transferable.","Source facts recorded; runtime compatibility pending."
"227","3523427789","The Titan Treatment","Emergency care and containment response","Included in the user-selected 294-entry profile; not a Backrooms core dependency.","Use recovery, fire response, mental-state support, and mechanoid treatment as native emergency procedures for facility incidents and returning crews.","Medium: these alter pawn recovery or entity handling. Keep Backrooms exposure and treatment state explicit and do not bypass the installed medicine or recovery rules.","Medium: check pawn health/custody state, treatment choice, and transfer; preserve a vanilla fallback.","Source facts recorded; runtime compatibility pending."
"228","1499848654","Toggle Harvest","Materials, cargo, and recovered resources","Included in the user-selected 294-entry profile; not a Backrooms core dependency.","Use carrying, item handling, harvest, and salvage rules to shape expedition kit limits and recovered-cargo value. Preserve each mod's normal material and weight behavior; add only a Backrooms cargo manifest and appraisal layer.","Medium: weight, stack, yield, and destruction rules affect mission capacity and valuation. Reconcile cargo accounting with item transfers and avoid duplicate salvage or recipe patches.","Medium: verify stack, weight, ownership, caravan, and RWT transfer behavior for mission cargo.","Source facts recorded; runtime compatibility pending."
"229","1506931205","Tradable Meals","World operations, contracts, and commerce","Included in the user-selected 294-entry profile; not a Backrooms core dependency.","Use world events, factions, comms, traders, and saleable goods to support company contracts, procurement, outposts, and revenue. Add company jobs through a dedicated Operations interface while honoring the profile's comms and quest settings.","Medium to high: world objects, quests, traders, and site creation require exact RimWorld Together synchronization review. Keep the company ledger distinct from vanilla silver and other mods' transaction state.","Medium to high: inspect world-object, quest, site, and RWT state ownership before adding patches.","Source facts recorded; runtime compatibility pending."
"230","1522257424","Tradable Stone Blocks","World operations, contracts, and commerce","Included in the user-selected 294-entry profile; not a Backrooms core dependency.","Use world events, factions, comms, traders, and saleable goods to support company contracts, procurement, outposts, and revenue. Add company jobs through a dedicated Operations interface while honoring the profile's comms and quest settings.","Medium to high: world objects, quests, traders, and site creation require exact RimWorld Together synchronization review. Keep the company ledger distinct from vanilla silver and other mods' transaction state.","Medium to high: inspect world-object, quest, site, and RWT state ownership before adding patches.","Source facts recorded; runtime compatibility pending."
"231","1969732297","Trade Ships Drop Spot","World operations, contracts, and commerce","Included in the user-selected 294-entry profile; not a Backrooms core dependency.","Use world events, factions, comms, traders, and saleable goods to support company contracts, procurement, outposts, and revenue. Add company jobs through a dedicated Operations interface while honoring the profile's comms and quest settings.","Medium to high: world objects, quests, traders, and site creation require exact RimWorld Together synchronization review. Keep the company ledger distinct from vanilla silver and other mods' transaction state.","Medium to high: inspect world-object, quest, site, and RWT state ownership before adding patches.","Source facts recorded; runtime compatibility pending."
"232","2296557502","Trade Ships No Matter What","World operations, contracts, and commerce","Included in the user-selected 294-entry profile; not a Backrooms core dependency.","Use world events, factions, comms, traders, and saleable goods to support company contracts, procurement, outposts, and revenue. Add company jobs through a dedicated Operations interface while honoring the profile's comms and quest settings.","Medium to high: world objects, quests, traders, and site creation require exact RimWorld Together synchronization review. Keep the company ledger distinct from vanilla silver and other mods' transaction state.","Medium to high: inspect world-object, quest, site, and RWT state ownership before adding patches.","Source facts recorded; runtime compatibility pending."
"233","1751884355","Trait Rarity Colors","Staff jobs, policies, and social systems","Included in the user-selected 294-entry profile; not a Backrooms core dependency.","Use work priorities, schedules, skills, beliefs, and relationships to express company roles and long-running staff histories. Add company credentials and training records while leaving pawn skills, needs, and existing work assignment tools authoritative.","Low to medium: check work-type ordering, schedules, and social interactions. Do not create a duplicate work tab or overwrite another mod's assignments.","Low to medium: preserve native jobs, needs, guest/faction ownership, and social behavior; test custom role suggestions around them.","Source facts recorded; runtime compatibility pending."
"234","3221646589","Turrets Shoot Hunting Predators","Security and combat equipment","Included in the user-selected 294-entry profile; not a Backrooms core dependency.","Use the profile's weapons, armor, targeting, turrets, and defenses to equip guards and field teams. New Backrooms entities should define learnable behaviors and countermeasures, then use normal combat and security choices where possible.","Medium: test combat patches and threat targeting in the complete profile. Backrooms entities must not depend on vanilla infestation or raid incidents that a profile setting disables.","Medium: check targeting, drafted orders, downing, and threat counterplay; preserve player control of irreversible combat choices.","Source facts recorded; runtime compatibility pending."
"235","2921021769","TV is Educational","Child education from powered TVs/radios","Included in the user-selected 294-entry profile; not a Backrooms core dependency.","Use only as optional Biotech education/recreation; do not classify it as general cafeteria or company welfare support.","No adapter; preserve Core-only staff recreation and education fallback.","Hard Biotech requirement; pair with rows 236 and 256 only after runtime checks.","Source facts recorded; runtime compatibility pending."
"236","2194535018","TVForPrison (Continued)","Detention and subject casework","Included in the user-selected 294-entry profile; not a Backrooms core dependency.","Use existing prisoner, capture, restraint, and medical systems for detained arrivals or recovered subjects where appropriate. Add a company case file, evidence chain, custody status, and disposition options without replacing vanilla prisoner ownership.","Medium to high: multiple mods alter prisoner, capture, and medical interactions. Check duplicate gizmos, faction/custody transitions, and save ownership; keep core investigations functional if optional prisoner mods are absent.","Medium to high: several prisoner/capture/custody systems are active. Validate custody, transfer, case data, and interaction overlap with every selected mod.","Source facts recorded; runtime compatibility pending."
"237","1542424705","Ugh You Got Me","Staff psychology, relationships, and faction standing","Included in the user-selected 294-entry profile; not a Backrooms core dependency.","Account for this optional change to vanilla social-fight stopping conditions when resolving staff injuries, relationship conflicts, and casualties. No Rimrooms-specific behavior is demonstrated.","No direct integration; leave native social-fight logic intact and keep Rimrooms staff/case records separate.","Publisher describes pain/injury and relationship stop checks; Masochists ignore the pain check and Bloodlust pawns can continue until surrender, death, or downing. Steam also shows generic removal and incompatibility banners without a stated reason; do not treat those as a reproduced co-op conflict.","Publisher and local source facts recorded; social-fight, full-profile, and RWT behavior remain runtime-pending."
"238","2884233923","Ugly Together","Staff psychology, relationships, and faction standing","Included in the user-selected 294-entry profile; not a Backrooms core dependency.","Use the active trait, memory, social-fight, relationship, conversion, and faction-reaction rules when generating applicants, workplace incidents, and crew histories. Keep the company's evaluation based on actual pawn traits, skills, and relationships.","Medium: these mods change the staff and visitor experience. Avoid replacing their thought, relation, or faction logic; check how hostility and guest incidents affect company reputation.","Low to medium: preserve native jobs, needs, guest/faction ownership, and social behavior; test custom role suggestions around them.","Source facts recorded; runtime compatibility pending."
"239","2157495459","Undraft After Tucking","Staff work-flow quality of life","Included in the user-selected 294-entry profile; not a Backrooms core dependency.","Retain automatic return-to-work convenience after hauling or care tasks so facility staffing recovers cleanly after incidents.","Low: confirm only the intended drafted state changes and does not disrupt expedition orders.","Low to medium: preserve native jobs, needs, guest/faction ownership, and social behavior; test custom role suggestions around them.","Source facts recorded; runtime compatibility pending."
"240","2895378449","Unsterilize Animals","Medical, biological, and recovery systems","Included in the user-selected 294-entry profile; not a Backrooms core dependency.","Use installed health, gene, prosthetic, and medical content for staff injuries, exposure treatment, recovery, and optional research. Keep Backrooms exposure and entity biology as separately documented hediffs or evidence so they remain legible across the profile.","Medium: check body-part definitions, treatment selection, gene changes, and synchronization. The core expedition loop must not require one medical or Biotech mod to treat a pawn.","Medium: check pawn health/custody state, treatment choice, and transfer; preserve a vanilla fallback.","Source facts recorded; runtime compatibility pending."
"241","3229291869","Use Your Gun!","Security and combat equipment","Included in the user-selected 294-entry profile; not a Backrooms core dependency.","Use the profile's weapons, armor, targeting, turrets, and defenses to equip guards and field teams. New Backrooms entities should define learnable behaviors and countermeasures, then use normal combat and security choices where possible.","Medium: test combat patches and threat targeting in the complete profile. Backrooms entities must not depend on vanilla infestation or raid incidents that a profile setting disables.","Medium: check targeting, drafted orders, downing, and threat counterplay; preserve player control of irreversible combat choices.","Source facts recorded; runtime compatibility pending."
"242","1814987817","Vanilla Apparel Expanded","Apparel and work clothing","Included in the user-selected 294-entry profile; not a Backrooms core dependency.","Use player-installed apparel as optional uniforms/equipment; retain Core gear fallbacks.","No asset copying or dependency; consume the mod through normal installed content only.","Publisher lists CC BY-NC-ND 4.0; verify VEF/Harmony dependencies and gear behavior.","Source facts recorded; runtime compatibility pending."
"243","2521176396","Vanilla Apparel Expanded — Accessories","Apparel accessories and equipment layers","Included in the user-selected 294-entry profile; not a Backrooms core dependency.","Use as an optional accessory layer; no mission or job should require its items.","No asset copying or dependency; consume installed content through normal item behavior.","Publisher lists CC BY-NC-ND 4.0; check row 160 and VGE equipment layers.","Source facts recorded; runtime compatibility pending."
"244","1814988282","Vanilla Armour Expanded","Security and combat equipment","Included in the user-selected 294-entry profile; not a Backrooms core dependency.","Use the profile's weapons, armor, targeting, turrets, and defenses to equip guards and field teams. New Backrooms entities should define learnable behaviors and countermeasures, then use normal combat and security choices where possible.","Medium: test combat patches and threat targeting in the complete profile. Backrooms entities must not depend on vanilla infestation or raid incidents that a profile setting disables.","Medium: check targeting, drafted orders, downing, and threat counterplay; preserve player control of irreversible combat choices.","Source facts recorded; runtime compatibility pending."
"245","2801452324","Vanilla Fix: Haul After Slaughter","Storage and recovered-material logistics","Included in the user-selected 294-entry profile; not a Backrooms core dependency.","Use existing storage, hauling, and refrigeration for expedition kits, sample quarantine, evidence archives, food, and sale stock. Add Backrooms labels and custody rules through separate definitions rather than global storage rewrites.","Medium: confirm filters and stack rules can distinguish quarantined samples, ordinary stock, and mission cargo. Avoid patches that overwrite other storage mods' categories.","Medium: verify stack, weight, ownership, caravan, and RWT transfer behavior for mission cargo.","Source facts recorded; runtime compatibility pending."
"246","3686924415","Vanilla Furniture Expanded - Factory","Furniture, clothing, and visual content","Included in the user-selected 294-entry profile; not a Backrooms core dependency.","Use these items to furnish laboratories, cafeterias, dormitories, security rooms, and company uniforms. Treat mod assets as user-installed content; create original Backrooms assets for any new distributed material.","Low: prefer no code hooks. Check room roles and apparel restrictions only where company roles need them; avoid hard dependencies on optional aesthetics or furniture.","Check recipes, quantities, fuel/power/heat, belts/spoilage, storage handoff, performance, save/load, and VGE cargo before/after launch. Connected-work check added 2026-09-29: its bill-driven benches are picked up automatically by the bill work family IF their work type is one of Cooking, Crafting, Smithing, Tailoring or Art. A bench under a wholly new modded work type is NOT covered -- a named limit, not a claim. Confirm which work types its benches use before relying on either.","Source facts recorded; runtime compatibility pending."
"247","3609835606","Vanilla Gravship Expanded - Chapter 1","Orbital operations: Gravship Expanded Chapter 1","Selected profile integration; Chapter 2 prerequisite.","Optional late-game gravship systems; only available with Odyssey, Harmony, and VEF; native orbital travel is an additional expansion layer.","No patch or code/assets copied. Gate and coordinate progression stays Rimrooms-owned; treat VGE as separate optional orbital content behind DLC/mod checks.","Publisher warns gravship-changing mods may conflict. Test Chapter 2, the selected vehicle/space mods, RWT, and save/load before claiming support.","Source facts recorded; runtime compatibility pending."
"248","1888705256","Vanilla Hair Expanded","Pawn hair and appearance","Included in the user-selected 294-entry profile; not a Backrooms core dependency.","Treat as optional appearance editing; do not make recruiting or staff value depend on hairstyle.","No asset copying or dependency; retain normal appearance if absent.","Publisher lists CC BY-NC-ND 4.0 and requires Harmony; test EdB beard-editor limitations.","Source facts recorded; runtime compatibility pending."
"249","3014906877","Vanilla Vehicles Expanded","Transport and expedition logistics","Included in the user-selected 294-entry profile; not a Backrooms core dependency.","Use available vehicles, animals, wrecks, and transport items to stage teams, move supplies, evacuate casualties, and establish remote company posts. Keep the machine gate as the primary Backrooms route.","Medium: preserve each vehicle's travel and storage behavior. If a mod touches gravships or Odyssey world objects, validate it separately against both gravship chapters and RWT.","Medium: verify stack, weight, ownership, caravan, and RWT transfer behavior for mission cargo.","Source facts recorded; runtime compatibility pending."
"250","2454918354","Vanilla Weapons Expanded - Non-Lethal","Security and combat equipment","Included in the user-selected 294-entry profile; not a Backrooms core dependency.","Use the profile's weapons, armor, targeting, turrets, and defenses to equip guards and field teams. New Backrooms entities should define learnable behaviors and countermeasures, then use normal combat and security choices where possible.","Medium: test combat patches and threat targeting in the complete profile. Backrooms entities must not depend on vanilla infestation or raid incidents that a profile setting disables.","Medium: check targeting, drafted orders, downing, and threat counterplay; preserve player control of irreversible combat choices.","Source facts recorded; runtime compatibility pending."
"251","2014616487","Various Space Ship Chunk (Continued)","Transport and expedition logistics","Included in the user-selected 294-entry profile; not a Backrooms core dependency.","Use available vehicles, animals, wrecks, and transport items to stage teams, move supplies, evacuate casualties, and establish remote company posts. Keep the machine gate as the primary Backrooms route.","Medium: preserve each vehicle's travel and storage behavior. If a mod touches gravships or Odyssey world objects, validate it separately against both gravship chapters and RWT.","Medium: verify stack, weight, ownership, caravan, and RWT transfer behavior for mission cargo.","Source facts recorded; runtime compatibility pending."
"252","2000708343","Vault Walls and Doors","Facilities and spatial construction","Included in the user-selected 294-entry profile; not a Backrooms core dependency.","Use the construction and layout tools to create gate control, labs, secure storage, accommodation, service corridors, and outposts. Build Backrooms maps from its own reusable room templates and coordinate seeds.","Medium: construction, door, terrain, and map-size changes can alter room validation or pathfinding. Keep generated room validation independent and test blueprints after updates.","Medium: test pathing, room reachability, doors, and map generation with the profile's construction tools.","Source facts recorded; runtime compatibility pending."
"253","2511096015","Walkable Solar Panels","Power and industrial infrastructure","Included in the user-selected 294-entry profile; not a Backrooms core dependency.","Use existing generation, switching, storage, and industrial production to build the headquarters power grid and gate reserve. Backrooms progression should add clear gate-specific operating costs and failure states without replacing the profile's power systems.","Medium: balance and component changes can affect gate uptime. Respect profile choices that suppress vanilla events; add Backrooms-specific pressure only through its own incidents and machine state.","Medium: reconcile gate reserves and running costs with this mod's power rules; don't assume disabled vanilla events.","Source facts recorded; runtime compatibility pending."
"254","3286518227","Wall Heater","Facilities and spatial construction","Included in the user-selected 294-entry profile; not a Backrooms core dependency.","Use the construction and layout tools to create gate control, labs, secure storage, accommodation, service corridors, and outposts. Build Backrooms maps from its own reusable room templates and coordinate seeds.","Medium: construction, door, terrain, and map-size changes can alter room validation or pathfinding. Keep generated room validation independent and test blueprints after updates.","Medium: test pathing, room reachability, doors, and map generation with the profile's construction tools.","Source facts recorded; runtime compatibility pending."
"255","3655704055","Wall Orbital Trade Beacon","World operations, contracts, and commerce","Included in the user-selected 294-entry profile; not a Backrooms core dependency.","Use world events, factions, comms, traders, and saleable goods to support company contracts, procurement, outposts, and revenue. Add company jobs through a dedicated Operations interface while honoring the profile's comms and quest settings.","Medium to high: world objects, quests, traders, and site creation require exact RimWorld Together synchronization review. Keep the company ledger distinct from vanilla silver and other mods' transaction state.","Medium to high: inspect world-object, quest, site, and RWT state ownership before adding patches.","Source facts recorded; runtime compatibility pending."
"256","3582096423","Wall Televisions","Facilities and spatial construction","Included in the user-selected 294-entry profile; not a Backrooms core dependency.","Use the construction and layout tools to create gate control, labs, secure storage, accommodation, service corridors, and outposts. Build Backrooms maps from its own reusable room templates and coordinate seeds.","Medium: construction, door, terrain, and map-size changes can alter room validation or pathfinding. Keep generated room validation independent and test blueprints after updates.","Medium: test pathing, room reachability, doors, and map generation with the profile's construction tools.","Source facts recorded; runtime compatibility pending."
"257","3655382525","Wall Vitals Monitor","Facilities and spatial construction","Included in the user-selected 294-entry profile; not a Backrooms core dependency.","Use the construction and layout tools to create gate control, labs, secure storage, accommodation, service corridors, and outposts. Build Backrooms maps from its own reusable room templates and coordinate seeds.","Medium: construction, door, terrain, and map-size changes can alter room validation or pathfinding. Keep generated room validation independent and test blueprints after updates.","Medium: test pathing, room reachability, doors, and map generation with the profile's construction tools.","Source facts recorded; runtime compatibility pending."
"258","3032870787","War Crimes Expanded 2 Core (Updated)","Detention and subject casework","Included in the user-selected 294-entry profile; not a Backrooms core dependency.","Use existing prisoner, capture, restraint, and medical systems for detained arrivals or recovered subjects where appropriate. Add a company case file, evidence chain, custody status, and disposition options without replacing vanilla prisoner ownership.","Medium to high: multiple mods alter prisoner, capture, and medical interactions. Check duplicate gizmos, faction/custody transitions, and save ownership; keep core investigations functional if optional prisoner mods are absent.","Medium to high: several prisoner/capture/custody systems are active. Validate custody, transfer, case data, and interaction overlap with every selected mod.","Source facts recorded; runtime compatibility pending."
"259","3519963835","Warehouse Storage","Storage and recovered-material logistics","Included in the user-selected 294-entry profile; not a Backrooms core dependency.","Use existing storage, hauling, and refrigeration for expedition kits, sample quarantine, evidence archives, food, and sale stock. Add Backrooms labels and custody rules through separate definitions rather than global storage rewrites.","Medium: confirm filters and stack rules can distinguish quarantined samples, ordinary stock, and mission cargo. Avoid patches that overwrite other storage mods' categories.","Medium: verify stack, weight, ownership, caravan, and RWT transfer behavior for mission cargo.","Source facts recorded; runtime compatibility pending."
"260","2784585275","While You Are Nearby","Staff work-flow quality of life","Included in the user-selected 294-entry profile; not a Backrooms core dependency.","Use nearby-work behavior to reduce idle travel around labs, storage, and maintenance zones while keeping hauling and company job priorities intelligible.","Low to medium: check for work-giver conflicts, especially on expedition maps and restricted areas.","Check priority ties, restricted work types, expedition maps and performance in the complete profile. Connected-work check added 2026-09-29 for the bill work family: this mod reorders which target a scanning work giver picks by distance, and the connected givers are NonScanJob givers with a single candidate, so there is nothing for it to reorder. Its stated effect -- prefer near work over distant -- already matches this family's own rule, because the planning giver sits below every local giver in its work type. Confirm at runtime that it never raises a cross-gate job above local work of the same type.","Source facts recorded; runtime compatibility pending."
"261","3491552121","Who shot my leg off?","Combat incident records and casualty review","Included in the user-selected 294-entry profile; not a Backrooms core dependency.","Use combat attribution as an optional clue in security debriefs and incident investigations; store Backrooms case evidence separately from the mod's native log or thought system.","Medium: title-based mapping only; confirm actual behavior, combat log ownership, and synchronization before any integration.","Low to medium: no hard dependency planned. Verify the selected 1.6 behavior before writing a direct compatibility patch.","Source facts recorded; runtime compatibility pending."
"262","3108763487","Wololoo - Better Conversion and Recruitment","Prisoner conversion and recruitment","Included in the user-selected 294-entry profile; not a Backrooms core dependency.","Treat conversion and recruitment behavior as optional Ideology content; do not make Core hiring depend on it.","No Rimrooms adapter or dependency; keep the Core-only hiring and custody paths independent.","English publisher page confirms the Ideology requirement and certainty/resistance rules; local metadata also requires Harmony. Status banners are not runtime evidence and no license was verified.","Source facts recorded; runtime compatibility pending."
"263","3324430833","You Drive, I Sleep","Vehicle passenger sleep and travel","Included in the user-selected 294-entry profile; not a Backrooms core dependency.","Leave sleep/rest behavior to selected vehicle content; keep a normal vehicle-free gate route.","No adapter; Rimrooms expedition and arrival state remain independent.","Check gunners, rest stops, prisoners/animals and Vehicle Framework version; user reports are unverified.","Source facts recorded; runtime compatibility pending."
"264","2436086611","Zone To Schedule","Staff jobs, policies, and social systems","Included in the user-selected 294-entry profile; not a Backrooms core dependency.","Use work priorities, schedules, skills, beliefs, and relationships to express company roles and long-running staff histories. Add company credentials and training records while leaving pawn skills, needs, and existing work assignment tools authoritative.","Low to medium: check work-type ordering, schedules, and social interactions. Do not create a duplicate work tab or overwrite another mod's assignments.","Low to medium: preserve native jobs, needs, guest/faction ownership, and social behavior; test custom role suggestions around them.","Source facts recorded; runtime compatibility pending."
"265","3534740420","AirtightGarageDoors","Facilities and spatial construction","Included in the user-selected 294-entry profile; not a Backrooms core dependency.","Use the construction and layout tools to create gate control, labs, secure storage, accommodation, service corridors, and outposts. Build Backrooms maps from its own reusable room templates and coordinate seeds.","Medium: construction, door, terrain, and map-size changes can alter room validation or pathfinding. Keep generated room validation independent and test blueprints after updates.","Medium: test pathing, room reachability, doors, and map generation with the profile's construction tools.","Source facts recorded; runtime compatibility pending."
"266","3177395100","Alpha Vehicles - Age of Sail","Transport and expedition logistics","Included in the user-selected 294-entry profile; not a Backrooms core dependency.","Use available vehicles, animals, wrecks, and transport items to stage teams, move supplies, evacuate casualties, and establish remote company posts. Keep the machine gate as the primary Backrooms route.","Medium: preserve each vehicle's travel and storage behavior. If a mod touches gravships or Odyssey world objects, validate it separately against both gravship chapters and RWT.","Medium: verify stack, weight, ownership, caravan, and RWT transfer behavior for mission cargo.","Source facts recorded; runtime compatibility pending."
"267","3513849448","Animal Apparel: Basic Armor","Animals and field support","Included in the user-selected 294-entry profile; not a Backrooms core dependency.","Use animals for company security, cargo, food, breeding, and field support when the installed content allows it. Keep staff hiring and mission completion viable without a particular animal species or animal mod.","Low to medium: respect each mod's animal, pen, medical, and apparel definitions. Check load order and travel/ownership when animals accompany expedition teams.","Low to medium: no hard dependency planned; confirm the native content works on expedition maps and stays transferable.","Source facts recorded; runtime compatibility pending."
"268","2068281501","Beautiful Bodies","Pawn appearance textures","Included in the user-selected 294-entry profile; not a Backrooms core dependency.","Treat as optional appearance content; staff value, hiring and gameplay state must not depend on body texture.","No adapter. Reuse only the publisher-permitted textures with credit after confirming the exact files; no code permission is implied.","Publisher says the textures are designed for vanilla clothing and permits reuse with credit. Removed-item notice is not a runtime finding; combined texture order is untested.","Source facts recorded; runtime compatibility pending."
"269","3509488152","Gastronomy (Continued)","Hospitality and visitor economy","Included in the user-selected 294-entry profile; not a Backrooms core dependency.","Use the mod's native guest, service, food, or storefront loops as optional company revenue and recruitment channels. Treat employees, invited specialists, paying visitors, and mission guests as distinct company relationships.","Medium: preserve each mod's guest ownership and payment rules. Test recruitment, visitor, and multiplayer state changes instead of replacing their native menus.","Low to medium: preserve native jobs, needs, guest/faction ownership, and social behavior; test custom role suggestions around them.","Source facts recorded; runtime compatibility pending."
"270","3509486825","Hospitality (Continued)","Hospitality and visitor economy","Included in the user-selected 294-entry profile; not a Backrooms core dependency.","Use the mod's native guest, service, food, or storefront loops as optional company revenue and recruitment channels. Treat employees, invited specialists, paying visitors, and mission guests as distinct company relationships.","Medium: preserve each mod's guest ownership and payment rules. Test recruitment, visitor, and multiplayer state changes instead of replacing their native menus.","Low to medium: preserve native jobs, needs, guest/faction ownership, and social behavior; test custom role suggestions around them.","Source facts recorded; runtime compatibility pending."
"271","3203280763","Jewelry","Jewelry, gems and Royalty clothing demands","Included in the user-selected 294-entry profile; not a Backrooms core dependency.","Treat jewelry as optional craft/trade/staff content; company currency and progression stay independent.","No asset copying or dependency; use installed items and native recipes only.","Workshop displays CC BY-NC-SA 4.0; test Gemstones and royalty demands; duplicate-Ruby report is unverified.","Source facts recorded; runtime compatibility pending."
"272","2937012139","Life Support Continued [1.1+]","Medical, biological, and recovery systems","Included in the user-selected 294-entry profile; not a Backrooms core dependency.","Use installed health, gene, prosthetic, and medical content for staff injuries, exposure treatment, recovery, and optional research. Keep Backrooms exposure and entity biology as separately documented hediffs or evidence so they remain legible across the profile.","Medium: check body-part definitions, treatment selection, gene changes, and synchronization. The core expedition loop must not require one medical or Biotech mod to treat a pawn.","Medium: check pawn health/custody state, treatment choice, and transfer; preserve a vanilla fallback.","Source facts recorded; runtime compatibility pending."
"273","1157085076","Locks","Facility access control","Included in the user-selected 294-entry profile; not a Backrooms core dependency.","Use lockable doors to define staff, visitor, evidence, armory, quarantine, and gate-perimeter access. Backrooms access policies should expose roles and emergency overrides without replacing native locks.","Medium: validate door pathing, guest/prisoner access, emergency exits, and synchronized lock state with RWT visits and raids.","Medium: test pathing, room reachability, doors, and map generation with the profile's construction tools.","Source facts recorded; runtime compatibility pending."
"274","1328216966","Medical Dissection","Detention and subject casework","Included in the user-selected 294-entry profile; not a Backrooms core dependency.","Use existing prisoner, capture, restraint, and medical systems for detained arrivals or recovered subjects where appropriate. Add a company case file, evidence chain, custody status, and disposition options without replacing vanilla prisoner ownership.","Medium to high: multiple mods alter prisoner, capture, and medical interactions. Check duplicate gizmos, faction/custody transitions, and save ownership; keep core investigations functional if optional prisoner mods are absent.","Medium to high: several prisoner/capture/custody systems are active. Validate custody, transfer, case data, and interaction overlap with every selected mod.","Source facts recorded; runtime compatibility pending."
"275","3455926746","Non-Lethal: Re-Examined","Security and combat equipment","Included in the user-selected 294-entry profile; not a Backrooms core dependency.","Use the profile's weapons, armor, targeting, turrets, and defenses to equip guards and field teams. New Backrooms entities should define learnable behaviors and countermeasures, then use normal combat and security choices where possible.","Medium: test combat patches and threat targeting in the complete profile. Backrooms entities must not depend on vanilla infestation or raid incidents that a profile setting disables.","Medium: check targeting, drafted orders, downing, and threat counterplay; preserve player control of irreversible combat choices.","Source facts recorded; runtime compatibility pending."
"276","3339142899","Power Poles Extended","Power and industrial infrastructure","Included in the user-selected 294-entry profile; not a Backrooms core dependency.","Use existing generation, switching, storage, and industrial production to build the headquarters power grid and gate reserve. Backrooms progression should add clear gate-specific operating costs and failure states without replacing the profile's power systems.","Medium: balance and component changes can affect gate uptime. Respect profile choices that suppress vanilla events; add Backrooms-specific pressure only through its own incidents and machine state.","Medium: reconcile gate reserves and running costs with this mod's power rules; don't assume disabled vanilla events.","Source facts recorded; runtime compatibility pending."
"277","3500482839","Rebuild: Embrasures","Security and combat equipment","Included in the user-selected 294-entry profile; not a Backrooms core dependency.","Use the profile's weapons, armor, targeting, turrets, and defenses to equip guards and field teams. New Backrooms entities should define learnable behaviors and countermeasures, then use normal combat and security choices where possible.","Medium: test combat patches and threat targeting in the complete profile. Backrooms entities must not depend on vanilla infestation or raid incidents that a profile setting disables.","Medium: check targeting, drafted orders, downing, and threat counterplay; preserve player control of irreversible combat choices.","Source facts recorded; runtime compatibility pending."
"278","3093303048","Replace Stuff: Cooler And Vent Placement Fix","Facility construction and material access","Included in the user-selected 294-entry profile; not a Backrooms core dependency.","Optional placement fix for cooler and vent construction with Replace Stuff; it restores checks against blocked intakes/exhausts and over-wall placement.","No direct Rimrooms integration. Let the optional patch preserve its native placement rules; do not replace cooler/vent geometry in Rimrooms.","Hard dependencies are Harmony and Replace Stuff Continued. Local metadata orders after Garethp.ReplaceStuffCompatibility, which is absent from the profile. Publisher comments contain an unresolved pawns-fire-through-coolers report; it was not reproduced.","Publisher and local source facts recorded; placement and line-of-fire behavior remain runtime-pending."
"279","2552092060","Research Whatever","Research and staff development","Included in the user-selected 294-entry profile; not a Backrooms core dependency.","Use the mod's native research or skill workflow as part of the company lab and training plan. The Backrooms tree should own gate, mapping, containment, and spatial-analysis milestones and should not overwrite other research trees.","Medium: check research tab replacements, prerequisite edits, and project speed changes. Backrooms milestones need stable definitions and an independent route when optional trees are absent.","Medium: the profile changes research presentation or flow. Keep company milestones on a stable separate research chain and avoid replacing the selected research interface blindly.","Source facts recorded; runtime compatibility pending."
"280","2848956469","Van's Retexture : Misc. Training","Misc. Training texture companion","Included in the user-selected 294-entry profile; not a Backrooms core dependency.","Treat as optional visual content; retain vanilla training and Rimrooms training routes without it.","No adapter or gameplay dependency; do not reuse assets while no reuse grant is recorded.","Publisher describes replacement sprites for Misc. Training and identifies its three target definitions in an author comment; no reuse terms or combined runtime result verified.","Source facts recorded; runtime compatibility pending."
"281","3799737423","Vanilla Gravship Expanded - Chapter 2","Orbital operations: Gravship Expanded Chapter 2","Selected profile integration; requires Odyssey, Vanilla Expanded Framework, and Chapter 1.","Optional orbital combat and defense expansion after Chapter 1; not required for Backrooms or company progression.","No patch or code/assets copied. Keep Backrooms gate/operations independent; a VGE connected mission is only a future optional bridge after verification.","Publisher warns other gravship-changing mods may conflict. Test Chapter 1, selected vehicle/space mods, RWT, and save/load; local declared incompatibility target is outside profile.","Source facts recorded; runtime compatibility pending."
"282","3047892432","Vanilla Vehicles Expanded - Tier 3","Transport and expedition logistics","Included in the user-selected 294-entry profile; not a Backrooms core dependency.","Use available vehicles, animals, wrecks, and transport items to stage teams, move supplies, evacuate casualties, and establish remote company posts. Keep the machine gate as the primary Backrooms route.","Medium: preserve each vehicle's travel and storage behavior. If a mod touches gravships or Odyssey world objects, validate it separately against both gravship chapters and RWT.","Medium: verify stack, weight, ownership, caravan, and RWT transfer behavior for mission cargo.","Source facts recorded; runtime compatibility pending."
"283","3302208420","Vanilla Vehicles Expanded - Upgrades","Transport and expedition logistics","Included in the user-selected 294-entry profile; not a Backrooms core dependency.","Use available vehicles, animals, wrecks, and transport items to stage teams, move supplies, evacuate casualties, and establish remote company posts. Keep the machine gate as the primary Backrooms route.","Medium: preserve each vehicle's travel and storage behavior. If a mod touches gravships or Odyssey world objects, validate it separately against both gravship chapters and RWT.","Medium: verify stack, weight, ownership, caravan, and RWT transfer behavior for mission cargo.","Source facts recorded; runtime compatibility pending."
"284","2893432492","[FSF] FrozenSnowFox Tweaks","Cross-mod fixes and balance patches","Included in the user-selected 294-entry profile; not a Backrooms core dependency.","Retain as part of the chosen profile. Treat its patches as dependencies of the source mods it repairs; add Backrooms patches only for a confirmed conflict and only after identifying which Def or code path is already altered.","High: broad patches can overlap with Backrooms or other profile patches. Record exact covered mods and patch order before altering shared Defs.","High: verify patch order and source mods covered before adding any Backrooms patch.","Source facts recorded; runtime compatibility pending."
"285","3783522506","Hospitality - Invite to Stay","Hospitality and visitor economy","Included in the user-selected 294-entry profile; not a Backrooms core dependency.","Use the mod's native guest, service, food, or storefront loops as optional company revenue and recruitment channels. Treat employees, invited specialists, paying visitors, and mission guests as distinct company relationships.","Medium: preserve each mod's guest ownership and payment rules. Test recruitment, visitor, and multiplayer state changes instead of replacing their native menus.","Low to medium: preserve native jobs, needs, guest/faction ownership, and social behavior; test custom role suggestions around them.","Source facts recorded; runtime compatibility pending."
"286","2952321484","Hospitality: Storefront","Hospitality and visitor economy","Included in the user-selected 294-entry profile; not a Backrooms core dependency.","Use the mod's native guest, service, food, or storefront loops as optional company revenue and recruitment channels. Treat employees, invited specialists, paying visitors, and mission guests as distinct company relationships.","Medium: preserve each mod's guest ownership and payment rules. Test recruitment, visitor, and multiplayer state changes instead of replacing their native menus.","Low to medium: preserve native jobs, needs, guest/faction ownership, and social behavior; test custom role suggestions around them.","Source facts recorded; runtime compatibility pending."
"287","3358620558","Imprisonment On The Go! (Continued)","Detention and subject casework","Included in the user-selected 294-entry profile; not a Backrooms core dependency.","Use existing prisoner, capture, restraint, and medical systems for detained arrivals or recovered subjects where appropriate. Add a company case file, evidence chain, custody status, and disposition options without replacing vanilla prisoner ownership.","Medium to high: multiple mods alter prisoner, capture, and medical interactions. Check duplicate gizmos, faction/custody transitions, and save ownership; keep core investigations functional if optional prisoner mods are absent.","Medium to high: several prisoner/capture/custody systems are active. Validate custody, transfer, case data, and interaction overlap with every selected mod.","Source facts recorded; runtime compatibility pending."
"288","1899474310","Prison Labor","Detention and subject casework","Included in the user-selected 294-entry profile; not a Backrooms core dependency.","Optional prisoner work; retain only this profile's existing prisoner-work behavior, never make it a campaign requirement.","No Rimrooms dependency or adapter. Keep custody, casework, and interview goals reachable through vanilla prisoner controls.","Missing 1.6/Biotech conditional path; prisoner UI/work assignments may conflict with other prisoner and UI mods. Exact interaction and RWT transfer untested. Connected-work check added 2026-09-29: a prisoner can never be sent through a gate, verified from Pawn.IsColonist. Still worth confirming at runtime that a prisoner working under this mod is never offered a connected work giver at all, and that the warden deployment still finds prisoners on a far map while this mod owns their work assignments.","Source facts recorded; runtime compatibility pending."
"289","1724270693","Simple Ivory","Ivory material and crafting — fork source pending","Included in the user-selected 294-entry profile; not a Backrooms core dependency.","Treat ivory as optional material content, never as required Rimrooms currency.","No integration until the selected local fork provenance and license are established.","Workshop publisher differs from selected fork; do not carry original-page claims across packages.","Source facts recorded; runtime compatibility pending."
"290","3299034372","Vehicles Wrecks Expanded","Transport and expedition logistics","Included in the user-selected 294-entry profile; not a Backrooms core dependency.","Use available vehicles, animals, wrecks, and transport items to stage teams, move supplies, evacuate casualties, and establish remote company posts. Keep the machine gate as the primary Backrooms route.","Medium: preserve each vehicle's travel and storage behavior. If a mod touches gravships or Odyssey world objects, validate it separately against both gravship chapters and RWT.","Medium: verify stack, weight, ownership, caravan, and RWT transfer behavior for mission cargo.","Source facts recorded; runtime compatibility pending."
"291","3459650108","VVE - Secondary Weapons","Security and combat equipment","Included in the user-selected 294-entry profile; not a Backrooms core dependency.","Use the profile's weapons, armor, targeting, turrets, and defenses to equip guards and field teams. New Backrooms entities should define learnable behaviors and countermeasures, then use normal combat and security choices where possible.","Medium: test combat patches and threat targeting in the complete profile. Backrooms entities must not depend on vanilla infestation or raid incidents that a profile setting disables.","Medium: check targeting, drafted orders, downing, and threat counterplay; preserve player control of irreversible combat choices.","Source facts recorded; runtime compatibility pending."
"292","2841231775","Custom Prisoner Interactions","Detention and subject casework","Included in the user-selected 294-entry profile; not a Backrooms core dependency.","Use existing prisoner, capture, restraint, and medical systems for detained arrivals or recovered subjects where appropriate. Add a company case file, evidence chain, custody status, and disposition options without replacing vanilla prisoner ownership.","Medium to high: multiple mods alter prisoner, capture, and medical interactions. Check duplicate gizmos, faction/custody transitions, and save ownership; keep core investigations functional if optional prisoner mods are absent.","Medium to high: several prisoner/capture/custody systems are active. Validate custody, transfer, case data, and interaction overlap with every selected mod.","Source facts recorded; runtime compatibility pending."
"293","2871064871","Dismantle Ancient Junk","Salvage and site recovery","Included in the user-selected 294-entry profile; not a Backrooms core dependency.","Use ancient structures and wrecks as optional salvage targets on expeditions, then route recovered materials through the company's evidence and warehouse workflows.","Medium: the mod patches ancient content across DLC and other mods, including vehicles/wrecks. Validate salvage yields and avoid duplicate patches on the same ancient Defs.","Medium: check overlap with ancient-site and wreck patches; prevent duplicate salvage and loot.","Source facts recorded; runtime compatibility pending."
"294","3348827283","Vehicles Wrecks Expanded - Revisited","Transport and expedition logistics","Included in the user-selected 294-entry profile; not a Backrooms core dependency.","Use available vehicles, animals, wrecks, and transport items to stage teams, move supplies, evacuate casualties, and establish remote company posts. Keep the machine gate as the primary Backrooms route.","Medium: preserve each vehicle's travel and storage behavior. If a mod touches gravships or Odyssey world objects, validate it separately against both gravship chapters and RWT.","Medium: verify stack, weight, ownership, caravan, and RWT transfer behavior for mission cargo.","Source facts recorded; runtime compatibility pending."
